{
 "frame_index": 26,
 "skeletons": [
  [
   [
    814.9777221679688,
    686.4725341796875,
    0.915
   ],
   [
    826.9158325195312,
    674.7617797851562,
    0.95
   ],
   [
    806.53564453125,
    677.5836791992188,
    0.815
   ],
   [
    863.9261474609375,
    675.9725952148438,
    0.849
   ],
   [
    806.1495361328125,
    683.1939697265625,
    -1.0
   ],
   [
    917.0385131835938,
    712.3126220703125,
    0.846
   ],
   [
    797.06787109375,
    720.5999145507812,
    0.691
   ],
   [
    967.481201171875,
    751.30322265625,
    -1.0
   ],
   [
    777.7060546875,
    756.8931884765625,
    -1.0
   ],
   [
    945.222412109375,
    746.3809814453125,
    -1.0
   ],
   [
    802.6849365234375,
    738.9910888671875,
    -1.0
   ],
   [
    917.2598876953125,
    784.32763671875,
    -1.0
   ],
   [
    835.8802490234375,
    786.336181640625,
    -1.0
   ],
   [
    930.3975219726562,
    745.5723266601562,
    -1.0
   ],
   [
    827.93701171875,
    745.5789184570312,
    -1.0
   ],
   [
    930.206298828125,
    785.545654296875,
    -1.0
   ],
   [
    848.076171875,
    786.3154907226562,
    -1.0
   ]
  ]
 ],
 "skeleton_percentage": [
  100
 ],
 "angle": [
  210
 ]
}