{
 "frame_index": 27,
 "skeletons": [
  [
   [
    814.8960571289062,
    686.1781616210938,
    0.918
   ],
   [
    826.8675537109375,
    674.4157104492188,
    0.952
   ],
   [
    806.3592529296875,
    677.2400512695312,
    0.82
   ],
   [
    863.8189697265625,
    675.5267333984375,
    0.851
   ],
   [
    805.653076171875,
    682.7586669921875,
    -1.0
   ],
   [
    917.2168579101562,
    712.1317138671875,
    0.853
   ],
   [
    796.062744140625,
    720.627685546875,
    0.699
   ],
   [
    968.32861328125,
    751.8221435546875,
    -1.0
   ],
   [
    776.6709594726562,
    758.007568359375,
    -1.0
   ],
   [
    946.5481567382812,
    746.329833984375,
    -1.0
   ],
   [
    803.1083984375,
    739.3958129882812,
    -1.0
   ],
   [
    917.7659912109375,
    786.5615844726562,
    -1.0
   ],
   [
    835.6419677734375,
    788.731689453125,
    -1.0
   ],
   [
    931.7301025390625,
    748.4313354492188,
    -1.0
   ],
   [
    828.401611328125,
    748.5957641601562,
    -1.0
   ],
   [
    931.7858276367188,
    788.9873657226562,
    -1.0
   ],
   [
    848.7880859375,
    789.95068359375,
    -1.0
   ]
  ]
 ],
 "skeleton_percentage": [
  100
 ],
 "angle": [
  210
 ]
}