{
 "frame_index": 29,
 "skeletons": [
  [
   [
    834.6223754882812,
    678.7337646484375,
    0.927
   ],
   [
    847.5205078125,
    664.0687866210938,
    0.959
   ],
   [
    824.4677124023438,
    670.6510009765625,
    0.806
   ],
   [
    888.550537109375,
    667.71337890625,
    0.89
   ],
   [
    820.7774047851562,
    684.5904541015625,
    -1.0
   ],
   [
    946.78515625,
    711.5537719726562,
    0.85
   ],
   [
    817.7816162109375,
    734.03173828125,
    0.727
   ],
   [
    985.0914306640625,
    745.8697509765625,
    -1.0
   ],
   [
    793.6419677734375,
    771.3964233398438,
    -1.0
   ],
   [
    950.753173828125,
    724.6474609375,
    -1.0
   ],
   [
    828.337646484375,
    741.661865234375,
    -1.0
   ],
   [
    950.3056640625,
    794.2457275390625,
    -1.0
   ],
   [
    860.72509765625,
    801.4099731445312,
    -1.0
   ],
   [
    959.6028442382812,
    705.2647705078125,
    -1.0
   ],
   [
    834.3001708984375,
    707.7281494140625,
    -1.0
   ],
   [
    966.5271606445312,
    756.661376953125,
    -1.0
   ],
   [
    869.5603637695312,
    765.618408203125,
    -1.0
   ]
  ]
 ],
 "skeleton_percentage": [
  100
 ],
 "angle": [
  206
 ]
}