{
 "frame_index": 30,
 "skeletons": [
  [
   [
    833.6431274414062,
    679.1617431640625,
    0.929
   ],
   [
    846.5989379882812,
    664.4158325195312,
    0.959
   ],
   [
    823.710205078125,
    671.0985107421875,
    0.8
   ],
   [
    888.6073608398438,
    667.6073608398438,
    0.895
   ],
   [
    821.1007080078125,
    684.746826171875,
    -1.0
   ],
   [
    947.31005859375,
    711.2027587890625,
    0.855
   ],
   [
    819.525146484375,
    734.0555419921875,
    0.733
   ],
   [
    985.9395751953125,
    747.65478515625,
    -1.0
   ],
   [
    795.748046875,
    774.0474243164062,
    -1.0
   ],
   [
    953.1744384765625,
    726.0205688476562,
    -1.0
   ],
   [
    829.4034423828125,
    744.5933837890625,
    -1.0
   ],
   [
    951.09375,
    797.0799560546875,
    -1.0
   ],
   [
    862.3133544921875,
    804.2335205078125,
    -1.0
   ],
   [
    959.0890502929688,
    710.4398193359375,
    -1.0
   ],
   [
    835.25390625,
    712.8875122070312,
    -1.0
   ],
   [
    966.454833984375,
    764.5247802734375,
    -1.0
   ],
   [
    870.2333984375,
    773.55029296875,
    -1.0
   ]
  ]
 ],
 "skeleton_percentage": [
  100
 ],
 "angle": [
  206
 ]
}