{
 "frame_index": 31,
 "skeletons": [
  [
   [
    842.249267578125,
    681.8497314453125,
    0.921
   ],
   [
    854.6680297851562,
    662.6280517578125,
    0.955
   ],
   [
    833.0347900390625,
    672.3622436523438,
    0.747
   ],
   [
    904.6363525390625,
    664.963623046875,
    0.903
   ],
   [
    837.0701904296875,
    689.5645751953125,
    -1.0
   ],
   [
    974.984619140625,
    723.8768920898438,
    0.683
   ],
   [
    848.8409423828125,
    754.748291015625,
    0.604
   ],
   [
    1010.6856689453125,
    736.9996337890625,
    -1.0
   ],
   [
    836.4816284179688,
    769.770263671875,
    -1.0
   ],
   [
    969.9364013671875,
    714.2587280273438,
    -1.0
   ],
   [
    882.0437622070312,
    734.0004272460938,
    -1.0
   ],
   [
    986.1351928710938,
    813.2374877929688,
    -1.0
   ],
   [
    897.1539306640625,
    822.77783203125,
    -1.0
   ],
   [
    997.3108520507812,
    689.5849609375,
    -1.0
   ],
   [
    862.60498046875,
    692.1478271484375,
    -1.0
   ],
   [
    1011.1871337890625,
    721.1715087890625,
    -1.0
   ],
   [
    904.98291015625,
    734.5076293945312,
    -1.0
   ]
  ]
 ],
 "skeleton_percentage": [
  100
 ],
 "angle": [
  202
 ]
}