{
 "frame_index": 32,
 "skeletons": [
  [
   [
    857.1652221679688,
    672.044921875,
    0.949
   ],
   [
    871.3262329101562,
    658.6328125,
    0.971
   ],
   [
    848.345458984375,
    663.1660766601562,
    0.861
   ],
   [
    914.48974609375,
    667.0441284179688,
    0.906
   ],
   [
    849.60693359375,
    678.8129272460938,
    -1.0
   ],
   [
    968.1490478515625,
    716.9921875,
    0.861
   ],
   [
    844.272216796875,
    732.326171875,
    0.734
   ],
   [
    1010.0511474609375,
    739.8799438476562,
    -1.0
   ],
   [
    814.392333984375,
    758.4400634765625,
    -1.0
   ],
   [
    993.8823852539062,
    715.2471313476562,
    -1.0
   ],
   [
    837.0452270507812,
    731.2166748046875,
    -1.0
   ],
   [
    964.6756591796875,
    785.771484375,
    -1.0
   ],
   [
    879.072998046875,
    790.1876220703125,
    -1.0
   ],
   [
    981.030517578125,
    706.2974853515625,
    -1.0
   ],
   [
    867.5216064453125,
    707.3516235351562,
    -1.0
   ],
   [
    980.6109008789062,
    742.892578125,
    -1.0
   ],
   [
    889.0404052734375,
    748.9685668945312,
    -1.0
   ]
  ]
 ],
 "skeleton_percentage": [
  100
 ],
 "angle": [
  196
 ]
}