{
 "frame_index": 33,
 "skeletons": [
  [
   [
    857.45068359375,
    672.2538452148438,
    0.948
   ],
   [
    871.555908203125,
    658.7700805664062,
    0.971
   ],
   [
    848.452392578125,
    663.4617309570312,
    0.86
   ],
   [
    914.7137451171875,
    667.1094970703125,
    0.904
   ],
   [
    849.5357666015625,
    679.2518920898438,
    -1.0
   ],
   [
    968.1886596679688,
    716.3637084960938,
    0.858
   ],
   [
    845.246337890625,
    732.1924438476562,
    0.729
   ],
   [
    1010.4283447265625,
    738.427978515625,
    -1.0
   ],
   [
    816.89697265625,
    757.35009765625,
    -1.0
   ],
   [
    994.8634033203125,
    714.4658813476562,
    -1.0
   ],
   [
    840.3780517578125,
    729.5657348632812,
    -1.0
   ],
   [
    966.386962890625,
    783.3140869140625,
    -1.0
   ],
   [
    881.1990966796875,
    788.0693359375,
    -1.0
   ],
   [
    984.1954345703125,
    704.1473388671875,
    -1.0
   ],
   [
    871.0830078125,
    705.4747314453125,
    -1.0
   ],
   [
    984.749267578125,
    740.9144287109375,
    -1.0
   ],
   [
    893.8262939453125,
    747.2986450195312,
    -1.0
   ]
  ]
 ],
 "skeleton_percentage": [
  100
 ],
 "angle": [
  196
 ]
}