{
 "frame_index": 35,
 "skeletons": [
  [
   [
    895.0845947265625,
    665.32275390625,
    0.928
   ],
   [
    909.10107421875,
    649.1541748046875,
    0.952
   ],
   [
    884.7211303710938,
    654.44677734375,
    0.836
   ],
   [
    947.42333984375,
    660.4943237304688,
    0.861
   ],
   [
    877.47509765625,
    673.9818115234375,
    -1.0
   ],
   [
    1001.35595703125,
    731.2906494140625,
    0.719
   ],
   [
    870.3477783203125,
    747.7550048828125,
    0.631
   ],
   [
    1024.473388671875,
    755.8843994140625,
    -1.0
   ],
   [
    858.8297119140625,
    770.6422119140625,
    -1.0
   ],
   [
    956.3571166992188,
    711.3050537109375,
    -1.0
   ],
   [
    911.4442749023438,
    720.1503295898438,
    -1.0
   ],
   [
    992.1962890625,
    834.4046630859375,
    -1.0
   ],
   [
    903.4696044921875,
    839.21630859375,
    -1.0
   ],
   [
    1001.058837890625,
    702.8260498046875,
    -1.0
   ],
   [
    886.944091796875,
    702.2125854492188,
    -1.0
   ],
   [
    1000.4273681640625,
    739.4771728515625,
    -1.0
   ],
   [
    929.6405639648438,
    745.8986206054688,
    -1.0
   ]
  ]
 ],
 "skeleton_percentage": [
  100
 ],
 "angle": [
  188
 ]
}