{
 "frame_index": 36,
 "skeletons": [
  [
   [
    895.7003173828125,
    665.2510375976562,
    0.922
   ],
   [
    909.3502197265625,
    648.6717529296875,
    0.948
   ],
   [
    884.883056640625,
    654.5538330078125,
    0.824
   ],
   [
    947.47900390625,
    659.313232421875,
    0.854
   ],
   [
    877.3767700195312,
    674.2960205078125,
    -1.0
   ],
   [
    1000.56982421875,
    729.4190673828125,
    0.687
   ],
   [
    874.4281005859375,
    747.1290283203125,
    0.603
   ],
   [
    1021.219482421875,
    753.5906982421875,
    -1.0
   ],
   [
    866.406982421875,
    767.5166015625,
    -1.0
   ],
   [
    948.3077392578125,
    712.6619873046875,
    -1.0
   ],
   [
    914.469970703125,
    717.2799682617188,
    -1.0
   ],
   [
    993.5670166015625,
    830.6114501953125,
    -1.0
   ],
   [
    907.7996826171875,
    835.8226318359375,
    -1.0
   ],
   [
    1002.17529296875,
    699.2527465820312,
    -1.0
   ],
   [
    892.1248168945312,
    698.9647827148438,
    -1.0
   ],
   [
    1002.862548828125,
    739.355224609375,
    -1.0
   ],
   [
    935.9459228515625,
    746.0476684570312,
    -1.0
   ]
  ]
 ],
 "skeleton_percentage": [
  100
 ],
 "angle": [
  188
 ]
}