{
 "frame_index": 37,
 "skeletons": [
  [
   [
    912.4287109375,
    662.813720703125,
    0.943
   ],
   [
    925.3992919921875,
    647.7561645507812,
    0.962
   ],
   [
    902.43994140625,
    653.4674682617188,
    0.869
   ],
   [
    961.9390869140625,
    657.02001953125,
    0.876
   ],
   [
    896.09765625,
    671.5567626953125,
    -1.0
   ],
   [
    1016.5409545898438,
    723.0615844726562,
    0.767
   ],
   [
    887.4111328125,
    741.4114379882812,
    0.706
   ],
   [
    1044.01513671875,
    758.2958984375,
    -1.0
   ],
   [
    871.0704345703125,
    776.2529296875,
    -1.0
   ],
   [
    990.1929931640625,
    722.791748046875,
    -1.0
   ],
   [
    917.29541015625,
    732.1998291015625,
    -1.0
   ],
   [
    1013.2073974609375,
    829.67431640625,
    -1.0
   ],
   [
    925.2760620117188,
    835.7741088867188,
    -1.0
   ],
   [
    1030.0869140625,
    732.0862426757812,
    -1.0
   ],
   [
    904.2409057617188,
    732.4716796875,
    -1.0
   ],
   [
    1039.3555908203125,
    779.9180908203125,
    -1.0
   ],
   [
    944.101806640625,
    787.1702880859375,
    -1.0
   ]
  ]
 ],
 "skeleton_percentage": [
  100
 ],
 "angle": [
  182
 ]
}