{
 "frame_index": 38,
 "skeletons": [
  [
   [
    927.5897827148438,
    659.6365966796875,
    0.945
   ],
   [
    941.5944213867188,
    644.6994018554688,
    0.962
   ],
   [
    915.3133544921875,
    649.9365234375,
    0.898
   ],
   [
    974.299072265625,
    654.5816040039062,
    0.843
   ],
   [
    904.2979736328125,
    667.867431640625,
    -1.0
   ],
   [
    1023.6619873046875,
    723.8598022460938,
    0.761
   ],
   [
    887.5493774414062,
    739.435791015625,
    0.715
   ],
   [
    1044.1080322265625,
    775.1442260742188,
    -1.0
   ],
   [
    857.010498046875,
    790.6153564453125,
    -1.0
   ],
   [
    995.3074951171875,
    740.7760620117188,
    -1.0
   ],
   [
    901.229248046875,
    750.3460693359375,
    -1.0
   ],
   [
    1009.0665283203125,
    848.1190795898438,
    -1.0
   ],
   [
    917.8289794921875,
    852.4235229492188,
    -1.0
   ],
   [
    1005.2594604492188,
    762.3394775390625,
    -1.0
   ],
   [
    886.398681640625,
    761.6856079101562,
    -1.0
   ],
   [
    1003.2886962890625,
    825.2490234375,
    -1.0
   ],
   [
    920.8500366210938,
    831.245361328125,
    -1.0
   ]
  ]
 ],
 "skeleton_percentage": [
  100
 ],
 "angle": [
  181
 ]
}