{
 "frame_index": 39,
 "skeletons": [
  [
   [
    927.5755615234375,
    659.5455932617188,
    0.944
   ],
   [
    941.65185546875,
    644.641845703125,
    0.961
   ],
   [
    915.316162109375,
    649.861083984375,
    0.896
   ],
   [
    974.3370361328125,
    654.6033935546875,
    0.842
   ],
   [
    904.3167114257812,
    667.8721923828125,
    -1.0
   ],
   [
    1023.00732421875,
    723.572265625,
    0.759
   ],
   [
    888.0855712890625,
    739.3017578125,
    0.712
   ],
   [
    1042.288330078125,
    774.6192626953125,
    -1.0
   ],
   [
    857.8046264648438,
    790.886962890625,
    -1.0
   ],
   [
    992.3577880859375,
    739.5845947265625,
    -1.0
   ],
   [
    900.9281005859375,
    751.5577392578125,
    -1.0
   ],
   [
    1008.3880004882812,
    847.8154296875,
    -1.0
   ],
   [
    917.9691162109375,
    852.1250610351562,
    -1.0
   ],
   [
    1002.7487182617188,
    763.1098022460938,
    -1.0
   ],
   [
    886.546142578125,
    762.4780883789062,
    -1.0
   ],
   [
    1000.535888671875,
    826.8283081054688,
    -1.0
   ],
   [
    921.59423828125,
    832.8770141601562,
    -1.0
   ]
  ]
 ],
 "skeleton_percentage": [
  100
 ],
 "angle": [
  182
 ]
}