{
 "frame_index": 41,
 "skeletons": [
  [
   [
    943.2105102539062,
    661.5255126953125,
    0.918
   ],
   [
    958.7054443359375,
    643.6773681640625,
    0.939
   ],
   [
    928.0428466796875,
    647.8314819335938,
    0.871
   ],
   [
    990.5392456054688,
    654.6907348632812,
    0.771
   ],
   [
    917.6442260742188,
    667.7013549804688,
    -1.0
   ],
   [
    1019.9430541992188,
    740.82373046875,
    -1.0
   ],
   [
    909.2063598632812,
    753.44091796875,
    -1.0
   ],
   [
    1025.2431640625,
    746.24072265625,
    -1.0
   ],
   [
    910.781494140625,
    760.1728515625,
    -1.0
   ],
   [
    988.074951171875,
    709.01806640625,
    -1.0
   ],
   [
    941.6925048828125,
    716.3184204101562,
    -1.0
   ],
   [
    1009.0771484375,
    773.1092529296875,
    -1.0
   ],
   [
    936.78173828125,
    776.771240234375,
    -1.0
   ],
   [
    986.908447265625,
    735.9913330078125,
    -1.0
   ],
   [
    938.5255126953125,
    739.3441162109375,
    -1.0
   ],
   [
    1000.2330322265625,
    747.6388549804688,
    -1.0
   ],
   [
    978.8662719726562,
    753.291015625,
    -1.0
   ]
  ]
 ],
 "skeleton_percentage": [
  50
 ],
 "angle": [
  180
 ]
}