{
 "frame_index": 43,
 "skeletons": [
  [
   [
    935.0174560546875,
    662.1919555664062,
    0.948
   ],
   [
    948.9662475585938,
    644.4180908203125,
    0.97
   ],
   [
    927.9183349609375,
    650.805419921875,
    0.809
   ],
   [
    996.437255859375,
    647.3779296875,
    0.918
   ],
   [
    931.492919921875,
    663.6344604492188,
    -1.0
   ],
   [
    1057.57177734375,
    725.09765625,
    0.689
   ],
   [
    931.242919921875,
    741.558837890625,
    0.638
   ],
   [
    1071.1373291015625,
    793.3855590820312,
    -1.0
   ],
   [
    899.1795654296875,
    800.3988647460938,
    -1.0
   ],
   [
    1001.0001220703125,
    769.337890625,
    -1.0
   ],
   [
    915.1649169921875,
    771.5132446289062,
    -1.0
   ],
   [
    1043.51416015625,
    867.2611083984375,
    -1.0
   ],
   [
    961.1785888671875,
    869.3609619140625,
    -1.0
   ],
   [
    1027.47412109375,
    788.7384033203125,
    -1.0
   ],
   [
    921.8056640625,
    785.3648071289062,
    -1.0
   ],
   [
    1035.3936767578125,
    857.403564453125,
    -1.0
   ],
   [
    960.7879638671875,
    860.4896240234375,
    -1.0
   ]
  ]
 ],
 "skeleton_percentage": [
  100
 ],
 "angle": [
  166
 ]
}