{
 "frame_index": 44,
 "skeletons": [
  [
   [
    935.7064208984375,
    662.7371826171875,
    0.945
   ],
   [
    949.45556640625,
    644.8072509765625,
    0.969
   ],
   [
    929.3817138671875,
    651.376708984375,
    0.78
   ],
   [
    997.6942749023438,
    646.7939453125,
    0.921
   ],
   [
    935.237548828125,
    663.506103515625,
    -1.0
   ],
   [
    1058.10400390625,
    725.48046875,
    0.684
   ],
   [
    937.350830078125,
    741.4484252929688,
    0.638
   ],
   [
    1063.5084228515625,
    799.8133544921875,
    -1.0
   ],
   [
    903.0601806640625,
    804.1071166992188,
    -1.0
   ],
   [
    987.5660400390625,
    776.4951782226562,
    -1.0
   ],
   [
    912.8519897460938,
    776.5457153320312,
    -1.0
   ],
   [
    1044.1668701171875,
    872.8163452148438,
    -1.0
   ],
   [
    966.0760498046875,
    874.0377197265625,
    -1.0
   ],
   [
    1014.3308715820312,
    806.7771606445312,
    -1.0
   ],
   [
    919.1065063476562,
    802.52001953125,
    -1.0
   ],
   [
    1023.1364135742188,
    875.787353515625,
    -1.0
   ],
   [
    959.9276733398438,
    877.802001953125,
    -1.0
   ]
  ]
 ],
 "skeleton_percentage": [
  100
 ],
 "angle": [
  167
 ]
}