{
 "frame_index": 45,
 "skeletons": [
  [
   [
    935.443359375,
    662.65380859375,
    0.945
   ],
   [
    949.1446533203125,
    644.794677734375,
    0.969
   ],
   [
    929.2747802734375,
    651.2816772460938,
    0.78
   ],
   [
    997.5298461914062,
    646.858642578125,
    0.922
   ],
   [
    935.29345703125,
    663.3421630859375,
    -1.0
   ],
   [
    1058.570556640625,
    725.577392578125,
    0.686
   ],
   [
    937.0938720703125,
    741.2943115234375,
    0.639
   ],
   [
    1064.9599609375,
    799.5034790039062,
    -1.0
   ],
   [
    903.176513671875,
    803.544921875,
    -1.0
   ],
   [
    988.936767578125,
    776.4288940429688,
    -1.0
   ],
   [
    914.1267700195312,
    776.2354736328125,
    -1.0
   ],
   [
    1044.846435546875,
    871.96630859375,
    -1.0
   ],
   [
    966.2672119140625,
    873.1389770507812,
    -1.0
   ],
   [
    1016.4274291992188,
    803.4468383789062,
    -1.0
   ],
   [
    919.6693725585938,
    799.1259155273438,
    -1.0
   ],
   [
    1025.567138671875,
    872.023681640625,
    -1.0
   ],
   [
    960.70947265625,
    873.9292602539062,
    -1.0
   ]
  ]
 ],
 "skeleton_percentage": [
  100
 ],
 "angle": [
  166
 ]
}