{
 "frame_index": 46,
 "skeletons": [
  [
   [
    938.0947265625,
    661.6053466796875,
    0.948
   ],
   [
    951.552001953125,
    644.2845458984375,
    0.97
   ],
   [
    931.4990844726562,
    650.9714965820312,
    0.8
   ],
   [
    998.7324829101562,
    646.6520385742188,
    0.921
   ],
   [
    936.4326171875,
    663.601806640625,
    -1.0
   ],
   [
    1061.0264892578125,
    722.7897338867188,
    0.698
   ],
   [
    937.238037109375,
    739.932373046875,
    0.651
   ],
   [
    1075.98779296875,
    797.785400390625,
    -1.0
   ],
   [
    905.91357421875,
    805.061279296875,
    -1.0
   ],
   [
    1009.3716430664062,
    787.8204345703125,
    -1.0
   ],
   [
    920.29150390625,
    788.520263671875,
    -1.0
   ],
   [
    1049.879638671875,
    870.4330444335938,
    -1.0
   ],
   [
    969.732177734375,
    872.5556640625,
    -1.0
   ],
   [
    1023.51220703125,
    812.362060546875,
    -1.0
   ],
   [
    923.9261474609375,
    808.7777709960938,
    -1.0
   ],
   [
    1035.128173828125,
    887.9100952148438,
    -1.0
   ],
   [
    966.973876953125,
    890.75634765625,
    -1.0
   ]
  ]
 ],
 "skeleton_percentage": [
  100
 ],
 "angle": [
  165
 ]
}