{
 "frame_index": 47,
 "skeletons": [
  [
   [
    938.8590087890625,
    660.7401733398438,
    0.948
   ],
   [
    952.546630859375,
    643.291015625,
    0.97
   ],
   [
    932.720947265625,
    649.375,
    0.806
   ],
   [
    1000.048095703125,
    645.8051147460938,
    0.917
   ],
   [
    938.5713500976562,
    661.1712646484375,
    -1.0
   ],
   [
    1061.5970458984375,
    725.33642578125,
    0.675
   ],
   [
    935.8650512695312,
    740.378662109375,
    0.636
   ],
   [
    1076.825439453125,
    801.2000732421875,
    -1.0
   ],
   [
    902.00634765625,
    806.40283203125,
    -1.0
   ],
   [
    1017.6355590820312,
    795.1591796875,
    -1.0
   ],
   [
    922.8316040039062,
    792.904296875,
    -1.0
   ],
   [
    1048.43359375,
    876.472412109375,
    -1.0
   ],
   [
    967.7125244140625,
    878.1556396484375,
    -1.0
   ],
   [
    1027.67431640625,
    820.82373046875,
    -1.0
   ],
   [
    927.570556640625,
    817.0472412109375,
    -1.0
   ],
   [
    1037.5130615234375,
    888.6959838867188,
    -1.0
   ],
   [
    968.165771484375,
    891.064453125,
    -1.0
   ]
  ]
 ],
 "skeleton_percentage": [
  100
 ],
 "angle": [
  167
 ]
}