{
 "frame_index": 48,
 "skeletons": [
  [
   [
    939.213134765625,
    661.0228271484375,
    0.945
   ],
   [
    953.1427001953125,
    643.3142700195312,
    0.968
   ],
   [
    932.7401733398438,
    649.6145629882812,
    0.799
   ],
   [
    1000.3031005859375,
    645.391845703125,
    0.913
   ],
   [
    937.9462280273438,
    661.3657836914062,
    -1.0
   ],
   [
    1058.8516845703125,
    725.0467529296875,
    0.658
   ],
   [
    936.3563232421875,
    740.3845825195312,
    0.625
   ],
   [
    1066.8865966796875,
    805.9268798828125,
    -1.0
   ],
   [
    900.962646484375,
    810.25048828125,
    -1.0
   ],
   [
    1003.0791015625,
    800.5922241210938,
    -1.0
   ],
   [
    917.0125122070312,
    798.1239624023438,
    -1.0
   ],
   [
    1043.565185546875,
    878.5777587890625,
    -1.0
   ],
   [
    965.1040649414062,
    880.0336303710938,
    -1.0
   ],
   [
    1017.4956665039062,
    825.65185546875,
    -1.0
   ],
   [
    922.9647216796875,
    821.7669067382812,
    -1.0
   ],
   [
    1025.5029296875,
    896.3681030273438,
    -1.0
   ],
   [
    962.925048828125,
    898.5602416992188,
    -1.0
   ]
  ]
 ],
 "skeleton_percentage": [
  100
 ],
 "angle": [
  169
 ]
}