{
 "frame_index": 53,
 "skeletons": [
  [
   [
    947.7958984375,
    650.5872802734375,
    0.939
   ],
   [
    961.0670166015625,
    633.7431640625,
    0.962
   ],
   [
    941.209228515625,
    639.8155517578125,
    0.792
   ],
   [
    1004.570556640625,
    637.19677734375,
    0.905
   ],
   [
    943.0594482421875,
    652.6861572265625,
    -1.0
   ],
   [
    1059.2744140625,
    712.33447265625,
    0.733
   ],
   [
    944.156005859375,
    729.73193359375,
    0.682
   ],
   [
    1067.087158203125,
    777.519775390625,
    -1.0
   ],
   [
    919.0654296875,
    790.6576538085938,
    -1.0
   ],
   [
    996.6611938476562,
    752.6764526367188,
    -1.0
   ],
   [
    935.03466796875,
    768.9119873046875,
    -1.0
   ],
   [
    1049.056884765625,
    849.7872314453125,
    -1.0
   ],
   [
    974.1879272460938,
    852.7333984375,
    -1.0
   ],
   [
    1030.7791748046875,
    789.7879638671875,
    -1.0
   ],
   [
    938.8756713867188,
    787.4432373046875,
    -1.0
   ],
   [
    1043.1448974609375,
    854.522216796875,
    -1.0
   ],
   [
    982.8649291992188,
    858.5565185546875,
    -1.0
   ]
  ]
 ],
 "skeleton_percentage": [
  100
 ],
 "angle": [
  162
 ]
}