{
 "frame_index": 54,
 "skeletons": [
  [
   [
    947.7452392578125,
    650.6318359375,
    0.939
   ],
   [
    961.0142211914062,
    633.7509765625,
    0.962
   ],
   [
    941.17724609375,
    639.88427734375,
    0.79
   ],
   [
    1004.6915283203125,
    637.2675170898438,
    0.905
   ],
   [
    943.271728515625,
    652.9199829101562,
    -1.0
   ],
   [
    1059.540771484375,
    712.4730224609375,
    0.73
   ],
   [
    944.587890625,
    729.9595947265625,
    0.681
   ],
   [
    1067.53466796875,
    777.069091796875,
    -1.0
   ],
   [
    919.4130859375,
    789.9176025390625,
    -1.0
   ],
   [
    997.6527099609375,
    753.1187744140625,
    -1.0
   ],
   [
    935.113037109375,
    768.29052734375,
    -1.0
   ],
   [
    1049.599853515625,
    849.0763549804688,
    -1.0
   ],
   [
    974.8104858398438,
    852.0626220703125,
    -1.0
   ],
   [
    1031.371337890625,
    788.0096435546875,
    -1.0
   ],
   [
    939.3570556640625,
    785.6577758789062,
    -1.0
   ],
   [
    1043.908935546875,
    850.5228881835938,
    -1.0
   ],
   [
    983.4832763671875,
    854.5872802734375,
    -1.0
   ]
  ]
 ],
 "skeleton_percentage": [
  100
 ],
 "angle": [
  162
 ]
}