{
 "frame_index": 55,
 "skeletons": [
  [
   [
    950.663330078125,
    644.9361572265625,
    0.946
   ],
   [
    965.028076171875,
    628.7093505859375,
    0.966
   ],
   [
    943.6217041015625,
    634.0216674804688,
    0.816
   ],
   [
    1007.928466796875,
    635.65771484375,
    0.907
   ],
   [
    943.387451171875,
    649.26513671875,
    -1.0
   ],
   [
    1062.5223388671875,
    715.5845947265625,
    0.775
   ],
   [
    938.9884033203125,
    731.1148681640625,
    0.715
   ],
   [
    1074.6474609375,
    787.4383544921875,
    -1.0
   ],
   [
    911.8771362304688,
    799.4024047851562,
    -1.0
   ],
   [
    1005.4752197265625,
    775.7766723632812,
    -1.0
   ],
   [
    928.8516845703125,
    792.732421875,
    -1.0
   ],
   [
    1048.637939453125,
    865.24072265625,
    -1.0
   ],
   [
    968.5977172851562,
    867.7144775390625,
    -1.0
   ],
   [
    1028.885009765625,
    825.0697631835938,
    -1.0
   ],
   [
    937.496826171875,
    822.2100219726562,
    -1.0
   ],
   [
    1041.0010986328125,
    894.427734375,
    -1.0
   ],
   [
    985.5602416992188,
    897.7305908203125,
    -1.0
   ]
  ]
 ],
 "skeleton_percentage": [
  100
 ],
 "angle": [
  160
 ]
}