{
 "frame_index": 56,
 "skeletons": [
  [
   [
    949.0335693359375,
    643.6242065429688,
    0.943
   ],
   [
    964.122314453125,
    626.2708129882812,
    0.964
   ],
   [
    942.5234985351562,
    632.0031127929688,
    0.793
   ],
   [
    1010.540771484375,
    632.9816284179688,
    0.907
   ],
   [
    945.5576171875,
    647.679931640625,
    -1.0
   ],
   [
    1064.53759765625,
    715.925537109375,
    0.722
   ],
   [
    943.6093139648438,
    732.6888427734375,
    0.673
   ],
   [
    1071.867431640625,
    782.0516967773438,
    -1.0
   ],
   [
    914.16748046875,
    796.4326171875,
    -1.0
   ],
   [
    1008.0975341796875,
    755.751220703125,
    -1.0
   ],
   [
    934.3604736328125,
    776.7293701171875,
    -1.0
   ],
   [
    1048.7125244140625,
    869.5321655273438,
    -1.0
   ],
   [
    970.3005981445312,
    872.231689453125,
    -1.0
   ],
   [
    1027.6793212890625,
    823.0757446289062,
    -1.0
   ],
   [
    940.5213623046875,
    820.3424072265625,
    -1.0
   ],
   [
    1037.093505859375,
    890.0941772460938,
    -1.0
   ],
   [
    986.3812866210938,
    894.4762573242188,
    -1.0
   ]
  ]
 ],
 "skeleton_percentage": [
  100
 ],
 "angle": [
  158
 ]
}