{
 "frame_index": 57,
 "skeletons": [
  [
   [
    948.9819946289062,
    643.6240234375,
    0.942
   ],
   [
    964.0743408203125,
    626.3150024414062,
    0.964
   ],
   [
    942.4447021484375,
    632.0321655273438,
    0.793
   ],
   [
    1010.3531494140625,
    633.136474609375,
    0.907
   ],
   [
    945.3311767578125,
    647.8009033203125,
    -1.0
   ],
   [
    1064.216552734375,
    715.86376953125,
    0.724
   ],
   [
    943.320068359375,
    732.6491088867188,
    0.674
   ],
   [
    1071.37744140625,
    781.4185791015625,
    -1.0
   ],
   [
    914.116943359375,
    795.9351806640625,
    -1.0
   ],
   [
    1007.1121826171875,
    755.033447265625,
    -1.0
   ],
   [
    934.4029541015625,
    776.3681640625,
    -1.0
   ],
   [
    1048.5577392578125,
    868.608642578125,
    -1.0
   ],
   [
    970.1302490234375,
    871.3342895507812,
    -1.0
   ],
   [
    1027.314697265625,
    821.4228515625,
    -1.0
   ],
   [
    940.1634521484375,
    818.6973876953125,
    -1.0
   ],
   [
    1036.689208984375,
    887.8411865234375,
    -1.0
   ],
   [
    986.281494140625,
    892.236083984375,
    -1.0
   ]
  ]
 ],
 "skeleton_percentage": [
  100
 ],
 "angle": [
  158
 ]
}