{
 "frame_index": 58,
 "skeletons": [
  [
   [
    949.2216796875,
    640.0471801757812,
    0.94
   ],
   [
    964.167724609375,
    623.1204223632812,
    0.961
   ],
   [
    942.80810546875,
    628.558349609375,
    0.785
   ],
   [
    1009.2559204101562,
    629.9216918945312,
    0.903
   ],
   [
    944.8983154296875,
    643.8670043945312,
    -1.0
   ],
   [
    1060.8121337890625,
    709.3780517578125,
    0.752
   ],
   [
    944.114501953125,
    725.7778930664062,
    0.696
   ],
   [
    1065.7445068359375,
    771.0596923828125,
    -1.0
   ],
   [
    917.505859375,
    786.9406127929688,
    -1.0
   ],
   [
    999.3104248046875,
    730.4763793945312,
    -1.0
   ],
   [
    939.1258544921875,
    757.0354614257812,
    -1.0
   ],
   [
    1044.43603515625,
    856.2252197265625,
    -1.0
   ],
   [
    968.2703857421875,
    858.664794921875,
    -1.0
   ],
   [
    1021.8848876953125,
    794.857177734375,
    -1.0
   ],
   [
    936.6688232421875,
    792.1301879882812,
    -1.0
   ],
   [
    1029.183349609375,
    861.4412841796875,
    -1.0
   ],
   [
    980.849365234375,
    865.7667236328125,
    -1.0
   ]
  ]
 ],
 "skeleton_percentage": [
  100
 ],
 "angle": [
  158
 ]
}