{
 "frame_index": 59,
 "skeletons": [
  [
   [
    945.3099975585938,
    635.5663452148438,
    0.938
   ],
   [
    960.391357421875,
    616.7298583984375,
    0.961
   ],
   [
    938.8031616210938,
    623.5018310546875,
    0.758
   ],
   [
    1009.4848022460938,
    622.373291015625,
    0.912
   ],
   [
    942.8511962890625,
    639.4354248046875,
    -1.0
   ],
   [
    1066.2359619140625,
    705.2626953125,
    0.726
   ],
   [
    946.8179931640625,
    724.4829711914062,
    0.677
   ],
   [
    1066.2315673828125,
    762.285888671875,
    -1.0
   ],
   [
    920.3245239257812,
    779.27490234375,
    -1.0
   ],
   [
    992.5343627929688,
    715.0350341796875,
    -1.0
   ],
   [
    948.4002685546875,
    740.090087890625,
    -1.0
   ],
   [
    1053.0322265625,
    855.4396362304688,
    -1.0
   ],
   [
    974.301025390625,
    858.3612670898438,
    -1.0
   ],
   [
    1027.02783203125,
    768.5099487304688,
    -1.0
   ],
   [
    935.0989990234375,
    765.7684936523438,
    -1.0
   ],
   [
    1036.123779296875,
    841.2298583984375,
    -1.0
   ],
   [
    983.4385986328125,
    846.73828125,
    -1.0
   ]
  ]
 ],
 "skeleton_percentage": [
  100
 ],
 "angle": [
  157
 ]
}