{
 "frame_index": 60,
 "skeletons": [
  [
   [
    947.2166748046875,
    634.61083984375,
    0.936
   ],
   [
    962.1998291015625,
    617.046875,
    0.959
   ],
   [
    941.137939453125,
    622.8809814453125,
    0.76
   ],
   [
    1009.164306640625,
    624.6392822265625,
    0.91
   ],
   [
    944.03369140625,
    639.21923828125,
    -1.0
   ],
   [
    1063.0361328125,
    704.661376953125,
    0.761
   ],
   [
    945.3289794921875,
    720.7879028320312,
    0.703
   ],
   [
    1063.6260986328125,
    754.928955078125,
    -1.0
   ],
   [
    922.0204467773438,
    767.6077880859375,
    -1.0
   ],
   [
    991.1921997070312,
    708.4043579101562,
    -1.0
   ],
   [
    956.3406982421875,
    727.1171875,
    -1.0
   ],
   [
    1050.1827392578125,
    845.2322387695312,
    -1.0
   ],
   [
    971.6832275390625,
    847.428955078125,
    -1.0
   ],
   [
    1029.1402587890625,
    758.0879516601562,
    -1.0
   ],
   [
    933.410400390625,
    754.8917236328125,
    -1.0
   ],
   [
    1039.3609619140625,
    825.6326293945312,
    -1.0
   ],
   [
    980.926513671875,
    829.871826171875,
    -1.0
   ]
  ]
 ],
 "skeleton_percentage": [
  100
 ],
 "angle": [
  158
 ]
}