{
 "frame_index": 61,
 "skeletons": [
  [
   [
    945.9277954101562,
    631.5982666015625,
    0.957
   ],
   [
    960.4248046875,
    612.1572875976562,
    0.973
   ],
   [
    937.0867919921875,
    619.763916015625,
    0.841
   ],
   [
    1007.402587890625,
    617.267333984375,
    0.917
   ],
   [
    936.483642578125,
    636.51708984375,
    -1.0
   ],
   [
    1073.6513671875,
    705.877197265625,
    0.776
   ],
   [
    932.9539794921875,
    725.8572387695312,
    0.742
   ],
   [
    1090.6143798828125,
    779.240234375,
    -1.0
   ],
   [
    891.5814208984375,
    790.311279296875,
    -1.0
   ],
   [
    1017.343994140625,
    749.4442749023438,
    -1.0
   ],
   [
    903.2924194335938,
    757.640869140625,
    -1.0
   ],
   [
    1054.38623046875,
    868.298095703125,
    -1.0
   ],
   [
    962.4547119140625,
    871.200927734375,
    -1.0
   ],
   [
    1033.457275390625,
    783.6209106445312,
    -1.0
   ],
   [
    917.603515625,
    780.6932373046875,
    -1.0
   ],
   [
    1041.8389892578125,
    853.0699462890625,
    -1.0
   ],
   [
    960.4718017578125,
    858.5028076171875,
    -1.0
   ]
  ]
 ],
 "skeleton_percentage": [
  100
 ],
 "angle": [
  153
 ]
}