{
 "frame_index": 62,
 "skeletons": [
  [
   [
    943.05615234375,
    624.5294189453125,
    0.958
   ],
   [
    957.5958251953125,
    605.1168212890625,
    0.975
   ],
   [
    934.0560302734375,
    612.481689453125,
    0.853
   ],
   [
    1004.6480712890625,
    610.357421875,
    0.929
   ],
   [
    933.5604248046875,
    629.1397705078125,
    -1.0
   ],
   [
    1070.3934326171875,
    699.3311767578125,
    0.805
   ],
   [
    928.5254516601562,
    720.0103759765625,
    0.748
   ],
   [
    1086.248779296875,
    768.584228515625,
    -1.0
   ],
   [
    896.5149536132812,
    783.0145263671875,
    -1.0
   ],
   [
    1012.8876342773438,
    726.277587890625,
    -1.0
   ],
   [
    923.00390625,
    737.2479858398438,
    -1.0
   ],
   [
    1059.5234375,
    851.4794921875,
    -1.0
   ],
   [
    965.867919921875,
    855.9044189453125,
    -1.0
   ],
   [
    1048.65625,
    775.8297729492188,
    -1.0
   ],
   [
    925.61474609375,
    773.89013671875,
    -1.0
   ],
   [
    1063.46044921875,
    806.5039672851562,
    -1.0
   ],
   [
    972.1375732421875,
    813.0265502929688,
    -1.0
   ]
  ]
 ],
 "skeleton_percentage": [
  100
 ],
 "angle": [
  158
 ]
}