{
 "frame_index": 63,
 "skeletons": [
  [
   [
    937.4927978515625,
    616.4781494140625,
    0.961
   ],
   [
    950.0993041992188,
    592.4669189453125,
    0.979
   ],
   [
    924.3616943359375,
    603.0960693359375,
    0.866
   ],
   [
    1001.3797607421875,
    591.3856201171875,
    0.916
   ],
   [
    926.1087646484375,
    618.7254028320312,
    -1.0
   ],
   [
    1080.501953125,
    691.0450439453125,
    0.787
   ],
   [
    925.7318115234375,
    718.105712890625,
    0.65
   ],
   [
    1097.4398193359375,
    767.275634765625,
    -1.0
   ],
   [
    891.55078125,
    781.272216796875,
    -1.0
   ],
   [
    1009.0235595703125,
    736.7528076171875,
    -1.0
   ],
   [
    915.62939453125,
    727.283447265625,
    -1.0
   ],
   [
    1061.7325439453125,
    867.44677734375,
    -1.0
   ],
   [
    959.1806030273438,
    873.688232421875,
    -1.0
   ],
   [
    1068.224365234375,
    806.1388549804688,
    -1.0
   ],
   [
    937.305419921875,
    807.3955078125,
    -1.0
   ],
   [
    1051.9222412109375,
    859.2958374023438,
    -1.0
   ],
   [
    954.9918823242188,
    868.9447631835938,
    -1.0
   ]
  ]
 ],
 "skeleton_percentage": [
  100
 ],
 "angle": [
  155
 ]
}