{
 "frame_index": 64,
 "skeletons": [
  [
   [
    937.211181640625,
    605.071044921875,
    0.969
   ],
   [
    951.3992919921875,
    582.1983642578125,
    0.983
   ],
   [
    925.5195922851562,
    591.38818359375,
    0.887
   ],
   [
    1004.710693359375,
    586.2927856445312,
    0.936
   ],
   [
    928.159912109375,
    609.7739868164062,
    -1.0
   ],
   [
    1085.3447265625,
    690.5418701171875,
    0.854
   ],
   [
    921.387451171875,
    712.7673950195312,
    0.727
   ],
   [
    1104.347412109375,
    773.6060791015625,
    -1.0
   ],
   [
    887.00390625,
    781.6898803710938,
    -1.0
   ],
   [
    1009.4782104492188,
    732.1799926757812,
    -1.0
   ],
   [
    917.299560546875,
    720.8889770507812,
    -1.0
   ],
   [
    1064.3675537109375,
    864.1900634765625,
    -1.0
   ],
   [
    955.0504760742188,
    868.341552734375,
    -1.0
   ],
   [
    1071.7618408203125,
    763.7437133789062,
    -1.0
   ],
   [
    924.494384765625,
    762.721435546875,
    -1.0
   ],
   [
    1065.852294921875,
    809.516845703125,
    -1.0
   ],
   [
    950.2622680664062,
    816.668212890625,
    -1.0
   ]
  ]
 ],
 "skeleton_percentage": [
  100
 ],
 "angle": [
  155
 ]
}