{
 "frame_index": 65,
 "skeletons": [
  [
   [
    945.4881591796875,
    591.9675903320312,
    0.97
   ],
   [
    959.7926025390625,
    569.9882202148438,
    0.979
   ],
   [
    931.228759765625,
    580.8369140625,
    0.914
   ],
   [
    1006.9769287109375,
    578.1204833984375,
    0.901
   ],
   [
    923.6141967773438,
    605.6632080078125,
    -1.0
   ],
   [
    1088.9212646484375,
    677.0257568359375,
    0.805
   ],
   [
    912.9537963867188,
    706.2431640625,
    0.808
   ],
   [
    1119.6571044921875,
    763.788818359375,
    -1.0
   ],
   [
    873.9563598632812,
    780.9197387695312,
    -1.0
   ],
   [
    1022.5538330078125,
    723.2794799804688,
    -1.0
   ],
   [
    906.6104736328125,
    719.9368896484375,
    -1.0
   ],
   [
    1071.958251953125,
    858.003662109375,
    -1.0
   ],
   [
    953.787109375,
    865.5097045898438,
    -1.0
   ],
   [
    1069.1658935546875,
    739.142333984375,
    -1.0
   ],
   [
    906.4293823242188,
    739.100830078125,
    -1.0
   ],
   [
    1077.922607421875,
    818.120849609375,
    -1.0
   ],
   [
    955.9256591796875,
    829.2793579101562,
    -1.0
   ]
  ]
 ],
 "skeleton_percentage": [
  100
 ],
 "angle": [
  154
 ]
}