{
 "frame_index": 66,
 "skeletons": [
  [
   [
    945.7027587890625,
    591.382080078125,
    0.971
   ],
   [
    960.022705078125,
    569.50927734375,
    0.979
   ],
   [
    931.4185180664062,
    580.3701171875,
    0.915
   ],
   [
    1007.1201171875,
    577.9595947265625,
    0.902
   ],
   [
    923.8767700195312,
    605.5250854492188,
    -1.0
   ],
   [
    1089.2239990234375,
    676.9732666015625,
    0.808
   ],
   [
    912.151611328125,
    706.3027954101562,
    0.809
   ],
   [
    1119.2918701171875,
    764.400634765625,
    -1.0
   ],
   [
    871.8546142578125,
    782.29736328125,
    -1.0
   ],
   [
    1024.612548828125,
    725.275146484375,
    -1.0
   ],
   [
    907.0465087890625,
    722.849365234375,
    -1.0
   ],
   [
    1072.05224609375,
    857.6625366210938,
    -1.0
   ],
   [
    953.206787109375,
    865.3154296875,
    -1.0
   ],
   [
    1070.626708984375,
    736.4044189453125,
    -1.0
   ],
   [
    906.8411865234375,
    736.480224609375,
    -1.0
   ],
   [
    1078.4078369140625,
    816.7600708007812,
    -1.0
   ],
   [
    956.03955078125,
    828.1246948242188,
    -1.0
   ]
  ]
 ],
 "skeleton_percentage": [
  100
 ],
 "angle": [
  154
 ]
}