{
 "frame_index": 67,
 "skeletons": [
  [
   [
    943.292236328125,
    579.96142578125,
    0.974
   ],
   [
    958.803955078125,
    557.8030395507812,
    0.984
   ],
   [
    929.002685546875,
    566.5010986328125,
    0.924
   ],
   [
    1005.014404296875,
    566.68408203125,
    0.924
   ],
   [
    920.7295532226562,
    589.018798828125,
    -1.0
   ],
   [
    1082.6427001953125,
    673.0860595703125,
    0.877
   ],
   [
    905.64697265625,
    697.7760620117188,
    0.827
   ],
   [
    1118.068359375,
    761.8642578125,
    -1.0
   ],
   [
    873.02880859375,
    780.7333374023438,
    -1.0
   ],
   [
    1042.2423095703125,
    728.7725219726562,
    -1.0
   ],
   [
    915.79638671875,
    732.3707885742188,
    -1.0
   ],
   [
    1062.50537109375,
    859.7363891601562,
    -1.0
   ],
   [
    945.3994140625,
    865.9981689453125,
    -1.0
   ],
   [
    1061.5556640625,
    747.4714965820312,
    -1.0
   ],
   [
    904.3379516601562,
    746.9862670898438,
    -1.0
   ],
   [
    1067.05322265625,
    785.6553955078125,
    -1.0
   ],
   [
    946.7909545898438,
    795.4949340820312,
    -1.0
   ]
  ]
 ],
 "skeleton_percentage": [
  100
 ],
 "angle": [
  155
 ]
}