{
 "frame_index": 68,
 "skeletons": [
  [
   [
    950.5995483398438,
    573.884765625,
    0.975
   ],
   [
    964.549560546875,
    551.9959106445312,
    0.982
   ],
   [
    932.9327392578125,
    560.8089599609375,
    0.947
   ],
   [
    1005.9595947265625,
    560.0281982421875,
    0.865
   ],
   [
    921.2403564453125,
    582.5298461914062,
    -1.0
   ],
   [
    1079.552001953125,
    668.495361328125,
    0.88
   ],
   [
    900.1104736328125,
    689.8342895507812,
    0.828
   ],
   [
    1099.8450927734375,
    777.0119018554688,
    -1.0
   ],
   [
    855.4744262695312,
    787.8236083984375,
    -1.0
   ],
   [
    1020.758544921875,
    779.758056640625,
    -1.0
   ],
   [
    901.109130859375,
    767.360595703125,
    -1.0
   ],
   [
    1051.29833984375,
    872.316162109375,
    -1.0
   ],
   [
    932.1216430664062,
    877.744384765625,
    -1.0
   ],
   [
    1067.08056640625,
    815.1656494140625,
    -1.0
   ],
   [
    912.715087890625,
    816.8135986328125,
    -1.0
   ],
   [
    1041.006591796875,
    888.874267578125,
    -1.0
   ],
   [
    924.072509765625,
    897.1675415039062,
    -1.0
   ]
  ]
 ],
 "skeleton_percentage": [
  100
 ],
 "angle": [
  159
 ]
}