{
 "frame_index": 69,
 "skeletons": [
  [
   [
    950.807861328125,
    573.7103881835938,
    0.975
   ],
   [
    964.7816162109375,
    551.8482666015625,
    0.982
   ],
   [
    933.0831298828125,
    560.6143188476562,
    0.948
   ],
   [
    1006.0604248046875,
    559.9832153320312,
    0.865
   ],
   [
    921.1845703125,
    582.34765625,
    -1.0
   ],
   [
    1079.3438720703125,
    668.4288330078125,
    0.882
   ],
   [
    900.102783203125,
    689.5121459960938,
    0.83
   ],
   [
    1100.147216796875,
    776.033447265625,
    -1.0
   ],
   [
    854.9486083984375,
    786.2063598632812,
    -1.0
   ],
   [
    1022.3721313476562,
    777.8138427734375,
    -1.0
   ],
   [
    899.7891845703125,
    764.1853637695312,
    -1.0
   ],
   [
    1051.2950439453125,
    871.63623046875,
    -1.0
   ],
   [
    932.2310791015625,
    876.9998779296875,
    -1.0
   ],
   [
    1067.3109130859375,
    814.8451538085938,
    -1.0
   ],
   [
    913.050048828125,
    816.4623413085938,
    -1.0
   ],
   [
    1041.5240478515625,
    887.766357421875,
    -1.0
   ],
   [
    924.1788940429688,
    895.9677734375,
    -1.0
   ]
  ]
 ],
 "skeleton_percentage": [
  100
 ],
 "angle": [
  159
 ]
}