{
 "frame_index": 70,
 "skeletons": [
  [
   [
    950.7498779296875,
    566.84375,
    0.977
   ],
   [
    964.3199462890625,
    545.8203735351562,
    0.982
   ],
   [
    933.5860595703125,
    553.4959106445312,
    0.957
   ],
   [
    1003.3968505859375,
    554.493408203125,
    0.849
   ],
   [
    920.7816162109375,
    573.84033203125,
    0.515
   ],
   [
    1076.4166259765625,
    664.2753295898438,
    0.907
   ],
   [
    893.9281005859375,
    682.7556762695312,
    0.87
   ],
   [
    1101.2587890625,
    780.4586181640625,
    -1.0
   ],
   [
    854.1512451171875,
    792.0419311523438,
    -1.0
   ],
   [
    1028.254638671875,
    791.4995727539062,
    -1.0
   ],
   [
    914.9144287109375,
    783.424072265625,
    -1.0
   ],
   [
    1047.1767578125,
    876.109375,
    -1.0
   ],
   [
    926.2445068359375,
    880.8997192382812,
    -1.0
   ],
   [
    1067.069580078125,
    828.6292724609375,
    -1.0
   ],
   [
    906.28759765625,
    830.1512451171875,
    -1.0
   ],
   [
    1041.5098876953125,
    905.4951782226562,
    -1.0
   ],
   [
    914.8455810546875,
    913.0486450195312,
    -1.0
   ]
  ]
 ],
 "skeleton_percentage": [
  100
 ],
 "angle": [
  159
 ]
}