{
 "frame_index": 71,
 "skeletons": [
  [
   [
    951.7672119140625,
    560.0170288085938,
    0.977
   ],
   [
    965.5469970703125,
    538.791015625,
    0.982
   ],
   [
    934.3031005859375,
    545.77490234375,
    0.955
   ],
   [
    1004.04443359375,
    548.2061157226562,
    0.858
   ],
   [
    920.2838134765625,
    565.911865234375,
    -1.0
   ],
   [
    1076.385986328125,
    662.6754150390625,
    0.912
   ],
   [
    893.3712158203125,
    678.7037353515625,
    0.858
   ],
   [
    1103.355712890625,
    780.4865112304688,
    -1.0
   ],
   [
    854.24853515625,
    787.6453857421875,
    -1.0
   ],
   [
    1025.6402587890625,
    795.862060546875,
    -1.0
   ],
   [
    906.40869140625,
    782.4703369140625,
    -1.0
   ],
   [
    1045.031005859375,
    877.2643432617188,
    -1.0
   ],
   [
    924.4931030273438,
    881.0399169921875,
    -1.0
   ],
   [
    1064.951416015625,
    834.1632080078125,
    -1.0
   ],
   [
    908.9395751953125,
    835.2357177734375,
    -1.0
   ],
   [
    1039.297607421875,
    903.60009765625,
    -1.0
   ],
   [
    916.6624755859375,
    909.643798828125,
    -1.0
   ]
  ]
 ],
 "skeleton_percentage": [
  100
 ],
 "angle": [
  157
 ]
}