{
 "frame_index": 72,
 "skeletons": [
  [
   [
    951.1209716796875,
    559.8676147460938,
    0.977
   ],
   [
    965.0110473632812,
    538.62353515625,
    0.983
   ],
   [
    933.5950927734375,
    545.554931640625,
    0.955
   ],
   [
    1003.42431640625,
    548.0079345703125,
    0.86
   ],
   [
    919.47216796875,
    565.6420288085938,
    -1.0
   ],
   [
    1075.12744140625,
    662.61865234375,
    0.913
   ],
   [
    892.8128662109375,
    679.1683349609375,
    0.855
   ],
   [
    1102.66455078125,
    781.041748046875,
    -1.0
   ],
   [
    855.3387451171875,
    790.46875,
    -1.0
   ],
   [
    1027.7916259765625,
    796.2415771484375,
    -1.0
   ],
   [
    908.1597900390625,
    786.8359375,
    -1.0
   ],
   [
    1044.42236328125,
    878.4790649414062,
    -1.0
   ],
   [
    924.2955322265625,
    882.578857421875,
    -1.0
   ],
   [
    1064.5426025390625,
    840.101806640625,
    -1.0
   ],
   [
    909.233642578125,
    841.4622802734375,
    -1.0
   ],
   [
    1039.1456298828125,
    905.8016967773438,
    -1.0
   ],
   [
    916.37255859375,
    912.2400512695312,
    -1.0
   ]
  ]
 ],
 "skeleton_percentage": [
  100
 ],
 "angle": [
  156
 ]
}