{
 "frame_index": 73,
 "skeletons": [
  [
   [
    954.2686157226562,
    548.2811889648438,
    0.975
   ],
   [
    969.2762451171875,
    526.8184814453125,
    0.982
   ],
   [
    935.468505859375,
    534.7411499023438,
    0.95
   ],
   [
    1005.4747314453125,
    539.0220336914062,
    0.879
   ],
   [
    916.9481201171875,
    559.388916015625,
    -1.0
   ],
   [
    1079.8824462890625,
    650.0545654296875,
    0.91
   ],
   [
    890.071533203125,
    671.2193603515625,
    0.857
   ],
   [
    1116.8582763671875,
    761.7339477539062,
    -1.0
   ],
   [
    854.9752197265625,
    775.2159423828125,
    -1.0
   ],
   [
    1037.1302490234375,
    747.4634399414062,
    -1.0
   ],
   [
    906.787841796875,
    737.3102416992188,
    -1.0
   ],
   [
    1054.53271484375,
    861.5892333984375,
    -1.0
   ],
   [
    928.04931640625,
    867.7289428710938,
    -1.0
   ],
   [
    1062.5927734375,
    770.8646850585938,
    -1.0
   ],
   [
    894.5930786132812,
    771.0518188476562,
    -1.0
   ],
   [
    1057.101806640625,
    821.9857177734375,
    -1.0
   ],
   [
    928.6644287109375,
    830.8846435546875,
    -1.0
   ]
  ]
 ],
 "skeleton_percentage": [
  100
 ],
 "angle": [
  155
 ]
}