{
 "frame_index": 74,
 "skeletons": [
  [
   [
    952.1563110351562,
    541.1732788085938,
    0.979
   ],
   [
    967.5999755859375,
    520.9469604492188,
    0.984
   ],
   [
    935.5478515625,
    527.5260009765625,
    0.954
   ],
   [
    1005.2297973632812,
    534.2344970703125,
    0.89
   ],
   [
    918.8369140625,
    551.0205688476562,
    -1.0
   ],
   [
    1079.740966796875,
    643.9714965820312,
    0.934
   ],
   [
    890.2633666992188,
    661.1002197265625,
    0.904
   ],
   [
    1119.21044921875,
    756.79248046875,
    -1.0
   ],
   [
    854.5360107421875,
    765.53857421875,
    -1.0
   ],
   [
    1035.1795654296875,
    742.3092041015625,
    -1.0
   ],
   [
    903.1793212890625,
    733.8536376953125,
    -1.0
   ],
   [
    1055.7022705078125,
    856.41943359375,
    -1.0
   ],
   [
    929.030029296875,
    860.8623046875,
    -1.0
   ],
   [
    1063.0369873046875,
    771.6676025390625,
    -1.0
   ],
   [
    890.2408447265625,
    770.260498046875,
    -1.0
   ],
   [
    1064.7322998046875,
    825.6573486328125,
    -1.0
   ],
   [
    927.378662109375,
    832.0541381835938,
    -1.0
   ]
  ]
 ],
 "skeleton_percentage": [
  100
 ],
 "angle": [
  151
 ]
}