{
 "frame_index": 75,
 "skeletons": [
  [
   [
    952.0090942382812,
    541.1278686523438,
    0.979
   ],
   [
    967.5848388671875,
    520.996337890625,
    0.984
   ],
   [
    935.5120849609375,
    527.3656616210938,
    0.953
   ],
   [
    1005.2806396484375,
    534.4345703125,
    0.891
   ],
   [
    918.7725830078125,
    550.6779174804688,
    -1.0
   ],
   [
    1079.5467529296875,
    644.3065795898438,
    0.934
   ],
   [
    889.9912719726562,
    660.849365234375,
    0.902
   ],
   [
    1119.20361328125,
    757.5038452148438,
    -1.0
   ],
   [
    854.904296875,
    765.73828125,
    -1.0
   ],
   [
    1034.739501953125,
    744.3299560546875,
    -1.0
   ],
   [
    903.9609375,
    735.9852294921875,
    -1.0
   ],
   [
    1055.5521240234375,
    857.3193969726562,
    -1.0
   ],
   [
    928.8328857421875,
    861.538818359375,
    -1.0
   ],
   [
    1062.2244873046875,
    774.51611328125,
    -1.0
   ],
   [
    889.90185546875,
    772.9259033203125,
    -1.0
   ],
   [
    1064.4263916015625,
    827.9183349609375,
    -1.0
   ],
   [
    927.7071533203125,
    833.981689453125,
    -1.0
   ]
  ]
 ],
 "skeleton_percentage": [
  100
 ],
 "angle": [
  152
 ]
}