{
 "frame_index": 76,
 "skeletons": [
  [
   [
    952.2265625,
    533.475341796875,
    0.982
   ],
   [
    967.380615234375,
    513.2724609375,
    0.985
   ],
   [
    935.8731689453125,
    520.625,
    0.957
   ],
   [
    1005.69287109375,
    525.728271484375,
    0.892
   ],
   [
    920.1263427734375,
    544.4471435546875,
    -1.0
   ],
   [
    1081.4619140625,
    633.296630859375,
    0.948
   ],
   [
    893.0597534179688,
    652.074951171875,
    0.934
   ],
   [
    1119.19384765625,
    750.9072265625,
    -1.0
   ],
   [
    854.3111572265625,
    758.161376953125,
    -1.0
   ],
   [
    1033.222412109375,
    748.1354370117188,
    -1.0
   ],
   [
    895.3676147460938,
    734.5838012695312,
    -1.0
   ],
   [
    1061.5947265625,
    849.36376953125,
    -1.0
   ],
   [
    935.4361572265625,
    854.286376953125,
    -1.0
   ],
   [
    1064.41162109375,
    786.6117553710938,
    -1.0
   ],
   [
    892.933349609375,
    785.3580322265625,
    -1.0
   ],
   [
    1071.0361328125,
    844.2152709960938,
    -1.0
   ],
   [
    934.240234375,
    850.65673828125,
    -1.0
   ]
  ]
 ],
 "skeleton_percentage": [
  100
 ],
 "angle": [
  146
 ]
}