{
 "frame_index": 77,
 "skeletons": [
  [
   [
    954.2481689453125,
    525.2279052734375,
    0.983
   ],
   [
    967.9839477539062,
    505.1007385253906,
    0.984
   ],
   [
    937.5911865234375,
    513.203857421875,
    0.965
   ],
   [
    1005.4454956054688,
    515.8814697265625,
    0.868
   ],
   [
    922.2593994140625,
    536.4602661132812,
    0.559
   ],
   [
    1084.4813232421875,
    623.4651489257812,
    0.95
   ],
   [
    891.1664428710938,
    644.509033203125,
    0.945
   ],
   [
    1125.2322998046875,
    747.6714477539062,
    -1.0
   ],
   [
    847.3507080078125,
    758.363525390625,
    -1.0
   ],
   [
    1051.66259765625,
    785.9439697265625,
    -1.0
   ],
   [
    896.115234375,
    770.25,
    -1.0
   ],
   [
    1063.939208984375,
    851.2325439453125,
    -1.0
   ],
   [
    934.47607421875,
    857.5658569335938,
    -1.0
   ],
   [
    1080.3101806640625,
    833.7994995117188,
    -1.0
   ],
   [
    899.9694213867188,
    834.8570556640625,
    -1.0
   ],
   [
    1080.6689453125,
    903.74560546875,
    -1.0
   ],
   [
    930.120849609375,
    911.7491455078125,
    -1.0
   ]
  ]
 ],
 "skeleton_percentage": [
  100
 ],
 "angle": [
  142
 ]
}