{
 "frame_index": 78,
 "skeletons": [
  [
   [
    954.652099609375,
    524.760986328125,
    0.983
   ],
   [
    968.3992919921875,
    504.8238830566406,
    0.984
   ],
   [
    937.976318359375,
    512.8138427734375,
    0.966
   ],
   [
    1005.516845703125,
    515.997802734375,
    0.867
   ],
   [
    922.4306640625,
    536.279052734375,
    0.565
   ],
   [
    1084.0849609375,
    623.4876708984375,
    0.951
   ],
   [
    890.8509521484375,
    644.1753540039062,
    0.946
   ],
   [
    1124.702880859375,
    747.261474609375,
    -1.0
   ],
   [
    846.931640625,
    757.6827392578125,
    -1.0
   ],
   [
    1051.751220703125,
    785.5680541992188,
    -1.0
   ],
   [
    896.3908081054688,
    769.735595703125,
    -1.0
   ],
   [
    1063.3817138671875,
    850.9495239257812,
    -1.0
   ],
   [
    933.9351806640625,
    857.1989135742188,
    -1.0
   ],
   [
    1079.657470703125,
    835.383544921875,
    -1.0
   ],
   [
    899.8692626953125,
    836.399658203125,
    -1.0
   ],
   [
    1079.707763671875,
    905.875,
    -1.0
   ],
   [
    929.8672485351562,
    913.7698974609375,
    -1.0
   ]
  ]
 ],
 "skeleton_percentage": [
  100
 ],
 "angle": [
  142
 ]
}