{
 "frame_index": 79,
 "skeletons": [
  [
   [
    959.2706298828125,
    517.2945556640625,
    0.983
   ],
   [
    972.3466186523438,
    496.9276123046875,
    0.986
   ],
   [
    941.745849609375,
    505.2419128417969,
    0.968
   ],
   [
    1007.2159423828125,
    507.20196533203125,
    0.873
   ],
   [
    925.2607421875,
    528.5360107421875,
    0.574
   ],
   [
    1087.3525390625,
    616.8167114257812,
    0.959
   ],
   [
    890.6300048828125,
    640.427001953125,
    0.946
   ],
   [
    1129.5479736328125,
    742.4943237304688,
    0.523
   ],
   [
    843.613037109375,
    762.7247314453125,
    -1.0
   ],
   [
    1065.765380859375,
    791.2813110351562,
    -1.0
   ],
   [
    897.6173095703125,
    789.0802001953125,
    -1.0
   ],
   [
    1065.1856689453125,
    856.4774169921875,
    -1.0
   ],
   [
    934.3428955078125,
    864.2539672851562,
    -1.0
   ],
   [
    1084.09326171875,
    861.3896484375,
    -1.0
   ],
   [
    906.43359375,
    864.10302734375,
    -1.0
   ],
   [
    1079.586669921875,
    924.1834716796875,
    -1.0
   ],
   [
    932.3941040039062,
    934.461669921875,
    -1.0
   ]
  ]
 ],
 "skeleton_percentage": [
  100
 ],
 "angle": [
  136
 ]
}