{
 "frame_index": 80,
 "skeletons": [
  [
   [
    962.7957763671875,
    511.2518310546875,
    0.984
   ],
   [
    975.5458374023438,
    490.06011962890625,
    0.986
   ],
   [
    944.6207885742188,
    499.02490234375,
    0.968
   ],
   [
    1010.2560424804688,
    499.3863830566406,
    0.873
   ],
   [
    927.3444213867188,
    522.3175048828125,
    0.561
   ],
   [
    1092.1568603515625,
    612.1307983398438,
    0.957
   ],
   [
    894.5343017578125,
    637.4635009765625,
    0.942
   ],
   [
    1134.6651611328125,
    743.56591796875,
    0.507
   ],
   [
    847.39013671875,
    765.56396484375,
    -1.0
   ],
   [
    1070.6773681640625,
    798.9827270507812,
    -1.0
   ],
   [
    898.2936401367188,
    797.1117553710938,
    -1.0
   ],
   [
    1069.927490234375,
    858.5716552734375,
    -1.0
   ],
   [
    939.61083984375,
    866.5589599609375,
    -1.0
   ],
   [
    1080.3851318359375,
    857.0333862304688,
    -1.0
   ],
   [
    906.947998046875,
    859.9791259765625,
    -1.0
   ],
   [
    1075.2877197265625,
    923.9986572265625,
    -1.0
   ],
   [
    934.2324829101562,
    934.85009765625,
    -1.0
   ]
  ]
 ],
 "skeleton_percentage": [
  100
 ],
 "angle": [
  131
 ]
}