{
 "frame_index": 81,
 "skeletons": [
  [
   [
    963.0909423828125,
    510.9507751464844,
    0.984
   ],
   [
    975.8519897460938,
    489.7618103027344,
    0.986
   ],
   [
    944.7877197265625,
    498.77374267578125,
    0.969
   ],
   [
    1010.3839111328125,
    499.359130859375,
    0.868
   ],
   [
    927.22119140625,
    522.4278564453125,
    0.567
   ],
   [
    1092.188720703125,
    612.1240844726562,
    0.956
   ],
   [
    894.3692626953125,
    637.8020629882812,
    0.942
   ],
   [
    1134.7515869140625,
    743.3757934570312,
    -1.0
   ],
   [
    847.505859375,
    766.160888671875,
    -1.0
   ],
   [
    1069.5595703125,
    797.00830078125,
    -1.0
   ],
   [
    898.1365356445312,
    796.6686401367188,
    -1.0
   ],
   [
    1070.3812255859375,
    857.8846435546875,
    -1.0
   ],
   [
    939.9098510742188,
    866.0469970703125,
    -1.0
   ],
   [
    1080.591796875,
    852.6888427734375,
    -1.0
   ],
   [
    906.936279296875,
    855.7439575195312,
    -1.0
   ],
   [
    1075.564208984375,
    919.9039306640625,
    -1.0
   ],
   [
    934.8177490234375,
    930.9651489257812,
    -1.0
   ]
  ]
 ],
 "skeleton_percentage": [
  100
 ],
 "angle": [
  131
 ]
}