{
 "frame_index": 82,
 "skeletons": [
  [
   [
    969.3034057617188,
    498.12359619140625,
    0.984
   ],
   [
    983.532470703125,
    477.9385070800781,
    0.985
   ],
   [
    950.7005615234375,
    485.8113098144531,
    0.971
   ],
   [
    1017.8931884765625,
    492.779052734375,
    0.853
   ],
   [
    931.1058349609375,
    512.9418334960938,
    0.579
   ],
   [
    1096.4984130859375,
    610.417236328125,
    0.951
   ],
   [
    897.00146484375,
    631.7146606445312,
    0.946
   ],
   [
    1141.41748046875,
    747.253662109375,
    -1.0
   ],
   [
    852.967041015625,
    761.39599609375,
    -1.0
   ],
   [
    1071.6552734375,
    804.4251708984375,
    -1.0
   ],
   [
    899.0864868164062,
    794.6731567382812,
    -1.0
   ],
   [
    1073.1689453125,
    860.489013671875,
    -1.0
   ],
   [
    941.4076538085938,
    866.9005737304688,
    -1.0
   ],
   [
    1075.53466796875,
    858.4982299804688,
    -1.0
   ],
   [
    906.9989013671875,
    859.835693359375,
    -1.0
   ],
   [
    1072.8558349609375,
    925.6497802734375,
    -1.0
   ],
   [
    940.4503784179688,
    933.8897705078125,
    -1.0
   ]
  ]
 ],
 "skeleton_percentage": [
  100
 ],
 "angle": [
  122
 ]
}