{
 "frame_index": 83,
 "skeletons": [
  [
   [
    976.2928466796875,
    489.00537109375,
    0.984
   ],
   [
    991.6728515625,
    469.3614501953125,
    0.985
   ],
   [
    956.9259033203125,
    476.1850891113281,
    0.973
   ],
   [
    1025.106201171875,
    486.8998718261719,
    0.839
   ],
   [
    934.2702026367188,
    504.5039978027344,
    0.611
   ],
   [
    1099.757568359375,
    605.677978515625,
    0.956
   ],
   [
    898.2437744140625,
    624.5419921875,
    0.953
   ],
   [
    1144.2423095703125,
    744.4052734375,
    0.512
   ],
   [
    857.5618896484375,
    756.7362670898438,
    -1.0
   ],
   [
    1064.4393310546875,
    789.700927734375,
    -1.0
   ],
   [
    900.5238647460938,
    782.96142578125,
    -1.0
   ],
   [
    1076.148681640625,
    856.7481079101562,
    -1.0
   ],
   [
    941.9510498046875,
    862.5330810546875,
    -1.0
   ],
   [
    1078.8165283203125,
    858.0111083984375,
    -1.0
   ],
   [
    906.2455444335938,
    858.9796142578125,
    -1.0
   ],
   [
    1077.59521484375,
    928.8883056640625,
    -1.0
   ],
   [
    940.4193115234375,
    935.7984008789062,
    -1.0
   ]
  ]
 ],
 "skeleton_percentage": [
  100
 ],
 "angle": [
  115
 ]
}