{
 "frame_index": 84,
 "skeletons": [
  [
   [
    985.50341796875,
    470.89288330078125,
    0.988
   ],
   [
    997.832763671875,
    448.7970886230469,
    0.988
   ],
   [
    965.090087890625,
    458.1713562011719,
    0.977
   ],
   [
    1033.88037109375,
    459.8526611328125,
    0.847
   ],
   [
    946.0889282226562,
    484.0770263671875,
    0.615
   ],
   [
    1122.3272705078125,
    580.2621459960938,
    0.977
   ],
   [
    916.6497802734375,
    607.31591796875,
    0.97
   ],
   [
    1186.383544921875,
    725.771728515625,
    0.707
   ],
   [
    875.3175659179688,
    749.40478515625,
    0.632
   ],
   [
    1114.4876708984375,
    789.3253173828125,
    -1.0
   ],
   [
    906.842529296875,
    788.0560913085938,
    -1.0
   ],
   [
    1101.185791015625,
    853.79931640625,
    -1.0
   ],
   [
    964.5617065429688,
    862.1885986328125,
    -1.0
   ],
   [
    1110.7933349609375,
    870.9010620117188,
    -1.0
   ],
   [
    928.8720703125,
    875.2937622070312,
    -1.0
   ],
   [
    1102.796875,
    937.8824462890625,
    -1.0
   ],
   [
    944.8895263671875,
    949.3474731445312,
    -1.0
   ]
  ]
 ],
 "skeleton_percentage": [
  100
 ],
 "angle": [
  102
 ]
}