{
 "frame_index": 85,
 "skeletons": [
  [
   [
    990.53662109375,
    461.95916748046875,
    0.989
   ],
   [
    1004.119384765625,
    439.5641784667969,
    0.989
   ],
   [
    971.6002807617188,
    448.50067138671875,
    0.974
   ],
   [
    1045.2139892578125,
    448.3135070800781,
    0.876
   ],
   [
    956.8244018554688,
    471.5851135253906,
    0.554
   ],
   [
    1136.509033203125,
    568.3324584960938,
    0.98
   ],
   [
    928.5459594726562,
    593.8157958984375,
    0.976
   ],
   [
    1201.5787353515625,
    721.431640625,
    0.737
   ],
   [
    887.26611328125,
    741.8341064453125,
    0.685
   ],
   [
    1130.51123046875,
    798.8384399414062,
    -1.0
   ],
   [
    912.307861328125,
    796.241943359375,
    -1.0
   ],
   [
    1112.582275390625,
    846.7787475585938,
    -1.0
   ],
   [
    975.2993774414062,
    853.6679077148438,
    -1.0
   ],
   [
    1110.973388671875,
    890.3047485351562,
    -1.0
   ],
   [
    932.9771118164062,
    893.0560913085938,
    -1.0
   ],
   [
    1103.5302734375,
    953.576171875,
    -1.0
   ],
   [
    950.119873046875,
    962.6771240234375,
    -1.0
   ]
  ]
 ],
 "skeleton_percentage": [
  100
 ],
 "angle": [
  98
 ]
}