{
 "frame_index": 86,
 "skeletons": [
  [
   [
    1001.9210205078125,
    440.0155334472656,
    0.981
   ],
   [
    1017.4332275390625,
    418.14971923828125,
    0.973
   ],
   [
    980.4823608398438,
    430.11712646484375,
    0.956
   ],
   [
    1051.6759033203125,
    434.66143798828125,
    0.889
   ],
   [
    967.6814575195312,
    462.38006591796875,
    0.695
   ],
   [
    1141.287109375,
    550.4967651367188,
    0.961
   ],
   [
    939.3006591796875,
    587.56494140625,
    0.971
   ],
   [
    1218.898681640625,
    705.5214233398438,
    0.701
   ],
   [
    901.0291748046875,
    743.690185546875,
    0.742
   ],
   [
    1203.37060546875,
    805.8565673828125,
    -1.0
   ],
   [
    901.040283203125,
    790.9843139648438,
    0.521
   ],
   [
    1122.9429931640625,
    837.0899047851562,
    0.56
   ],
   [
    990.8208618164062,
    848.779296875,
    0.59
   ],
   [
    1132.416015625,
    968.7760009765625,
    -1.0
   ],
   [
    949.573486328125,
    987.0296630859375,
    -1.0
   ],
   [
    1118.401123046875,
    1005.1799926757812,
    -1.0
   ],
   [
    937.84521484375,
    1030.551025390625,
    -1.0
   ]
  ]
 ],
 "skeleton_percentage": [
  100
 ],
 "angle": [
  95
 ]
}