{
 "frame_index": 87,
 "skeletons": [
  [
   [
    1002.5089111328125,
    440.467529296875,
    0.981
   ],
   [
    1017.8466796875,
    418.4449768066406,
    0.973
   ],
   [
    980.90625,
    430.5863037109375,
    0.956
   ],
   [
    1051.8172607421875,
    434.74560546875,
    0.888
   ],
   [
    968.008056640625,
    462.87786865234375,
    0.698
   ],
   [
    1141.3406982421875,
    550.453369140625,
    0.962
   ],
   [
    939.6790771484375,
    587.9152221679688,
    0.972
   ],
   [
    1218.869140625,
    705.78564453125,
    0.707
   ],
   [
    900.9750366210938,
    744.9046630859375,
    0.745
   ],
   [
    1205.894775390625,
    805.2881469726562,
    0.501
   ],
   [
    901.51123046875,
    791.432373046875,
    0.525
   ],
   [
    1123.5068359375,
    838.5009155273438,
    0.571
   ],
   [
    991.65869140625,
    850.5472412109375,
    0.599
   ],
   [
    1132.9425048828125,
    972.0170288085938,
    -1.0
   ],
   [
    950.3206787109375,
    990.9907836914062,
    -1.0
   ],
   [
    1119.2862548828125,
    1010.9222412109375,
    -1.0
   ],
   [
    938.2515869140625,
    1037.5472412109375,
    -1.0
   ]
  ]
 ],
 "skeleton_percentage": [
  100
 ],
 "angle": [
  96
 ]
}