{
 "frame_index": 88,
 "skeletons": [
  [
   [
    1015.193115234375,
    423.315185546875,
    0.981
   ],
   [
    1032.0302734375,
    400.10113525390625,
    0.972
   ],
   [
    991.9268798828125,
    410.84686279296875,
    0.955
   ],
   [
    1068.412841796875,
    418.7735595703125,
    0.876
   ],
   [
    975.2678833007812,
    444.7649230957031,
    0.663
   ],
   [
    1157.62353515625,
    548.2862548828125,
    0.953
   ],
   [
    946.778564453125,
    584.2045288085938,
    0.967
   ],
   [
    1233.748291015625,
    715.98779296875,
    0.62
   ],
   [
    902.409423828125,
    754.3990478515625,
    0.699
   ],
   [
    1203.507080078125,
    832.4132080078125,
    -1.0
   ],
   [
    906.722900390625,
    821.6162109375,
    -1.0
   ],
   [
    1136.185546875,
    854.4378662109375,
    -1.0
   ],
   [
    999.63623046875,
    863.8613891601562,
    0.522
   ],
   [
    1120.16748046875,
    968.994873046875,
    -1.0
   ],
   [
    950.0435791015625,
    983.239990234375,
    -1.0
   ],
   [
    1091.295166015625,
    999.8529052734375,
    -1.0
   ],
   [
    942.1367797851562,
    1017.9900512695312,
    -1.0
   ]
  ]
 ],
 "skeleton_percentage": [
  100
 ],
 "angle": [
  88
 ]
}