{
 "frame_index": 89,
 "skeletons": [
  [
   [
    1018.177978515625,
    416.2921142578125,
    0.983
   ],
   [
    1035.76806640625,
    392.49505615234375,
    0.976
   ],
   [
    996.0935668945312,
    403.247802734375,
    0.949
   ],
   [
    1075.175048828125,
    409.1379089355469,
    0.896
   ],
   [
    982.0458984375,
    434.7528076171875,
    0.601
   ],
   [
    1165.890380859375,
    538.637451171875,
    0.966
   ],
   [
    952.9982299804688,
    576.4288330078125,
    0.967
   ],
   [
    1245.951171875,
    700.4304809570312,
    0.743
   ],
   [
    909.56201171875,
    744.6970825195312,
    0.714
   ],
   [
    1219.614501953125,
    820.487548828125,
    0.559
   ],
   [
    909.6611938476562,
    814.9066772460938,
    0.516
   ],
   [
    1138.88671875,
    853.9613037109375,
    0.609
   ],
   [
    1001.564208984375,
    864.1257934570312,
    0.606
   ],
   [
    1121.3472900390625,
    1001.0077514648438,
    -1.0
   ],
   [
    960.6710205078125,
    1017.3436279296875,
    -1.0
   ],
   [
    1094.1163330078125,
    1043.77685546875,
    -1.0
   ],
   [
    959.294189453125,
    1063.0322265625,
    -1.0
   ]
  ]
 ],
 "skeleton_percentage": [
  100
 ],
 "angle": [
  91
 ]
}