{
 "frame_index": 90,
 "skeletons": [
  [
   [
    1018.9740600585938,
    416.1089172363281,
    0.982
   ],
   [
    1036.395751953125,
    392.42303466796875,
    0.975
   ],
   [
    996.83349609375,
    403.0884704589844,
    0.949
   ],
   [
    1075.166259765625,
    409.3199157714844,
    0.893
   ],
   [
    982.2464599609375,
    434.84307861328125,
    0.606
   ],
   [
    1165.733642578125,
    538.9061889648438,
    0.965
   ],
   [
    952.3951416015625,
    576.8748168945312,
    0.967
   ],
   [
    1246.166259765625,
    701.0383911132812,
    0.736
   ],
   [
    908.7870483398438,
    745.8151245117188,
    0.708
   ],
   [
    1218.1461181640625,
    821.3446655273438,
    0.548
   ],
   [
    910.3558959960938,
    815.3580322265625,
    0.507
   ],
   [
    1138.56982421875,
    853.4727172851562,
    0.596
   ],
   [
    1000.9359741210938,
    863.6885375976562,
    0.594
   ],
   [
    1120.767822265625,
    996.183837890625,
    -1.0
   ],
   [
    959.303466796875,
    1012.4273071289062,
    -1.0
   ],
   [
    1093.4014892578125,
    1037.6746826171875,
    -1.0
   ],
   [
    957.8782958984375,
    1056.321044921875,
    -1.0
   ]
  ]
 ],
 "skeleton_percentage": [
  100
 ],
 "angle": [
  90
 ]
}