{
 "frame_index": 91,
 "skeletons": [
  [
   [
    1029.25,
    407.31060791015625,
    0.987
   ],
   [
    1045.6834716796875,
    383.56591796875,
    0.982
   ],
   [
    1004.2926025390625,
    395.00140380859375,
    0.966
   ],
   [
    1082.369873046875,
    403.05224609375,
    0.908
   ],
   [
    987.90185546875,
    429.86639404296875,
    0.721
   ],
   [
    1169.05126953125,
    529.896484375,
    0.972
   ],
   [
    965.6537475585938,
    563.35302734375,
    0.978
   ],
   [
    1244.181640625,
    701.3302001953125,
    0.763
   ],
   [
    919.9847412109375,
    740.2218017578125,
    0.786
   ],
   [
    1193.0977783203125,
    797.6892700195312,
    0.603
   ],
   [
    956.0157470703125,
    781.1233520507812,
    0.614
   ],
   [
    1156.98583984375,
    842.9386596679688,
    0.63
   ],
   [
    1023.5120849609375,
    854.3521728515625,
    0.658
   ],
   [
    1166.5245361328125,
    926.66796875,
    -1.0
   ],
   [
    982.6638793945312,
    943.4042358398438,
    -1.0
   ],
   [
    1154.0928955078125,
    995.2937622070312,
    -1.0
   ],
   [
    957.6199951171875,
    1019.2928466796875,
    -1.0
   ]
  ],
  [
   [
    1026.2369384765625,
    408.62310791015625,
    0.981
   ],
   [
    1044.595947265625,
    382.3114929199219,
    0.964
   ],
   [
    999.9501342773438,
    393.27972412109375,
    0.943
   ],
   [
    1083.16357421875,
    399.17327880859375,
    0.879
   ],
   [
    978.1099853515625,
    425.5187072753906,
    0.69
   ],
   [
    1166.3924560546875,
    548.9763793945312,
    0.98
   ],
   [
    959.3525390625,
    565.926025390625,
    0.986
   ],
   [
    1215.2646484375,
    752.6363525390625,
    0.823
   ],
   [
    921.3104248046875,
    741.03564453125,
    0.873
   ],
   [
    1146.977294921875,
    894.4059448242188,
    0.687
   ],
   [
    904.3927001953125,
    834.4249877929688,
    0.745
   ],
   [
    1138.652099609375,
    885.4168701171875,
    0.837
   ],
   [
    1003.7906494140625,
    886.71875,
    0.873
   ],
   [
    1089.268310546875,
    1030.0872802734375,
    -1.0
   ],
   [
    939.207275390625,
    1039.9361572265625,
    -1.0
   ],
   [
    1072.044189453125,
    1080.0,
    -1.0
   ],
   [
    972.3914794921875,
    1080.0,
    -1.0
   ]
  ]
 ],
 "skeleton_percentage": [
  100,
  100
 ],
 "angle": [
  91,
  142
 ]
}