{
 "frame_index": 92,
 "skeletons": [
  [
   [
    1035.4542236328125,
    394.26654052734375,
    0.987
   ],
   [
    1051.332275390625,
    369.9652404785156,
    0.977
   ],
   [
    1008.5264892578125,
    381.9309997558594,
    0.969
   ],
   [
    1085.4974365234375,
    391.968017578125,
    0.87
   ],
   [
    987.3680419921875,
    421.94635009765625,
    0.723
   ],
   [
    1179.051025390625,
    531.0950927734375,
    0.954
   ],
   [
    964.75537109375,
    566.5792236328125,
    0.977
   ],
   [
    1251.233154296875,
    715.61279296875,
    0.618
   ],
   [
    920.6488037109375,
    749.6508178710938,
    0.786
   ],
   [
    1211.465087890625,
    842.6190185546875,
    -1.0
   ],
   [
    921.436767578125,
    837.2508544921875,
    0.569
   ],
   [
    1160.52294921875,
    865.0943603515625,
    0.519
   ],
   [
    1024.836181640625,
    873.3173217773438,
    0.613
   ],
   [
    1115.2626953125,
    1009.4544067382812,
    -1.0
   ],
   [
    966.1268310546875,
    1022.4556274414062,
    -1.0
   ],
   [
    1073.4656982421875,
    1075.625244140625,
    -1.0
   ],
   [
    960.593994140625,
    1080.0,
    -1.0
   ]
  ]
 ],
 "skeleton_percentage": [
  100
 ],
 "angle": [
  89
 ]
}