{
 "frame_index": 93,
 "skeletons": [
  [
   [
    1035.941650390625,
    394.05255126953125,
    0.987
   ],
   [
    1051.7459716796875,
    369.88720703125,
    0.977
   ],
   [
    1009.0040283203125,
    381.5303649902344,
    0.969
   ],
   [
    1085.4149169921875,
    392.0138854980469,
    0.867
   ],
   [
    987.1943359375,
    421.32110595703125,
    0.727
   ],
   [
    1178.7039794921875,
    531.0579223632812,
    0.953
   ],
   [
    964.3099365234375,
    566.4476928710938,
    0.977
   ],
   [
    1251.151123046875,
    714.9830932617188,
    0.611
   ],
   [
    921.0751953125,
    749.5572509765625,
    0.783
   ],
   [
    1211.36328125,
    841.8936767578125,
    -1.0
   ],
   [
    922.2200927734375,
    836.2073364257812,
    0.565
   ],
   [
    1161.4505615234375,
    863.30126953125,
    0.513
   ],
   [
    1025.6468505859375,
    871.5518188476562,
    0.608
   ],
   [
    1116.132080078125,
    1006.07080078125,
    -1.0
   ],
   [
    966.5819091796875,
    1018.9248046875,
    -1.0
   ],
   [
    1073.5697021484375,
    1072.8173828125,
    -1.0
   ],
   [
    960.7945556640625,
    1080.0,
    -1.0
   ]
  ]
 ],
 "skeleton_percentage": [
  100
 ],
 "angle": [
  88
 ]
}