{
 "frame_index": 94,
 "skeletons": [
  [
   [
    1038.8048095703125,
    394.3098449707031,
    0.987
   ],
   [
    1053.641357421875,
    368.9215087890625,
    0.981
   ],
   [
    1011.1424560546875,
    383.405029296875,
    0.971
   ],
   [
    1088.725830078125,
    388.9036865234375,
    0.898
   ],
   [
    993.426025390625,
    423.50262451171875,
    0.763
   ],
   [
    1182.880859375,
    518.7046508789062,
    0.963
   ],
   [
    970.60888671875,
    560.163330078125,
    0.979
   ],
   [
    1260.2509765625,
    693.5117797851562,
    0.684
   ],
   [
    925.3961181640625,
    740.927490234375,
    0.794
   ],
   [
    1211.2105712890625,
    776.337890625,
    0.52
   ],
   [
    964.6119384765625,
    774.0730590820312,
    0.609
   ],
   [
    1174.891357421875,
    848.5515747070312,
    0.521
   ],
   [
    1037.243896484375,
    863.4832763671875,
    0.595
   ],
   [
    1176.8524169921875,
    934.790771484375,
    -1.0
   ],
   [
    991.85498046875,
    956.3450317382812,
    -1.0
   ],
   [
    1159.9193115234375,
    1008.19775390625,
    -1.0
   ],
   [
    971.9470825195312,
    1041.82421875,
    -1.0
   ]
  ]
 ],
 "skeleton_percentage": [
  100
 ],
 "angle": [
  82
 ]
}