{
 "frame_index": 95,
 "skeletons": [
  [
   [
    1038.5128173828125,
    383.7003173828125,
    0.979
   ],
   [
    1053.79833984375,
    358.62579345703125,
    0.97
   ],
   [
    1010.2913818359375,
    372.2516784667969,
    0.949
   ],
   [
    1090.5482177734375,
    382.6875915527344,
    0.889
   ],
   [
    993.9362182617188,
    415.7200927734375,
    0.722
   ],
   [
    1185.9716796875,
    517.6170654296875,
    0.966
   ],
   [
    977.9197998046875,
    558.568359375,
    0.977
   ],
   [
    1265.2471923828125,
    687.8926391601562,
    0.69
   ],
   [
    936.5677490234375,
    744.8096923828125,
    0.769
   ],
   [
    1239.44775390625,
    742.810791015625,
    0.513
   ],
   [
    963.8604125976562,
    774.5996704101562,
    0.572
   ],
   [
    1189.2608642578125,
    835.5939331054688,
    0.515
   ],
   [
    1053.5445556640625,
    852.8883056640625,
    0.58
   ],
   [
    1202.302978515625,
    874.1336059570312,
    -1.0
   ],
   [
    1020.482666015625,
    901.2802734375,
    -1.0
   ],
   [
    1185.03857421875,
    930.7144775390625,
    -1.0
   ],
   [
    1014.738525390625,
    975.132080078125,
    -1.0
   ]
  ]
 ],
 "skeleton_percentage": [
  100
 ],
 "angle": [
  77
 ]
}