{
 "frame_index": 96,
 "skeletons": [
  [
   [
    1038.416259765625,
    383.2123718261719,
    0.979
   ],
   [
    1053.129150390625,
    358.3607482910156,
    0.969
   ],
   [
    1010.5946044921875,
    371.35162353515625,
    0.948
   ],
   [
    1088.55615234375,
    381.6220703125,
    0.886
   ],
   [
    993.4920654296875,
    413.24505615234375,
    0.728
   ],
   [
    1184.4527587890625,
    517.9127807617188,
    0.968
   ],
   [
    976.5150146484375,
    556.030029296875,
    0.978
   ],
   [
    1265.9298095703125,
    687.5256958007812,
    0.711
   ],
   [
    937.59765625,
    739.4009399414062,
    0.774
   ],
   [
    1233.8076171875,
    750.7730712890625,
    0.534
   ],
   [
    966.82861328125,
    777.3814086914062,
    0.58
   ],
   [
    1186.4185791015625,
    838.419189453125,
    0.559
   ],
   [
    1050.714111328125,
    854.3904418945312,
    0.616
   ],
   [
    1199.8721923828125,
    891.1854248046875,
    -1.0
   ],
   [
    1020.9482421875,
    916.2530517578125,
    -1.0
   ],
   [
    1181.9222412109375,
    948.597412109375,
    -1.0
   ],
   [
    1016.4830932617188,
    990.2593994140625,
    -1.0
   ]
  ]
 ],
 "skeleton_percentage": [
  100
 ],
 "angle": [
  78
 ]
}