{
 "frame_index": 97,
 "skeletons": [
  [
   [
    1039.7705078125,
    378.4256286621094,
    0.987
   ],
   [
    1056.71484375,
    354.7781982421875,
    0.979
   ],
   [
    1013.30859375,
    366.96124267578125,
    0.972
   ],
   [
    1092.465087890625,
    379.2232360839844,
    0.881
   ],
   [
    993.394287109375,
    409.42425537109375,
    0.73
   ],
   [
    1189.6322021484375,
    515.9262084960938,
    0.94
   ],
   [
    968.5523071289062,
    556.55322265625,
    0.976
   ],
   [
    1270.6864013671875,
    687.861572265625,
    0.53
   ],
   [
    931.2284545898438,
    730.70068359375,
    0.757
   ],
   [
    1235.41650390625,
    785.8182373046875,
    -1.0
   ],
   [
    935.1815185546875,
    784.618896484375,
    0.529
   ],
   [
    1176.640869140625,
    843.0467529296875,
    -1.0
   ],
   [
    1036.3472900390625,
    854.2029418945312,
    0.564
   ],
   [
    1142.30322265625,
    978.7894287109375,
    -1.0
   ],
   [
    977.9271240234375,
    994.3077392578125,
    -1.0
   ],
   [
    1116.913330078125,
    1057.60302734375,
    -1.0
   ],
   [
    984.2542724609375,
    1079.3648681640625,
    -1.0
   ]
  ],
  [
   [
    1036.600341796875,
    381.3333740234375,
    0.984
   ],
   [
    1055.14404296875,
    355.654541015625,
    0.969
   ],
   [
    1008.6544189453125,
    367.49798583984375,
    0.959
   ],
   [
    1093.8985595703125,
    378.61309814453125,
    0.885
   ],
   [
    986.79638671875,
    408.5263671875,
    0.755
   ],
   [
    1186.3983154296875,
    531.7282104492188,
    0.979
   ],
   [
    963.5469360351562,
    562.025146484375,
    0.99
   ],
   [
    1248.35791015625,
    726.9317626953125,
    0.763
   ],
   [
    922.0234375,
    744.801513671875,
    0.894
   ],
   [
    1196.223388671875,
    873.9349365234375,
    0.585
   ],
   [
    903.568115234375,
    838.6715087890625,
    0.734
   ],
   [
    1151.2833251953125,
    881.0694580078125,
    0.826
   ],
   [
    1009.4456176757812,
    887.2721557617188,
    0.888
   ],
   [
    1096.8870849609375,
    1036.5164794921875,
    -1.0
   ],
   [
    947.021484375,
    1053.8255615234375,
    -1.0
   ],
   [
    1049.6497802734375,
    1080.0,
    -1.0
   ],
   [
    965.457275390625,
    1080.0,
    -1.0
   ]
  ]
 ],
 "skeleton_percentage": [
  100,
  100
 ],
 "angle": [
  78,
  133
 ]
}