{
 "frame_index": 98,
 "skeletons": [
  [
   [
    1038.373779296875,
    376.175048828125,
    0.981
   ],
   [
    1054.6583251953125,
    351.76715087890625,
    0.971
   ],
   [
    1010.74267578125,
    362.87933349609375,
    0.954
   ],
   [
    1090.9683837890625,
    376.015869140625,
    0.883
   ],
   [
    991.60400390625,
    403.3304443359375,
    0.736
   ],
   [
    1185.5745849609375,
    513.9622802734375,
    0.969
   ],
   [
    967.0909423828125,
    549.0364990234375,
    0.979
   ],
   [
    1266.8341064453125,
    682.4891967773438,
    0.712
   ],
   [
    925.2835693359375,
    736.2921752929688,
    0.785
   ],
   [
    1233.6925048828125,
    728.951904296875,
    0.548
   ],
   [
    961.1485595703125,
    778.34228515625,
    0.599
   ],
   [
    1185.7266845703125,
    837.7227783203125,
    0.571
   ],
   [
    1043.034912109375,
    853.020751953125,
    0.632
   ],
   [
    1199.8118896484375,
    887.98681640625,
    -1.0
   ],
   [
    1013.8250732421875,
    909.739990234375,
    -1.0
   ],
   [
    1183.753173828125,
    948.0130004882812,
    -1.0
   ],
   [
    1017.4134521484375,
    984.71923828125,
    -1.0
   ]
  ]
 ],
 "skeleton_percentage": [
  100
 ],
 "angle": [
  77
 ]
}