{
 "frame_index": 99,
 "skeletons": [
  [
   [
    1037.8946533203125,
    376.2349548339844,
    0.988
   ],
   [
    1056.056884765625,
    352.88922119140625,
    0.977
   ],
   [
    1012.0040283203125,
    363.33258056640625,
    0.975
   ],
   [
    1094.5838623046875,
    377.3456726074219,
    0.873
   ],
   [
    993.649169921875,
    403.82464599609375,
    0.764
   ],
   [
    1186.016845703125,
    520.8171997070312,
    0.952
   ],
   [
    966.6077880859375,
    552.7167358398438,
    0.982
   ],
   [
    1260.065673828125,
    696.553955078125,
    0.556
   ],
   [
    927.14990234375,
    730.7005615234375,
    0.823
   ],
   [
    1235.342041015625,
    786.2473754882812,
    -1.0
   ],
   [
    932.8828125,
    817.08544921875,
    0.598
   ],
   [
    1159.994384765625,
    849.7959594726562,
    0.518
   ],
   [
    1019.5079345703125,
    857.578857421875,
    0.661
   ],
   [
    1131.37060546875,
    987.99365234375,
    -1.0
   ],
   [
    968.5697021484375,
    998.2044677734375,
    -1.0
   ],
   [
    1093.000244140625,
    1030.4632568359375,
    -1.0
   ],
   [
    970.2859497070312,
    1052.285400390625,
    -1.0
   ]
  ]
 ],
 "skeleton_percentage": [
  100
 ],
 "angle": [
  80
 ]
}