{
 "frame_index": 100,
 "skeletons": [
  [
   [
    1038.7384033203125,
    371.9573974609375,
    0.987
   ],
   [
    1056.7327880859375,
    349.7304382324219,
    0.976
   ],
   [
    1013.2315673828125,
    359.2342529296875,
    0.973
   ],
   [
    1093.2470703125,
    376.2649841308594,
    0.871
   ],
   [
    993.8304443359375,
    400.9177551269531,
    0.761
   ],
   [
    1183.67431640625,
    520.0554809570312,
    0.959
   ],
   [
    963.007080078125,
    550.2513427734375,
    0.982
   ],
   [
    1252.2213134765625,
    702.2147216796875,
    0.615
   ],
   [
    924.540283203125,
    730.999755859375,
    0.819
   ],
   [
    1224.8140869140625,
    817.43408203125,
    -1.0
   ],
   [
    933.6400146484375,
    815.06298828125,
    0.601
   ],
   [
    1154.455810546875,
    850.4771118164062,
    0.574
   ],
   [
    1013.9844360351562,
    857.8148193359375,
    0.688
   ],
   [
    1126.2236328125,
    1001.7960205078125,
    -1.0
   ],
   [
    971.0997314453125,
    1013.8553466796875,
    -1.0
   ],
   [
    1081.3045654296875,
    1053.416259765625,
    -1.0
   ],
   [
    973.58056640625,
    1074.2830810546875,
    -1.0
   ]
  ]
 ],
 "skeleton_percentage": [
  100
 ],
 "angle": [
  85
 ]
}