{
 "frame_index": 101,
 "skeletons": [
  [
   [
    1038.731689453125,
    372.6409606933594,
    0.987
   ],
   [
    1054.867919921875,
    349.3363037109375,
    0.978
   ],
   [
    1010.7811279296875,
    361.5523681640625,
    0.977
   ],
   [
    1088.191650390625,
    374.555908203125,
    0.864
   ],
   [
    987.3851318359375,
    404.04925537109375,
    0.799
   ],
   [
    1182.55517578125,
    511.84912109375,
    0.941
   ],
   [
    954.3733520507812,
    546.6648559570312,
    0.978
   ],
   [
    1264.3101806640625,
    692.8712768554688,
    0.531
   ],
   [
    917.9357299804688,
    728.4010009765625,
    0.774
   ],
   [
    1229.851318359375,
    744.6868286132812,
    -1.0
   ],
   [
    954.027099609375,
    755.9137573242188,
    0.555
   ],
   [
    1173.8565673828125,
    841.1152954101562,
    -1.0
   ],
   [
    1025.4278564453125,
    854.12060546875,
    -1.0
   ],
   [
    1191.34130859375,
    941.2496337890625,
    -1.0
   ],
   [
    993.0942993164062,
    956.2022705078125,
    -1.0
   ],
   [
    1182.51171875,
    996.2222900390625,
    -1.0
   ],
   [
    986.744873046875,
    1023.1600341796875,
    -1.0
   ]
  ]
 ],
 "skeleton_percentage": [
  100
 ],
 "angle": [
  75
 ]
}