{
 "frame_index": 102,
 "skeletons": [
  [
   [
    1038.783935546875,
    372.7903747558594,
    0.987
   ],
   [
    1054.95166015625,
    349.37548828125,
    0.978
   ],
   [
    1010.74169921875,
    361.8071594238281,
    0.977
   ],
   [
    1088.4541015625,
    374.50140380859375,
    0.866
   ],
   [
    987.547607421875,
    404.4720153808594,
    0.798
   ],
   [
    1182.5994873046875,
    512.4061279296875,
    0.94
   ],
   [
    954.3048095703125,
    547.087158203125,
    0.977
   ],
   [
    1263.8707275390625,
    692.8203735351562,
    0.525
   ],
   [
    917.814453125,
    727.8060302734375,
    0.765
   ],
   [
    1229.7271728515625,
    742.9315185546875,
    -1.0
   ],
   [
    954.798095703125,
    755.3675537109375,
    0.542
   ],
   [
    1171.575927734375,
    842.7757568359375,
    -1.0
   ],
   [
    1023.3314208984375,
    855.65478515625,
    -1.0
   ],
   [
    1188.102783203125,
    945.3951416015625,
    -1.0
   ],
   [
    991.76220703125,
    960.4088134765625,
    -1.0
   ],
   [
    1178.212158203125,
    998.70556640625,
    -1.0
   ],
   [
    985.641357421875,
    1026.674072265625,
    -1.0
   ]
  ]
 ],
 "skeleton_percentage": [
  100
 ],
 "angle": [
  74
 ]
}