{
 "frame_index": 103,
 "skeletons": [
  [
   [
    1035.799072265625,
    365.6763916015625,
    0.988
   ],
   [
    1052.8812255859375,
    343.1045837402344,
    0.976
   ],
   [
    1009.18115234375,
    353.09527587890625,
    0.976
   ],
   [
    1084.6619873046875,
    367.56500244140625,
    0.842
   ],
   [
    984.3812255859375,
    392.8774108886719,
    0.781
   ],
   [
    1170.546630859375,
    503.88201904296875,
    0.958
   ],
   [
    949.596435546875,
    540.399658203125,
    0.981
   ],
   [
    1249.990234375,
    679.3552856445312,
    0.648
   ],
   [
    912.3133544921875,
    725.2388916015625,
    0.809
   ],
   [
    1235.1422119140625,
    790.9630737304688,
    -1.0
   ],
   [
    922.343994140625,
    808.32275390625,
    0.602
   ],
   [
    1148.2640380859375,
    833.8546142578125,
    0.634
   ],
   [
    1007.7427978515625,
    845.9335327148438,
    0.713
   ],
   [
    1141.606201171875,
    1023.169921875,
    -1.0
   ],
   [
    981.3782958984375,
    1039.431640625,
    -1.0
   ],
   [
    1111.94140625,
    1080.0,
    -1.0
   ],
   [
    979.0284423828125,
    1080.0,
    -1.0
   ]
  ],
  [
   [
    1037.0762939453125,
    367.9825744628906,
    0.98
   ],
   [
    1053.4801025390625,
    342.7406005859375,
    0.944
   ],
   [
    1011.4334106445312,
    350.2691345214844,
    0.955
   ],
   [
    1081.79833984375,
    361.17535400390625,
    0.76
   ],
   [
    980.2156982421875,
    379.58343505859375,
    0.789
   ],
   [
    1158.4931640625,
    509.7975769042969,
    0.981
   ],
   [
    950.200927734375,
    534.86767578125,
    0.986
   ],
   [
    1241.3072509765625,
    694.3060302734375,
    0.847
   ],
   [
    919.2410888671875,
    730.9906005859375,
    0.893
   ],
   [
    1214.1488037109375,
    817.154296875,
    0.743
   ],
   [
    916.688720703125,
    846.5685424804688,
    0.792
   ],
   [
    1135.60205078125,
    851.6474609375,
    0.876
   ],
   [
    997.5955810546875,
    857.309326171875,
    0.898
   ],
   [
    1102.7410888671875,
    1016.2520141601562,
    -1.0
   ],
   [
    934.31689453125,
    1025.5728759765625,
    -1.0
   ],
   [
    1083.0777587890625,
    1060.311279296875,
    -1.0
   ],
   [
    929.4305419921875,
    1074.80712890625,
    -1.0
   ]
  ]
 ],
 "skeleton_percentage": [
  100,
  100
 ],
 "angle": [
  79,
  138
 ]
}