{
 "frame_index": 104,
 "skeletons": [
  [
   [
    1027.5035400390625,
    365.5906677246094,
    0.987
   ],
   [
    1045.1246337890625,
    343.2880859375,
    0.973
   ],
   [
    1001.5083618164062,
    351.73162841796875,
    0.97
   ],
   [
    1077.7496337890625,
    368.5433349609375,
    0.848
   ],
   [
    976.3379516601562,
    390.264404296875,
    0.757
   ],
   [
    1164.187744140625,
    509.675537109375,
    0.971
   ],
   [
    938.5123901367188,
    536.1685791015625,
    0.984
   ],
   [
    1234.5528564453125,
    695.0537109375,
    0.754
   ],
   [
    900.286865234375,
    723.4962158203125,
    0.857
   ],
   [
    1215.34033203125,
    804.0540161132812,
    0.598
   ],
   [
    911.6107177734375,
    817.110107421875,
    0.692
   ],
   [
    1136.480712890625,
    833.3408203125,
    0.742
   ],
   [
    991.5703125,
    840.6080932617188,
    0.795
   ],
   [
    1124.739013671875,
    1015.1678466796875,
    -1.0
   ],
   [
    962.258056640625,
    1026.0621337890625,
    -1.0
   ],
   [
    1085.2664794921875,
    1075.953125,
    -1.0
   ],
   [
    959.7544555664062,
    1080.0,
    -1.0
   ]
  ]
 ],
 "skeleton_percentage": [
  100
 ],
 "angle": [
  86
 ]
}