{
 "frame_index": 105,
 "skeletons": [
  [
   [
    1027.392578125,
    365.86163330078125,
    0.987
   ],
   [
    1045.138671875,
    343.3484802246094,
    0.974
   ],
   [
    1001.273193359375,
    351.8978576660156,
    0.97
   ],
   [
    1078.0498046875,
    368.51531982421875,
    0.851
   ],
   [
    976.240234375,
    390.524169921875,
    0.752
   ],
   [
    1164.32275390625,
    510.88958740234375,
    0.972
   ],
   [
    938.730224609375,
    536.7255249023438,
    0.984
   ],
   [
    1233.927734375,
    697.46728515625,
    0.758
   ],
   [
    900.4705810546875,
    724.0089111328125,
    0.855
   ],
   [
    1214.3935546875,
    806.4937133789062,
    0.605
   ],
   [
    911.3736572265625,
    817.198974609375,
    0.691
   ],
   [
    1133.52099609375,
    836.8819580078125,
    0.749
   ],
   [
    988.9989013671875,
    843.5476684570312,
    0.798
   ],
   [
    1118.6240234375,
    1021.1202392578125,
    -1.0
   ],
   [
    958.6273193359375,
    1031.60546875,
    -1.0
   ],
   [
    1077.43896484375,
    1080.0,
    -1.0
   ],
   [
    955.723876953125,
    1080.0,
    -1.0
   ]
  ]
 ],
 "skeleton_percentage": [
  100
 ],
 "angle": [
  86
 ]
}