{
 "frame_index": 106,
 "skeletons": [
  [
   [
    1020.95556640625,
    361.5035705566406,
    0.988
   ],
   [
    1040.74755859375,
    341.653076171875,
    0.974
   ],
   [
    995.7698364257812,
    346.1671142578125,
    0.969
   ],
   [
    1073.3798828125,
    371.42230224609375,
    0.845
   ],
   [
    966.8735961914062,
    384.74371337890625,
    0.717
   ],
   [
    1155.0537109375,
    515.3428344726562,
    0.979
   ],
   [
    924.7058715820312,
    527.944091796875,
    0.984
   ],
   [
    1220.61669921875,
    709.2999267578125,
    0.833
   ],
   [
    885.4931030273438,
    709.1270141601562,
    0.867
   ],
   [
    1197.2984619140625,
    825.9566650390625,
    0.699
   ],
   [
    877.05078125,
    785.6273803710938,
    0.732
   ],
   [
    1115.109130859375,
    831.0980224609375,
    0.76
   ],
   [
    965.276123046875,
    830.7298583984375,
    0.784
   ],
   [
    1103.2587890625,
    976.5020141601562,
    -1.0
   ],
   [
    926.2553100585938,
    978.2942504882812,
    -1.0
   ],
   [
    1064.0467529296875,
    1022.6973876953125,
    -1.0
   ],
   [
    923.5029296875,
    1030.732666015625,
    -1.0
   ]
  ]
 ],
 "skeleton_percentage": [
  100
 ],
 "angle": [
  86
 ]
}