{
 "frame_index": 107,
 "skeletons": [
  [
   [
    1004.244873046875,
    357.66680908203125,
    0.987
   ],
   [
    1024.593994140625,
    335.0510559082031,
    0.974
   ],
   [
    979.1583251953125,
    342.52264404296875,
    0.97
   ],
   [
    1060.132568359375,
    360.4135437011719,
    0.843
   ],
   [
    952.9242553710938,
    378.3476257324219,
    0.745
   ],
   [
    1144.5782470703125,
    504.4833984375,
    0.961
   ],
   [
    910.4560546875,
    527.5235595703125,
    0.982
   ],
   [
    1217.1357421875,
    691.6071166992188,
    0.678
   ],
   [
    871.121826171875,
    715.6083984375,
    0.822
   ],
   [
    1189.867919921875,
    774.830322265625,
    0.502
   ],
   [
    880.958251953125,
    790.7550048828125,
    0.623
   ],
   [
    1119.2781982421875,
    827.933349609375,
    0.63
   ],
   [
    965.07666015625,
    835.4712524414062,
    0.702
   ],
   [
    1139.78466796875,
    975.280517578125,
    -1.0
   ],
   [
    943.56640625,
    983.4693603515625,
    -1.0
   ],
   [
    1123.84619140625,
    1018.6148681640625,
    -1.0
   ],
   [
    949.4862670898438,
    1035.31787109375,
    -1.0
   ]
  ]
 ],
 "skeleton_percentage": [
  100
 ],
 "angle": [
  61
 ]
}