{
 "frame_index": 108,
 "skeletons": [
  [
   [
    994.5802001953125,
    349.769287109375,
    0.986
   ],
   [
    1014.0279541015625,
    328.88800048828125,
    0.977
   ],
   [
    967.648193359375,
    334.2950744628906,
    0.97
   ],
   [
    1047.912353515625,
    353.87493896484375,
    0.864
   ],
   [
    938.27001953125,
    367.4999084472656,
    0.778
   ],
   [
    1110.0859375,
    500.6175842285156,
    0.974
   ],
   [
    893.4486083984375,
    504.5859375,
    0.979
   ],
   [
    1171.6041259765625,
    681.0554809570312,
    0.796
   ],
   [
    833.7760620117188,
    676.892822265625,
    0.806
   ],
   [
    1150.46728515625,
    757.4822387695312,
    0.657
   ],
   [
    877.2368774414062,
    735.1693725585938,
    0.656
   ],
   [
    1053.939208984375,
    819.4207763671875,
    0.674
   ],
   [
    912.0611572265625,
    820.774658203125,
    0.685
   ],
   [
    1085.066162109375,
    882.9160766601562,
    -1.0
   ],
   [
    895.0660400390625,
    886.5010986328125,
    -1.0
   ],
   [
    1086.551025390625,
    911.6508178710938,
    -1.0
   ],
   [
    883.8924560546875,
    933.1979370117188,
    -1.0
   ]
  ]
 ],
 "skeleton_percentage": [
  100
 ],
 "angle": [
  42
 ]
}