{
 "frame_index": 109,
 "skeletons": [
  [
   [
    983.8763427734375,
    347.276123046875,
    0.986
   ],
   [
    1001.7772216796875,
    324.0278015136719,
    0.976
   ],
   [
    957.3458862304688,
    331.919921875,
    0.971
   ],
   [
    1036.001708984375,
    343.6817626953125,
    0.873
   ],
   [
    931.1529541015625,
    362.3117980957031,
    0.799
   ],
   [
    1107.91552734375,
    492.2185363769531,
    0.974
   ],
   [
    884.32568359375,
    501.70843505859375,
    0.982
   ],
   [
    1169.019775390625,
    674.2278442382812,
    0.777
   ],
   [
    825.2857666015625,
    676.390380859375,
    0.822
   ],
   [
    1142.646728515625,
    753.8892822265625,
    0.626
   ],
   [
    872.29931640625,
    743.9086303710938,
    0.659
   ],
   [
    1055.336181640625,
    815.1981811523438,
    0.667
   ],
   [
    908.6966552734375,
    819.2294311523438,
    0.698
   ],
   [
    1089.4666748046875,
    890.7142333984375,
    -1.0
   ],
   [
    891.2769775390625,
    898.849365234375,
    -1.0
   ],
   [
    1083.81005859375,
    917.1985473632812,
    -1.0
   ],
   [
    879.8014526367188,
    946.91748046875,
    -1.0
   ]
  ]
 ],
 "skeleton_percentage": [
  100
 ],
 "angle": [
  36
 ]
}