{
 "frame_index": 110,
 "skeletons": [
  [
   [
    976.6470947265625,
    345.6842041015625,
    0.991
   ],
   [
    996.231201171875,
    322.181884765625,
    0.978
   ],
   [
    953.1311645507812,
    327.9493408203125,
    0.981
   ],
   [
    1030.24853515625,
    341.47039794921875,
    0.825
   ],
   [
    927.26416015625,
    355.69219970703125,
    0.807
   ],
   [
    1102.2200927734375,
    489.4468688964844,
    0.974
   ],
   [
    878.3594970703125,
    503.0922546386719,
    0.987
   ],
   [
    1163.234130859375,
    664.981201171875,
    0.775
   ],
   [
    828.8278198242188,
    673.499755859375,
    0.884
   ],
   [
    1142.5859375,
    750.9472045898438,
    0.656
   ],
   [
    827.0533447265625,
    762.6714477539062,
    0.759
   ],
   [
    1057.88916015625,
    813.4447021484375,
    0.763
   ],
   [
    909.2542724609375,
    817.1065063476562,
    0.82
   ],
   [
    1082.00927734375,
    1008.9866943359375,
    -1.0
   ],
   [
    888.7589111328125,
    1014.0849609375,
    -1.0
   ],
   [
    1075.7542724609375,
    1063.1837158203125,
    -1.0
   ],
   [
    895.049072265625,
    1080.0,
    -1.0
   ]
  ],
  [
   [
    976.7312622070312,
    346.7126770019531,
    0.985
   ],
   [
    995.9928588867188,
    322.78741455078125,
    0.952
   ],
   [
    954.2005615234375,
    325.6568298339844,
    0.963
   ],
   [
    1030.0286865234375,
    338.73333740234375,
    0.773
   ],
   [
    927.284423828125,
    345.9104919433594,
    0.795
   ],
   [
    1098.825927734375,
    491.1229248046875,
    0.984
   ],
   [
    885.8237915039062,
    496.93695068359375,
    0.992
   ],
   [
    1155.327880859375,
    669.4861450195312,
    0.871
   ],
   [
    837.5723876953125,
    676.772705078125,
    0.945
   ],
   [
    1125.786865234375,
    747.287109375,
    0.821
   ],
   [
    831.3561401367188,
    778.8929443359375,
    0.897
   ],
   [
    1062.6251220703125,
    809.4332885742188,
    0.905
   ],
   [
    922.5965576171875,
    809.3726806640625,
    0.937
   ],
   [
    1046.5257568359375,
    980.276123046875,
    -1.0
   ],
   [
    889.509765625,
    980.89892578125,
    -1.0
   ],
   [
    1024.078857421875,
    1027.5048828125,
    -1.0
   ],
   [
    911.8060302734375,
    1038.1021728515625,
    -1.0
   ]
  ]
 ],
 "skeleton_percentage": [
  100,
  100
 ],
 "angle": [
  29,
  151
 ]
}