{
 "frame_index": 111,
 "skeletons": [
  [
   [
    976.7830810546875,
    346.6647033691406,
    0.991
   ],
   [
    996.6271362304688,
    323.2743835449219,
    0.977
   ],
   [
    953.638671875,
    328.73114013671875,
    0.979
   ],
   [
    1029.804931640625,
    342.24468994140625,
    0.83
   ],
   [
    926.9901123046875,
    355.566650390625,
    0.798
   ],
   [
    1103.0849609375,
    487.63922119140625,
    0.974
   ],
   [
    876.618408203125,
    503.8378601074219,
    0.989
   ],
   [
    1164.3021240234375,
    659.3607177734375,
    0.778
   ],
   [
    826.1900634765625,
    674.2584228515625,
    0.892
   ],
   [
    1149.74365234375,
    749.8119506835938,
    0.658
   ],
   [
    826.072265625,
    756.474609375,
    0.768
   ],
   [
    1062.8734130859375,
    810.0767211914062,
    0.798
   ],
   [
    913.97119140625,
    814.8922119140625,
    0.848
   ],
   [
    1079.9202880859375,
    1007.0106201171875,
    -1.0
   ],
   [
    898.1672973632812,
    1014.2986450195312,
    -1.0
   ],
   [
    1064.171875,
    1063.8603515625,
    -1.0
   ],
   [
    905.8792724609375,
    1080.0,
    -1.0
   ]
  ],
  [
   [
    976.838134765625,
    346.6628723144531,
    0.985
   ],
   [
    995.98974609375,
    322.9046630859375,
    0.952
   ],
   [
    954.431396484375,
    325.7119445800781,
    0.962
   ],
   [
    1029.8846435546875,
    338.64825439453125,
    0.772
   ],
   [
    927.3869018554688,
    345.64013671875,
    0.795
   ],
   [
    1098.6737060546875,
    490.9571228027344,
    0.984
   ],
   [
    885.6708984375,
    495.9624938964844,
    0.992
   ],
   [
    1155.1719970703125,
    668.9185180664062,
    0.878
   ],
   [
    838.011474609375,
    673.1423950195312,
    0.947
   ],
   [
    1126.1939697265625,
    748.57861328125,
    0.83
   ],
   [
    833.34765625,
    772.6964721679688,
    0.902
   ],
   [
    1062.145263671875,
    807.3568115234375,
    0.914
   ],
   [
    922.28369140625,
    806.9935302734375,
    0.943
   ],
   [
    1045.0672607421875,
    981.0869140625,
    -1.0
   ],
   [
    889.9530029296875,
    981.6893920898438,
    0.518
   ],
   [
    1021.5714111328125,
    1026.21240234375,
    -1.0
   ],
   [
    912.5728759765625,
    1036.666015625,
    -1.0
   ]
  ]
 ],
 "skeleton_percentage": [
  100,
  100
 ],
 "angle": [
  30,
  150
 ]
}