{
 "frame_index": 112,
 "skeletons": [
  [
   [
    974.5647583007812,
    342.0231628417969,
    0.986
   ],
   [
    992.9930419921875,
    319.220947265625,
    0.952
   ],
   [
    952.65673828125,
    321.71771240234375,
    0.963
   ],
   [
    1024.9482421875,
    336.4618835449219,
    0.771
   ],
   [
    924.5274658203125,
    342.8182373046875,
    0.805
   ],
   [
    1098.68798828125,
    486.6616516113281,
    0.989
   ],
   [
    878.7359619140625,
    491.5882873535156,
    0.993
   ],
   [
    1153.9765625,
    656.7122192382812,
    0.91
   ],
   [
    830.3409423828125,
    670.7061157226562,
    0.953
   ],
   [
    1111.08935546875,
    727.7876586914062,
    0.873
   ],
   [
    832.2387084960938,
    790.6950073242188,
    0.914
   ],
   [
    1059.865478515625,
    795.7392578125,
    0.944
   ],
   [
    916.114990234375,
    794.6867065429688,
    0.959
   ],
   [
    1033.8905029296875,
    990.1553955078125,
    0.537
   ],
   [
    879.9164428710938,
    988.0723876953125,
    0.608
   ],
   [
    1001.3853149414062,
    1053.477783203125,
    -1.0
   ],
   [
    901.1806640625,
    1062.5369873046875,
    -1.0
   ]
  ],
  [
   [
    974.4378662109375,
    341.7088623046875,
    0.991
   ],
   [
    994.2254638671875,
    319.0646057128906,
    0.976
   ],
   [
    951.9120483398438,
    323.3848876953125,
    0.98
   ],
   [
    1026.0040283203125,
    339.4075927734375,
    0.824
   ],
   [
    924.3077392578125,
    350.37982177734375,
    0.813
   ],
   [
    1101.9464111328125,
    484.76702880859375,
    0.976
   ],
   [
    870.0953369140625,
    501.78594970703125,
    0.99
   ],
   [
    1164.29345703125,
    651.75732421875,
    0.788
   ],
   [
    820.81005859375,
    672.9263916015625,
    0.899
   ],
   [
    1131.2166748046875,
    738.0994873046875,
    0.679
   ],
   [
    824.7057495117188,
    770.1136474609375,
    0.78
   ],
   [
    1060.735107421875,
    809.55322265625,
    0.848
   ],
   [
    910.2374267578125,
    814.2520751953125,
    0.888
   ],
   [
    1067.25732421875,
    1032.350341796875,
    -1.0
   ],
   [
    899.1915893554688,
    1037.0687255859375,
    -1.0
   ],
   [
    1040.0318603515625,
    1080.0,
    -1.0
   ],
   [
    909.238037109375,
    1080.0,
    -1.0
   ]
  ]
 ],
 "skeleton_percentage": [
  100,
  100
 ],
 "angle": [
  154,
  25
 ]
}