{
 "frame_index": 113,
 "skeletons": [
  [
   [
    965.021484375,
    335.8504638671875,
    0.99
   ],
   [
    986.36279296875,
    312.12335205078125,
    0.979
   ],
   [
    941.6775512695312,
    318.6744689941406,
    0.973
   ],
   [
    1023.8670654296875,
    333.18878173828125,
    0.875
   ],
   [
    918.6021728515625,
    349.4960632324219,
    0.738
   ],
   [
    1101.11865234375,
    480.161865234375,
    0.975
   ],
   [
    870.10205078125,
    501.76690673828125,
    0.988
   ],
   [
    1160.627197265625,
    658.044189453125,
    0.796
   ],
   [
    817.0823974609375,
    678.2646484375,
    0.879
   ],
   [
    1133.8966064453125,
    745.9956665039062,
    0.677
   ],
   [
    813.1265258789062,
    746.0704345703125,
    0.749
   ],
   [
    1056.61767578125,
    809.9600830078125,
    0.824
   ],
   [
    905.1729125976562,
    815.6373291015625,
    0.86
   ],
   [
    1068.09765625,
    1012.4501953125,
    -1.0
   ],
   [
    884.6488037109375,
    1021.2899169921875,
    -1.0
   ],
   [
    1053.378662109375,
    1074.9130859375,
    -1.0
   ],
   [
    891.8740234375,
    1080.0,
    -1.0
   ]
  ],
  [
   [
    965.894287109375,
    335.79693603515625,
    0.986
   ],
   [
    985.8422241210938,
    311.88568115234375,
    0.96
   ],
   [
    943.4200439453125,
    315.3128356933594,
    0.959
   ],
   [
    1022.4620361328125,
    329.90838623046875,
    0.822
   ],
   [
    918.521728515625,
    338.77545166015625,
    0.764
   ],
   [
    1097.0086669921875,
    483.8035583496094,
    0.986
   ],
   [
    879.1133422851562,
    493.96124267578125,
    0.993
   ],
   [
    1154.8382568359375,
    661.5814208984375,
    0.894
   ],
   [
    829.4696044921875,
    672.5823974609375,
    0.947
   ],
   [
    1114.670654296875,
    740.1187133789062,
    0.85
   ],
   [
    821.4739379882812,
    757.2545166015625,
    0.903
   ],
   [
    1058.688232421875,
    798.0477294921875,
    0.923
   ],
   [
    916.5494384765625,
    798.4248046875,
    0.946
   ],
   [
    1028.200439453125,
    971.4803466796875,
    -1.0
   ],
   [
    875.7247314453125,
    973.77734375,
    0.543
   ],
   [
    998.9613647460938,
    1022.24609375,
    -1.0
   ],
   [
    898.4705200195312,
    1031.446533203125,
    -1.0
   ]
  ]
 ],
 "skeleton_percentage": [
  100,
  100
 ],
 "angle": [
  23,
  154
 ]
}