{
 "frame_index": 114,
 "skeletons": [
  [
   [
    965.1783447265625,
    335.7933349609375,
    0.99
   ],
   [
    986.4505004882812,
    312.10125732421875,
    0.979
   ],
   [
    941.8802490234375,
    318.6435546875,
    0.973
   ],
   [
    1023.828369140625,
    333.10931396484375,
    0.874
   ],
   [
    918.8230590820312,
    349.4117431640625,
    0.739
   ],
   [
    1101.084716796875,
    479.97015380859375,
    0.975
   ],
   [
    870.33935546875,
    501.30865478515625,
    0.988
   ],
   [
    1160.75537109375,
    656.9224853515625,
    0.798
   ],
   [
    816.8219604492188,
    676.8748779296875,
    0.879
   ],
   [
    1133.1009521484375,
    744.704833984375,
    0.681
   ],
   [
    812.7410888671875,
    746.5235595703125,
    0.751
   ],
   [
    1055.36572265625,
    809.533203125,
    0.824
   ],
   [
    904.1832275390625,
    814.9459228515625,
    0.859
   ],
   [
    1065.45947265625,
    1014.4659423828125,
    -1.0
   ],
   [
    883.3028564453125,
    1022.887939453125,
    -1.0
   ],
   [
    1049.3680419921875,
    1076.0987548828125,
    -1.0
   ],
   [
    889.3465576171875,
    1080.0,
    -1.0
   ]
  ],
  [
   [
    966.1920776367188,
    335.63470458984375,
    0.986
   ],
   [
    986.0579833984375,
    311.8935546875,
    0.96
   ],
   [
    943.85791015625,
    315.2260437011719,
    0.96
   ],
   [
    1022.446533203125,
    329.8953552246094,
    0.822
   ],
   [
    918.9488525390625,
    338.58514404296875,
    0.766
   ],
   [
    1097.209228515625,
    483.319091796875,
    0.987
   ],
   [
    879.2764892578125,
    492.8560791015625,
    0.993
   ],
   [
    1154.8345947265625,
    660.3931884765625,
    0.896
   ],
   [
    829.1870727539062,
    671.0039672851562,
    0.949
   ],
   [
    1113.76806640625,
    738.6875,
    0.854
   ],
   [
    820.4642944335938,
    758.86474609375,
    0.906
   ],
   [
    1057.64892578125,
    796.7347412109375,
    0.928
   ],
   [
    915.592529296875,
    796.5391845703125,
    0.95
   ],
   [
    1023.49853515625,
    977.0877685546875,
    -1.0
   ],
   [
    871.8607177734375,
    978.5174560546875,
    0.563
   ],
   [
    994.2222900390625,
    1032.0823974609375,
    -1.0
   ],
   [
    894.7443237304688,
    1040.7889404296875,
    -1.0
   ]
  ]
 ],
 "skeleton_percentage": [
  100,
  100
 ],
 "angle": [
  23,
  155
 ]
}