{
 "frame_index": 115,
 "skeletons": [
  [
   [
    959.718017578125,
    337.1322021484375,
    0.986
   ],
   [
    980.5838012695312,
    311.9010925292969,
    0.981
   ],
   [
    935.8404541015625,
    319.5443115234375,
    0.964
   ],
   [
    1023.223876953125,
    328.7099304199219,
    0.911
   ],
   [
    916.9647216796875,
    345.110107421875,
    0.721
   ],
   [
    1103.44140625,
    481.69879150390625,
    0.978
   ],
   [
    868.9824829101562,
    491.3932800292969,
    0.982
   ],
   [
    1161.025146484375,
    678.7461547851562,
    0.807
   ],
   [
    809.26708984375,
    680.3461303710938,
    0.81
   ],
   [
    1119.0206298828125,
    758.9613647460938,
    0.658
   ],
   [
    858.3590698242188,
    742.4767456054688,
    0.643
   ],
   [
    1054.1978759765625,
    819.0668334960938,
    0.682
   ],
   [
    899.1783447265625,
    822.1265258789062,
    0.694
   ],
   [
    1083.56591796875,
    888.4330444335938,
    -1.0
   ],
   [
    872.662353515625,
    895.0052490234375,
    -1.0
   ],
   [
    1076.851806640625,
    912.7591552734375,
    -1.0
   ],
   [
    865.201171875,
    936.9561767578125,
    -1.0
   ]
  ]
 ],
 "skeleton_percentage": [
  100
 ],
 "angle": [
  22
 ]
}