{
 "frame_index": 116,
 "skeletons": [
  [
   [
    961.4976196289062,
    334.970947265625,
    0.987
   ],
   [
    981.559814453125,
    310.96612548828125,
    0.963
   ],
   [
    939.714111328125,
    314.41693115234375,
    0.958
   ],
   [
    1021.04541015625,
    325.3856506347656,
    0.837
   ],
   [
    917.6563110351562,
    334.06146240234375,
    0.745
   ],
   [
    1096.791015625,
    476.1717224121094,
    0.989
   ],
   [
    879.7703857421875,
    484.78338623046875,
    0.994
   ],
   [
    1150.856201171875,
    655.0682373046875,
    0.92
   ],
   [
    828.3118896484375,
    665.98876953125,
    0.955
   ],
   [
    1121.3114013671875,
    732.2228393554688,
    0.889
   ],
   [
    826.92236328125,
    758.9669189453125,
    0.921
   ],
   [
    1058.557373046875,
    783.6595458984375,
    0.949
   ],
   [
    918.59912109375,
    783.8681030273438,
    0.963
   ],
   [
    1023.3580322265625,
    977.3179321289062,
    0.577
   ],
   [
    884.7859497070312,
    979.93017578125,
    0.642
   ],
   [
    984.5289916992188,
    1028.6385498046875,
    -1.0
   ],
   [
    905.4094848632812,
    1040.780517578125,
    -1.0
   ]
  ],
  [
   [
    960.7553100585938,
    334.29315185546875,
    0.99
   ],
   [
    982.2166748046875,
    309.6940002441406,
    0.98
   ],
   [
    938.2205200195312,
    316.45843505859375,
    0.971
   ],
   [
    1021.890869140625,
    327.34716796875,
    0.889
   ],
   [
    918.6455078125,
    343.63232421875,
    0.724
   ],
   [
    1101.8328857421875,
    473.85418701171875,
    0.978
   ],
   [
    869.8453369140625,
    494.0603942871094,
    0.988
   ],
   [
    1155.8187255859375,
    651.3809814453125,
    0.811
   ],
   [
    814.5889892578125,
    670.4356689453125,
    0.883
   ],
   [
    1135.8907470703125,
    738.8973388671875,
    0.699
   ],
   [
    816.9325561523438,
    749.5869140625,
    0.757
   ],
   [
    1056.6141357421875,
    803.0247802734375,
    0.857
   ],
   [
    907.0028686523438,
    808.7314453125,
    0.885
   ],
   [
    1060.653076171875,
    1019.776123046875,
    -1.0
   ],
   [
    894.502685546875,
    1029.6162109375,
    -1.0
   ],
   [
    1034.3946533203125,
    1080.0,
    -1.0
   ],
   [
    906.4439697265625,
    1080.0,
    -1.0
   ]
  ]
 ],
 "skeleton_percentage": [
  100,
  100
 ],
 "angle": [
  155,
  20
 ]
}