{
 "frame_index": 117,
 "skeletons": [
  [
   [
    961.0936889648438,
    334.94482421875,
    0.987
   ],
   [
    981.0992431640625,
    310.89788818359375,
    0.963
   ],
   [
    939.4469604492188,
    314.31988525390625,
    0.958
   ],
   [
    1020.7086181640625,
    325.1565856933594,
    0.838
   ],
   [
    917.717041015625,
    333.78009033203125,
    0.744
   ],
   [
    1097.014404296875,
    476.20916748046875,
    0.989
   ],
   [
    879.8349609375,
    484.5927429199219,
    0.994
   ],
   [
    1150.732666015625,
    655.4053955078125,
    0.92
   ],
   [
    829.052734375,
    666.2825927734375,
    0.955
   ],
   [
    1121.32275390625,
    732.2333984375,
    0.889
   ],
   [
    826.903564453125,
    760.829345703125,
    0.921
   ],
   [
    1058.02001953125,
    783.1990966796875,
    0.95
   ],
   [
    917.8119506835938,
    783.1380615234375,
    0.964
   ],
   [
    1022.1826171875,
    977.5267333984375,
    0.584
   ],
   [
    882.1884155273438,
    979.8513793945312,
    0.65
   ],
   [
    982.8470458984375,
    1030.495849609375,
    -1.0
   ],
   [
    902.4049072265625,
    1042.6783447265625,
    -1.0
   ]
  ],
  [
   [
    960.327880859375,
    334.255126953125,
    0.989
   ],
   [
    981.738037109375,
    309.5757751464844,
    0.98
   ],
   [
    937.8145751953125,
    316.46710205078125,
    0.97
   ],
   [
    1021.575927734375,
    327.12713623046875,
    0.889
   ],
   [
    918.5150146484375,
    343.66839599609375,
    0.721
   ],
   [
    1101.8681640625,
    473.84075927734375,
    0.977
   ],
   [
    869.924072265625,
    493.93438720703125,
    0.988
   ],
   [
    1155.61572265625,
    651.9869384765625,
    0.81
   ],
   [
    814.53369140625,
    670.6573486328125,
    0.881
   ],
   [
    1136.199462890625,
    739.600830078125,
    0.697
   ],
   [
    816.9290771484375,
    750.8047485351562,
    0.753
   ],
   [
    1056.184814453125,
    801.9168090820312,
    0.847
   ],
   [
    906.419189453125,
    807.5223999023438,
    0.876
   ],
   [
    1060.356201171875,
    1016.73046875,
    -1.0
   ],
   [
    892.8088989257812,
    1026.5701904296875,
    -1.0
   ],
   [
    1033.8519287109375,
    1080.0,
    -1.0
   ],
   [
    903.725830078125,
    1080.0,
    -1.0
   ]
  ]
 ],
 "skeleton_percentage": [
  100,
  100
 ],
 "angle": [
  156,
  20
 ]
}