{
 "frame_index": 118,
 "skeletons": [
  [
   [
    963.1982421875,
    330.3719482421875,
    0.99
   ],
   [
    984.1666259765625,
    305.09283447265625,
    0.978
   ],
   [
    939.742431640625,
    310.6994934082031,
    0.97
   ],
   [
    1023.6967163085938,
    322.19671630859375,
    0.868
   ],
   [
    916.921142578125,
    335.57574462890625,
    0.754
   ],
   [
    1098.058349609375,
    475.47357177734375,
    0.983
   ],
   [
    867.0975341796875,
    488.270263671875,
    0.988
   ],
   [
    1155.82568359375,
    655.2714233398438,
    0.843
   ],
   [
    804.2283935546875,
    665.9239501953125,
    0.881
   ],
   [
    1128.068603515625,
    745.9769897460938,
    0.735
   ],
   [
    811.998046875,
    745.740966796875,
    0.77
   ],
   [
    1058.9017333984375,
    807.7855224609375,
    0.83
   ],
   [
    905.916259765625,
    813.7988891601562,
    0.858
   ],
   [
    1083.696044921875,
    974.4468994140625,
    -1.0
   ],
   [
    890.46240234375,
    986.4444580078125,
    -1.0
   ],
   [
    1075.6956787109375,
    1029.61181640625,
    -1.0
   ],
   [
    912.4022216796875,
    1053.662841796875,
    -1.0
   ]
  ],
  [
   [
    962.048583984375,
    331.97332763671875,
    0.986
   ],
   [
    982.9683837890625,
    306.7987976074219,
    0.965
   ],
   [
    939.4798583984375,
    311.6512756347656,
    0.957
   ],
   [
    1023.9345703125,
    320.8643798828125,
    0.837
   ],
   [
    917.0410766601562,
    332.03448486328125,
    0.725
   ],
   [
    1092.37744140625,
    468.09393310546875,
    0.984
   ],
   [
    878.09326171875,
    485.933349609375,
    0.992
   ],
   [
    1146.93212890625,
    653.0782470703125,
    0.893
   ],
   [
    830.4310302734375,
    672.946533203125,
    0.944
   ],
   [
    1129.905029296875,
    748.6903076171875,
    0.841
   ],
   [
    821.940673828125,
    742.3914184570312,
    0.891
   ],
   [
    1068.0216064453125,
    791.7654418945312,
    0.917
   ],
   [
    923.1890258789062,
    797.2147216796875,
    0.938
   ],
   [
    1075.0924072265625,
    958.1434936523438,
    -1.0
   ],
   [
    892.2413330078125,
    969.4716796875,
    -1.0
   ],
   [
    1059.0634765625,
    990.6827392578125,
    -1.0
   ],
   [
    890.8456420898438,
    1005.3433227539062,
    -1.0
   ]
  ]
 ],
 "skeleton_percentage": [
  100,
  100
 ],
 "angle": [
  17,
  148
 ]
}