{
 "frame_index": 119,
 "skeletons": [
  [
   [
    970.80126953125,
    323.40533447265625,
    0.988
   ],
   [
    990.7816772460938,
    299.83941650390625,
    0.961
   ],
   [
    947.3117065429688,
    303.098388671875,
    0.97
   ],
   [
    1025.0916748046875,
    318.7101745605469,
    0.795
   ],
   [
    918.2221069335938,
    327.1623229980469,
    0.815
   ],
   [
    1094.329345703125,
    472.3200988769531,
    0.986
   ],
   [
    875.5065307617188,
    484.81256103515625,
    0.994
   ],
   [
    1148.19775390625,
    657.9830932617188,
    0.884
   ],
   [
    830.42822265625,
    673.5155639648438,
    0.954
   ],
   [
    1129.6895751953125,
    740.2662963867188,
    0.831
   ],
   [
    832.6043701171875,
    755.1805419921875,
    0.906
   ],
   [
    1067.998779296875,
    791.975830078125,
    0.919
   ],
   [
    922.6556396484375,
    795.0333251953125,
    0.946
   ],
   [
    1058.190673828125,
    966.1529541015625,
    -1.0
   ],
   [
    888.1049194335938,
    972.2484130859375,
    0.506
   ],
   [
    1030.064453125,
    999.662841796875,
    -1.0
   ],
   [
    890.530029296875,
    1011.2745361328125,
    -1.0
   ]
  ],
  [
   [
    971.7003173828125,
    325.2309875488281,
    0.991
   ],
   [
    992.3237915039062,
    301.52874755859375,
    0.978
   ],
   [
    947.5709838867188,
    306.2838134765625,
    0.979
   ],
   [
    1025.9713134765625,
    322.5051574707031,
    0.83
   ],
   [
    918.7989501953125,
    334.76275634765625,
    0.802
   ],
   [
    1100.1744384765625,
    472.985107421875,
    0.975
   ],
   [
    865.997314453125,
    491.90191650390625,
    0.99
   ],
   [
    1153.8187255859375,
    652.4992065429688,
    0.78
   ],
   [
    815.1989135742188,
    673.625732421875,
    0.898
   ],
   [
    1134.7938232421875,
    745.072998046875,
    0.661
   ],
   [
    818.283447265625,
    749.1160888671875,
    0.778
   ],
   [
    1063.435791015625,
    802.1226806640625,
    0.827
   ],
   [
    909.7410278320312,
    808.17626953125,
    0.874
   ],
   [
    1075.0732421875,
    1008.3116455078125,
    -1.0
   ],
   [
    891.8463134765625,
    1017.8600463867188,
    -1.0
   ],
   [
    1049.2318115234375,
    1070.173095703125,
    -1.0
   ],
   [
    895.75634765625,
    1080.0,
    -1.0
   ]
  ]
 ],
 "skeleton_percentage": [
  100,
  100
 ],
 "angle": [
  149,
  17
 ]
}