{
 "frame_index": 120,
 "skeletons": [
  [
   [
    973.53173828125,
    323.8962707519531,
    0.992
   ],
   [
    993.8252563476562,
    300.7872009277344,
    0.977
   ],
   [
    949.619140625,
    304.7019958496094,
    0.981
   ],
   [
    1025.89794921875,
    322.48797607421875,
    0.81
   ],
   [
    919.26171875,
    332.8482666015625,
    0.814
   ],
   [
    1098.5657958984375,
    472.26287841796875,
    0.975
   ],
   [
    866.0887451171875,
    489.53399658203125,
    0.99
   ],
   [
    1154.046875,
    649.5455932617188,
    0.787
   ],
   [
    816.4282836914062,
    667.8681640625,
    0.906
   ],
   [
    1137.302978515625,
    742.638427734375,
    0.675
   ],
   [
    816.0484619140625,
    732.612548828125,
    0.799
   ],
   [
    1063.253173828125,
    798.22021484375,
    0.822
   ],
   [
    909.5589599609375,
    803.53466796875,
    0.872
   ],
   [
    1078.8016357421875,
    1000.1597900390625,
    -1.0
   ],
   [
    890.4066162109375,
    1009.100830078125,
    -1.0
   ],
   [
    1053.698486328125,
    1059.222412109375,
    -1.0
   ],
   [
    890.0296630859375,
    1072.786376953125,
    -1.0
   ]
  ],
  [
   [
    973.1009521484375,
    322.89129638671875,
    0.987
   ],
   [
    992.182373046875,
    299.4723815917969,
    0.953
   ],
   [
    950.106689453125,
    301.7611083984375,
    0.965
   ],
   [
    1024.4156494140625,
    317.97637939453125,
    0.764
   ],
   [
    919.7825317382812,
    324.0257263183594,
    0.81
   ],
   [
    1094.848876953125,
    472.4124755859375,
    0.988
   ],
   [
    874.1895751953125,
    479.7111511230469,
    0.994
   ],
   [
    1149.3983154296875,
    653.3069458007812,
    0.909
   ],
   [
    826.8095703125,
    659.148681640625,
    0.961
   ],
   [
    1120.8756103515625,
    732.208251953125,
    0.873
   ],
   [
    827.5616455078125,
    730.3911743164062,
    0.929
   ],
   [
    1059.923828125,
    787.6090087890625,
    0.938
   ],
   [
    914.8943481445312,
    788.7099609375,
    0.959
   ],
   [
    1039.1951904296875,
    970.1868896484375,
    -1.0
   ],
   [
    880.0411376953125,
    975.1566162109375,
    0.584
   ],
   [
    1004.3325805664062,
    1019.4197387695312,
    -1.0
   ],
   [
    895.8544921875,
    1030.139404296875,
    -1.0
   ]
  ]
 ],
 "skeleton_percentage": [
  100,
  100
 ],
 "angle": [
  18,
  156
 ]
}