{
 "frame_index": 121,
 "skeletons": [
  [
   [
    965.2093505859375,
    329.1488342285156,
    0.99
   ],
   [
    986.7421875,
    304.7861633300781,
    0.97
   ],
   [
    942.03857421875,
    308.8462219238281,
    0.973
   ],
   [
    1024.787109375,
    321.1354064941406,
    0.853
   ],
   [
    917.159912109375,
    331.64404296875,
    0.809
   ],
   [
    1098.1708984375,
    468.1943359375,
    0.987
   ],
   [
    869.4610595703125,
    486.021484375,
    0.996
   ],
   [
    1154.1494140625,
    647.189453125,
    0.887
   ],
   [
    825.595703125,
    675.5137939453125,
    0.967
   ],
   [
    1125.25732421875,
    741.0479736328125,
    0.842
   ],
   [
    824.2420654296875,
    789.74169921875,
    0.921
   ],
   [
    1061.788818359375,
    788.6954956054688,
    0.948
   ],
   [
    911.5673217773438,
    792.845458984375,
    0.969
   ],
   [
    1056.806396484375,
    991.4639892578125,
    -1.0
   ],
   [
    888.8216552734375,
    997.3551025390625,
    0.583
   ],
   [
    1026.8272705078125,
    1049.679931640625,
    -1.0
   ],
   [
    902.16943359375,
    1062.590087890625,
    -1.0
   ]
  ]
 ],
 "skeleton_percentage": [
  100
 ],
 "angle": [
  147
 ]
}