{
 "frame_index": 122,
 "skeletons": [
  [
   [
    971.3349609375,
    325.5425720214844,
    0.988
   ],
   [
    991.3631591796875,
    300.399169921875,
    0.963
   ],
   [
    947.7496337890625,
    304.3440856933594,
    0.972
   ],
   [
    1027.431640625,
    314.40643310546875,
    0.804
   ],
   [
    918.8690185546875,
    324.5440979003906,
    0.815
   ],
   [
    1100.221923828125,
    467.7904357910156,
    0.986
   ],
   [
    874.8179931640625,
    482.5052490234375,
    0.994
   ],
   [
    1156.308837890625,
    651.87353515625,
    0.88
   ],
   [
    829.741943359375,
    673.7495727539062,
    0.957
   ],
   [
    1115.410888671875,
    727.9801025390625,
    0.835
   ],
   [
    841.1610107421875,
    761.4149169921875,
    0.913
   ],
   [
    1068.375732421875,
    796.0307006835938,
    0.917
   ],
   [
    918.8836669921875,
    798.4235229492188,
    0.948
   ],
   [
    1045.818603515625,
    973.287353515625,
    -1.0
   ],
   [
    876.1026611328125,
    976.7691650390625,
    0.503
   ],
   [
    1020.40380859375,
    1003.3692626953125,
    -1.0
   ],
   [
    886.5751953125,
    1012.5811767578125,
    -1.0
   ]
  ],
  [
   [
    973.4857177734375,
    328.1452941894531,
    0.99
   ],
   [
    993.7325439453125,
    301.7315368652344,
    0.978
   ],
   [
    948.3458862304688,
    309.03216552734375,
    0.981
   ],
   [
    1028.722900390625,
    316.5047607421875,
    0.834
   ],
   [
    919.447509765625,
    333.7440185546875,
    0.821
   ],
   [
    1104.0662841796875,
    470.52923583984375,
    0.969
   ],
   [
    867.0540161132812,
    490.7275390625,
    0.988
   ],
   [
    1158.1658935546875,
    657.7952880859375,
    0.697
   ],
   [
    816.6395263671875,
    673.76904296875,
    0.865
   ],
   [
    1119.35205078125,
    730.5487670898438,
    0.563
   ],
   [
    839.4973754882812,
    729.5001220703125,
    0.716
   ],
   [
    1061.764892578125,
    803.0711059570312,
    0.743
   ],
   [
    907.1500854492188,
    810.0596923828125,
    0.814
   ],
   [
    1076.6915283203125,
    970.1563110351562,
    -1.0
   ],
   [
    891.1981201171875,
    980.201416015625,
    -1.0
   ],
   [
    1055.6317138671875,
    1019.311279296875,
    -1.0
   ],
   [
    897.6165161132812,
    1040.226806640625,
    -1.0
   ]
  ]
 ],
 "skeleton_percentage": [
  100,
  100
 ],
 "angle": [
  143,
  18
 ]
}