{
 "frame_index": 123,
 "skeletons": [
  [
   [
    970.439453125,
    325.38446044921875,
    0.988
   ],
   [
    990.5667724609375,
    299.9512939453125,
    0.963
   ],
   [
    946.9149169921875,
    303.8949279785156,
    0.97
   ],
   [
    1027.3057861328125,
    313.57293701171875,
    0.807
   ],
   [
    918.7906494140625,
    323.6609802246094,
    0.807
   ],
   [
    1100.40283203125,
    467.4722900390625,
    0.985
   ],
   [
    875.1568603515625,
    482.3167419433594,
    0.994
   ],
   [
    1156.5677490234375,
    652.4540405273438,
    0.87
   ],
   [
    829.9802856445312,
    674.1218872070312,
    0.953
   ],
   [
    1115.987060546875,
    727.5009765625,
    0.82
   ],
   [
    843.1170654296875,
    757.5234375,
    0.904
   ],
   [
    1069.4288330078125,
    798.7425537109375,
    0.904
   ],
   [
    919.5799560546875,
    801.350830078125,
    0.939
   ],
   [
    1049.3536376953125,
    969.527099609375,
    -1.0
   ],
   [
    876.6557006835938,
    973.42626953125,
    -1.0
   ],
   [
    1026.2171630859375,
    997.9198608398438,
    -1.0
   ],
   [
    887.5234375,
    1007.2318115234375,
    -1.0
   ]
  ],
  [
   [
    972.1910400390625,
    327.5744934082031,
    0.991
   ],
   [
    992.28271484375,
    301.494140625,
    0.978
   ],
   [
    947.9417724609375,
    307.64764404296875,
    0.98
   ],
   [
    1027.455322265625,
    316.9150085449219,
    0.831
   ],
   [
    919.4544067382812,
    332.16351318359375,
    0.806
   ],
   [
    1105.3480224609375,
    469.0842590332031,
    0.975
   ],
   [
    866.224365234375,
    492.64215087890625,
    0.99
   ],
   [
    1161.740966796875,
    648.7740478515625,
    0.766
   ],
   [
    815.8677978515625,
    677.1832275390625,
    0.901
   ],
   [
    1123.2069091796875,
    738.0538330078125,
    0.656
   ],
   [
    827.9781494140625,
    757.8768310546875,
    0.784
   ],
   [
    1066.630615234375,
    798.7604370117188,
    0.819
   ],
   [
    909.0048828125,
    806.271240234375,
    0.872
   ],
   [
    1077.0838623046875,
    1003.5818481445312,
    -1.0
   ],
   [
    888.6337890625,
    1013.9723510742188,
    -1.0
   ],
   [
    1052.1328125,
    1061.141357421875,
    -1.0
   ],
   [
    893.4874267578125,
    1078.34814453125,
    -1.0
   ]
  ]
 ],
 "skeleton_percentage": [
  100,
  100
 ],
 "angle": [
  143,
  19
 ]
}