{
 "frame_index": 124,
 "skeletons": [
  [
   [
    976.4697875976562,
    320.8829040527344,
    0.988
   ],
   [
    997.2167358398438,
    296.35577392578125,
    0.959
   ],
   [
    951.364013671875,
    299.26971435546875,
    0.969
   ],
   [
    1031.5877685546875,
    314.8050842285156,
    0.77
   ],
   [
    918.3544921875,
    322.3927001953125,
    0.814
   ],
   [
    1100.199951171875,
    470.5113830566406,
    0.987
   ],
   [
    873.1140747070312,
    482.8431701660156,
    0.993
   ],
   [
    1156.23828125,
    651.7080078125,
    0.89
   ],
   [
    821.8812255859375,
    679.1433715820312,
    0.948
   ],
   [
    1110.751708984375,
    714.8014526367188,
    0.845
   ],
   [
    837.9391479492188,
    764.126708984375,
    0.906
   ],
   [
    1067.8760986328125,
    804.5797119140625,
    0.921
   ],
   [
    920.3023681640625,
    807.724365234375,
    0.945
   ],
   [
    1041.6199951171875,
    988.7457275390625,
    -1.0
   ],
   [
    894.0137939453125,
    991.9429321289062,
    0.51
   ],
   [
    1009.1317138671875,
    1029.38916015625,
    -1.0
   ],
   [
    917.0440063476562,
    1038.298095703125,
    -1.0
   ]
  ],
  [
   [
    977.6383666992188,
    321.8064880371094,
    0.992
   ],
   [
    998.6922607421875,
    297.7024230957031,
    0.977
   ],
   [
    952.3994750976562,
    302.06915283203125,
    0.984
   ],
   [
    1030.9267578125,
    318.92401123046875,
    0.797
   ],
   [
    919.4415893554688,
    330.3096923828125,
    0.837
   ],
   [
    1105.1640625,
    467.90057373046875,
    0.971
   ],
   [
    864.299072265625,
    492.6868896484375,
    0.99
   ],
   [
    1165.5662841796875,
    645.57080078125,
    0.73
   ],
   [
    818.40478515625,
    682.0200805664062,
    0.895
   ],
   [
    1128.8834228515625,
    727.0181274414062,
    0.613
   ],
   [
    826.69189453125,
    754.20166015625,
    0.771
   ],
   [
    1076.0714111328125,
    806.870361328125,
    0.794
   ],
   [
    919.3323974609375,
    815.980712890625,
    0.859
   ],
   [
    1088.324951171875,
    1016.3309326171875,
    -1.0
   ],
   [
    913.6036376953125,
    1026.742431640625,
    -1.0
   ],
   [
    1057.624267578125,
    1080.0,
    -1.0
   ],
   [
    923.4014892578125,
    1080.0,
    -1.0
   ]
  ]
 ],
 "skeleton_percentage": [
  100,
  100
 ],
 "angle": [
  147,
  19
 ]
}