{
 "frame_index": 125,
 "skeletons": [
  [
   [
    973.1439208984375,
    321.06414794921875,
    0.989
   ],
   [
    994.5060424804688,
    296.19158935546875,
    0.963
   ],
   [
    948.4783935546875,
    299.6219482421875,
    0.974
   ],
   [
    1030.4974365234375,
    312.356689453125,
    0.789
   ],
   [
    916.4760131835938,
    321.4930114746094,
    0.824
   ],
   [
    1097.5377197265625,
    465.4541931152344,
    0.988
   ],
   [
    874.0848999023438,
    483.5248718261719,
    0.995
   ],
   [
    1160.1357421875,
    652.2804565429688,
    0.899
   ],
   [
    831.7827758789062,
    676.492919921875,
    0.964
   ],
   [
    1117.1376953125,
    715.4996948242188,
    0.864
   ],
   [
    839.5508422851562,
    721.0435180664062,
    0.93
   ],
   [
    1065.99609375,
    793.9810791015625,
    0.938
   ],
   [
    920.1033935546875,
    798.0726318359375,
    0.961
   ],
   [
    1044.6630859375,
    978.6915283203125,
    -1.0
   ],
   [
    896.81982421875,
    984.5015869140625,
    0.579
   ],
   [
    1012.42041015625,
    998.2457275390625,
    -1.0
   ],
   [
    907.6524658203125,
    1002.8758544921875,
    -1.0
   ]
  ]
 ],
 "skeleton_percentage": [
  100
 ],
 "angle": [
  139
 ]
}