{
 "frame_index": 126,
 "skeletons": [
  [
   [
    977.871337890625,
    317.98565673828125,
    0.991
   ],
   [
    999.6282348632812,
    292.80206298828125,
    0.981
   ],
   [
    949.2031860351562,
    297.622314453125,
    0.981
   ],
   [
    1035.6630859375,
    313.6627197265625,
    0.85
   ],
   [
    915.8344116210938,
    325.4704284667969,
    0.826
   ],
   [
    1105.912109375,
    475.4462585449219,
    0.973
   ],
   [
    862.3035888671875,
    486.5505065917969,
    0.986
   ],
   [
    1166.1500244140625,
    680.234130859375,
    0.723
   ],
   [
    810.5986328125,
    693.10791015625,
    0.836
   ],
   [
    1131.318115234375,
    722.74755859375,
    0.593
   ],
   [
    865.3770751953125,
    726.0850830078125,
    0.69
   ],
   [
    1063.8382568359375,
    819.6992797851562,
    0.598
   ],
   [
    906.664306640625,
    825.238037109375,
    0.666
   ],
   [
    1090.283935546875,
    880.2144775390625,
    -1.0
   ],
   [
    899.00244140625,
    886.4357299804688,
    -1.0
   ],
   [
    1067.898193359375,
    902.1630249023438,
    -1.0
   ],
   [
    898.874267578125,
    920.59130859375,
    -1.0
   ]
  ]
 ],
 "skeleton_percentage": [
  100
 ],
 "angle": [
  21
 ]
}