{
 "frame_index": 127,
 "skeletons": [
  [
   [
    975.4213256835938,
    317.6282043457031,
    0.99
   ],
   [
    997.3906860351562,
    291.6134033203125,
    0.982
   ],
   [
    946.3427734375,
    297.63214111328125,
    0.98
   ],
   [
    1035.16943359375,
    311.6469421386719,
    0.862
   ],
   [
    914.3344116210938,
    326.0349426269531,
    0.815
   ],
   [
    1106.1348876953125,
    474.8546447753906,
    0.971
   ],
   [
    863.0369873046875,
    486.5106201171875,
    0.986
   ],
   [
    1164.263916015625,
    682.0572509765625,
    0.713
   ],
   [
    809.2937622070312,
    692.2567749023438,
    0.83
   ],
   [
    1128.8150634765625,
    724.9566040039062,
    0.58
   ],
   [
    860.7371826171875,
    725.955078125,
    0.679
   ],
   [
    1063.0926513671875,
    822.0135498046875,
    0.587
   ],
   [
    906.2142333984375,
    827.5767822265625,
    0.657
   ],
   [
    1089.18017578125,
    880.2328491210938,
    -1.0
   ],
   [
    896.5220947265625,
    887.1060791015625,
    -1.0
   ],
   [
    1070.6866455078125,
    900.2340087890625,
    -1.0
   ],
   [
    898.5562133789062,
    922.2236328125,
    -1.0
   ]
  ]
 ],
 "skeleton_percentage": [
  100
 ],
 "angle": [
  21
 ]
}