{
 "frame_index": 128,
 "skeletons": [
  [
   [
    975.0552978515625,
    317.50482177734375,
    0.99
   ],
   [
    996.861572265625,
    292.9637145996094,
    0.963
   ],
   [
    950.217041015625,
    294.8117980957031,
    0.977
   ],
   [
    1031.789306640625,
    311.26983642578125,
    0.75
   ],
   [
    915.90771484375,
    316.46923828125,
    0.834
   ],
   [
    1094.7928466796875,
    465.73297119140625,
    0.984
   ],
   [
    874.8012084960938,
    482.8567199707031,
    0.994
   ],
   [
    1163.0028076171875,
    651.3952026367188,
    0.868
   ],
   [
    832.90625,
    677.5399169921875,
    0.956
   ],
   [
    1125.05224609375,
    702.6552124023438,
    0.835
   ],
   [
    854.9232177734375,
    696.6746215820312,
    0.921
   ],
   [
    1071.2154541015625,
    794.98193359375,
    0.908
   ],
   [
    929.737548828125,
    799.5504150390625,
    0.943
   ],
   [
    1041.10791015625,
    978.025634765625,
    -1.0
   ],
   [
    914.76513671875,
    983.6141357421875,
    0.507
   ],
   [
    1000.629638671875,
    1005.5934448242188,
    -1.0
   ],
   [
    924.1754150390625,
    1004.1491088867188,
    -1.0
   ]
  ],
  [
   [
    976.016845703125,
    319.88623046875,
    0.992
   ],
   [
    998.28515625,
    294.3146057128906,
    0.978
   ],
   [
    950.1831665039062,
    298.6563415527344,
    0.983
   ],
   [
    1032.95556640625,
    313.4727783203125,
    0.803
   ],
   [
    916.4063720703125,
    324.5692443847656,
    0.821
   ],
   [
    1105.55712890625,
    466.48773193359375,
    0.972
   ],
   [
    861.460693359375,
    491.59283447265625,
    0.989
   ],
   [
    1168.4993896484375,
    647.2979736328125,
    0.736
   ],
   [
    819.0390014648438,
    681.7783203125,
    0.888
   ],
   [
    1134.889892578125,
    710.6747436523438,
    0.636
   ],
   [
    839.599853515625,
    707.9657592773438,
    0.781
   ],
   [
    1075.4017333984375,
    801.63134765625,
    0.8
   ],
   [
    916.9436645507812,
    811.1951904296875,
    0.858
   ],
   [
    1091.560791015625,
    1002.9490356445312,
    -1.0
   ],
   [
    921.13037109375,
    1015.4346313476562,
    -1.0
   ],
   [
    1061.6075439453125,
    1060.8109130859375,
    -1.0
   ],
   [
    934.616455078125,
    1072.064697265625,
    -1.0
   ]
  ]
 ],
 "skeleton_percentage": [
  100,
  100
 ],
 "angle": [
  136,
  20
 ]
}