{
 "frame_index": 129,
 "skeletons": [
  [
   [
    975.4641723632812,
    317.60955810546875,
    0.99
   ],
   [
    997.1748046875,
    293.0958251953125,
    0.963
   ],
   [
    950.58447265625,
    294.93292236328125,
    0.977
   ],
   [
    1031.8792724609375,
    311.39923095703125,
    0.746
   ],
   [
    916.0537719726562,
    316.52655029296875,
    0.836
   ],
   [
    1094.76220703125,
    465.9281005859375,
    0.984
   ],
   [
    874.7847900390625,
    482.282470703125,
    0.994
   ],
   [
    1162.76318359375,
    651.2979736328125,
    0.866
   ],
   [
    832.4404296875,
    675.83740234375,
    0.956
   ],
   [
    1124.739501953125,
    703.3594970703125,
    0.834
   ],
   [
    855.7223510742188,
    696.7894287109375,
    0.921
   ],
   [
    1071.0538330078125,
    794.2401123046875,
    0.906
   ],
   [
    929.5797119140625,
    798.5883178710938,
    0.942
   ],
   [
    1041.6260986328125,
    976.7396240234375,
    -1.0
   ],
   [
    915.1650390625,
    982.0135498046875,
    0.506
   ],
   [
    1001.0152587890625,
    1005.123046875,
    -1.0
   ],
   [
    924.1512451171875,
    1003.8492431640625,
    -1.0
   ]
  ],
  [
   [
    976.3387451171875,
    319.94952392578125,
    0.992
   ],
   [
    998.5528564453125,
    294.45697021484375,
    0.978
   ],
   [
    950.503173828125,
    298.70733642578125,
    0.983
   ],
   [
    1033.066162109375,
    313.6912841796875,
    0.8
   ],
   [
    916.4609985351562,
    324.58099365234375,
    0.823
   ],
   [
    1105.47021484375,
    466.7681579589844,
    0.972
   ],
   [
    861.4273681640625,
    491.0754089355469,
    0.989
   ],
   [
    1168.3648681640625,
    647.2086181640625,
    0.733
   ],
   [
    818.6746826171875,
    680.17041015625,
    0.888
   ],
   [
    1134.1339111328125,
    711.5802612304688,
    0.634
   ],
   [
    840.633544921875,
    708.0518188476562,
    0.781
   ],
   [
    1074.96435546875,
    800.181396484375,
    0.795
   ],
   [
    916.3812255859375,
    809.3926391601562,
    0.855
   ],
   [
    1091.4283447265625,
    1000.0797119140625,
    -1.0
   ],
   [
    920.2811279296875,
    1012.008544921875,
    -1.0
   ],
   [
    1061.553955078125,
    1056.4588623046875,
    -1.0
   ],
   [
    933.1348876953125,
    1067.380126953125,
    -1.0
   ]
  ]
 ],
 "skeleton_percentage": [
  100,
  100
 ],
 "angle": [
  136,
  20
 ]
}