{
 "frame_index": 130,
 "skeletons": [
  [
   [
    972.9442138671875,
    319.26629638671875,
    0.99
   ],
   [
    995.6618041992188,
    292.04248046875,
    0.983
   ],
   [
    944.593505859375,
    298.09490966796875,
    0.979
   ],
   [
    1035.583740234375,
    309.302978515625,
    0.873
   ],
   [
    913.854736328125,
    323.1544189453125,
    0.801
   ],
   [
    1107.67578125,
    475.44110107421875,
    0.973
   ],
   [
    860.2447509765625,
    487.24835205078125,
    0.985
   ],
   [
    1164.650146484375,
    684.6248779296875,
    0.726
   ],
   [
    806.7251586914062,
    695.4345703125,
    0.819
   ],
   [
    1124.3426513671875,
    726.197509765625,
    0.599
   ],
   [
    863.59716796875,
    728.166015625,
    0.672
   ],
   [
    1062.727783203125,
    822.9339599609375,
    0.597
   ],
   [
    903.4813842773438,
    828.749267578125,
    0.655
   ],
   [
    1088.443603515625,
    882.6087646484375,
    -1.0
   ],
   [
    898.27978515625,
    889.9535522460938,
    -1.0
   ],
   [
    1068.7677001953125,
    898.967041015625,
    -1.0
   ],
   [
    906.30126953125,
    920.8890380859375,
    -1.0
   ]
  ],
  [
   [
    970.879150390625,
    320.6617431640625,
    0.991
   ],
   [
    994.5364990234375,
    294.91162109375,
    0.973
   ],
   [
    945.5067138671875,
    297.2957763671875,
    0.979
   ],
   [
    1034.752197265625,
    312.6183776855469,
    0.802
   ],
   [
    913.5668334960938,
    319.1228942871094,
    0.805
   ],
   [
    1101.876708984375,
    471.8106689453125,
    0.978
   ],
   [
    869.6766357421875,
    487.1181335449219,
    0.992
   ],
   [
    1164.960205078125,
    659.1292114257812,
    0.804
   ],
   [
    824.5772705078125,
    676.9478149414062,
    0.931
   ],
   [
    1118.406494140625,
    719.4384765625,
    0.753
   ],
   [
    855.6296997070312,
    706.932373046875,
    0.874
   ],
   [
    1068.677001953125,
    806.7610473632812,
    0.846
   ],
   [
    916.5565185546875,
    810.4193115234375,
    0.901
   ],
   [
    1060.785400390625,
    976.0218505859375,
    -1.0
   ],
   [
    902.9879150390625,
    979.8777465820312,
    -1.0
   ],
   [
    1022.82470703125,
    999.3079833984375,
    -1.0
   ],
   [
    905.8355712890625,
    999.2503051757812,
    -1.0
   ]
  ]
 ],
 "skeleton_percentage": [
  100,
  100
 ],
 "angle": [
  20,
  135
 ]
}