{
 "frame_index": 131,
 "skeletons": [
  [
   [
    971.73681640625,
    323.39373779296875,
    0.99
   ],
   [
    994.9088745117188,
    295.4394836425781,
    0.983
   ],
   [
    943.190673828125,
    301.2558288574219,
    0.979
   ],
   [
    1035.267333984375,
    310.71630859375,
    0.869
   ],
   [
    911.0396728515625,
    323.8289794921875,
    0.797
   ],
   [
    1107.3533935546875,
    476.35986328125,
    0.973
   ],
   [
    857.1002197265625,
    487.69976806640625,
    0.984
   ],
   [
    1167.0286865234375,
    682.3887939453125,
    0.724
   ],
   [
    804.2913208007812,
    692.5029296875,
    0.803
   ],
   [
    1118.6337890625,
    724.2122802734375,
    0.603
   ],
   [
    861.7237548828125,
    724.5007934570312,
    0.66
   ],
   [
    1061.522705078125,
    822.710205078125,
    0.591
   ],
   [
    900.27587890625,
    828.1345825195312,
    0.64
   ],
   [
    1087.680419921875,
    889.367431640625,
    -1.0
   ],
   [
    896.8701782226562,
    895.62451171875,
    -1.0
   ],
   [
    1067.1063232421875,
    905.2484130859375,
    -1.0
   ],
   [
    905.05517578125,
    924.6888427734375,
    -1.0
   ]
  ],
  [
   [
    970.2808837890625,
    321.2055358886719,
    0.99
   ],
   [
    992.8519287109375,
    295.0970764160156,
    0.967
   ],
   [
    945.6355590820312,
    297.087646484375,
    0.975
   ],
   [
    1031.13671875,
    309.9986572265625,
    0.77
   ],
   [
    912.4931640625,
    315.3890075683594,
    0.8
   ],
   [
    1095.182373046875,
    464.9324951171875,
    0.983
   ],
   [
    872.12890625,
    482.9720458984375,
    0.993
   ],
   [
    1164.017822265625,
    657.1690673828125,
    0.868
   ],
   [
    830.0142822265625,
    683.0213623046875,
    0.949
   ],
   [
    1116.28076171875,
    706.657958984375,
    0.83
   ],
   [
    850.573974609375,
    695.630126953125,
    0.909
   ],
   [
    1071.498046875,
    807.8741455078125,
    0.89
   ],
   [
    922.6258544921875,
    812.2532958984375,
    0.927
   ],
   [
    1053.92236328125,
    973.6351318359375,
    -1.0
   ],
   [
    889.498779296875,
    978.4257202148438,
    -1.0
   ],
   [
    1031.4593505859375,
    993.0478515625,
    -1.0
   ],
   [
    891.5118408203125,
    988.851806640625,
    -1.0
   ]
  ]
 ],
 "skeleton_percentage": [
  100,
  100
 ],
 "angle": [
  20,
  136
 ]
}