{
 "frame_index": 132,
 "skeletons": [
  [
   [
    970.124267578125,
    321.4032897949219,
    0.99
   ],
   [
    993.1317138671875,
    295.1639404296875,
    0.967
   ],
   [
    945.266357421875,
    297.06707763671875,
    0.974
   ],
   [
    1031.7991943359375,
    309.44879150390625,
    0.772
   ],
   [
    911.660400390625,
    314.74346923828125,
    0.794
   ],
   [
    1095.173828125,
    461.3418273925781,
    0.984
   ],
   [
    872.5684814453125,
    482.7181091308594,
    0.993
   ],
   [
    1163.1099853515625,
    653.16015625,
    0.878
   ],
   [
    831.9603881835938,
    683.6390991210938,
    0.951
   ],
   [
    1116.863037109375,
    709.2647705078125,
    0.843
   ],
   [
    850.8665771484375,
    689.3995361328125,
    0.914
   ],
   [
    1075.6307373046875,
    798.0728759765625,
    0.902
   ],
   [
    929.3563842773438,
    804.2539672851562,
    0.935
   ],
   [
    1051.7435302734375,
    957.8754272460938,
    -1.0
   ],
   [
    903.655517578125,
    965.7313842773438,
    -1.0
   ],
   [
    1021.2427368164062,
    980.6826782226562,
    -1.0
   ],
   [
    911.226806640625,
    976.4322509765625,
    -1.0
   ]
  ],
  [
   [
    971.732666015625,
    324.05877685546875,
    0.991
   ],
   [
    995.0537109375,
    296.3500671386719,
    0.98
   ],
   [
    945.0671997070312,
    301.8096618652344,
    0.982
   ],
   [
    1032.0699462890625,
    311.48260498046875,
    0.822
   ],
   [
    911.0242309570312,
    324.5585632324219,
    0.816
   ],
   [
    1105.0377197265625,
    468.1072998046875,
    0.967
   ],
   [
    858.4124755859375,
    493.48846435546875,
    0.987
   ],
   [
    1168.945556640625,
    656.5655517578125,
    0.675
   ],
   [
    816.88232421875,
    685.551025390625,
    0.842
   ],
   [
    1120.72119140625,
    708.3375244140625,
    0.557
   ],
   [
    840.8984985351562,
    696.4910278320312,
    0.705
   ],
   [
    1072.56689453125,
    805.5277099609375,
    0.676
   ],
   [
    911.9495849609375,
    815.0928955078125,
    0.752
   ],
   [
    1093.9688720703125,
    943.2555541992188,
    -1.0
   ],
   [
    907.2090454101562,
    954.4107666015625,
    -1.0
   ],
   [
    1072.8985595703125,
    979.9932861328125,
    -1.0
   ],
   [
    922.15576171875,
    990.480712890625,
    -1.0
   ]
  ]
 ],
 "skeleton_percentage": [
  100,
  100
 ],
 "angle": [
  133,
  20
 ]
}