{
 "frame_index": 133,
 "skeletons": [
  [
   [
    963.8284912109375,
    319.56207275390625,
    0.989
   ],
   [
    987.302001953125,
    293.67828369140625,
    0.968
   ],
   [
    939.6097412109375,
    296.07147216796875,
    0.972
   ],
   [
    1028.731689453125,
    308.52447509765625,
    0.812
   ],
   [
    910.4943237304688,
    314.9217224121094,
    0.782
   ],
   [
    1096.7418212890625,
    462.95391845703125,
    0.984
   ],
   [
    871.1558837890625,
    483.4237060546875,
    0.993
   ],
   [
    1162.7606201171875,
    654.97998046875,
    0.866
   ],
   [
    831.3408203125,
    684.4217529296875,
    0.951
   ],
   [
    1120.034423828125,
    708.2799682617188,
    0.825
   ],
   [
    852.2325439453125,
    699.6285400390625,
    0.907
   ],
   [
    1071.253173828125,
    803.535888671875,
    0.901
   ],
   [
    924.966552734375,
    808.592529296875,
    0.936
   ],
   [
    1040.57763671875,
    966.9698486328125,
    -1.0
   ],
   [
    901.5074462890625,
    973.509765625,
    -1.0
   ],
   [
    1001.43603515625,
    980.8333740234375,
    -1.0
   ],
   [
    913.8238525390625,
    979.0018310546875,
    -1.0
   ]
  ],
  [
   [
    964.6419067382812,
    321.13140869140625,
    0.991
   ],
   [
    988.4917602539062,
    294.4056091308594,
    0.979
   ],
   [
    939.3009033203125,
    299.22564697265625,
    0.978
   ],
   [
    1028.18212890625,
    311.7203674316406,
    0.846
   ],
   [
    909.6439208984375,
    323.7355041503906,
    0.771
   ],
   [
    1105.107666015625,
    465.7063293457031,
    0.972
   ],
   [
    856.7537841796875,
    493.8858947753906,
    0.988
   ],
   [
    1165.56005859375,
    650.7724609375,
    0.739
   ],
   [
    818.5709838867188,
    688.5859375,
    0.868
   ],
   [
    1128.16015625,
    718.2896118164062,
    0.633
   ],
   [
    838.011962890625,
    711.5526123046875,
    0.749
   ],
   [
    1072.35546875,
    799.4278564453125,
    0.77
   ],
   [
    911.0721435546875,
    809.3873291015625,
    0.826
   ],
   [
    1085.2750244140625,
    986.9258422851562,
    -1.0
   ],
   [
    910.1788330078125,
    1000.88427734375,
    -1.0
   ],
   [
    1050.070068359375,
    1036.398681640625,
    -1.0
   ],
   [
    925.1357421875,
    1047.9012451171875,
    -1.0
   ]
  ]
 ],
 "skeleton_percentage": [
  100,
  100
 ],
 "angle": [
  136,
  19
 ]
}