{
 "frame_index": 134,
 "skeletons": [
  [
   [
    960.3797607421875,
    315.4383544921875,
    0.989
   ],
   [
    983.876953125,
    289.7249755859375,
    0.969
   ],
   [
    935.4417724609375,
    292.9644470214844,
    0.971
   ],
   [
    1025.750244140625,
    306.6903076171875,
    0.832
   ],
   [
    906.0439453125,
    315.30731201171875,
    0.782
   ],
   [
    1095.6439208984375,
    464.31219482421875,
    0.987
   ],
   [
    867.866943359375,
    483.9573974609375,
    0.995
   ],
   [
    1160.870361328125,
    659.7291870117188,
    0.889
   ],
   [
    825.0736083984375,
    681.9324951171875,
    0.961
   ],
   [
    1111.91357421875,
    719.1256103515625,
    0.857
   ],
   [
    855.7695922851562,
    697.9325561523438,
    0.926
   ],
   [
    1068.4786376953125,
    799.2694702148438,
    0.928
   ],
   [
    921.2408447265625,
    803.8363037109375,
    0.955
   ],
   [
    1031.6474609375,
    974.6689453125,
    -1.0
   ],
   [
    896.0744018554688,
    981.1121826171875,
    0.559
   ],
   [
    996.7393798828125,
    987.691650390625,
    -1.0
   ],
   [
    912.0390014648438,
    988.0789794921875,
    -1.0
   ]
  ]
 ],
 "skeleton_percentage": [
  100
 ],
 "angle": [
  137
 ]
}