{
 "frame_index": 135,
 "skeletons": [
  [
   [
    960.510986328125,
    315.58526611328125,
    0.99
   ],
   [
    983.837646484375,
    289.6698303222656,
    0.969
   ],
   [
    935.4534301757812,
    293.10247802734375,
    0.972
   ],
   [
    1025.55810546875,
    306.3110046386719,
    0.831
   ],
   [
    905.939208984375,
    315.40228271484375,
    0.786
   ],
   [
    1095.7542724609375,
    464.2281188964844,
    0.987
   ],
   [
    868.2269897460938,
    484.3254089355469,
    0.995
   ],
   [
    1161.44287109375,
    660.478515625,
    0.888
   ],
   [
    825.875,
    683.0067749023438,
    0.961
   ],
   [
    1110.52294921875,
    719.7806396484375,
    0.855
   ],
   [
    855.6851806640625,
    698.577392578125,
    0.926
   ],
   [
    1068.25244140625,
    799.6123046875,
    0.927
   ],
   [
    920.8511962890625,
    804.194580078125,
    0.955
   ],
   [
    1032.1500244140625,
    975.1210327148438,
    -1.0
   ],
   [
    894.3702392578125,
    981.5535278320312,
    0.558
   ],
   [
    997.520751953125,
    987.4381713867188,
    -1.0
   ],
   [
    908.5654296875,
    987.8697509765625,
    -1.0
   ]
  ]
 ],
 "skeleton_percentage": [
  100
 ],
 "angle": [
  138
 ]
}