{
 "frame_index": 136,
 "skeletons": [
  [
   [
    958.21826171875,
    311.87109375,
    0.989
   ],
   [
    981.3920288085938,
    286.3187255859375,
    0.969
   ],
   [
    932.7178955078125,
    290.1803283691406,
    0.972
   ],
   [
    1022.4400634765625,
    304.8560485839844,
    0.827
   ],
   [
    902.6416015625,
    314.7494201660156,
    0.787
   ],
   [
    1093.967529296875,
    462.3492736816406,
    0.986
   ],
   [
    863.2018432617188,
    483.1552734375,
    0.994
   ],
   [
    1159.074462890625,
    657.5549926757812,
    0.883
   ],
   [
    824.263671875,
    682.1622314453125,
    0.956
   ],
   [
    1120.05322265625,
    720.5023803710938,
    0.841
   ],
   [
    851.5755615234375,
    705.2227783203125,
    0.916
   ],
   [
    1070.1494140625,
    804.3824462890625,
    0.917
   ],
   [
    919.6793212890625,
    810.5748291015625,
    0.947
   ],
   [
    1049.79736328125,
    969.398681640625,
    -1.0
   ],
   [
    900.273193359375,
    978.6307373046875,
    0.51
   ],
   [
    1014.8574829101562,
    985.5913696289062,
    -1.0
   ],
   [
    913.7898559570312,
    990.9859619140625,
    -1.0
   ]
  ]
 ],
 "skeleton_percentage": [
  100
 ],
 "angle": [
  138
 ]
}