{
 "frame_index": 137,
 "skeletons": [
  [
   [
    956.30029296875,
    312.727783203125,
    0.99
   ],
   [
    979.606689453125,
    285.5325012207031,
    0.984
   ],
   [
    927.0489501953125,
    294.0631103515625,
    0.977
   ],
   [
    1023.1931762695312,
    306.37451171875,
    0.899
   ],
   [
    899.4468994140625,
    325.7540283203125,
    0.769
   ],
   [
    1101.7894287109375,
    469.5926513671875,
    0.975
   ],
   [
    849.0328369140625,
    486.4476013183594,
    0.984
   ],
   [
    1159.942626953125,
    683.1707153320312,
    0.753
   ],
   [
    802.1363525390625,
    699.2308349609375,
    0.813
   ],
   [
    1114.54345703125,
    731.660888671875,
    0.619
   ],
   [
    873.8274536132812,
    738.7789306640625,
    0.658
   ],
   [
    1060.228271484375,
    825.8392333984375,
    0.607
   ],
   [
    895.806640625,
    833.96826171875,
    0.65
   ],
   [
    1094.936767578125,
    894.7172241210938,
    -1.0
   ],
   [
    890.9935302734375,
    905.6326904296875,
    -1.0
   ],
   [
    1080.552001953125,
    920.788818359375,
    -1.0
   ],
   [
    897.0511474609375,
    949.3665771484375,
    -1.0
   ]
  ]
 ],
 "skeleton_percentage": [
  100
 ],
 "angle": [
  16
 ]
}