{
 "frame_index": 138,
 "skeletons": [
  [
   [
    956.3501586914062,
    312.71307373046875,
    0.99
   ],
   [
    979.477783203125,
    285.5428466796875,
    0.984
   ],
   [
    927.2008666992188,
    294.18505859375,
    0.977
   ],
   [
    1022.955322265625,
    306.0749206542969,
    0.899
   ],
   [
    899.7840576171875,
    325.6901550292969,
    0.77
   ],
   [
    1101.724609375,
    468.8389892578125,
    0.975
   ],
   [
    849.2437133789062,
    485.7802734375,
    0.984
   ],
   [
    1159.550537109375,
    681.5682373046875,
    0.753
   ],
   [
    803.035888671875,
    697.4478149414062,
    0.814
   ],
   [
    1115.1669921875,
    732.698974609375,
    0.617
   ],
   [
    875.5826416015625,
    738.8009033203125,
    0.657
   ],
   [
    1059.97607421875,
    823.784912109375,
    0.61
   ],
   [
    895.64208984375,
    831.9893188476562,
    0.653
   ],
   [
    1095.18017578125,
    893.0681762695312,
    -1.0
   ],
   [
    890.849365234375,
    904.35498046875,
    -1.0
   ],
   [
    1080.4713134765625,
    918.6705322265625,
    -1.0
   ],
   [
    896.989501953125,
    947.8955078125,
    -1.0
   ]
  ]
 ],
 "skeleton_percentage": [
  100
 ],
 "angle": [
  16
 ]
}