{
 "frame_index": 139,
 "skeletons": [
  [
   [
    957.453369140625,
    312.57281494140625,
    0.99
   ],
   [
    978.6474609375,
    285.6988830566406,
    0.982
   ],
   [
    927.25,
    294.3237609863281,
    0.978
   ],
   [
    1017.4715576171875,
    306.19195556640625,
    0.878
   ],
   [
    896.3955688476562,
    326.4137878417969,
    0.8
   ],
   [
    1096.58154296875,
    468.7929382324219,
    0.976
   ],
   [
    845.62158203125,
    484.6498718261719,
    0.985
   ],
   [
    1157.612548828125,
    683.33544921875,
    0.751
   ],
   [
    799.44189453125,
    697.592041015625,
    0.819
   ],
   [
    1113.2462158203125,
    734.1985473632812,
    0.607
   ],
   [
    870.291015625,
    740.454345703125,
    0.658
   ],
   [
    1055.2825927734375,
    829.177734375,
    0.633
   ],
   [
    892.6334228515625,
    836.9090576171875,
    0.677
   ],
   [
    1085.5228271484375,
    909.0721435546875,
    -1.0
   ],
   [
    885.717041015625,
    919.72216796875,
    -1.0
   ],
   [
    1065.0595703125,
    940.190673828125,
    -1.0
   ],
   [
    886.6588134765625,
    969.9879150390625,
    -1.0
   ]
  ],
  [
   [
    955.4073486328125,
    312.0601501464844,
    0.987
   ],
   [
    975.509521484375,
    285.4156494140625,
    0.959
   ],
   [
    928.4342651367188,
    290.8285217285156,
    0.962
   ],
   [
    1012.5759887695312,
    303.12322998046875,
    0.8
   ],
   [
    895.7159423828125,
    316.09185791015625,
    0.78
   ],
   [
    1088.6278076171875,
    468.0163879394531,
    0.989
   ],
   [
    858.025146484375,
    480.29571533203125,
    0.993
   ],
   [
    1156.4134521484375,
    662.833251953125,
    0.906
   ],
   [
    811.306640625,
    672.6689453125,
    0.945
   ],
   [
    1089.290283203125,
    716.1149291992188,
    0.867
   ],
   [
    854.3955688476562,
    707.3219604492188,
    0.908
   ],
   [
    1055.456298828125,
    807.0587158203125,
    0.924
   ],
   [
    905.7392578125,
    809.8775024414062,
    0.944
   ],
   [
    1026.7098388671875,
    975.5313720703125,
    -1.0
   ],
   [
    883.30126953125,
    979.80224609375,
    0.503
   ],
   [
    996.525634765625,
    988.5884399414062,
    -1.0
   ],
   [
    906.2323608398438,
    998.8839111328125,
    -1.0
   ]
  ]
 ],
 "skeleton_percentage": [
  100,
  100
 ],
 "angle": [
  15,
  146
 ]
}