{
 "frame_index": 140,
 "skeletons": [
  [
   [
    951.8590087890625,
    307.3041687011719,
    0.988
   ],
   [
    973.7132568359375,
    281.71685791015625,
    0.966
   ],
   [
    925.4197998046875,
    286.67852783203125,
    0.97
   ],
   [
    1012.6862182617188,
    302.7880554199219,
    0.825
   ],
   [
    894.3736572265625,
    315.632568359375,
    0.801
   ],
   [
    1090.3397216796875,
    463.51922607421875,
    0.985
   ],
   [
    855.7326049804688,
    486.12103271484375,
    0.993
   ],
   [
    1158.0623779296875,
    656.5980224609375,
    0.864
   ],
   [
    818.388671875,
    688.2579956054688,
    0.948
   ],
   [
    1107.5220947265625,
    719.302490234375,
    0.808
   ],
   [
    860.82958984375,
    726.5999755859375,
    0.895
   ],
   [
    1064.445556640625,
    807.8175048828125,
    0.906
   ],
   [
    910.6668701171875,
    813.6700439453125,
    0.939
   ],
   [
    1035.7919921875,
    980.5625,
    -1.0
   ],
   [
    876.949951171875,
    988.6929931640625,
    -1.0
   ],
   [
    995.638916015625,
    1002.4910888671875,
    -1.0
   ],
   [
    880.2562866210938,
    1009.7715454101562,
    -1.0
   ]
  ],
  [
   [
    952.9608154296875,
    308.4627685546875,
    0.991
   ],
   [
    975.1053466796875,
    283.19891357421875,
    0.979
   ],
   [
    925.3070068359375,
    290.0256042480469,
    0.98
   ],
   [
    1012.37744140625,
    306.7537841796875,
    0.845
   ],
   [
    893.4974365234375,
    324.2680358886719,
    0.784
   ],
   [
    1096.6602783203125,
    459.4888000488281,
    0.969
   ],
   [
    841.3280029296875,
    491.3067626953125,
    0.986
   ],
   [
    1159.9007568359375,
    652.1634521484375,
    0.713
   ],
   [
    805.706298828125,
    693.2323608398438,
    0.856
   ],
   [
    1111.3311767578125,
    727.1092529296875,
    0.584
   ],
   [
    848.3681640625,
    731.8308715820312,
    0.714
   ],
   [
    1069.2080078125,
    812.4329833984375,
    0.75
   ],
   [
    903.2784423828125,
    823.9074096679688,
    0.811
   ],
   [
    1078.1065673828125,
    1019.67919921875,
    -1.0
   ],
   [
    897.673095703125,
    1034.3275146484375,
    -1.0
   ],
   [
    1038.2744140625,
    1080.0,
    -1.0
   ],
   [
    902.1194458007812,
    1080.0,
    -1.0
   ]
  ]
 ],
 "skeleton_percentage": [
  100,
  100
 ],
 "angle": [
  140,
  13
 ]
}