{
 "frame_index": 141,
 "skeletons": [
  [
   [
    951.9827880859375,
    307.3096618652344,
    0.988
   ],
   [
    973.952880859375,
    281.8744812011719,
    0.966
   ],
   [
    925.4166870117188,
    286.8193359375,
    0.97
   ],
   [
    1012.8777465820312,
    303.2399597167969,
    0.826
   ],
   [
    894.1717529296875,
    316.10479736328125,
    0.801
   ],
   [
    1090.323486328125,
    463.5709228515625,
    0.986
   ],
   [
    856.0447998046875,
    486.1039123535156,
    0.994
   ],
   [
    1157.9622802734375,
    656.6646728515625,
    0.87
   ],
   [
    818.0846557617188,
    687.5213623046875,
    0.95
   ],
   [
    1106.79736328125,
    720.2623901367188,
    0.817
   ],
   [
    860.322998046875,
    725.06591796875,
    0.9
   ],
   [
    1063.591064453125,
    807.5553588867188,
    0.912
   ],
   [
    910.8509521484375,
    813.1705322265625,
    0.943
   ],
   [
    1030.0135498046875,
    984.0236206054688,
    -1.0
   ],
   [
    877.6409912109375,
    991.9425659179688,
    -1.0
   ],
   [
    986.1373901367188,
    1005.6485595703125,
    -1.0
   ],
   [
    880.6043701171875,
    1012.5437622070312,
    -1.0
   ]
  ],
  [
   [
    953.9950561523438,
    309.60797119140625,
    0.991
   ],
   [
    976.6246948242188,
    284.03643798828125,
    0.98
   ],
   [
    925.3233032226562,
    291.4937438964844,
    0.982
   ],
   [
    1014.1846923828125,
    306.93865966796875,
    0.846
   ],
   [
    892.794677734375,
    325.4906311035156,
    0.811
   ],
   [
    1094.222412109375,
    462.75885009765625,
    0.964
   ],
   [
    840.6505126953125,
    491.06634521484375,
    0.985
   ],
   [
    1155.479248046875,
    659.594970703125,
    0.634
   ],
   [
    807.1448364257812,
    692.3623657226562,
    0.815
   ],
   [
    1110.869384765625,
    716.993408203125,
    -1.0
   ],
   [
    859.1072998046875,
    727.1800537109375,
    0.636
   ],
   [
    1063.1796875,
    813.9749755859375,
    0.658
   ],
   [
    899.6493530273438,
    825.5575561523438,
    0.736
   ],
   [
    1083.853515625,
    984.5533447265625,
    -1.0
   ],
   [
    903.1622314453125,
    998.236083984375,
    -1.0
   ],
   [
    1053.81884765625,
    1038.525634765625,
    -1.0
   ],
   [
    915.6409912109375,
    1058.187255859375,
    -1.0
   ]
  ]
 ],
 "skeleton_percentage": [
  100,
  100
 ],
 "angle": [
  139,
  12
 ]
}