{
 "frame_index": 142,
 "skeletons": [
  [
   [
    945.292724609375,
    306.9892272949219,
    0.989
   ],
   [
    967.4782104492188,
    281.3746032714844,
    0.97
   ],
   [
    918.75537109375,
    287.07061767578125,
    0.971
   ],
   [
    1008.3702392578125,
    302.50762939453125,
    0.848
   ],
   [
    889.404541015625,
    317.01910400390625,
    0.788
   ],
   [
    1088.738525390625,
    462.2258605957031,
    0.986
   ],
   [
    853.4935302734375,
    482.582763671875,
    0.994
   ],
   [
    1150.6351318359375,
    658.357666015625,
    0.879
   ],
   [
    817.0101318359375,
    681.2218017578125,
    0.955
   ],
   [
    1109.798095703125,
    736.680908203125,
    0.825
   ],
   [
    851.1315307617188,
    737.2828369140625,
    0.905
   ],
   [
    1057.92578125,
    804.0811767578125,
    0.924
   ],
   [
    901.3027954101562,
    807.856201171875,
    0.952
   ],
   [
    1023.4884033203125,
    986.8211669921875,
    -1.0
   ],
   [
    843.2904052734375,
    994.5130004882812,
    0.526
   ],
   [
    982.60498046875,
    1018.572509765625,
    -1.0
   ],
   [
    834.5974731445312,
    1030.010498046875,
    -1.0
   ]
  ]
 ],
 "skeleton_percentage": [
  100
 ],
 "angle": [
  147
 ]
}