{
 "frame_index": 143,
 "skeletons": [
  [
   [
    938.1787109375,
    302.202392578125,
    0.988
   ],
   [
    960.8597412109375,
    276.6705322265625,
    0.97
   ],
   [
    912.433837890625,
    282.16448974609375,
    0.968
   ],
   [
    1003.7788696289062,
    298.87152099609375,
    0.859
   ],
   [
    885.7615966796875,
    312.64764404296875,
    0.769
   ],
   [
    1085.1748046875,
    459.4541931152344,
    0.984
   ],
   [
    852.0247192382812,
    482.13775634765625,
    0.993
   ],
   [
    1149.152099609375,
    654.362548828125,
    0.859
   ],
   [
    812.8419799804688,
    683.2139892578125,
    0.946
   ],
   [
    1109.8670654296875,
    728.065673828125,
    0.798
   ],
   [
    842.8389892578125,
    735.2762451171875,
    0.889
   ],
   [
    1066.97509765625,
    797.4200439453125,
    0.903
   ],
   [
    911.604248046875,
    803.4259643554688,
    0.938
   ],
   [
    1045.97216796875,
    971.6612548828125,
    -1.0
   ],
   [
    865.6873168945312,
    980.6883544921875,
    -1.0
   ],
   [
    1017.7512817382812,
    999.6384887695312,
    -1.0
   ],
   [
    866.5285034179688,
    1009.9037475585938,
    -1.0
   ]
  ],
  [
   [
    938.476318359375,
    303.6453857421875,
    0.99
   ],
   [
    961.9783935546875,
    278.0850830078125,
    0.982
   ],
   [
    911.2850341796875,
    285.7402038574219,
    0.975
   ],
   [
    1004.1561279296875,
    302.30426025390625,
    0.888
   ],
   [
    884.4343872070312,
    321.4549255371094,
    0.723
   ],
   [
    1090.18603515625,
    456.4703063964844,
    0.974
   ],
   [
    837.5233154296875,
    488.1331787109375,
    0.986
   ],
   [
    1148.1630859375,
    653.1066284179688,
    0.765
   ],
   [
    799.04541015625,
    691.24365234375,
    0.857
   ],
   [
    1113.6002197265625,
    738.7823486328125,
    0.628
   ],
   [
    827.5350341796875,
    744.8087158203125,
    0.707
   ],
   [
    1063.372802734375,
    808.8099365234375,
    0.792
   ],
   [
    897.60546875,
    820.1016845703125,
    0.832
   ],
   [
    1078.560546875,
    1014.34814453125,
    -1.0
   ],
   [
    883.8865356445312,
    1030.078369140625,
    -1.0
   ],
   [
    1048.542236328125,
    1071.6727294921875,
    -1.0
   ],
   [
    886.916259765625,
    1080.0,
    -1.0
   ]
  ]
 ],
 "skeleton_percentage": [
  100,
  100
 ],
 "angle": [
  142,
  11
 ]
}