{
 "frame_index": 144,
 "skeletons": [
  [
   [
    937.9978637695312,
    302.35235595703125,
    0.988
   ],
   [
    961.55322265625,
    277.30828857421875,
    0.971
   ],
   [
    912.3125610351562,
    282.4725036621094,
    0.969
   ],
   [
    1005.2652587890625,
    300.595458984375,
    0.862
   ],
   [
    885.668212890625,
    313.4681396484375,
    0.767
   ],
   [
    1085.762939453125,
    459.66436767578125,
    0.984
   ],
   [
    849.1123046875,
    484.1175842285156,
    0.993
   ],
   [
    1150.974853515625,
    653.5782470703125,
    0.863
   ],
   [
    810.310791015625,
    684.9801025390625,
    0.948
   ],
   [
    1108.43212890625,
    735.2975463867188,
    0.808
   ],
   [
    851.7969970703125,
    731.7872924804688,
    0.896
   ],
   [
    1068.532470703125,
    804.248291015625,
    0.9
   ],
   [
    913.6787109375,
    811.897216796875,
    0.936
   ],
   [
    1047.2236328125,
    970.7037963867188,
    -1.0
   ],
   [
    886.9334106445312,
    981.636474609375,
    -1.0
   ],
   [
    1011.93212890625,
    999.596923828125,
    -1.0
   ],
   [
    898.2557373046875,
    1008.190185546875,
    -1.0
   ]
  ]
 ],
 "skeleton_percentage": [
  100
 ],
 "angle": [
  143
 ]
}