{
 "frame_index": 145,
 "skeletons": [
  [
   [
    934.9762573242188,
    305.94171142578125,
    0.988
   ],
   [
    956.784423828125,
    280.40789794921875,
    0.966
   ],
   [
    909.2042236328125,
    285.53558349609375,
    0.969
   ],
   [
    997.2506103515625,
    301.632568359375,
    0.832
   ],
   [
    880.22705078125,
    314.15521240234375,
    0.789
   ],
   [
    1078.66357421875,
    460.88214111328125,
    0.987
   ],
   [
    840.8875122070312,
    481.2396240234375,
    0.994
   ],
   [
    1144.567138671875,
    653.9525756835938,
    0.893
   ],
   [
    807.5908813476562,
    675.5311279296875,
    0.956
   ],
   [
    1100.259765625,
    724.4373168945312,
    0.852
   ],
   [
    860.0070190429688,
    708.172607421875,
    0.917
   ],
   [
    1062.1851806640625,
    797.4369506835938,
    0.914
   ],
   [
    904.4159545898438,
    805.0090942382812,
    0.942
   ],
   [
    1060.4530029296875,
    969.7598876953125,
    -1.0
   ],
   [
    888.2427978515625,
    981.5399780273438,
    -1.0
   ],
   [
    1027.1651611328125,
    1000.7503662109375,
    -1.0
   ],
   [
    896.2586059570312,
    1012.5673828125,
    -1.0
   ]
  ]
 ],
 "skeleton_percentage": [
  100
 ],
 "angle": [
  146
 ]
}