{
 "frame_index": 146,
 "skeletons": [
  [
   [
    924.573974609375,
    305.7953796386719,
    0.99
   ],
   [
    949.5909423828125,
    280.472412109375,
    0.977
   ],
   [
    898.7118530273438,
    284.6229248046875,
    0.974
   ],
   [
    994.677490234375,
    304.56414794921875,
    0.868
   ],
   [
    870.0723266601562,
    314.9552001953125,
    0.758
   ],
   [
    1076.880615234375,
    460.8403015136719,
    0.981
   ],
   [
    823.1099853515625,
    488.57177734375,
    0.993
   ],
   [
    1142.602783203125,
    652.7861328125,
    0.837
   ],
   [
    794.7386474609375,
    691.4467163085938,
    0.941
   ],
   [
    1100.7926025390625,
    739.3699951171875,
    0.766
   ],
   [
    849.9325561523438,
    735.3482666015625,
    0.874
   ],
   [
    1064.376708984375,
    816.59716796875,
    0.884
   ],
   [
    893.9847412109375,
    827.0233154296875,
    0.925
   ],
   [
    1079.8785400390625,
    1000.0468139648438,
    -1.0
   ],
   [
    883.4331665039062,
    1013.5178833007812,
    -1.0
   ],
   [
    1048.8583984375,
    1042.277587890625,
    -1.0
   ],
   [
    887.5765380859375,
    1048.950927734375,
    -1.0
   ]
  ]
 ],
 "skeleton_percentage": [
  100
 ],
 "angle": [
  127
 ]
}