{
 "frame_index": 147,
 "skeletons": [
  [
   [
    903.6959228515625,
    305.93060302734375,
    0.988
   ],
   [
    927.6436767578125,
    279.11279296875,
    0.979
   ],
   [
    877.4666748046875,
    285.2886962890625,
    0.964
   ],
   [
    974.5853271484375,
    303.71783447265625,
    0.89
   ],
   [
    851.795166015625,
    319.3797912597656,
    0.66
   ],
   [
    1064.852294921875,
    465.29656982421875,
    0.976
   ],
   [
    808.7920532226562,
    500.52734375,
    0.983
   ],
   [
    1130.294189453125,
    656.5532836914062,
    0.8
   ],
   [
    777.9337158203125,
    708.0989990234375,
    0.84
   ],
   [
    1099.9134521484375,
    749.9273071289062,
    0.669
   ],
   [
    817.7244873046875,
    751.7506713867188,
    0.704
   ],
   [
    1049.845947265625,
    799.182373046875,
    0.746
   ],
   [
    874.8358154296875,
    812.6964111328125,
    0.772
   ],
   [
    1085.9608154296875,
    953.4366455078125,
    -1.0
   ],
   [
    849.6901245117188,
    973.6044921875,
    -1.0
   ],
   [
    1064.1656494140625,
    983.2809448242188,
    -1.0
   ],
   [
    840.9574584960938,
    999.848876953125,
    -1.0
   ]
  ]
 ],
 "skeleton_percentage": [
  100
 ],
 "angle": [
  357
 ]
}