{
 "frame_index": 148,
 "skeletons": [
  [
   [
    890.478759765625,
    307.9481201171875,
    0.989
   ],
   [
    914.825927734375,
    280.396240234375,
    0.983
   ],
   [
    865.3177490234375,
    288.3695983886719,
    0.966
   ],
   [
    964.0528564453125,
    303.8494873046875,
    0.902
   ],
   [
    843.803955078125,
    321.666748046875,
    0.642
   ],
   [
    1059.5787353515625,
    466.9364318847656,
    0.969
   ],
   [
    806.506591796875,
    500.45367431640625,
    0.985
   ],
   [
    1130.5302734375,
    667.015380859375,
    0.742
   ],
   [
    772.365478515625,
    711.269775390625,
    0.837
   ],
   [
    1095.053466796875,
    778.29443359375,
    0.589
   ],
   [
    810.1773681640625,
    784.0743408203125,
    0.667
   ],
   [
    1053.8011474609375,
    833.5006713867188,
    0.737
   ],
   [
    884.1170654296875,
    845.1494750976562,
    0.784
   ],
   [
    1061.7838134765625,
    1012.5031127929688,
    -1.0
   ],
   [
    846.9024658203125,
    1027.59765625,
    -1.0
   ],
   [
    1054.67529296875,
    1066.5665283203125,
    -1.0
   ],
   [
    858.3240966796875,
    1080.0,
    -1.0
   ]
  ]
 ],
 "skeleton_percentage": [
  100
 ],
 "angle": [
  352
 ]
}