{
 "frame_index": 149,
 "skeletons": [
  [
   [
    884.4307861328125,
    308.0735778808594,
    0.99
   ],
   [
    909.2927856445312,
    280.48577880859375,
    0.984
   ],
   [
    858.434326171875,
    288.23583984375,
    0.966
   ],
   [
    958.2625732421875,
    304.0335388183594,
    0.91
   ],
   [
    836.2862548828125,
    322.28350830078125,
    0.639
   ],
   [
    1049.552001953125,
    468.85894775390625,
    0.979
   ],
   [
    795.5811767578125,
    497.75054931640625,
    0.981
   ],
   [
    1115.2803955078125,
    683.4993286132812,
    0.809
   ],
   [
    760.6290283203125,
    717.016357421875,
    0.799
   ],
   [
    1082.992431640625,
    786.7918701171875,
    0.646
   ],
   [
    795.0675659179688,
    761.3021850585938,
    0.631
   ],
   [
    1030.5062255859375,
    828.36962890625,
    0.716
   ],
   [
    856.4697875976562,
    839.2559814453125,
    0.729
   ],
   [
    1061.771484375,
    976.1314086914062,
    -1.0
   ],
   [
    811.46142578125,
    994.3606567382812,
    -1.0
   ],
   [
    1058.0626220703125,
    1008.4663696289062,
    -1.0
   ],
   [
    813.0635375976562,
    1028.91015625,
    -1.0
   ]
  ]
 ],
 "skeleton_percentage": [
  100
 ],
 "angle": [
  348
 ]
}