{
 "frame_index": 150,
 "skeletons": [
  [
   [
    884.5208129882812,
    308.2181701660156,
    0.99
   ],
   [
    909.3092651367188,
    280.5592041015625,
    0.984
   ],
   [
    858.5093994140625,
    288.3241882324219,
    0.966
   ],
   [
    958.1416015625,
    303.9287414550781,
    0.909
   ],
   [
    836.1339111328125,
    322.23126220703125,
    0.643
   ],
   [
    1049.80712890625,
    468.94903564453125,
    0.979
   ],
   [
    795.1543579101562,
    497.87396240234375,
    0.981
   ],
   [
    1115.772705078125,
    684.1078491210938,
    0.806
   ],
   [
    760.1838989257812,
    717.581298828125,
    0.801
   ],
   [
    1078.8428955078125,
    785.0167236328125,
    0.644
   ],
   [
    795.86572265625,
    760.7342529296875,
    0.633
   ],
   [
    1030.911376953125,
    828.771484375,
    0.719
   ],
   [
    856.30126953125,
    839.5765380859375,
    0.734
   ],
   [
    1062.1048583984375,
    977.159423828125,
    -1.0
   ],
   [
    810.8203125,
    994.888916015625,
    -1.0
   ],
   [
    1058.934326171875,
    1010.3142700195312,
    -1.0
   ],
   [
    812.40185546875,
    1029.97119140625,
    -1.0
   ]
  ]
 ],
 "skeleton_percentage": [
  100
 ],
 "angle": [
  348
 ]
}