{
 "frame_index": 151,
 "skeletons": [
  [
   [
    874.0980834960938,
    310.60205078125,
    0.991
   ],
   [
    896.86181640625,
    282.5107421875,
    0.985
   ],
   [
    847.83251953125,
    290.7539978027344,
    0.968
   ],
   [
    942.6344604492188,
    303.07171630859375,
    0.903
   ],
   [
    823.2306518554688,
    322.39666748046875,
    0.642
   ],
   [
    1036.353759765625,
    463.00128173828125,
    0.977
   ],
   [
    788.9739990234375,
    498.62786865234375,
    0.985
   ],
   [
    1112.631103515625,
    664.929443359375,
    0.81
   ],
   [
    757.1174926757812,
    708.5474853515625,
    0.843
   ],
   [
    1075.0030517578125,
    786.2686157226562,
    0.67
   ],
   [
    793.17041015625,
    758.1031494140625,
    0.699
   ],
   [
    1033.811767578125,
    838.6802978515625,
    0.801
   ],
   [
    866.3413696289062,
    851.307861328125,
    0.82
   ],
   [
    1049.985107421875,
    1029.9996337890625,
    -1.0
   ],
   [
    830.461669921875,
    1047.571044921875,
    -1.0
   ],
   [
    1052.21435546875,
    1080.0,
    -1.0
   ],
   [
    835.275634765625,
    1080.0,
    -1.0
   ]
  ]
 ],
 "skeleton_percentage": [
  100
 ],
 "angle": [
  343
 ]
}