{
 "frame_index": 152,
 "skeletons": [
  [
   [
    861.8236083984375,
    312.98040771484375,
    0.989
   ],
   [
    885.0245361328125,
    284.4379577636719,
    0.984
   ],
   [
    836.1307983398438,
    293.38494873046875,
    0.96
   ],
   [
    933.528564453125,
    304.3913879394531,
    0.913
   ],
   [
    815.3150634765625,
    325.0948486328125,
    0.618
   ],
   [
    1026.5445556640625,
    467.8271484375,
    0.983
   ],
   [
    777.4722900390625,
    496.72454833984375,
    0.981
   ],
   [
    1097.938232421875,
    679.513671875,
    0.855
   ],
   [
    739.4486083984375,
    713.9712524414062,
    0.799
   ],
   [
    1057.4930419921875,
    808.2394409179688,
    0.704
   ],
   [
    775.04833984375,
    800.736083984375,
    0.63
   ],
   [
    1007.7683715820312,
    828.0093383789062,
    0.738
   ],
   [
    837.4403686523438,
    839.3322143554688,
    0.727
   ],
   [
    1038.868896484375,
    963.85986328125,
    -1.0
   ],
   [
    796.4163208007812,
    982.2463989257812,
    -1.0
   ],
   [
    1036.6826171875,
    990.2042236328125,
    -1.0
   ],
   [
    802.4617309570312,
    1013.990966796875,
    -1.0
   ]
  ],
  [
   [
    859.0374755859375,
    317.22064208984375,
    0.973
   ],
   [
    880.9572143554688,
    286.75775146484375,
    0.955
   ],
   [
    834.6531372070312,
    293.40692138671875,
    0.908
   ],
   [
    927.6639404296875,
    302.1404113769531,
    0.867
   ],
   [
    815.85400390625,
    316.6871337890625,
    0.592
   ],
   [
    1013.3397216796875,
    468.4901123046875,
    0.98
   ],
   [
    793.3564453125,
    496.5286865234375,
    0.98
   ],
   [
    1089.87060546875,
    679.6253662109375,
    0.858
   ],
   [
    753.222412109375,
    731.561767578125,
    0.838
   ],
   [
    1042.497802734375,
    809.44921875,
    0.758
   ],
   [
    754.8047485351562,
    856.0458984375,
    0.723
   ],
   [
    1006.0178833007812,
    847.2339477539062,
    0.861
   ],
   [
    857.2266845703125,
    854.39453125,
    0.861
   ],
   [
    986.6737060546875,
    1004.6015625,
    -1.0
   ],
   [
    796.605224609375,
    1014.4595947265625,
    -1.0
   ],
   [
    974.842529296875,
    1061.7181396484375,
    -1.0
   ],
   [
    788.230224609375,
    1070.2490234375,
    -1.0
   ]
  ]
 ],
 "skeleton_percentage": [
  100,
  100
 ],
 "angle": [
  338,
  203
 ]
}