{
 "frame_index": 153,
 "skeletons": [
  [
   [
    862.05419921875,
    313.0936279296875,
    0.989
   ],
   [
    885.1072998046875,
    284.452392578125,
    0.984
   ],
   [
    836.3048095703125,
    293.3788146972656,
    0.96
   ],
   [
    933.221923828125,
    304.23907470703125,
    0.911
   ],
   [
    815.1759033203125,
    324.9360656738281,
    0.624
   ],
   [
    1026.5552978515625,
    467.9437255859375,
    0.983
   ],
   [
    776.9993896484375,
    497.3595886230469,
    0.981
   ],
   [
    1098.313720703125,
    679.9761962890625,
    0.852
   ],
   [
    739.2262573242188,
    715.6060791015625,
    0.799
   ],
   [
    1056.615478515625,
    809.0106811523438,
    0.699
   ],
   [
    774.1807861328125,
    803.1260375976562,
    0.628
   ],
   [
    1008.6468505859375,
    829.47412109375,
    0.735
   ],
   [
    838.0519409179688,
    841.0603637695312,
    0.725
   ],
   [
    1039.586669921875,
    964.76416015625,
    -1.0
   ],
   [
    796.903076171875,
    983.3482666015625,
    -1.0
   ],
   [
    1037.12890625,
    992.22509765625,
    -1.0
   ],
   [
    803.441162109375,
    1015.797607421875,
    -1.0
   ]
  ],
  [
   [
    859.7391357421875,
    314.2880859375,
    0.983
   ],
   [
    882.1957397460938,
    284.1416931152344,
    0.972
   ],
   [
    834.5407104492188,
    291.9260559082031,
    0.934
   ],
   [
    930.4766845703125,
    301.36431884765625,
    0.892
   ],
   [
    813.2877197265625,
    319.0670166015625,
    0.578
   ],
   [
    1017.3308715820312,
    467.60888671875,
    0.983
   ],
   [
    787.214111328125,
    502.0974426269531,
    0.984
   ],
   [
    1087.834716796875,
    674.4161376953125,
    0.891
   ],
   [
    753.9579467773438,
    731.633056640625,
    0.867
   ],
   [
    1046.9736328125,
    813.9674072265625,
    0.805
   ],
   [
    756.3173828125,
    858.768310546875,
    0.762
   ],
   [
    1014.3046875,
    845.1781005859375,
    0.886
   ],
   [
    855.47021484375,
    856.0933227539062,
    0.882
   ],
   [
    1009.502197265625,
    1016.8638916015625,
    -1.0
   ],
   [
    792.1982421875,
    1032.7415771484375,
    -1.0
   ],
   [
    1014.5066528320312,
    1072.55224609375,
    -1.0
   ],
   [
    794.152587890625,
    1080.0,
    -1.0
   ]
  ]
 ],
 "skeleton_percentage": [
  100,
  100
 ],
 "angle": [
  338,
  203
 ]
}