{
 "frame_index": 154,
 "skeletons": [
  [
   [
    849.7553100585938,
    309.8193664550781,
    0.99
   ],
   [
    875.0181884765625,
    281.18206787109375,
    0.986
   ],
   [
    822.3297729492188,
    290.3632507324219,
    0.968
   ],
   [
    923.8529052734375,
    303.5992126464844,
    0.916
   ],
   [
    799.325927734375,
    324.91595458984375,
    0.616
   ],
   [
    1017.8477783203125,
    460.61871337890625,
    0.974
   ],
   [
    768.044921875,
    503.1456298828125,
    0.98
   ],
   [
    1094.369140625,
    670.9151611328125,
    0.792
   ],
   [
    742.16259765625,
    731.6016845703125,
    0.794
   ],
   [
    1052.23828125,
    808.6708374023438,
    0.618
   ],
   [
    759.5669555664062,
    832.4782104492188,
    0.597
   ],
   [
    1012.19140625,
    851.544189453125,
    0.734
   ],
   [
    845.5797119140625,
    866.7713012695312,
    0.743
   ],
   [
    1028.7080078125,
    1052.2935791015625,
    -1.0
   ],
   [
    819.313232421875,
    1070.9085693359375,
    -1.0
   ],
   [
    1022.8931884765625,
    1080.0,
    -1.0
   ],
   [
    828.2198486328125,
    1080.0,
    -1.0
   ]
  ],
  [
   [
    848.5152587890625,
    308.8460998535156,
    0.987
   ],
   [
    874.352294921875,
    280.6756896972656,
    0.978
   ],
   [
    823.0526733398438,
    286.56756591796875,
    0.958
   ],
   [
    925.619140625,
    302.1535949707031,
    0.892
   ],
   [
    800.29052734375,
    316.00457763671875,
    0.633
   ],
   [
    1011.8646240234375,
    467.4150695800781,
    0.98
   ],
   [
    774.1210327148438,
    499.0887451171875,
    0.985
   ],
   [
    1081.2294921875,
    680.032958984375,
    0.854
   ],
   [
    752.974853515625,
    731.199951171875,
    0.876
   ],
   [
    1040.5284423828125,
    812.2203369140625,
    0.76
   ],
   [
    757.4244384765625,
    858.5304565429688,
    0.768
   ],
   [
    1005.738037109375,
    838.8900146484375,
    0.825
   ],
   [
    844.2496948242188,
    848.39990234375,
    0.847
   ],
   [
    999.509033203125,
    1006.3335571289062,
    -1.0
   ],
   [
    795.042236328125,
    1017.9014282226562,
    -1.0
   ],
   [
    995.207275390625,
    1046.544677734375,
    -1.0
   ],
   [
    812.0552978515625,
    1054.774169921875,
    -1.0
   ]
  ]
 ],
 "skeleton_percentage": [
  100,
  100
 ],
 "angle": [
  333,
  216
 ]
}