{
 "frame_index": 155,
 "skeletons": [
  [
   [
    839.4610595703125,
    313.1725158691406,
    0.99
   ],
   [
    864.0899047851562,
    283.5565490722656,
    0.985
   ],
   [
    811.8062744140625,
    293.95574951171875,
    0.962
   ],
   [
    916.2301025390625,
    304.0881652832031,
    0.918
   ],
   [
    791.4071044921875,
    327.80224609375,
    0.616
   ],
   [
    1012.7539672851562,
    465.751953125,
    0.981
   ],
   [
    758.8753662109375,
    500.1400146484375,
    0.979
   ],
   [
    1086.062255859375,
    675.5771484375,
    0.83
   ],
   [
    725.8837890625,
    719.0966796875,
    0.78
   ],
   [
    1063.8709716796875,
    792.6793212890625,
    0.673
   ],
   [
    759.2249755859375,
    791.2203369140625,
    0.613
   ],
   [
    1003.8359375,
    829.1396484375,
    0.734
   ],
   [
    832.86572265625,
    844.1737060546875,
    0.73
   ],
   [
    1035.8233642578125,
    981.2431640625,
    -1.0
   ],
   [
    805.5822143554688,
    1005.9578247070312,
    -1.0
   ],
   [
    1025.57080078125,
    1022.1368408203125,
    -1.0
   ],
   [
    818.8272705078125,
    1054.5150146484375,
    -1.0
   ]
  ]
 ],
 "skeleton_percentage": [
  100
 ],
 "angle": [
  331
 ]
}