{
 "frame_index": 156,
 "skeletons": [
  [
   [
    839.4254150390625,
    313.6475830078125,
    0.989
   ],
   [
    864.218994140625,
    284.2200622558594,
    0.985
   ],
   [
    812.0408935546875,
    294.25091552734375,
    0.961
   ],
   [
    916.40380859375,
    304.93865966796875,
    0.917
   ],
   [
    791.5521240234375,
    327.74127197265625,
    0.606
   ],
   [
    1013.2391357421875,
    466.5962219238281,
    0.981
   ],
   [
    758.075439453125,
    500.36846923828125,
    0.977
   ],
   [
    1087.251953125,
    676.9003295898438,
    0.825
   ],
   [
    723.7366333007812,
    719.3599853515625,
    0.764
   ],
   [
    1064.0931396484375,
    791.659423828125,
    0.663
   ],
   [
    757.1774291992188,
    784.4002685546875,
    0.595
   ],
   [
    1003.586669921875,
    827.8187255859375,
    0.702
   ],
   [
    831.5813598632812,
    842.359375,
    0.694
   ],
   [
    1034.9862060546875,
    972.14599609375,
    -1.0
   ],
   [
    802.3309326171875,
    996.194091796875,
    -1.0
   ],
   [
    1022.2265625,
    1005.6314697265625,
    -1.0
   ],
   [
    812.7933349609375,
    1036.056396484375,
    -1.0
   ]
  ]
 ],
 "skeleton_percentage": [
  100
 ],
 "angle": [
  331
 ]
}