{
 "frame_index": 157,
 "skeletons": [
  [
   [
    829.787841796875,
    311.94122314453125,
    0.989
   ],
   [
    854.6390380859375,
    282.6359558105469,
    0.985
   ],
   [
    803.3281860351562,
    291.3389587402344,
    0.961
   ],
   [
    906.3880004882812,
    301.9462890625,
    0.915
   ],
   [
    781.2453002929688,
    321.92034912109375,
    0.587
   ],
   [
    1002.460205078125,
    454.2329406738281,
    0.978
   ],
   [
    751.510009765625,
    505.22735595703125,
    0.982
   ],
   [
    1086.8397216796875,
    652.4852294921875,
    0.826
   ],
   [
    732.48828125,
    735.47314453125,
    0.821
   ],
   [
    1066.275390625,
    787.009765625,
    0.681
   ],
   [
    763.4271240234375,
    816.3942260742188,
    0.661
   ],
   [
    1020.4014892578125,
    811.8372802734375,
    0.824
   ],
   [
    851.6719970703125,
    833.18896484375,
    0.827
   ],
   [
    1050.35205078125,
    991.6602783203125,
    -1.0
   ],
   [
    835.123779296875,
    1019.4600219726562,
    -1.0
   ],
   [
    1051.914794921875,
    1055.138427734375,
    -1.0
   ],
   [
    854.4520263671875,
    1072.7962646484375,
    -1.0
   ]
  ]
 ],
 "skeleton_percentage": [
  100
 ],
 "angle": [
  281
 ]
}