{
 "frame_index": 158,
 "skeletons": [
  [
   [
    824.760498046875,
    314.1934814453125,
    0.99
   ],
   [
    848.5156860351562,
    284.1790771484375,
    0.986
   ],
   [
    797.1129150390625,
    294.896728515625,
    0.963
   ],
   [
    897.7571411132812,
    302.4509582519531,
    0.918
   ],
   [
    774.7776489257812,
    327.0130615234375,
    0.589
   ],
   [
    998.9474487304688,
    457.8616943359375,
    0.979
   ],
   [
    745.0302124023438,
    505.64697265625,
    0.979
   ],
   [
    1081.3623046875,
    667.4485473632812,
    0.823
   ],
   [
    727.752197265625,
    738.2360229492188,
    0.78
   ],
   [
    1057.9771728515625,
    801.5136108398438,
    0.656
   ],
   [
    759.89453125,
    840.0933837890625,
    0.585
   ],
   [
    1005.8072509765625,
    833.9848022460938,
    0.769
   ],
   [
    837.2396850585938,
    853.0508422851562,
    0.756
   ],
   [
    1023.6644897460938,
    1030.417724609375,
    -1.0
   ],
   [
    812.8232421875,
    1054.86962890625,
    -1.0
   ],
   [
    1014.3887329101562,
    1080.0,
    -1.0
   ],
   [
    825.37890625,
    1080.0,
    -1.0
   ]
  ],
  [
   [
    823.1395263671875,
    313.5709533691406,
    0.987
   ],
   [
    846.2591552734375,
    283.41796875,
    0.976
   ],
   [
    796.9305419921875,
    291.4437561035156,
    0.956
   ],
   [
    896.9898681640625,
    299.62042236328125,
    0.895
   ],
   [
    775.30908203125,
    318.1881408691406,
    0.655
   ],
   [
    991.2587890625,
    467.515380859375,
    0.984
   ],
   [
    754.7930908203125,
    500.5474548339844,
    0.988
   ],
   [
    1070.2813720703125,
    679.9203491210938,
    0.87
   ],
   [
    734.59814453125,
    731.014404296875,
    0.9
   ],
   [
    1044.032958984375,
    813.87060546875,
    0.781
   ],
   [
    758.384521484375,
    863.9338989257812,
    0.803
   ],
   [
    998.584716796875,
    831.2224731445312,
    0.859
   ],
   [
    837.41162109375,
    842.9009399414062,
    0.882
   ],
   [
    997.20849609375,
    994.6763305664062,
    -1.0
   ],
   [
    787.8232421875,
    1009.5822143554688,
    -1.0
   ],
   [
    1000.1954956054688,
    1019.8751220703125,
    -1.0
   ],
   [
    807.0089111328125,
    1037.158935546875,
    -1.0
   ]
  ]
 ],
 "skeleton_percentage": [
  100,
  100
 ],
 "angle": [
  320,
  226
 ]
}