{
 "frame_index": 159,
 "skeletons": [
  [
   [
    824.69482421875,
    313.9911804199219,
    0.99
   ],
   [
    848.4823608398438,
    284.09832763671875,
    0.986
   ],
   [
    797.0857543945312,
    294.69171142578125,
    0.963
   ],
   [
    897.6403198242188,
    302.62957763671875,
    0.918
   ],
   [
    774.6256103515625,
    326.90716552734375,
    0.591
   ],
   [
    998.8253173828125,
    457.96014404296875,
    0.979
   ],
   [
    744.79638671875,
    505.65130615234375,
    0.979
   ],
   [
    1081.3719482421875,
    667.564208984375,
    0.822
   ],
   [
    727.9677734375,
    738.2572021484375,
    0.781
   ],
   [
    1057.3797607421875,
    800.7969360351562,
    0.655
   ],
   [
    761.032958984375,
    838.6107177734375,
    0.587
   ],
   [
    1006.7266845703125,
    833.08837890625,
    0.769
   ],
   [
    837.9750366210938,
    852.2067260742188,
    0.758
   ],
   [
    1025.793701171875,
    1029.0225830078125,
    -1.0
   ],
   [
    814.31005859375,
    1053.358642578125,
    -1.0
   ],
   [
    1017.2000732421875,
    1080.0,
    -1.0
   ],
   [
    827.2164306640625,
    1080.0,
    -1.0
   ]
  ],
  [
   [
    823.092041015625,
    313.37237548828125,
    0.987
   ],
   [
    846.2301025390625,
    283.3008728027344,
    0.976
   ],
   [
    796.92041015625,
    291.2438049316406,
    0.956
   ],
   [
    896.9320678710938,
    299.61968994140625,
    0.894
   ],
   [
    775.2376708984375,
    317.96832275390625,
    0.654
   ],
   [
    990.971435546875,
    467.5770263671875,
    0.983
   ],
   [
    754.806884765625,
    500.5733642578125,
    0.988
   ],
   [
    1070.6533203125,
    679.9378662109375,
    0.867
   ],
   [
    734.6782836914062,
    730.864990234375,
    0.897
   ],
   [
    1043.4093017578125,
    812.969970703125,
    0.778
   ],
   [
    760.1301879882812,
    860.8934326171875,
    0.799
   ],
   [
    999.26953125,
    829.7759399414062,
    0.856
   ],
   [
    838.7232055664062,
    841.5887451171875,
    0.879
   ],
   [
    998.0548095703125,
    992.3792724609375,
    -1.0
   ],
   [
    792.4134521484375,
    1007.2767333984375,
    -1.0
   ],
   [
    1001.190185546875,
    1015.6053466796875,
    -1.0
   ],
   [
    813.6090087890625,
    1032.322509765625,
    -1.0
   ]
  ]
 ],
 "skeleton_percentage": [
  100,
  100
 ],
 "angle": [
  320,
  231
 ]
}