{
 "frame_index": 160,
 "skeletons": [
  [
   [
    815.9419555664062,
    313.8641052246094,
    0.988
   ],
   [
    839.3494262695312,
    283.7998046875,
    0.983
   ],
   [
    787.7898559570312,
    294.5045166015625,
    0.953
   ],
   [
    890.728515625,
    303.92584228515625,
    0.914
   ],
   [
    766.28564453125,
    328.1617431640625,
    0.597
   ],
   [
    993.8955078125,
    467.39715576171875,
    0.984
   ],
   [
    735.0029907226562,
    501.3056945800781,
    0.977
   ],
   [
    1073.7559814453125,
    677.090087890625,
    0.856
   ],
   [
    711.264892578125,
    720.5345458984375,
    0.762
   ],
   [
    1048.858642578125,
    796.008544921875,
    0.713
   ],
   [
    768.97802734375,
    787.0123901367188,
    0.611
   ],
   [
    995.3924560546875,
    823.838623046875,
    0.747
   ],
   [
    821.7119140625,
    840.43603515625,
    0.721
   ],
   [
    1033.970458984375,
    961.4107666015625,
    -1.0
   ],
   [
    808.4869384765625,
    989.01513671875,
    -1.0
   ],
   [
    1018.1046142578125,
    1001.440185546875,
    -1.0
   ],
   [
    829.216552734375,
    1037.06298828125,
    -1.0
   ]
  ],
  [
   [
    815.114013671875,
    313.17431640625,
    0.988
   ],
   [
    839.869140625,
    283.74310302734375,
    0.982
   ],
   [
    788.97216796875,
    291.9512939453125,
    0.959
   ],
   [
    892.7298583984375,
    303.6478576660156,
    0.911
   ],
   [
    768.299072265625,
    322.7967529296875,
    0.6
   ],
   [
    990.3837890625,
    467.2987060546875,
    0.981
   ],
   [
    743.3597412109375,
    505.8886413574219,
    0.982
   ],
   [
    1070.4571533203125,
    678.236572265625,
    0.844
   ],
   [
    723.6168823242188,
    734.8095703125,
    0.843
   ],
   [
    1036.520263671875,
    807.61376953125,
    0.722
   ],
   [
    753.8575439453125,
    845.7386474609375,
    0.705
   ],
   [
    998.760986328125,
    837.6567993164062,
    0.824
   ],
   [
    831.09619140625,
    852.5923461914062,
    0.835
   ],
   [
    1014.5703735351562,
    1013.2796630859375,
    -1.0
   ],
   [
    798.8743286132812,
    1031.4853515625,
    -1.0
   ],
   [
    1010.7072143554688,
    1050.491943359375,
    -1.0
   ],
   [
    815.6570434570312,
    1065.97998046875,
    -1.0
   ]
  ]
 ],
 "skeleton_percentage": [
  100,
  100
 ],
 "angle": [
  323,
  234
 ]
}