{
 "frame_index": 161,
 "skeletons": [
  [
   [
    814.620849609375,
    310.73468017578125,
    0.988
   ],
   [
    836.296142578125,
    279.89056396484375,
    0.982
   ],
   [
    784.1685791015625,
    292.4606018066406,
    0.956
   ],
   [
    885.0147705078125,
    300.3439636230469,
    0.905
   ],
   [
    759.9967651367188,
    329.57861328125,
    0.641
   ],
   [
    988.1070556640625,
    466.29791259765625,
    0.985
   ],
   [
    730.7389526367188,
    503.96466064453125,
    0.979
   ],
   [
    1071.15576171875,
    676.7462158203125,
    0.855
   ],
   [
    703.357666015625,
    724.365478515625,
    0.772
   ],
   [
    1049.3455810546875,
    805.0535888671875,
    0.707
   ],
   [
    762.280517578125,
    794.8859252929688,
    0.619
   ],
   [
    988.4957885742188,
    830.3079833984375,
    0.778
   ],
   [
    817.0193481445312,
    849.0682373046875,
    0.759
   ],
   [
    1027.57421875,
    974.4140625,
    -1.0
   ],
   [
    808.6532592773438,
    1006.37255859375,
    -1.0
   ],
   [
    1012.8931274414062,
    1024.721923828125,
    -1.0
   ],
   [
    828.1866455078125,
    1068.2470703125,
    -1.0
   ]
  ],
  [
   [
    814.0574951171875,
    309.6933288574219,
    0.984
   ],
   [
    834.2125854492188,
    278.9123840332031,
    0.972
   ],
   [
    786.6183471679688,
    289.76324462890625,
    0.94
   ],
   [
    880.1273193359375,
    296.4044494628906,
    0.898
   ],
   [
    764.443115234375,
    321.3478088378906,
    0.625
   ],
   [
    977.1317138671875,
    464.0404052734375,
    0.985
   ],
   [
    746.1029663085938,
    503.9684143066406,
    0.986
   ],
   [
    1060.5338134765625,
    678.410888671875,
    0.887
   ],
   [
    725.031005859375,
    735.7662353515625,
    0.878
   ],
   [
    1034.1214599609375,
    823.97900390625,
    0.791
   ],
   [
    746.2973022460938,
    861.1865844726562,
    0.767
   ],
   [
    993.828857421875,
    840.823486328125,
    0.876
   ],
   [
    838.704345703125,
    855.914794921875,
    0.88
   ],
   [
    986.384033203125,
    1005.23876953125,
    -1.0
   ],
   [
    795.0635986328125,
    1026.5994873046875,
    -1.0
   ],
   [
    989.515625,
    1047.698486328125,
    -1.0
   ],
   [
    814.3453369140625,
    1072.7386474609375,
    -1.0
   ]
  ]
 ],
 "skeleton_percentage": [
  100,
  100
 ],
 "angle": [
  322,
  222
 ]
}