{
 "frame_index": 162,
 "skeletons": [
  [
   [
    813.9918823242188,
    309.84228515625,
    0.984
   ],
   [
    834.2063598632812,
    278.9268493652344,
    0.972
   ],
   [
    786.5381469726562,
    289.7688903808594,
    0.94
   ],
   [
    880.1583251953125,
    296.3522644042969,
    0.898
   ],
   [
    764.254638671875,
    321.31585693359375,
    0.623
   ],
   [
    977.3157348632812,
    464.4450988769531,
    0.985
   ],
   [
    745.6723022460938,
    505.09552001953125,
    0.986
   ],
   [
    1061.0208740234375,
    680.0411987304688,
    0.887
   ],
   [
    724.8704833984375,
    738.4161376953125,
    0.877
   ],
   [
    1032.48095703125,
    828.2521362304688,
    0.789
   ],
   [
    745.060791015625,
    864.2008666992188,
    0.764
   ],
   [
    994.2071533203125,
    844.232177734375,
    0.872
   ],
   [
    838.5733642578125,
    859.5341796875,
    0.875
   ],
   [
    986.49462890625,
    1005.3696899414062,
    -1.0
   ],
   [
    794.2256469726562,
    1026.935546875,
    -1.0
   ],
   [
    990.6425170898438,
    1046.29541015625,
    -1.0
   ],
   [
    814.9231567382812,
    1070.732421875,
    -1.0
   ]
  ],
  [
   [
    814.7872314453125,
    309.0361633300781,
    0.989
   ],
   [
    837.25341796875,
    278.80828857421875,
    0.985
   ],
   [
    785.9693603515625,
    291.0753173828125,
    0.961
   ],
   [
    885.1591796875,
    299.1370544433594,
    0.916
   ],
   [
    762.8930053710938,
    327.7098388671875,
    0.578
   ],
   [
    989.6044921875,
    457.89593505859375,
    0.977
   ],
   [
    735.0679321289062,
    508.4796142578125,
    0.974
   ],
   [
    1075.303955078125,
    671.7765502929688,
    0.815
   ],
   [
    718.5460205078125,
    742.2667236328125,
    0.736
   ],
   [
    1050.59619140625,
    815.1278686523438,
    0.632
   ],
   [
    754.3717041015625,
    834.1719360351562,
    0.535
   ],
   [
    994.8377685546875,
    840.161865234375,
    0.724
   ],
   [
    826.0897216796875,
    860.04052734375,
    0.695
   ],
   [
    1013.612060546875,
    1036.99755859375,
    -1.0
   ],
   [
    802.3807983398438,
    1064.194580078125,
    -1.0
   ],
   [
    999.3883666992188,
    1080.0,
    -1.0
   ],
   [
    806.3330078125,
    1080.0,
    -1.0
   ]
  ]
 ],
 "skeleton_percentage": [
  100,
  100
 ],
 "angle": [
  223,
  321
 ]
}