{
 "frame_index": 163,
 "skeletons": [
  [
   [
    808.6241455078125,
    307.2508850097656,
    0.987
   ],
   [
    831.0870361328125,
    277.6269836425781,
    0.976
   ],
   [
    781.9722900390625,
    286.314453125,
    0.958
   ],
   [
    879.5095825195312,
    297.6054382324219,
    0.899
   ],
   [
    760.068603515625,
    318.166259765625,
    0.679
   ],
   [
    979.887451171875,
    465.3480224609375,
    0.985
   ],
   [
    742.3512573242188,
    502.14111328125,
    0.99
   ],
   [
    1059.7215576171875,
    682.1475830078125,
    0.871
   ],
   [
    730.5079345703125,
    735.2166137695312,
    0.916
   ],
   [
    1031.4334716796875,
    827.552734375,
    0.778
   ],
   [
    751.3402099609375,
    866.2716064453125,
    0.821
   ],
   [
    994.3797607421875,
    834.186767578125,
    0.873
   ],
   [
    832.66357421875,
    846.565185546875,
    0.902
   ],
   [
    978.106689453125,
    1007.34375,
    -1.0
   ],
   [
    767.7757568359375,
    1024.2685546875,
    -1.0
   ],
   [
    975.335205078125,
    1048.7711181640625,
    -1.0
   ],
   [
    787.2083129882812,
    1066.666748046875,
    -1.0
   ]
  ]
 ],
 "skeleton_percentage": [
  100
 ],
 "angle": [
  222
 ]
}