{
 "frame_index": 164,
 "skeletons": [
  [
   [
    806.1846313476562,
    311.75531005859375,
    0.988
   ],
   [
    828.458740234375,
    280.4398193359375,
    0.983
   ],
   [
    776.6806640625,
    292.3587646484375,
    0.955
   ],
   [
    878.9624633789062,
    299.04913330078125,
    0.91
   ],
   [
    753.6976318359375,
    326.5679931640625,
    0.609
   ],
   [
    982.9374389648438,
    464.1885681152344,
    0.985
   ],
   [
    727.7611083984375,
    502.95263671875,
    0.978
   ],
   [
    1069.26904296875,
    675.1851806640625,
    0.856
   ],
   [
    699.879638671875,
    726.2444458007812,
    0.763
   ],
   [
    1040.21142578125,
    794.86083984375,
    0.716
   ],
   [
    747.64599609375,
    794.0185546875,
    0.616
   ],
   [
    990.9856567382812,
    824.4364013671875,
    0.788
   ],
   [
    820.3676147460938,
    843.2125244140625,
    0.766
   ],
   [
    1027.8828125,
    963.4674682617188,
    -1.0
   ],
   [
    807.04638671875,
    993.3402099609375,
    -1.0
   ],
   [
    1019.6348876953125,
    1016.50390625,
    -1.0
   ],
   [
    828.9930419921875,
    1054.123779296875,
    -1.0
   ]
  ],
  [
   [
    806.2520141601562,
    310.7123107910156,
    0.985
   ],
   [
    827.159423828125,
    279.92626953125,
    0.976
   ],
   [
    779.6767578125,
    290.4591064453125,
    0.942
   ],
   [
    875.7081298828125,
    296.6627197265625,
    0.905
   ],
   [
    758.7490844726562,
    320.82183837890625,
    0.59
   ],
   [
    973.5521240234375,
    461.08154296875,
    0.984
   ],
   [
    743.2975463867188,
    504.0704040527344,
    0.985
   ],
   [
    1056.8221435546875,
    676.4820556640625,
    0.883
   ],
   [
    724.8758544921875,
    739.04736328125,
    0.874
   ],
   [
    1026.548583984375,
    825.5586547851562,
    0.787
   ],
   [
    741.9559936523438,
    854.956298828125,
    0.762
   ],
   [
    994.216796875,
    830.650146484375,
    0.879
   ],
   [
    837.2108154296875,
    845.71142578125,
    0.883
   ],
   [
    979.439453125,
    996.960693359375,
    -1.0
   ],
   [
    771.78955078125,
    1018.36572265625,
    -1.0
   ],
   [
    989.1265869140625,
    1045.4053955078125,
    -1.0
   ],
   [
    785.3187255859375,
    1065.3260498046875,
    -1.0
   ]
  ]
 ],
 "skeleton_percentage": [
  100,
  100
 ],
 "angle": [
  320,
  219
 ]
}