{
 "frame_index": 165,
 "skeletons": [
  [
   [
    805.8927001953125,
    311.72613525390625,
    0.988
   ],
   [
    828.10888671875,
    280.40655517578125,
    0.983
   ],
   [
    776.4766845703125,
    292.39312744140625,
    0.954
   ],
   [
    878.7532958984375,
    298.9912109375,
    0.91
   ],
   [
    753.7377319335938,
    326.616455078125,
    0.608
   ],
   [
    983.395263671875,
    464.27862548828125,
    0.984
   ],
   [
    728.0059814453125,
    503.0226745605469,
    0.978
   ],
   [
    1069.435302734375,
    675.2722778320312,
    0.853
   ],
   [
    700.4554443359375,
    726.017822265625,
    0.762
   ],
   [
    1038.947021484375,
    796.0376586914062,
    0.71
   ],
   [
    750.060302734375,
    794.55712890625,
    0.613
   ],
   [
    992.281005859375,
    823.9093017578125,
    0.775
   ],
   [
    821.3175659179688,
    842.62158203125,
    0.753
   ],
   [
    1028.6551513671875,
    961.0907592773438,
    -1.0
   ],
   [
    806.8070068359375,
    990.8615112304688,
    -1.0
   ],
   [
    1020.0377197265625,
    1010.3765869140625,
    -1.0
   ],
   [
    828.38427734375,
    1047.908447265625,
    -1.0
   ]
  ],
  [
   [
    805.143798828125,
    311.30303955078125,
    0.989
   ],
   [
    828.66015625,
    280.7080383300781,
    0.982
   ],
   [
    778.1859741210938,
    290.05615234375,
    0.962
   ],
   [
    880.4637451171875,
    299.41815185546875,
    0.91
   ],
   [
    757.023681640625,
    321.5885314941406,
    0.623
   ],
   [
    979.7689819335938,
    465.85400390625,
    0.98
   ],
   [
    738.5825805664062,
    508.32659912109375,
    0.984
   ],
   [
    1061.2335205078125,
    678.1365966796875,
    0.827
   ],
   [
    721.168212890625,
    738.6025390625,
    0.855
   ],
   [
    1033.6446533203125,
    816.1397705078125,
    0.691
   ],
   [
    739.9370727539062,
    852.7335205078125,
    0.707
   ],
   [
    996.3284912109375,
    834.8809814453125,
    0.825
   ],
   [
    830.6445922851562,
    850.74169921875,
    0.848
   ],
   [
    1003.5214233398438,
    1009.7426147460938,
    -1.0
   ],
   [
    775.53076171875,
    1030.17578125,
    -1.0
   ],
   [
    1009.1297607421875,
    1045.09619140625,
    -1.0
   ],
   [
    789.8277587890625,
    1063.598876953125,
    -1.0
   ]
  ]
 ],
 "skeleton_percentage": [
  100,
  100
 ],
 "angle": [
  320,
  231
 ]
}