{
 "frame_index": 166,
 "skeletons": [
  [
   [
    803.999267578125,
    312.01959228515625,
    0.985
   ],
   [
    825.93701171875,
    281.7142333984375,
    0.974
   ],
   [
    778.369384765625,
    290.765625,
    0.947
   ],
   [
    875.0201416015625,
    299.21099853515625,
    0.908
   ],
   [
    759.9833984375,
    320.3832092285156,
    0.642
   ],
   [
    975.2916259765625,
    467.8970947265625,
    0.984
   ],
   [
    743.0319213867188,
    504.82257080078125,
    0.988
   ],
   [
    1058.1007080078125,
    684.1982421875,
    0.869
   ],
   [
    722.4021606445312,
    737.791259765625,
    0.899
   ],
   [
    1035.5570068359375,
    826.0233764648438,
    0.771
   ],
   [
    751.747314453125,
    856.7161865234375,
    0.793
   ],
   [
    985.97265625,
    846.9019775390625,
    0.858
   ],
   [
    830.1348266601562,
    858.6381225585938,
    0.884
   ],
   [
    946.8396606445312,
    1016.0879516601562,
    -1.0
   ],
   [
    757.41455078125,
    1033.251953125,
    -1.0
   ],
   [
    945.299072265625,
    1049.87939453125,
    -1.0
   ],
   [
    783.04248046875,
    1068.20849609375,
    -1.0
   ]
  ],
  [
   [
    804.40380859375,
    312.8868713378906,
    0.989
   ],
   [
    827.0120849609375,
    281.955078125,
    0.987
   ],
   [
    776.9150390625,
    294.55120849609375,
    0.955
   ],
   [
    878.1993408203125,
    300.7982177734375,
    0.93
   ],
   [
    758.2733764648438,
    330.0687255859375,
    0.524
   ],
   [
    984.0371704101562,
    460.24285888671875,
    0.984
   ],
   [
    736.2119750976562,
    509.53009033203125,
    0.975
   ],
   [
    1068.577392578125,
    670.3335571289062,
    0.868
   ],
   [
    714.2052001953125,
    737.534912109375,
    0.741
   ],
   [
    1040.4161376953125,
    811.2666015625,
    0.718
   ],
   [
    754.7181396484375,
    821.7789916992188,
    0.568
   ],
   [
    993.9237670898438,
    836.3656005859375,
    0.821
   ],
   [
    828.1470336914062,
    856.2764282226562,
    0.782
   ],
   [
    1011.5050048828125,
    1022.318603515625,
    -1.0
   ],
   [
    796.196533203125,
    1050.6583251953125,
    -1.0
   ],
   [
    1008.7283935546875,
    1080.0,
    -1.0
   ],
   [
    805.9447021484375,
    1080.0,
    -1.0
   ]
  ]
 ],
 "skeleton_percentage": [
  100,
  100
 ],
 "angle": [
  220,
  309
 ]
}