{
 "frame_index": 167,
 "skeletons": [
  [
   [
    806.600341796875,
    310.80181884765625,
    0.988
   ],
   [
    828.005859375,
    280.3942565917969,
    0.982
   ],
   [
    776.8404541015625,
    292.72711181640625,
    0.953
   ],
   [
    877.0546875,
    301.0888977050781,
    0.908
   ],
   [
    753.4122314453125,
    329.95013427734375,
    0.616
   ],
   [
    981.13134765625,
    465.0623779296875,
    0.984
   ],
   [
    728.83984375,
    504.1780700683594,
    0.979
   ],
   [
    1069.214111328125,
    671.82470703125,
    0.85
   ],
   [
    696.1591796875,
    718.747314453125,
    0.776
   ],
   [
    1041.2945556640625,
    793.64208984375,
    0.713
   ],
   [
    749.6607666015625,
    763.704345703125,
    0.64
   ],
   [
    993.15478515625,
    819.3560791015625,
    0.769
   ],
   [
    825.08056640625,
    838.0614624023438,
    0.755
   ],
   [
    1022.4969482421875,
    948.8699951171875,
    -1.0
   ],
   [
    808.309326171875,
    979.780517578125,
    -1.0
   ],
   [
    1017.9146728515625,
    996.4784545898438,
    -1.0
   ],
   [
    832.08251953125,
    1033.9189453125,
    -1.0
   ]
  ],
  [
   [
    807.382080078125,
    309.81097412109375,
    0.984
   ],
   [
    827.3734130859375,
    279.31402587890625,
    0.974
   ],
   [
    780.232177734375,
    290.3976745605469,
    0.938
   ],
   [
    873.5562744140625,
    297.9474792480469,
    0.905
   ],
   [
    758.52392578125,
    323.76544189453125,
    0.594
   ],
   [
    971.1199951171875,
    462.7685852050781,
    0.984
   ],
   [
    744.5983276367188,
    506.92889404296875,
    0.985
   ],
   [
    1054.63671875,
    672.5472412109375,
    0.883
   ],
   [
    713.8753662109375,
    734.3252563476562,
    0.873
   ],
   [
    1029.8941650390625,
    810.5985717773438,
    0.796
   ],
   [
    737.9070434570312,
    826.7733154296875,
    0.771
   ],
   [
    993.9183349609375,
    831.6091918945312,
    0.878
   ],
   [
    843.8560180664062,
    846.746826171875,
    0.882
   ],
   [
    945.2227783203125,
    998.4746704101562,
    -1.0
   ],
   [
    771.0994262695312,
    1021.4293212890625,
    -1.0
   ],
   [
    944.5453491210938,
    1050.40478515625,
    -1.0
   ],
   [
    787.2427368164062,
    1072.32373046875,
    -1.0
   ]
  ]
 ],
 "skeleton_percentage": [
  100,
  100
 ],
 "angle": [
  319,
  218
 ]
}