{
 "frame_index": 168,
 "skeletons": [
  [
   [
    814.2928466796875,
    310.8223876953125,
    0.988
   ],
   [
    835.7933349609375,
    282.6624450683594,
    0.982
   ],
   [
    785.4027099609375,
    293.3341064453125,
    0.957
   ],
   [
    881.7294921875,
    307.49932861328125,
    0.902
   ],
   [
    761.227783203125,
    332.4004211425781,
    0.638
   ],
   [
    983.0438232421875,
    465.15008544921875,
    0.986
   ],
   [
    729.5164794921875,
    503.0933532714844,
    0.982
   ],
   [
    1068.951904296875,
    669.846923828125,
    0.882
   ],
   [
    696.822509765625,
    718.7747802734375,
    0.811
   ],
   [
    1054.08154296875,
    805.6029052734375,
    0.754
   ],
   [
    749.5775146484375,
    776.203857421875,
    0.681
   ],
   [
    1001.3530883789062,
    822.7256469726562,
    0.839
   ],
   [
    831.5726318359375,
    843.323486328125,
    0.822
   ],
   [
    1059.0751953125,
    963.60009765625,
    -1.0
   ],
   [
    833.3668212890625,
    996.147705078125,
    -1.0
   ],
   [
    1053.450927734375,
    1033.796142578125,
    -1.0
   ],
   [
    850.6320190429688,
    1069.683349609375,
    -1.0
   ]
  ],
  [
   [
    813.972412109375,
    307.962158203125,
    0.985
   ],
   [
    835.6192626953125,
    280.24273681640625,
    0.972
   ],
   [
    787.8814697265625,
    287.7802734375,
    0.951
   ],
   [
    880.69482421875,
    303.0528259277344,
    0.888
   ],
   [
    763.8816528320312,
    320.9642028808594,
    0.677
   ],
   [
    975.2464599609375,
    467.1683349609375,
    0.985
   ],
   [
    741.5859375,
    506.0320129394531,
    0.988
   ],
   [
    1062.9027099609375,
    673.7654418945312,
    0.877
   ],
   [
    722.1573486328125,
    735.3101806640625,
    0.895
   ],
   [
    1042.92333984375,
    816.23486328125,
    0.768
   ],
   [
    758.2596435546875,
    846.5255126953125,
    0.785
   ],
   [
    1003.2242431640625,
    831.2166748046875,
    0.881
   ],
   [
    842.9027099609375,
    847.6063232421875,
    0.896
   ],
   [
    1015.0526123046875,
    1001.6031494140625,
    -1.0
   ],
   [
    801.1121826171875,
    1022.140625,
    -1.0
   ],
   [
    1030.193115234375,
    1028.166015625,
    -1.0
   ],
   [
    821.4609375,
    1043.1728515625,
    -1.0
   ]
  ]
 ],
 "skeleton_percentage": [
  100,
  100
 ],
 "angle": [
  320,
  226
 ]
}