{
 "frame_index": 169,
 "skeletons": [
  [
   [
    819.562744140625,
    315.4816589355469,
    0.987
   ],
   [
    840.3961181640625,
    286.571533203125,
    0.981
   ],
   [
    792.7666625976562,
    297.68768310546875,
    0.952
   ],
   [
    887.1524047851562,
    307.1054382324219,
    0.91
   ],
   [
    773.45703125,
    332.2965087890625,
    0.63
   ],
   [
    992.0579223632812,
    464.43304443359375,
    0.985
   ],
   [
    736.2843017578125,
    500.96319580078125,
    0.98
   ],
   [
    1077.831298828125,
    663.6351318359375,
    0.875
   ],
   [
    699.2432861328125,
    711.962890625,
    0.797
   ],
   [
    1083.892578125,
    788.226806640625,
    0.729
   ],
   [
    747.9830322265625,
    774.1292724609375,
    0.645
   ],
   [
    1000.1754150390625,
    816.2322998046875,
    0.768
   ],
   [
    827.2723388671875,
    835.7529296875,
    0.745
   ],
   [
    1057.052490234375,
    946.6624145507812,
    -1.0
   ],
   [
    813.4385375976562,
    979.12646484375,
    -1.0
   ],
   [
    1051.748779296875,
    987.4091796875,
    -1.0
   ],
   [
    828.118408203125,
    1028.202392578125,
    -1.0
   ]
  ]
 ],
 "skeleton_percentage": [
  100
 ],
 "angle": [
  324
 ]
}