{
 "frame_index": 170,
 "skeletons": [
  [
   [
    837.4398193359375,
    308.88671875,
    0.99
   ],
   [
    857.3486328125,
    282.25543212890625,
    0.984
   ],
   [
    809.4142456054688,
    292.61639404296875,
    0.973
   ],
   [
    896.663330078125,
    306.3332214355469,
    0.883
   ],
   [
    783.2022705078125,
    330.95404052734375,
    0.706
   ],
   [
    998.0784301757812,
    462.0294189453125,
    0.97
   ],
   [
    745.9788818359375,
    503.929931640625,
    0.978
   ],
   [
    1091.0460205078125,
    669.5325927734375,
    0.728
   ],
   [
    725.2061767578125,
    723.0342407226562,
    0.75
   ],
   [
    1071.8131103515625,
    766.41943359375,
    0.524
   ],
   [
    757.5968017578125,
    755.688232421875,
    0.54
   ],
   [
    998.2029418945312,
    838.0345458984375,
    0.573
   ],
   [
    830.8572998046875,
    854.828857421875,
    0.59
   ],
   [
    1032.997802734375,
    971.3168334960938,
    -1.0
   ],
   [
    807.0924682617188,
    993.240966796875,
    -1.0
   ],
   [
    1027.639404296875,
    1024.2542724609375,
    -1.0
   ],
   [
    809.074462890625,
    1045.986572265625,
    -1.0
   ]
  ]
 ],
 "skeleton_percentage": [
  100
 ],
 "angle": [
  327
 ]
}