{
 "frame_index": 171,
 "skeletons": [
  [
   [
    837.7398681640625,
    308.8055114746094,
    0.99
   ],
   [
    857.51806640625,
    282.206787109375,
    0.984
   ],
   [
    809.5789794921875,
    292.61016845703125,
    0.974
   ],
   [
    896.6358642578125,
    306.2483825683594,
    0.882
   ],
   [
    783.1219482421875,
    330.9695129394531,
    0.713
   ],
   [
    998.1494140625,
    461.80816650390625,
    0.97
   ],
   [
    746.08544921875,
    503.2716064453125,
    0.978
   ],
   [
    1091.166748046875,
    668.7469482421875,
    0.725
   ],
   [
    725.623779296875,
    721.4905395507812,
    0.755
   ],
   [
    1073.1767578125,
    766.1134643554688,
    0.52
   ],
   [
    759.7071533203125,
    756.6077270507812,
    0.544
   ],
   [
    998.9466552734375,
    836.9835205078125,
    0.574
   ],
   [
    831.612060546875,
    853.7120361328125,
    0.595
   ],
   [
    1033.8563232421875,
    972.2523193359375,
    -1.0
   ],
   [
    808.14794921875,
    994.0296020507812,
    -1.0
   ],
   [
    1028.211181640625,
    1024.334228515625,
    -1.0
   ],
   [
    809.9489135742188,
    1046.576416015625,
    -1.0
   ]
  ]
 ],
 "skeleton_percentage": [
  100
 ],
 "angle": [
  327
 ]
}