{
 "frame_index": 172,
 "skeletons": [
  [
   [
    845.1025390625,
    305.97625732421875,
    0.991
   ],
   [
    865.111572265625,
    279.21240234375,
    0.985
   ],
   [
    818.2237548828125,
    289.4129943847656,
    0.971
   ],
   [
    907.4053344726562,
    302.00885009765625,
    0.902
   ],
   [
    795.4370727539062,
    326.32232666015625,
    0.674
   ],
   [
    1006.3954467773438,
    453.65771484375,
    0.98
   ],
   [
    764.347412109375,
    497.64300537109375,
    0.986
   ],
   [
    1100.1832275390625,
    642.8707275390625,
    0.835
   ],
   [
    731.2327270507812,
    708.0386962890625,
    0.86
   ],
   [
    1094.7957763671875,
    774.81005859375,
    0.691
   ],
   [
    759.017333984375,
    795.1382446289062,
    0.706
   ],
   [
    1011.6334228515625,
    823.3447265625,
    0.813
   ],
   [
    849.7215576171875,
    841.1400146484375,
    0.829
   ],
   [
    1039.76708984375,
    1022.9159545898438,
    -1.0
   ],
   [
    826.5269165039062,
    1046.38916015625,
    -1.0
   ],
   [
    1038.6436767578125,
    1080.0,
    -1.0
   ],
   [
    824.0699462890625,
    1080.0,
    -1.0
   ]
  ],
  [
   [
    844.1429443359375,
    305.87567138671875,
    0.987
   ],
   [
    865.0541381835938,
    278.8503112792969,
    0.973
   ],
   [
    818.641357421875,
    285.99737548828125,
    0.959
   ],
   [
    908.4100341796875,
    300.09466552734375,
    0.875
   ],
   [
    794.3527221679688,
    317.3470458984375,
    0.698
   ],
   [
    997.9004516601562,
    459.838134765625,
    0.986
   ],
   [
    769.9732666015625,
    494.71014404296875,
    0.99
   ],
   [
    1088.2669677734375,
    652.2671508789062,
    0.899
   ],
   [
    747.5202026367188,
    710.6820678710938,
    0.921
   ],
   [
    1078.2708740234375,
    773.99462890625,
    0.832
   ],
   [
    770.0872192382812,
    813.2010498046875,
    0.849
   ],
   [
    1005.3191528320312,
    808.4891967773438,
    0.904
   ],
   [
    850.7070922851562,
    821.4188232421875,
    0.918
   ],
   [
    1005.18603515625,
    978.234130859375,
    -1.0
   ],
   [
    805.0491943359375,
    995.6700439453125,
    -1.0
   ],
   [
    1007.9910888671875,
    1026.228271484375,
    -1.0
   ],
   [
    816.081787109375,
    1041.3250732421875,
    -1.0
   ]
  ]
 ],
 "skeleton_percentage": [
  100,
  100
 ],
 "angle": [
  333,
  225
 ]
}