{
 "frame_index": 173,
 "skeletons": [
  [
   [
    866.0667724609375,
    301.3544921875,
    0.992
   ],
   [
    884.33251953125,
    276.1498718261719,
    0.984
   ],
   [
    836.9598999023438,
    284.5491943359375,
    0.975
   ],
   [
    920.5420532226562,
    303.638427734375,
    0.866
   ],
   [
    807.0029296875,
    325.2770080566406,
    0.715
   ],
   [
    1011.9873046875,
    457.0018615722656,
    0.979
   ],
   [
    782.8873291015625,
    495.3292236328125,
    0.987
   ],
   [
    1115.27685546875,
    650.0523071289062,
    0.836
   ],
   [
    754.0911254882812,
    702.1564331054688,
    0.884
   ],
   [
    1121.8218994140625,
    769.1502685546875,
    0.703
   ],
   [
    781.6060791015625,
    723.7080688476562,
    0.766
   ],
   [
    1023.2320556640625,
    823.649169921875,
    0.793
   ],
   [
    866.0750732421875,
    838.2332153320312,
    0.821
   ],
   [
    1054.54736328125,
    968.857666015625,
    -1.0
   ],
   [
    822.5225830078125,
    989.660888671875,
    -1.0
   ],
   [
    1067.4334716796875,
    1036.1123046875,
    -1.0
   ],
   [
    803.453857421875,
    1052.05908203125,
    -1.0
   ]
  ]
 ],
 "skeleton_percentage": [
  100
 ],
 "angle": [
  343
 ]
}