{
 "frame_index": 174,
 "skeletons": [
  [
   [
    865.9669189453125,
    301.2764587402344,
    0.992
   ],
   [
    884.5534057617188,
    276.2078857421875,
    0.984
   ],
   [
    836.927734375,
    284.38818359375,
    0.975
   ],
   [
    921.1547241210938,
    304.102294921875,
    0.869
   ],
   [
    807.1605224609375,
    325.2123718261719,
    0.71
   ],
   [
    1012.5279541015625,
    457.6768798828125,
    0.979
   ],
   [
    783.04833984375,
    495.17510986328125,
    0.987
   ],
   [
    1115.847900390625,
    650.3369140625,
    0.834
   ],
   [
    754.7279663085938,
    701.943359375,
    0.88
   ],
   [
    1122.471923828125,
    769.4020385742188,
    0.699
   ],
   [
    782.133056640625,
    730.21484375,
    0.757
   ],
   [
    1023.1121826171875,
    823.5977783203125,
    0.792
   ],
   [
    866.03955078125,
    837.8004150390625,
    0.819
   ],
   [
    1052.9927978515625,
    970.006103515625,
    -1.0
   ],
   [
    823.0241088867188,
    989.846435546875,
    -1.0
   ],
   [
    1065.795654296875,
    1038.069091796875,
    -1.0
   ],
   [
    806.103759765625,
    1053.496337890625,
    -1.0
   ]
  ]
 ],
 "skeleton_percentage": [
  100
 ],
 "angle": [
  343
 ]
}