{
 "frame_index": 175,
 "skeletons": [
  [
   [
    880.0358276367188,
    300.5929870605469,
    0.986
   ],
   [
    901.9544677734375,
    274.39398193359375,
    0.973
   ],
   [
    853.0764770507812,
    281.6250915527344,
    0.95
   ],
   [
    945.4989624023438,
    302.24725341796875,
    0.888
   ],
   [
    827.3795166015625,
    319.5473327636719,
    0.648
   ],
   [
    1033.8040771484375,
    470.5285949707031,
    0.986
   ],
   [
    803.2464599609375,
    496.1221618652344,
    0.986
   ],
   [
    1122.702880859375,
    686.7489624023438,
    0.895
   ],
   [
    773.7403564453125,
    709.5738525390625,
    0.891
   ],
   [
    1108.154296875,
    835.2320556640625,
    0.8
   ],
   [
    803.7009887695312,
    793.6664428710938,
    0.793
   ],
   [
    1035.5794677734375,
    848.9368896484375,
    0.881
   ],
   [
    879.6241455078125,
    857.3795166015625,
    0.886
   ],
   [
    1030.146484375,
    1003.0109252929688,
    -1.0
   ],
   [
    831.6544189453125,
    1016.6263427734375,
    -1.0
   ],
   [
    1037.5909423828125,
    1044.3109130859375,
    -1.0
   ],
   [
    838.9257202148438,
    1056.2725830078125,
    -1.0
   ]
  ],
  [
   [
    884.2364501953125,
    302.7238464355469,
    0.991
   ],
   [
    905.5987548828125,
    276.98626708984375,
    0.983
   ],
   [
    854.7405395507812,
    285.1454162597656,
    0.974
   ],
   [
    947.3551025390625,
    305.69244384765625,
    0.881
   ],
   [
    827.70654296875,
    326.46234130859375,
    0.723
   ],
   [
    1037.69482421875,
    468.941162109375,
    0.98
   ],
   [
    797.4444580078125,
    495.04736328125,
    0.985
   ],
   [
    1123.07421875,
    671.5271606445312,
    0.815
   ],
   [
    766.9700927734375,
    702.2596435546875,
    0.854
   ],
   [
    1131.05078125,
    770.4180908203125,
    0.662
   ],
   [
    803.9987182617188,
    755.2547607421875,
    0.706
   ],
   [
    1029.5328369140625,
    833.4287109375,
    0.794
   ],
   [
    866.98681640625,
    844.3716430664062,
    0.823
   ],
   [
    1061.4454345703125,
    989.4053955078125,
    -1.0
   ],
   [
    831.3956298828125,
    1006.248046875,
    -1.0
   ],
   [
    1060.478515625,
    1036.3939208984375,
    -1.0
   ],
   [
    828.060302734375,
    1061.9061279296875,
    -1.0
   ]
  ]
 ],
 "skeleton_percentage": [
  100,
  100
 ],
 "angle": [
  188,
  357
 ]
}