{
 "frame_index": 176,
 "skeletons": [
  [
   [
    899.8328857421875,
    300.8724365234375,
    0.983
   ],
   [
    920.7756958007812,
    274.548095703125,
    0.968
   ],
   [
    869.9383544921875,
    283.1318054199219,
    0.957
   ],
   [
    961.6380615234375,
    303.4992370605469,
    0.846
   ],
   [
    844.1260986328125,
    324.89837646484375,
    0.737
   ],
   [
    1050.234619140625,
    464.05126953125,
    0.973
   ],
   [
    815.3861083984375,
    496.13958740234375,
    0.983
   ],
   [
    1148.9820556640625,
    648.8768920898438,
    0.731
   ],
   [
    773.2596435546875,
    698.60595703125,
    0.824
   ],
   [
    1144.7174072265625,
    731.1513671875,
    0.565
   ],
   [
    816.98876953125,
    734.5965576171875,
    0.663
   ],
   [
    1044.890625,
    828.8139038085938,
    0.761
   ],
   [
    891.5231323242188,
    844.707275390625,
    0.814
   ],
   [
    1077.869873046875,
    966.2926025390625,
    -1.0
   ],
   [
    893.9708862304688,
    989.9932861328125,
    -1.0
   ],
   [
    1064.3504638671875,
    1024.854248046875,
    -1.0
   ],
   [
    905.7203369140625,
    1054.34814453125,
    -1.0
   ]
  ],
  [
   [
    898.7952880859375,
    297.9146728515625,
    0.986
   ],
   [
    920.70068359375,
    272.6800537109375,
    0.974
   ],
   [
    870.232177734375,
    279.7335205078125,
    0.964
   ],
   [
    963.1510620117188,
    301.365478515625,
    0.873
   ],
   [
    844.5650634765625,
    320.15057373046875,
    0.72
   ],
   [
    1044.65869140625,
    461.8092041015625,
    0.977
   ],
   [
    828.668212890625,
    497.35028076171875,
    0.988
   ],
   [
    1138.826904296875,
    644.39697265625,
    0.787
   ],
   [
    798.5859375,
    699.00732421875,
    0.889
   ],
   [
    1138.996337890625,
    743.229736328125,
    0.666
   ],
   [
    832.958251953125,
    752.2587890625,
    0.771
   ],
   [
    1048.30908203125,
    826.11962890625,
    0.866
   ],
   [
    907.1224365234375,
    838.572265625,
    0.905
   ],
   [
    1022.7642822265625,
    1002.14990234375,
    -1.0
   ],
   [
    867.5880126953125,
    1018.3833618164062,
    -1.0
   ],
   [
    1015.1783447265625,
    1040.619873046875,
    -1.0
   ],
   [
    878.4384765625,
    1053.58349609375,
    -1.0
   ]
  ]
 ],
 "skeleton_percentage": [
  100,
  100
 ],
 "angle": [
  11,
  158
 ]
}