{
 "frame_index": 177,
 "skeletons": [
  [
   [
    901.6864013671875,
    299.90325927734375,
    0.986
   ],
   [
    921.886962890625,
    274.5794677734375,
    0.98
   ],
   [
    872.0181884765625,
    282.875732421875,
    0.963
   ],
   [
    961.4617309570312,
    303.5836486816406,
    0.889
   ],
   [
    846.383056640625,
    323.8459167480469,
    0.709
   ],
   [
    1054.75146484375,
    459.63690185546875,
    0.978
   ],
   [
    809.611083984375,
    491.3138427734375,
    0.979
   ],
   [
    1147.290283203125,
    667.3782958984375,
    0.782
   ],
   [
    778.251708984375,
    716.0023193359375,
    0.751
   ],
   [
    1138.3438720703125,
    727.4030151367188,
    0.592
   ],
   [
    834.9810791015625,
    729.8211669921875,
    0.56
   ],
   [
    1052.642333984375,
    826.17626953125,
    0.611
   ],
   [
    889.7620239257812,
    842.1022338867188,
    0.604
   ],
   [
    1115.1884765625,
    815.92822265625,
    -1.0
   ],
   [
    881.4204711914062,
    836.5757446289062,
    -1.0
   ],
   [
    1108.955810546875,
    860.2735595703125,
    -1.0
   ],
   [
    874.199462890625,
    886.6213989257812,
    -1.0
   ]
  ],
  [
   [
    898.89111328125,
    297.72930908203125,
    0.986
   ],
   [
    921.0018310546875,
    272.51611328125,
    0.973
   ],
   [
    870.0943603515625,
    279.4112854003906,
    0.963
   ],
   [
    963.5850219726562,
    301.5129089355469,
    0.871
   ],
   [
    844.1351318359375,
    319.98199462890625,
    0.719
   ],
   [
    1043.7232666015625,
    462.1262512207031,
    0.975
   ],
   [
    829.5155639648438,
    497.84625244140625,
    0.987
   ],
   [
    1137.839599609375,
    643.782958984375,
    0.766
   ],
   [
    799.268310546875,
    699.2225341796875,
    0.879
   ],
   [
    1139.0621337890625,
    739.984130859375,
    0.636
   ],
   [
    835.182373046875,
    747.7146606445312,
    0.752
   ],
   [
    1048.789306640625,
    824.88525390625,
    0.852
   ],
   [
    909.4063110351562,
    837.48486328125,
    0.896
   ],
   [
    1020.46484375,
    996.8952026367188,
    -1.0
   ],
   [
    871.2393798828125,
    1013.2241821289062,
    -1.0
   ],
   [
    1012.853271484375,
    1032.3433837890625,
    -1.0
   ],
   [
    884.0172729492188,
    1044.8260498046875,
    -1.0
   ]
  ]
 ],
 "skeleton_percentage": [
  100,
  100
 ],
 "angle": [
  12,
  159
 ]
}