{
 "frame_index": 178,
 "skeletons": [
  [
   [
    915.641845703125,
    299.31732177734375,
    0.99
   ],
   [
    938.2142944335938,
    273.17498779296875,
    0.984
   ],
   [
    888.6658935546875,
    282.2127685546875,
    0.967
   ],
   [
    983.4403076171875,
    298.80584716796875,
    0.912
   ],
   [
    866.2597045898438,
    321.14068603515625,
    0.639
   ],
   [
    1082.792724609375,
    452.20501708984375,
    0.978
   ],
   [
    837.7469482421875,
    494.47784423828125,
    0.984
   ],
   [
    1183.15185546875,
    634.7971801757812,
    0.814
   ],
   [
    811.740234375,
    696.1439208984375,
    0.843
   ],
   [
    1151.9066162109375,
    740.6310424804688,
    0.688
   ],
   [
    842.6647338867188,
    762.09521484375,
    0.694
   ],
   [
    1068.007080078125,
    816.8615112304688,
    0.822
   ],
   [
    907.7843627929688,
    829.7479248046875,
    0.84
   ],
   [
    1061.858154296875,
    1021.4173583984375,
    -1.0
   ],
   [
    875.338623046875,
    1036.43896484375,
    -1.0
   ],
   [
    1039.892822265625,
    1080.0,
    -1.0
   ],
   [
    871.4749145507812,
    1080.0,
    -1.0
   ]
  ],
  [
   [
    914.7496948242188,
    300.4896545410156,
    0.99
   ],
   [
    938.069580078125,
    274.274658203125,
    0.979
   ],
   [
    888.152099609375,
    281.33050537109375,
    0.971
   ],
   [
    984.544189453125,
    299.78912353515625,
    0.894
   ],
   [
    865.2383422851562,
    317.6317443847656,
    0.722
   ],
   [
    1077.525634765625,
    462.05755615234375,
    0.98
   ],
   [
    842.900634765625,
    495.37481689453125,
    0.99
   ],
   [
    1178.63720703125,
    645.124755859375,
    0.813
   ],
   [
    820.2706298828125,
    693.688232421875,
    0.912
   ],
   [
    1139.4019775390625,
    744.362060546875,
    0.729
   ],
   [
    859.2185668945312,
    762.4681396484375,
    0.82
   ],
   [
    1060.055908203125,
    835.0343627929688,
    0.862
   ],
   [
    905.1673583984375,
    843.0274658203125,
    0.905
   ],
   [
    1033.205810546875,
    1020.9223022460938,
    -1.0
   ],
   [
    859.5785522460938,
    1029.247314453125,
    -1.0
   ],
   [
    1004.9757080078125,
    1060.666015625,
    -1.0
   ],
   [
    857.251708984375,
    1063.9405517578125,
    -1.0
   ]
  ]
 ],
 "skeleton_percentage": [
  100,
  100
 ],
 "angle": [
  27,
  127
 ]
}