{
 "frame_index": 179,
 "skeletons": [
  [
   [
    941.935302734375,
    297.19451904296875,
    0.991
   ],
   [
    965.0886840820312,
    270.6710205078125,
    0.985
   ],
   [
    914.2428588867188,
    279.7624816894531,
    0.968
   ],
   [
    1012.4141845703125,
    296.24334716796875,
    0.915
   ],
   [
    890.584228515625,
    318.12005615234375,
    0.635
   ],
   [
    1112.081298828125,
    444.26806640625,
    0.982
   ],
   [
    862.8472900390625,
    480.3058776855469,
    0.989
   ],
   [
    1202.117919921875,
    629.0540771484375,
    0.851
   ],
   [
    834.2891845703125,
    676.81005859375,
    0.894
   ],
   [
    1202.2393798828125,
    740.3252563476562,
    0.732
   ],
   [
    852.0546875,
    753.1968383789062,
    0.766
   ],
   [
    1112.9888916015625,
    783.93798828125,
    0.846
   ],
   [
    944.6700439453125,
    796.3653564453125,
    0.868
   ],
   [
    1130.43212890625,
    873.9649658203125,
    -1.0
   ],
   [
    888.130126953125,
    890.96240234375,
    -1.0
   ],
   [
    1130.330810546875,
    953.625732421875,
    -1.0
   ],
   [
    892.9762573242188,
    973.5628662109375,
    -1.0
   ]
  ]
 ],
 "skeleton_percentage": [
  100
 ],
 "angle": [
  39
 ]
}