{
 "frame_index": 180,
 "skeletons": [
  [
   [
    939.1600341796875,
    298.783203125,
    0.99
   ],
   [
    964.3584594726562,
    273.0602722167969,
    0.98
   ],
   [
    913.0927734375,
    279.6324768066406,
    0.97
   ],
   [
    1012.94384765625,
    297.802490234375,
    0.899
   ],
   [
    890.7617797851562,
    314.0083312988281,
    0.698
   ],
   [
    1101.8822021484375,
    448.89105224609375,
    0.981
   ],
   [
    865.3699951171875,
    482.09857177734375,
    0.991
   ],
   [
    1193.499755859375,
    633.7744750976562,
    0.825
   ],
   [
    844.90869140625,
    677.1524658203125,
    0.922
   ],
   [
    1187.3895263671875,
    755.3740234375,
    0.741
   ],
   [
    858.93017578125,
    752.6105346679688,
    0.834
   ],
   [
    1090.3760986328125,
    791.46435546875,
    0.878
   ],
   [
    936.174072265625,
    800.8489990234375,
    0.918
   ],
   [
    1070.775634765625,
    896.2022705078125,
    -1.0
   ],
   [
    890.9141845703125,
    909.5784301757812,
    -1.0
   ],
   [
    1039.51171875,
    958.8616943359375,
    -1.0
   ],
   [
    904.689453125,
    966.2884521484375,
    -1.0
   ]
  ]
 ],
 "skeleton_percentage": [
  100
 ],
 "angle": [
  108
 ]
}