{
 "frame_index": 181,
 "skeletons": [
  [
   [
    959.2597045898438,
    289.53515625,
    0.987
   ],
   [
    982.983154296875,
    263.5148620605469,
    0.973
   ],
   [
    933.2877197265625,
    270.74212646484375,
    0.958
   ],
   [
    1029.2060546875,
    287.5174560546875,
    0.883
   ],
   [
    908.84912109375,
    304.9536437988281,
    0.675
   ],
   [
    1113.9501953125,
    448.138671875,
    0.987
   ],
   [
    887.4881591796875,
    479.6783447265625,
    0.992
   ],
   [
    1214.990234375,
    639.0758666992188,
    0.907
   ],
   [
    865.9495239257812,
    672.5928344726562,
    0.945
   ],
   [
    1212.6331787109375,
    776.5482177734375,
    0.87
   ],
   [
    872.9581298828125,
    730.7818603515625,
    0.9
   ],
   [
    1090.8572998046875,
    785.6505126953125,
    0.932
   ],
   [
    946.7418212890625,
    792.6919555664062,
    0.949
   ],
   [
    1034.60693359375,
    943.6484985351562,
    -1.0
   ],
   [
    898.613037109375,
    958.3401489257812,
    0.547
   ],
   [
    999.4550170898438,
    971.9501953125,
    -1.0
   ],
   [
    912.712890625,
    980.1298828125,
    -1.0
   ]
  ]
 ],
 "skeleton_percentage": [
  100
 ],
 "angle": [
  116
 ]
}