{
 "frame_index": 182,
 "skeletons": [
  [
   [
    992.1591796875,
    288.4598388671875,
    0.992
   ],
   [
    1013.0850830078125,
    261.4181213378906,
    0.98
   ],
   [
    963.5980224609375,
    270.4028625488281,
    0.974
   ],
   [
    1053.0545654296875,
    283.14959716796875,
    0.887
   ],
   [
    936.826416015625,
    306.6571350097656,
    0.754
   ],
   [
    1145.6737060546875,
    440.19622802734375,
    0.989
   ],
   [
    905.9690551757812,
    475.601318359375,
    0.994
   ],
   [
    1224.154541015625,
    631.5570068359375,
    0.895
   ],
   [
    881.0738525390625,
    674.7432861328125,
    0.948
   ],
   [
    1226.248046875,
    747.5509643554688,
    0.836
   ],
   [
    872.1729736328125,
    752.3148193359375,
    0.886
   ],
   [
    1113.94482421875,
    783.7816772460938,
    0.949
   ],
   [
    963.2308349609375,
    793.21728515625,
    0.964
   ],
   [
    1075.3572998046875,
    992.6986083984375,
    -1.0
   ],
   [
    927.964599609375,
    1011.0758056640625,
    0.51
   ],
   [
    1007.7919921875,
    1070.763916015625,
    -1.0
   ],
   [
    927.6622924804688,
    1080.0,
    -1.0
   ]
  ]
 ],
 "skeleton_percentage": [
  100
 ],
 "angle": [
  117
 ]
}