{
 "frame_index": 183,
 "skeletons": [
  [
   [
    991.8160400390625,
    288.240478515625,
    0.992
   ],
   [
    1012.8920288085938,
    261.154052734375,
    0.98
   ],
   [
    963.273193359375,
    270.1407775878906,
    0.974
   ],
   [
    1053.10595703125,
    283.02728271484375,
    0.889
   ],
   [
    936.6363525390625,
    306.54779052734375,
    0.749
   ],
   [
    1146.0260009765625,
    440.41168212890625,
    0.988
   ],
   [
    905.860107421875,
    475.8216247558594,
    0.994
   ],
   [
    1224.421875,
    633.8666381835938,
    0.895
   ],
   [
    880.9198608398438,
    675.876708984375,
    0.946
   ],
   [
    1225.160888671875,
    752.7130737304688,
    0.834
   ],
   [
    870.140380859375,
    751.4007568359375,
    0.882
   ],
   [
    1113.7677001953125,
    785.3772583007812,
    0.947
   ],
   [
    962.6434326171875,
    794.6116943359375,
    0.962
   ],
   [
    1075.329833984375,
    991.3189697265625,
    -1.0
   ],
   [
    926.333984375,
    1009.633544921875,
    0.5
   ],
   [
    1008.1103515625,
    1069.73876953125,
    -1.0
   ],
   [
    925.9139404296875,
    1080.0,
    -1.0
   ]
  ]
 ],
 "skeleton_percentage": [
  100
 ],
 "angle": [
  118
 ]
}