{
 "frame_index": 184,
 "skeletons": [
  [
   [
    1005.73974609375,
    286.5621643066406,
    0.988
   ],
   [
    1027.595703125,
    261.36041259765625,
    0.977
   ],
   [
    980.2853393554688,
    268.37078857421875,
    0.96
   ],
   [
    1069.7373046875,
    286.3760986328125,
    0.9
   ],
   [
    956.4207763671875,
    304.8548889160156,
    0.67
   ],
   [
    1166.726318359375,
    440.31402587890625,
    0.987
   ],
   [
    915.4381103515625,
    472.7763671875,
    0.991
   ],
   [
    1243.1531982421875,
    627.077880859375,
    0.903
   ],
   [
    884.779052734375,
    667.0773315429688,
    0.924
   ],
   [
    1214.118896484375,
    744.1961059570312,
    0.839
   ],
   [
    897.90478515625,
    741.7435913085938,
    0.85
   ],
   [
    1137.010498046875,
    767.2919311523438,
    0.903
   ],
   [
    974.0294189453125,
    776.1251220703125,
    0.916
   ],
   [
    1122.4287109375,
    915.848388671875,
    -1.0
   ],
   [
    940.7745361328125,
    931.1282958984375,
    -1.0
   ],
   [
    1071.2562255859375,
    979.0490112304688,
    -1.0
   ],
   [
    946.7802734375,
    994.4039306640625,
    -1.0
   ]
  ]
 ],
 "skeleton_percentage": [
  100
 ],
 "angle": [
  68
 ]
}