{
 "frame_index": 185,
 "skeletons": [
  [
   [
    1036.285888671875,
    282.48260498046875,
    0.991
   ],
   [
    1056.6187744140625,
    257.235595703125,
    0.976
   ],
   [
    1007.8555297851562,
    262.0693359375,
    0.974
   ],
   [
    1092.275146484375,
    283.4671630859375,
    0.841
   ],
   [
    973.5955810546875,
    298.1180725097656,
    0.756
   ],
   [
    1185.0091552734375,
    439.769287109375,
    0.984
   ],
   [
    927.545166015625,
    466.93438720703125,
    0.991
   ],
   [
    1265.461181640625,
    628.7695922851562,
    0.86
   ],
   [
    899.3106689453125,
    667.7771606445312,
    0.926
   ],
   [
    1227.464111328125,
    706.0870971679688,
    0.784
   ],
   [
    897.0455322265625,
    738.325439453125,
    0.846
   ],
   [
    1161.0244140625,
    775.0509033203125,
    0.832
   ],
   [
    989.605224609375,
    782.685302734375,
    0.87
   ],
   [
    1172.84765625,
    817.9259033203125,
    -1.0
   ],
   [
    947.40625,
    827.16748046875,
    -1.0
   ],
   [
    1126.4261474609375,
    882.642333984375,
    -1.0
   ],
   [
    945.4000854492188,
    891.9578247070312,
    -1.0
   ]
  ]
 ],
 "skeleton_percentage": [
  100
 ],
 "angle": [
  62
 ]
}