{
 "frame_index": 186,
 "skeletons": [
  [
   [
    1074.0821533203125,
    275.754638671875,
    0.991
   ],
   [
    1095.105712890625,
    249.89117431640625,
    0.972
   ],
   [
    1044.6075439453125,
    253.2374725341797,
    0.979
   ],
   [
    1128.88525390625,
    276.62152099609375,
    0.811
   ],
   [
    1010.950927734375,
    287.4888916015625,
    0.845
   ],
   [
    1207.4281005859375,
    451.248046875,
    0.985
   ],
   [
    958.205810546875,
    459.38104248046875,
    0.993
   ],
   [
    1274.8084716796875,
    638.0330810546875,
    0.825
   ],
   [
    915.10986328125,
    662.7305297851562,
    0.933
   ],
   [
    1291.726806640625,
    652.8114624023438,
    0.735
   ],
   [
    923.526123046875,
    752.6215209960938,
    0.845
   ],
   [
    1144.5625,
    818.5191650390625,
    0.865
   ],
   [
    983.587646484375,
    820.7861938476562,
    0.912
   ],
   [
    1134.573486328125,
    902.8739013671875,
    -1.0
   ],
   [
    946.65087890625,
    908.3351440429688,
    -1.0
   ],
   [
    1072.263671875,
    971.181396484375,
    -1.0
   ],
   [
    956.291015625,
    999.8857421875,
    -1.0
   ]
  ]
 ],
 "skeleton_percentage": [
  100
 ],
 "angle": [
  80
 ]
}