{
 "frame_index": 187,
 "skeletons": [
  [
   [
    1086.672119140625,
    275.15911865234375,
    0.99
   ],
   [
    1107.417236328125,
    251.17808532714844,
    0.979
   ],
   [
    1058.8084716796875,
    255.24989318847656,
    0.976
   ],
   [
    1142.8565673828125,
    277.1105041503906,
    0.857
   ],
   [
    1026.1068115234375,
    288.9626770019531,
    0.779
   ],
   [
    1223.9686279296875,
    444.86810302734375,
    0.98
   ],
   [
    972.4967041015625,
    455.7578430175781,
    0.989
   ],
   [
    1283.0133056640625,
    654.1801147460938,
    0.798
   ],
   [
    916.6097412109375,
    662.2474975585938,
    0.872
   ],
   [
    1211.1611328125,
    732.6179809570312,
    0.675
   ],
   [
    950.8569946289062,
    738.4708251953125,
    0.736
   ],
   [
    1175.6729736328125,
    804.240234375,
    0.723
   ],
   [
    1012.7705078125,
    806.5008544921875,
    0.771
   ],
   [
    1185.82421875,
    851.517578125,
    -1.0
   ],
   [
    986.468505859375,
    852.513916015625,
    -1.0
   ],
   [
    1152.6689453125,
    903.4612426757812,
    -1.0
   ],
   [
    982.72119140625,
    913.2009887695312,
    -1.0
   ]
  ]
 ],
 "skeleton_percentage": [
  100
 ],
 "angle": [
  61
 ]
}