{
 "frame_index": 188,
 "skeletons": [
  [
   [
    1106.707275390625,
    276.04083251953125,
    0.992
   ],
   [
    1127.652099609375,
    252.0970001220703,
    0.975
   ],
   [
    1077.6976318359375,
    256.2041320800781,
    0.982
   ],
   [
    1160.122314453125,
    280.82342529296875,
    0.826
   ],
   [
    1042.570556640625,
    294.4051818847656,
    0.834
   ],
   [
    1238.4189453125,
    458.4842834472656,
    0.979
   ],
   [
    988.6806640625,
    455.87298583984375,
    0.993
   ],
   [
    1277.0986328125,
    681.7598876953125,
    0.757
   ],
   [
    938.342529296875,
    652.2501220703125,
    0.921
   ],
   [
    1225.5244140625,
    781.8348388671875,
    0.629
   ],
   [
    944.6649169921875,
    756.234375,
    0.8
   ],
   [
    1152.405517578125,
    800.3219604492188,
    0.806
   ],
   [
    994.06982421875,
    791.5827026367188,
    0.879
   ],
   [
    1109.422607421875,
    955.42822265625,
    -1.0
   ],
   [
    945.8538208007812,
    948.6954345703125,
    -1.0
   ],
   [
    1039.5289306640625,
    1019.4926147460938,
    -1.0
   ],
   [
    945.2755126953125,
    1035.6300048828125,
    -1.0
   ]
  ]
 ],
 "skeleton_percentage": [
  100
 ],
 "angle": [
  66
 ]
}