{
 "frame_index": 189,
 "skeletons": [
  [
   [
    1106.378662109375,
    276.29437255859375,
    0.992
   ],
   [
    1127.41015625,
    252.34970092773438,
    0.975
   ],
   [
    1077.6014404296875,
    256.373779296875,
    0.981
   ],
   [
    1160.0128173828125,
    280.95989990234375,
    0.828
   ],
   [
    1042.7105712890625,
    294.3175048828125,
    0.83
   ],
   [
    1238.8856201171875,
    458.25933837890625,
    0.979
   ],
   [
    988.596435546875,
    456.27789306640625,
    0.992
   ],
   [
    1278.275634765625,
    681.7879638671875,
    0.755
   ],
   [
    938.3773193359375,
    653.3822021484375,
    0.918
   ],
   [
    1224.0107421875,
    782.8500366210938,
    0.625
   ],
   [
    944.6588134765625,
    755.4226684570312,
    0.795
   ],
   [
    1153.03759765625,
    800.1617431640625,
    0.798
   ],
   [
    994.3072509765625,
    791.4611206054688,
    0.873
   ],
   [
    1108.81884765625,
    951.2825927734375,
    -1.0
   ],
   [
    944.68505859375,
    944.4908447265625,
    -1.0
   ],
   [
    1038.295654296875,
    1014.185546875,
    -1.0
   ],
   [
    944.0077514648438,
    1029.0391845703125,
    -1.0
   ]
  ]
 ],
 "skeleton_percentage": [
  100
 ],
 "angle": [
  66
 ]
}