{
 "frame_index": 190,
 "skeletons": [
  [
   [
    1120.74853515625,
    276.8877258300781,
    0.99
   ],
   [
    1142.2110595703125,
    253.999755859375,
    0.969
   ],
   [
    1093.506103515625,
    256.0921936035156,
    0.978
   ],
   [
    1172.0,
    284.5872802734375,
    0.784
   ],
   [
    1055.6982421875,
    292.9986877441406,
    0.82
   ],
   [
    1253.632568359375,
    457.08013916015625,
    0.975
   ],
   [
    996.708740234375,
    453.9883117675781,
    0.993
   ],
   [
    1301.189208984375,
    680.87353515625,
    0.756
   ],
   [
    945.9102172851562,
    656.8663330078125,
    0.931
   ],
   [
    1233.4354248046875,
    771.2100219726562,
    0.653
   ],
   [
    942.1348876953125,
    770.2880859375,
    0.826
   ],
   [
    1178.530517578125,
    798.215087890625,
    0.778
   ],
   [
    1014.216552734375,
    788.4041748046875,
    0.865
   ],
   [
    1124.7537841796875,
    934.0865478515625,
    -1.0
   ],
   [
    954.876708984375,
    921.2410888671875,
    -1.0
   ],
   [
    1060.7476806640625,
    1000.7838134765625,
    -1.0
   ],
   [
    964.633544921875,
    1004.4490966796875,
    -1.0
   ]
  ]
 ],
 "skeleton_percentage": [
  100
 ],
 "angle": [
  64
 ]
}