{
 "frame_index": 191,
 "skeletons": [
  [
   [
    1130.9483642578125,
    278.44342041015625,
    0.99
   ],
   [
    1153.1190185546875,
    255.720703125,
    0.969
   ],
   [
    1104.6689453125,
    256.8476257324219,
    0.98
   ],
   [
    1183.14404296875,
    284.56982421875,
    0.771
   ],
   [
    1067.950439453125,
    290.1600036621094,
    0.838
   ],
   [
    1258.3172607421875,
    450.3238220214844,
    0.974
   ],
   [
    1008.192626953125,
    452.5952453613281,
    0.993
   ],
   [
    1314.3609619140625,
    651.0834350585938,
    0.751
   ],
   [
    956.62451171875,
    655.0692138671875,
    0.938
   ],
   [
    1263.982177734375,
    698.9724731445312,
    0.673
   ],
   [
    948.401123046875,
    774.3856201171875,
    0.842
   ],
   [
    1187.503173828125,
    795.015625,
    0.823
   ],
   [
    1027.9918212890625,
    788.811767578125,
    0.899
   ],
   [
    1134.718017578125,
    949.5064086914062,
    -1.0
   ],
   [
    973.3868408203125,
    937.8226318359375,
    -1.0
   ],
   [
    1071.44580078125,
    1020.017578125,
    -1.0
   ],
   [
    980.8511352539062,
    1022.6954956054688,
    -1.0
   ]
  ],
  [
   [
    1128.96533203125,
    275.06744384765625,
    0.987
   ],
   [
    1152.536376953125,
    251.47100830078125,
    0.959
   ],
   [
    1103.3515625,
    252.14254760742188,
    0.973
   ],
   [
    1186.2313232421875,
    279.0150146484375,
    0.794
   ],
   [
    1068.601806640625,
    282.6947937011719,
    0.829
   ],
   [
    1247.5465087890625,
    462.50408935546875,
    0.982
   ],
   [
    1013.735595703125,
    452.4521484375,
    0.993
   ],
   [
    1298.830810546875,
    665.1026611328125,
    0.823
   ],
   [
    963.0029296875,
    652.2252197265625,
    0.944
   ],
   [
    1267.878662109375,
    712.4189453125,
    0.776
   ],
   [
    951.8208618164062,
    773.3643798828125,
    0.881
   ],
   [
    1154.9781494140625,
    798.996826171875,
    0.883
   ],
   [
    1006.604248046875,
    785.6363525390625,
    0.93
   ],
   [
    1084.70556640625,
    984.212158203125,
    -1.0
   ],
   [
    948.96337890625,
    967.5496826171875,
    -1.0
   ],
   [
    1032.3262939453125,
    1009.1105346679688,
    -1.0
   ],
   [
    963.151611328125,
    1014.177490234375,
    -1.0
   ]
  ]
 ],
 "skeleton_percentage": [
  100,
  100
 ],
 "angle": [
  68,
  107
 ]
}