{
 "frame_index": 192,
 "skeletons": [
  [
   [
    1132.013427734375,
    279.62689208984375,
    0.99
   ],
   [
    1153.00830078125,
    256.5748291015625,
    0.965
   ],
   [
    1105.7750244140625,
    257.72247314453125,
    0.98
   ],
   [
    1181.074462890625,
    284.2052001953125,
    0.743
   ],
   [
    1068.0804443359375,
    289.6217041015625,
    0.852
   ],
   [
    1258.2213134765625,
    450.929443359375,
    0.971
   ],
   [
    1007.5460205078125,
    453.29473876953125,
    0.993
   ],
   [
    1317.536376953125,
    647.501220703125,
    0.716
   ],
   [
    955.8949584960938,
    653.848388671875,
    0.931
   ],
   [
    1266.2392578125,
    684.0868530273438,
    0.634
   ],
   [
    950.2354736328125,
    771.344482421875,
    0.824
   ],
   [
    1192.3583984375,
    795.5,
    0.783
   ],
   [
    1032.262939453125,
    789.913330078125,
    0.875
   ],
   [
    1141.947998046875,
    950.1838989257812,
    -1.0
   ],
   [
    979.4767456054688,
    938.480712890625,
    -1.0
   ],
   [
    1076.685302734375,
    1013.9913330078125,
    -1.0
   ],
   [
    984.916259765625,
    1017.058837890625,
    -1.0
   ]
  ],
  [
   [
    1129.5321044921875,
    276.0292053222656,
    0.986
   ],
   [
    1152.515380859375,
    251.90972900390625,
    0.954
   ],
   [
    1103.845703125,
    252.5684051513672,
    0.972
   ],
   [
    1185.1170654296875,
    278.1054382324219,
    0.783
   ],
   [
    1069.039306640625,
    281.75164794921875,
    0.843
   ],
   [
    1248.42333984375,
    462.4082336425781,
    0.981
   ],
   [
    1013.244873046875,
    453.44854736328125,
    0.993
   ],
   [
    1303.9117431640625,
    658.004638671875,
    0.802
   ],
   [
    961.2500610351562,
    653.8814697265625,
    0.939
   ],
   [
    1273.4112548828125,
    690.427490234375,
    0.744
   ],
   [
    953.9672241210938,
    775.1759033203125,
    0.865
   ],
   [
    1156.408203125,
    803.3369140625,
    0.877
   ],
   [
    1008.666748046875,
    790.4415283203125,
    0.927
   ],
   [
    1082.062255859375,
    989.5556030273438,
    -1.0
   ],
   [
    955.1815185546875,
    972.4751586914062,
    -1.0
   ],
   [
    1024.2132568359375,
    1014.3792724609375,
    -1.0
   ],
   [
    972.154541015625,
    1019.9423828125,
    -1.0
   ]
  ]
 ],
 "skeleton_percentage": [
  100,
  100
 ],
 "angle": [
  63,
  103
 ]
}