{
 "frame_index": 193,
 "skeletons": [
  [
   [
    1139.5081787109375,
    277.0962219238281,
    0.991
   ],
   [
    1161.389892578125,
    253.39199829101562,
    0.973
   ],
   [
    1112.6651611328125,
    256.1214599609375,
    0.98
   ],
   [
    1192.2354736328125,
    281.26312255859375,
    0.829
   ],
   [
    1078.035888671875,
    291.5011291503906,
    0.827
   ],
   [
    1269.0025634765625,
    460.0706787109375,
    0.979
   ],
   [
    1016.5219116210938,
    451.6989440917969,
    0.993
   ],
   [
    1298.852783203125,
    686.9486083984375,
    0.76
   ],
   [
    962.77001953125,
    647.202880859375,
    0.921
   ],
   [
    1220.0228271484375,
    783.4632568359375,
    0.637
   ],
   [
    946.718017578125,
    778.87939453125,
    0.793
   ],
   [
    1165.5283203125,
    804.76904296875,
    0.824
   ],
   [
    1007.9482421875,
    790.958984375,
    0.891
   ],
   [
    1097.1346435546875,
    983.3056640625,
    -1.0
   ],
   [
    953.8094482421875,
    967.9224243164062,
    -1.0
   ],
   [
    1021.9676513671875,
    1055.4862060546875,
    -1.0
   ],
   [
    969.3673095703125,
    1064.47021484375,
    -1.0
   ]
  ],
  [
   [
    1137.5780029296875,
    276.508544921875,
    0.987
   ],
   [
    1161.09423828125,
    251.63351440429688,
    0.958
   ],
   [
    1111.2271728515625,
    254.09307861328125,
    0.971
   ],
   [
    1195.4017333984375,
    277.9893798828125,
    0.826
   ],
   [
    1077.258544921875,
    286.3622131347656,
    0.834
   ],
   [
    1259.8250732421875,
    468.96368408203125,
    0.982
   ],
   [
    1021.1927490234375,
    457.0911865234375,
    0.995
   ],
   [
    1289.169677734375,
    698.92724609375,
    0.812
   ],
   [
    965.4036254882812,
    652.7603759765625,
    0.951
   ],
   [
    1215.5750732421875,
    812.1181640625,
    0.756
   ],
   [
    953.11083984375,
    787.758544921875,
    0.887
   ],
   [
    1148.4447021484375,
    801.147216796875,
    0.897
   ],
   [
    999.294921875,
    785.257568359375,
    0.943
   ],
   [
    1060.380859375,
    999.544921875,
    -1.0
   ],
   [
    940.9436645507812,
    984.6491088867188,
    0.512
   ],
   [
    994.2914428710938,
    1032.531494140625,
    -1.0
   ],
   [
    960.4541015625,
    1040.8433837890625,
    -1.0
   ]
  ]
 ],
 "skeleton_percentage": [
  100,
  100
 ],
 "angle": [
  67,
  108
 ]
}