{
 "frame_index": 194,
 "skeletons": [
  [
   [
    1147.279052734375,
    275.2197265625,
    0.991
   ],
   [
    1169.18603515625,
    253.28573608398438,
    0.973
   ],
   [
    1120.7257080078125,
    255.3186492919922,
    0.983
   ],
   [
    1199.327880859375,
    283.3800048828125,
    0.819
   ],
   [
    1086.06396484375,
    292.1416931152344,
    0.849
   ],
   [
    1273.1751708984375,
    456.5331115722656,
    0.975
   ],
   [
    1023.0565795898438,
    449.11492919921875,
    0.993
   ],
   [
    1305.2110595703125,
    672.2872314453125,
    0.706
   ],
   [
    966.1873168945312,
    639.8516845703125,
    0.92
   ],
   [
    1232.62939453125,
    753.0287475585938,
    0.582
   ],
   [
    954.1631469726562,
    771.2810668945312,
    0.785
   ],
   [
    1172.467041015625,
    790.0616455078125,
    0.79
   ],
   [
    1016.1029663085938,
    777.3381958007812,
    0.879
   ],
   [
    1110.633056640625,
    975.7181396484375,
    -1.0
   ],
   [
    966.8734130859375,
    959.742919921875,
    -1.0
   ],
   [
    1036.22705078125,
    1041.86572265625,
    -1.0
   ],
   [
    977.2699584960938,
    1049.1363525390625,
    -1.0
   ]
  ],
  [
   [
    1145.83251953125,
    275.3350524902344,
    0.987
   ],
   [
    1169.6697998046875,
    251.5543670654297,
    0.958
   ],
   [
    1119.7142333984375,
    253.04928588867188,
    0.974
   ],
   [
    1203.2584228515625,
    278.8721008300781,
    0.815
   ],
   [
    1084.6630859375,
    284.9784851074219,
    0.848
   ],
   [
    1263.88232421875,
    466.5398254394531,
    0.981
   ],
   [
    1028.3309326171875,
    452.9307861328125,
    0.995
   ],
   [
    1293.69189453125,
    689.4474487304688,
    0.791
   ],
   [
    968.7797241210938,
    644.2183227539062,
    0.952
   ],
   [
    1220.5247802734375,
    801.03759765625,
    0.733
   ],
   [
    959.0040283203125,
    782.45849609375,
    0.886
   ],
   [
    1152.526123046875,
    794.0908203125,
    0.898
   ],
   [
    1005.125732421875,
    777.1904296875,
    0.947
   ],
   [
    1062.77587890625,
    999.3548583984375,
    -1.0
   ],
   [
    944.4581298828125,
    981.8062744140625,
    0.543
   ],
   [
    993.852783203125,
    1030.66748046875,
    -1.0
   ],
   [
    954.7833251953125,
    1034.590576171875,
    -1.0
   ]
  ]
 ],
 "skeleton_percentage": [
  100,
  100
 ],
 "angle": [
  65,
  108
 ]
}