{
 "frame_index": 195,
 "skeletons": [
  [
   [
    1148.89404296875,
    278.03387451171875,
    0.989
   ],
   [
    1170.48291015625,
    255.3145751953125,
    0.963
   ],
   [
    1122.0836181640625,
    257.46746826171875,
    0.978
   ],
   [
    1199.0994873046875,
    284.3280029296875,
    0.763
   ],
   [
    1084.3828125,
    292.69769287109375,
    0.843
   ],
   [
    1274.991455078125,
    452.6884460449219,
    0.97
   ],
   [
    1025.1417236328125,
    450.7215576171875,
    0.994
   ],
   [
    1313.964599609375,
    664.9532470703125,
    0.717
   ],
   [
    965.3157348632812,
    646.1459350585938,
    0.943
   ],
   [
    1234.03466796875,
    750.128173828125,
    0.629
   ],
   [
    956.4444580078125,
    771.3359375,
    0.846
   ],
   [
    1195.10400390625,
    796.4241943359375,
    0.807
   ],
   [
    1037.0506591796875,
    786.48046875,
    0.899
   ],
   [
    1123.2568359375,
    965.7808227539062,
    -1.0
   ],
   [
    976.7689819335938,
    951.8233642578125,
    -1.0
   ],
   [
    1049.064453125,
    1032.7099609375,
    -1.0
   ],
   [
    983.2203369140625,
    1035.8001708984375,
    -1.0
   ]
  ],
  [
   [
    1146.00048828125,
    275.26141357421875,
    0.987
   ],
   [
    1169.8414306640625,
    251.4535675048828,
    0.958
   ],
   [
    1119.9078369140625,
    252.84141540527344,
    0.974
   ],
   [
    1203.298828125,
    278.8892822265625,
    0.814
   ],
   [
    1084.736328125,
    284.7620544433594,
    0.847
   ],
   [
    1264.0245361328125,
    467.1651306152344,
    0.981
   ],
   [
    1027.9219970703125,
    453.02587890625,
    0.995
   ],
   [
    1293.1162109375,
    691.2379150390625,
    0.79
   ],
   [
    968.6221923828125,
    644.6314697265625,
    0.951
   ],
   [
    1219.9765625,
    802.3896484375,
    0.73
   ],
   [
    958.6203002929688,
    780.999267578125,
    0.884
   ],
   [
    1151.998291015625,
    795.6513061523438,
    0.895
   ],
   [
    1004.1381225585938,
    778.4808349609375,
    0.945
   ],
   [
    1061.462646484375,
    999.5571899414062,
    -1.0
   ],
   [
    942.1459350585938,
    981.9124145507812,
    0.532
   ],
   [
    992.2086181640625,
    1031.21533203125,
    -1.0
   ],
   [
    952.7874755859375,
    1035.09912109375,
    -1.0
   ]
  ]
 ],
 "skeleton_percentage": [
  100,
  100
 ],
 "angle": [
  65,
  108
 ]
}