{
 "frame_index": 196,
 "skeletons": [
  [
   [
    1151.206298828125,
    279.3413391113281,
    0.983
   ],
   [
    1174.181884765625,
    256.4681091308594,
    0.958
   ],
   [
    1125.30126953125,
    259.8338928222656,
    0.966
   ],
   [
    1207.149658203125,
    285.50726318359375,
    0.775
   ],
   [
    1091.08056640625,
    296.1380310058594,
    0.775
   ],
   [
    1280.80517578125,
    448.0824279785156,
    0.956
   ],
   [
    1034.5419921875,
    455.373046875,
    0.989
   ],
   [
    1313.76025390625,
    658.0301513671875,
    0.647
   ],
   [
    971.333984375,
    653.2249755859375,
    0.894
   ],
   [
    1210.1497802734375,
    707.3851928710938,
    0.547
   ],
   [
    959.031982421875,
    737.2723388671875,
    0.755
   ],
   [
    1210.8804931640625,
    793.3226318359375,
    0.674
   ],
   [
    1052.64892578125,
    788.6233520507812,
    0.795
   ],
   [
    1160.439208984375,
    900.2862548828125,
    -1.0
   ],
   [
    994.5979614257812,
    890.65673828125,
    -1.0
   ],
   [
    1111.5626220703125,
    953.6844482421875,
    -1.0
   ],
   [
    1007.468505859375,
    955.703369140625,
    -1.0
   ]
  ]
 ],
 "skeleton_percentage": [
  100
 ],
 "angle": [
  65
 ]
}