{
 "frame_index": 197,
 "skeletons": [
  [
   [
    1149.961669921875,
    280.7253723144531,
    0.989
   ],
   [
    1172.513916015625,
    258.03173828125,
    0.974
   ],
   [
    1125.0718994140625,
    261.4241638183594,
    0.972
   ],
   [
    1207.6448974609375,
    285.50146484375,
    0.863
   ],
   [
    1096.4833984375,
    296.0115661621094,
    0.778
   ],
   [
    1280.2001953125,
    454.7430725097656,
    0.979
   ],
   [
    1034.7548828125,
    449.38763427734375,
    0.99
   ],
   [
    1319.2293701171875,
    666.3687744140625,
    0.776
   ],
   [
    964.84521484375,
    640.185791015625,
    0.885
   ],
   [
    1230.7344970703125,
    719.168701171875,
    0.639
   ],
   [
    959.689208984375,
    745.5679321289062,
    0.728
   ],
   [
    1191.4398193359375,
    786.626220703125,
    0.716
   ],
   [
    1031.93212890625,
    778.21435546875,
    0.787
   ],
   [
    1178.6463623046875,
    895.7940673828125,
    -1.0
   ],
   [
    984.2862548828125,
    883.3992919921875,
    -1.0
   ],
   [
    1154.5009765625,
    940.0941162109375,
    -1.0
   ],
   [
    1000.211181640625,
    949.6217651367188,
    -1.0
   ]
  ]
 ],
 "skeleton_percentage": [
  100
 ],
 "angle": [
  65
 ]
}