{
 "frame_index": 198,
 "skeletons": [
  [
   [
    1149.8271484375,
    279.5450134277344,
    0.988
   ],
   [
    1172.856689453125,
    257.7195739746094,
    0.976
   ],
   [
    1124.92529296875,
    261.0297546386719,
    0.971
   ],
   [
    1209.4091796875,
    286.5687561035156,
    0.867
   ],
   [
    1095.1839599609375,
    296.02520751953125,
    0.76
   ],
   [
    1282.410888671875,
    451.9613342285156,
    0.975
   ],
   [
    1032.3775634765625,
    449.3324890136719,
    0.988
   ],
   [
    1315.225830078125,
    675.592529296875,
    0.773
   ],
   [
    956.5523071289062,
    649.9793090820312,
    0.867
   ],
   [
    1206.0537109375,
    755.3344116210938,
    0.641
   ],
   [
    984.9940185546875,
    744.4925537109375,
    0.714
   ],
   [
    1205.3834228515625,
    798.234375,
    0.651
   ],
   [
    1043.9346923828125,
    792.02197265625,
    0.714
   ],
   [
    1196.10986328125,
    859.5428466796875,
    -1.0
   ],
   [
    1008.5817260742188,
    848.811279296875,
    -1.0
   ],
   [
    1160.012451171875,
    900.3343505859375,
    -1.0
   ],
   [
    1004.4255981445312,
    903.7362670898438,
    -1.0
   ]
  ]
 ],
 "skeleton_percentage": [
  100
 ],
 "angle": [
  65
 ]
}