{
 "frame_index": 199,
 "skeletons": [
  [
   [
    1152.443603515625,
    281.38055419921875,
    0.989
   ],
   [
    1174.593505859375,
    259.0907287597656,
    0.973
   ],
   [
    1126.89453125,
    262.3876953125,
    0.973
   ],
   [
    1208.322509765625,
    287.4281311035156,
    0.852
   ],
   [
    1096.744384765625,
    298.0787353515625,
    0.782
   ],
   [
    1279.9090576171875,
    456.6839599609375,
    0.979
   ],
   [
    1036.0941162109375,
    447.5882568359375,
    0.99
   ],
   [
    1317.9671630859375,
    674.0328979492188,
    0.779
   ],
   [
    966.6688842773438,
    639.36669921875,
    0.89
   ],
   [
    1230.5714111328125,
    727.8424682617188,
    0.64
   ],
   [
    959.0978393554688,
    746.4728393554688,
    0.734
   ],
   [
    1186.666015625,
    786.9274291992188,
    0.708
   ],
   [
    1028.837890625,
    776.1981201171875,
    0.783
   ],
   [
    1165.8360595703125,
    882.2232055664062,
    -1.0
   ],
   [
    974.859619140625,
    867.2872314453125,
    -1.0
   ],
   [
    1138.2421875,
    926.2586669921875,
    -1.0
   ],
   [
    989.5588989257812,
    935.7639770507812,
    -1.0
   ]
  ]
 ],
 "skeleton_percentage": [
  100
 ],
 "angle": [
  65
 ]
}