{
 "frame_index": 200,
 "skeletons": [
  [
   [
    1150.4395751953125,
    281.8349304199219,
    0.988
   ],
   [
    1171.689453125,
    259.3255920410156,
    0.973
   ],
   [
    1125.114501953125,
    263.2354736328125,
    0.972
   ],
   [
    1205.30078125,
    287.2393798828125,
    0.854
   ],
   [
    1096.3809814453125,
    299.191162109375,
    0.782
   ],
   [
    1278.070556640625,
    456.45269775390625,
    0.977
   ],
   [
    1036.658935546875,
    450.83233642578125,
    0.989
   ],
   [
    1322.8900146484375,
    667.2621459960938,
    0.761
   ],
   [
    965.37548828125,
    639.071044921875,
    0.879
   ],
   [
    1250.7264404296875,
    722.3197631835938,
    0.616
   ],
   [
    961.5789794921875,
    739.618408203125,
    0.717
   ],
   [
    1193.1239013671875,
    780.4254150390625,
    0.645
   ],
   [
    1035.370849609375,
    772.3623046875,
    0.729
   ],
   [
    1186.1495361328125,
    865.1793823242188,
    -1.0
   ],
   [
    983.23291015625,
    853.7647705078125,
    -1.0
   ],
   [
    1170.6378173828125,
    898.758544921875,
    -1.0
   ],
   [
    997.6327514648438,
    910.9195556640625,
    -1.0
   ]
  ]
 ],
 "skeleton_percentage": [
  100
 ],
 "angle": [
  65
 ]
}