{
 "frame_index": 201,
 "skeletons": [
  [
   [
    1150.3388671875,
    281.7977600097656,
    0.988
   ],
   [
    1171.664306640625,
    259.32855224609375,
    0.973
   ],
   [
    1124.96337890625,
    263.25262451171875,
    0.972
   ],
   [
    1205.41943359375,
    287.4186706542969,
    0.855
   ],
   [
    1096.28955078125,
    299.4127502441406,
    0.779
   ],
   [
    1277.876708984375,
    456.4796142578125,
    0.977
   ],
   [
    1036.7435302734375,
    450.8030090332031,
    0.989
   ],
   [
    1323.0146484375,
    667.3702392578125,
    0.762
   ],
   [
    965.2600708007812,
    639.3170776367188,
    0.878
   ],
   [
    1252.487060546875,
    720.5489501953125,
    0.618
   ],
   [
    961.3038940429688,
    739.0809326171875,
    0.715
   ],
   [
    1192.89892578125,
    779.8829956054688,
    0.645
   ],
   [
    1035.20166015625,
    771.85595703125,
    0.727
   ],
   [
    1186.838623046875,
    863.417236328125,
    -1.0
   ],
   [
    982.8377685546875,
    851.9847412109375,
    -1.0
   ],
   [
    1172.6861572265625,
    896.378662109375,
    -1.0
   ],
   [
    997.1196899414062,
    908.7637939453125,
    -1.0
   ]
  ]
 ],
 "skeleton_percentage": [
  100
 ],
 "angle": [
  65
 ]
}