{
 "frame_index": 202,
 "skeletons": [
  [
   [
    1148.717041015625,
    278.3287658691406,
    0.988
   ],
   [
    1170.0172119140625,
    258.4341125488281,
    0.974
   ],
   [
    1122.341552734375,
    261.5802001953125,
    0.974
   ],
   [
    1202.609619140625,
    290.8686218261719,
    0.847
   ],
   [
    1090.0706787109375,
    300.94219970703125,
    0.797
   ],
   [
    1275.4105224609375,
    452.7236022949219,
    0.974
   ],
   [
    1028.5869140625,
    450.58392333984375,
    0.988
   ],
   [
    1316.3382568359375,
    670.4993896484375,
    0.759
   ],
   [
    956.8798828125,
    647.53857421875,
    0.875
   ],
   [
    1233.961181640625,
    747.7736206054688,
    0.619
   ],
   [
    985.4383544921875,
    737.8798828125,
    0.72
   ],
   [
    1205.794677734375,
    796.9676513671875,
    0.651
   ],
   [
    1046.6951904296875,
    792.201171875,
    0.724
   ],
   [
    1203.5223388671875,
    865.5719604492188,
    -1.0
   ],
   [
    1014.7813720703125,
    856.9554443359375,
    -1.0
   ],
   [
    1173.38134765625,
    909.2252197265625,
    -1.0
   ],
   [
    1010.8153076171875,
    916.26123046875,
    -1.0
   ]
  ]
 ],
 "skeleton_percentage": [
  100
 ],
 "angle": [
  65
 ]
}