{
 "frame_index": 203,
 "skeletons": [
  [
   [
    1149.0467529296875,
    279.32379150390625,
    0.989
   ],
   [
    1170.5181884765625,
    258.9806213378906,
    0.964
   ],
   [
    1122.9495849609375,
    260.12286376953125,
    0.976
   ],
   [
    1198.4639892578125,
    292.1541442871094,
    0.759
   ],
   [
    1085.4403076171875,
    298.4680480957031,
    0.824
   ],
   [
    1271.475341796875,
    453.30230712890625,
    0.971
   ],
   [
    1026.7486572265625,
    454.5313720703125,
    0.993
   ],
   [
    1317.4581298828125,
    658.0380859375,
    0.764
   ],
   [
    965.4021606445312,
    649.4824829101562,
    0.943
   ],
   [
    1258.5443115234375,
    757.6063842773438,
    0.669
   ],
   [
    950.6968994140625,
    771.5795288085938,
    0.85
   ],
   [
    1203.180419921875,
    793.9400024414062,
    0.807
   ],
   [
    1045.2314453125,
    786.7754516601562,
    0.89
   ],
   [
    1151.7431640625,
    953.1368408203125,
    -1.0
   ],
   [
    983.9166870117188,
    942.85400390625,
    -1.0
   ],
   [
    1095.5745849609375,
    1016.7637939453125,
    -1.0
   ],
   [
    985.2342529296875,
    1017.8226928710938,
    -1.0
   ]
  ]
 ],
 "skeleton_percentage": [
  100
 ],
 "angle": [
  67
 ]
}