{
 "frame_index": 204,
 "skeletons": [
  [
   [
    1149.08056640625,
    279.8111572265625,
    0.989
   ],
   [
    1170.4429931640625,
    259.3733825683594,
    0.964
   ],
   [
    1122.4560546875,
    261.2078857421875,
    0.976
   ],
   [
    1198.50341796875,
    292.5255126953125,
    0.761
   ],
   [
    1084.896484375,
    300.63092041015625,
    0.822
   ],
   [
    1271.1611328125,
    452.04510498046875,
    0.97
   ],
   [
    1027.755859375,
    454.7412109375,
    0.993
   ],
   [
    1319.1591796875,
    655.8181762695312,
    0.755
   ],
   [
    965.5244140625,
    650.3138427734375,
    0.944
   ],
   [
    1266.1669921875,
    754.6917114257812,
    0.66
   ],
   [
    950.3355102539062,
    777.5177001953125,
    0.849
   ],
   [
    1200.3221435546875,
    787.1782836914062,
    0.812
   ],
   [
    1044.0400390625,
    780.1781005859375,
    0.897
   ],
   [
    1141.28515625,
    944.993408203125,
    -1.0
   ],
   [
    976.47412109375,
    935.0579833984375,
    -1.0
   ],
   [
    1084.9710693359375,
    1012.1766357421875,
    -1.0
   ],
   [
    977.064697265625,
    1015.367919921875,
    -1.0
   ]
  ]
 ],
 "skeleton_percentage": [
  100
 ],
 "angle": [
  65
 ]
}