{
 "frame_index": 205,
 "skeletons": [
  [
   [
    1146.1279296875,
    282.1380615234375,
    0.988
   ],
   [
    1167.85546875,
    260.1602783203125,
    0.951
   ],
   [
    1119.8009033203125,
    260.9512939453125,
    0.978
   ],
   [
    1195.9356689453125,
    288.19207763671875,
    0.733
   ],
   [
    1080.6864013671875,
    292.63690185546875,
    0.884
   ],
   [
    1253.53173828125,
    463.55914306640625,
    0.984
   ],
   [
    1024.892333984375,
    455.859375,
    0.996
   ],
   [
    1310.4405517578125,
    655.9473876953125,
    0.824
   ],
   [
    966.9906005859375,
    646.298583984375,
    0.962
   ],
   [
    1280.626708984375,
    728.0033569335938,
    0.777
   ],
   [
    947.064453125,
    778.6209716796875,
    0.91
   ],
   [
    1154.46728515625,
    779.241455078125,
    0.922
   ],
   [
    1010.8749389648438,
    766.1971435546875,
    0.96
   ],
   [
    1081.704833984375,
    983.8736572265625,
    -1.0
   ],
   [
    955.695068359375,
    968.6005859375,
    0.616
   ],
   [
    1013.405517578125,
    1012.413330078125,
    -1.0
   ],
   [
    949.2837524414062,
    1016.65869140625,
    -1.0
   ]
  ]
 ],
 "skeleton_percentage": [
  100
 ],
 "angle": [
  103
 ]
}