{
 "frame_index": 206,
 "skeletons": [
  [
   [
    1133.83251953125,
    283.4338684082031,
    0.992
   ],
   [
    1154.1104736328125,
    263.56494140625,
    0.973
   ],
   [
    1107.5673828125,
    264.6439514160156,
    0.984
   ],
   [
    1181.552978515625,
    295.84246826171875,
    0.792
   ],
   [
    1072.0218505859375,
    302.582763671875,
    0.857
   ],
   [
    1255.290771484375,
    461.9293212890625,
    0.975
   ],
   [
    1010.0675048828125,
    455.6668701171875,
    0.991
   ],
   [
    1303.900146484375,
    658.6370239257812,
    0.726
   ],
   [
    958.23291015625,
    636.0194091796875,
    0.911
   ],
   [
    1266.84033203125,
    732.4030151367188,
    0.598
   ],
   [
    948.1834716796875,
    757.5736083984375,
    0.774
   ],
   [
    1164.51953125,
    785.69873046875,
    0.802
   ],
   [
    1009.2919921875,
    775.3753662109375,
    0.876
   ],
   [
    1123.023681640625,
    975.1008911132812,
    -1.0
   ],
   [
    963.8834838867188,
    962.334228515625,
    -1.0
   ],
   [
    1061.45166015625,
    1048.9962158203125,
    -1.0
   ],
   [
    968.4277954101562,
    1057.0631103515625,
    -1.0
   ]
  ],
  [
   [
    1131.763671875,
    284.02197265625,
    0.985
   ],
   [
    1153.306884765625,
    261.5746765136719,
    0.948
   ],
   [
    1106.4268798828125,
    262.7439880371094,
    0.97
   ],
   [
    1182.920166015625,
    288.4635314941406,
    0.76
   ],
   [
    1069.97021484375,
    293.5159912109375,
    0.848
   ],
   [
    1245.163330078125,
    464.15447998046875,
    0.983
   ],
   [
    1013.9214477539062,
    458.84979248046875,
    0.994
   ],
   [
    1295.645263671875,
    658.684814453125,
    0.826
   ],
   [
    959.8053588867188,
    643.6826171875,
    0.946
   ],
   [
    1255.555908203125,
    751.6470336914062,
    0.769
   ],
   [
    946.451171875,
    771.6307373046875,
    0.883
   ],
   [
    1154.73876953125,
    780.0347900390625,
    0.91
   ],
   [
    1009.1665649414062,
    769.3536376953125,
    0.946
   ],
   [
    1088.473388671875,
    974.3369750976562,
    -1.0
   ],
   [
    960.7373657226562,
    963.7688598632812,
    0.553
   ],
   [
    1023.3797607421875,
    1006.7781982421875,
    -1.0
   ],
   [
    965.6900634765625,
    1012.4961547851562,
    -1.0
   ]
  ]
 ],
 "skeleton_percentage": [
  100,
  100
 ],
 "angle": [
  65,
  103
 ]
}