{
 "frame_index": 207,
 "skeletons": [
  [
   [
    1109.3648681640625,
    287.5093078613281,
    0.989
   ],
   [
    1129.8338623046875,
    268.2794494628906,
    0.977
   ],
   [
    1082.142578125,
    271.05908203125,
    0.975
   ],
   [
    1162.134765625,
    301.1926574707031,
    0.853
   ],
   [
    1048.6724853515625,
    310.9967041015625,
    0.791
   ],
   [
    1234.80712890625,
    459.13934326171875,
    0.978
   ],
   [
    988.503173828125,
    460.7650451660156,
    0.988
   ],
   [
    1293.2940673828125,
    662.4880981445312,
    0.805
   ],
   [
    923.9619140625,
    654.033935546875,
    0.872
   ],
   [
    1230.820068359375,
    727.939697265625,
    0.683
   ],
   [
    961.583251953125,
    725.552734375,
    0.735
   ],
   [
    1169.85400390625,
    788.0886840820312,
    0.697
   ],
   [
    1009.5843505859375,
    786.4407348632812,
    0.742
   ],
   [
    1189.244140625,
    833.4765625,
    -1.0
   ],
   [
    984.15966796875,
    828.7783813476562,
    -1.0
   ],
   [
    1175.539306640625,
    880.9264526367188,
    -1.0
   ],
   [
    982.451171875,
    889.0093994140625,
    -1.0
   ]
  ]
 ],
 "skeleton_percentage": [
  100
 ],
 "angle": [
  63
 ]
}