{
 "frame_index": 208,
 "skeletons": [
  [
   [
    1093.5048828125,
    287.06707763671875,
    0.99
   ],
   [
    1114.910400390625,
    266.0056457519531,
    0.96
   ],
   [
    1067.170654296875,
    267.5605773925781,
    0.978
   ],
   [
    1145.65380859375,
    295.07061767578125,
    0.777
   ],
   [
    1031.73681640625,
    301.2689208984375,
    0.872
   ],
   [
    1210.337158203125,
    460.655029296875,
    0.988
   ],
   [
    982.2392578125,
    461.8396911621094,
    0.996
   ],
   [
    1282.7264404296875,
    619.246337890625,
    0.864
   ],
   [
    932.0905151367188,
    648.7108154296875,
    0.963
   ],
   [
    1293.8887939453125,
    638.1063842773438,
    0.814
   ],
   [
    929.0888671875,
    766.0655517578125,
    0.913
   ],
   [
    1134.1141357421875,
    785.6134643554688,
    0.944
   ],
   [
    989.4028930664062,
    778.4203491210938,
    0.968
   ],
   [
    1076.8963623046875,
    988.3687744140625,
    0.537
   ],
   [
    936.3755493164062,
    978.3382568359375,
    0.668
   ],
   [
    1018.8189697265625,
    1028.25048828125,
    -1.0
   ],
   [
    929.8284912109375,
    1039.642578125,
    -1.0
   ]
  ]
 ],
 "skeleton_percentage": [
  100
 ],
 "angle": [
  107
 ]
}