{
 "frame_index": 209,
 "skeletons": [
  [
   [
    1080.36083984375,
    289.7170715332031,
    0.991
   ],
   [
    1100.78662109375,
    268.6960144042969,
    0.961
   ],
   [
    1053.23046875,
    271.174560546875,
    0.981
   ],
   [
    1129.936279296875,
    297.1446533203125,
    0.744
   ],
   [
    1014.13916015625,
    305.30133056640625,
    0.88
   ],
   [
    1194.0391845703125,
    460.01605224609375,
    0.987
   ],
   [
    968.1231689453125,
    466.4162292480469,
    0.995
   ],
   [
    1261.9412841796875,
    642.2424926757812,
    0.867
   ],
   [
    925.5774536132812,
    653.428955078125,
    0.964
   ],
   [
    1242.84423828125,
    733.967529296875,
    0.824
   ],
   [
    928.306640625,
    765.51416015625,
    0.922
   ],
   [
    1131.638427734375,
    779.3391723632812,
    0.946
   ],
   [
    989.3133544921875,
    775.8935546875,
    0.969
   ],
   [
    1079.511962890625,
    984.064453125,
    0.568
   ],
   [
    952.8709716796875,
    981.3110961914062,
    0.694
   ],
   [
    1018.0252075195312,
    1032.126953125,
    -1.0
   ],
   [
    948.707763671875,
    1039.2642822265625,
    -1.0
   ]
  ]
 ],
 "skeleton_percentage": [
  100
 ],
 "angle": [
  119
 ]
}