{
 "frame_index": 210,
 "skeletons": [
  [
   [
    1080.799560546875,
    289.8135681152344,
    0.991
   ],
   [
    1101.10791015625,
    268.786376953125,
    0.961
   ],
   [
    1053.5947265625,
    271.3223876953125,
    0.982
   ],
   [
    1130.021484375,
    297.07855224609375,
    0.737
   ],
   [
    1014.1470336914062,
    305.3172912597656,
    0.882
   ],
   [
    1193.7177734375,
    459.3431396484375,
    0.987
   ],
   [
    968.4434814453125,
    465.98590087890625,
    0.996
   ],
   [
    1261.4886474609375,
    641.3052368164062,
    0.868
   ],
   [
    926.2827758789062,
    652.480224609375,
    0.965
   ],
   [
    1242.5765380859375,
    732.9310913085938,
    0.827
   ],
   [
    928.3833618164062,
    763.1614990234375,
    0.924
   ],
   [
    1132.9246826171875,
    777.4942626953125,
    0.946
   ],
   [
    990.9820556640625,
    774.380615234375,
    0.97
   ],
   [
    1082.7457275390625,
    982.261962890625,
    0.572
   ],
   [
    956.5557861328125,
    979.946533203125,
    0.698
   ],
   [
    1021.3223876953125,
    1030.98779296875,
    -1.0
   ],
   [
    952.1134643554688,
    1038.347900390625,
    -1.0
   ]
  ]
 ],
 "skeleton_percentage": [
  100
 ],
 "angle": [
  119
 ]
}