{
 "frame_index": 211,
 "skeletons": [
  [
   [
    1064.7677001953125,
    299.14752197265625,
    0.99
   ],
   [
    1084.48193359375,
    277.9392395019531,
    0.96
   ],
   [
    1038.0948486328125,
    280.8929748535156,
    0.976
   ],
   [
    1113.2794189453125,
    303.91912841796875,
    0.724
   ],
   [
    998.5955810546875,
    312.8689270019531,
    0.839
   ],
   [
    1179.113037109375,
    455.71954345703125,
    0.988
   ],
   [
    949.8491821289062,
    465.4851379394531,
    0.994
   ],
   [
    1245.7261962890625,
    638.833740234375,
    0.887
   ],
   [
    902.2484130859375,
    646.057373046875,
    0.954
   ],
   [
    1218.133544921875,
    770.9434814453125,
    0.829
   ],
   [
    907.133544921875,
    745.318359375,
    0.908
   ],
   [
    1123.046630859375,
    782.917236328125,
    0.954
   ],
   [
    976.7684326171875,
    783.6787719726562,
    0.97
   ],
   [
    1086.858154296875,
    977.930419921875,
    0.577
   ],
   [
    945.197509765625,
    984.5802612304688,
    0.669
   ],
   [
    1032.880859375,
    1058.5428466796875,
    -1.0
   ],
   [
    953.6915283203125,
    1069.762939453125,
    -1.0
   ]
  ]
 ],
 "skeleton_percentage": [
  100
 ],
 "angle": [
  117
 ]
}