{
 "frame_index": 212,
 "skeletons": [
  [
   [
    1045.3282470703125,
    302.2138366699219,
    0.99
   ],
   [
    1064.580810546875,
    281.4998779296875,
    0.973
   ],
   [
    1017.6561279296875,
    285.9954833984375,
    0.976
   ],
   [
    1095.2294921875,
    311.9433288574219,
    0.82
   ],
   [
    983.6057739257812,
    326.5361022949219,
    0.796
   ],
   [
    1171.764404296875,
    460.3095703125,
    0.981
   ],
   [
    938.1697998046875,
    477.680419921875,
    0.992
   ],
   [
    1232.56884765625,
    645.1019287109375,
    0.841
   ],
   [
    890.6143798828125,
    654.81982421875,
    0.936
   ],
   [
    1219.55419921875,
    761.0673828125,
    0.761
   ],
   [
    887.7232666015625,
    714.7320556640625,
    0.865
   ],
   [
    1129.50830078125,
    766.802490234375,
    0.896
   ],
   [
    979.7642822265625,
    769.24169921875,
    0.93
   ],
   [
    1106.715576171875,
    938.4223022460938,
    -1.0
   ],
   [
    945.0634765625,
    947.146240234375,
    -1.0
   ],
   [
    1053.2144775390625,
    1017.22509765625,
    -1.0
   ],
   [
    937.4293212890625,
    1031.275146484375,
    -1.0
   ]
  ]
 ],
 "skeleton_percentage": [
  100
 ],
 "angle": [
  67
 ]
}