{
 "frame_index": 213,
 "skeletons": [
  [
   [
    1045.302001953125,
    301.84564208984375,
    0.99
   ],
   [
    1064.5244140625,
    281.1385498046875,
    0.973
   ],
   [
    1017.572021484375,
    285.6662292480469,
    0.977
   ],
   [
    1095.167236328125,
    311.6878967285156,
    0.819
   ],
   [
    983.4234619140625,
    326.3262939453125,
    0.801
   ],
   [
    1171.8809814453125,
    460.2747802734375,
    0.981
   ],
   [
    937.74609375,
    477.5418701171875,
    0.992
   ],
   [
    1233.4266357421875,
    645.2264404296875,
    0.839
   ],
   [
    890.3018188476562,
    654.376708984375,
    0.938
   ],
   [
    1221.7803955078125,
    760.5422973632812,
    0.758
   ],
   [
    886.9685668945312,
    712.4503173828125,
    0.868
   ],
   [
    1129.93310546875,
    766.1231689453125,
    0.892
   ],
   [
    979.4569702148438,
    768.6007080078125,
    0.928
   ],
   [
    1109.83740234375,
    936.9927978515625,
    -1.0
   ],
   [
    944.7786865234375,
    945.822265625,
    -1.0
   ],
   [
    1057.271484375,
    1013.790283203125,
    -1.0
   ],
   [
    936.21240234375,
    1027.99365234375,
    -1.0
   ]
  ]
 ],
 "skeleton_percentage": [
  100
 ],
 "angle": [
  65
 ]
}