{
 "frame_index": 214,
 "skeletons": [
  [
   [
    1024.611083984375,
    302.72821044921875,
    0.989
   ],
   [
    1043.69482421875,
    279.60260009765625,
    0.976
   ],
   [
    995.9549560546875,
    285.25799560546875,
    0.97
   ],
   [
    1078.2154541015625,
    309.95806884765625,
    0.85
   ],
   [
    963.4481201171875,
    327.46661376953125,
    0.729
   ],
   [
    1161.755615234375,
    471.5290832519531,
    0.98
   ],
   [
    918.1298828125,
    492.67779541015625,
    0.987
   ],
   [
    1226.07470703125,
    672.853271484375,
    0.833
   ],
   [
    876.1587524414062,
    686.6815795898438,
    0.886
   ],
   [
    1217.1260986328125,
    779.30126953125,
    0.716
   ],
   [
    871.971923828125,
    727.1865234375,
    0.777
   ],
   [
    1124.9886474609375,
    791.3221435546875,
    0.76
   ],
   [
    961.9112548828125,
    796.6799926757812,
    0.794
   ],
   [
    1143.19189453125,
    849.1234130859375,
    -1.0
   ],
   [
    917.3274536132812,
    862.3448486328125,
    -1.0
   ],
   [
    1110.575927734375,
    890.731689453125,
    -1.0
   ],
   [
    906.84375,
    909.4586791992188,
    -1.0
   ]
  ]
 ],
 "skeleton_percentage": [
  100
 ],
 "angle": [
  60
 ]
}