{
 "frame_index": 215,
 "skeletons": [
  [
   [
    1013.6953125,
    305.7839050292969,
    0.989
   ],
   [
    1030.8448486328125,
    285.6307373046875,
    0.972
   ],
   [
    985.1412353515625,
    290.8319091796875,
    0.975
   ],
   [
    1059.4439697265625,
    317.1008605957031,
    0.792
   ],
   [
    949.08740234375,
    333.080078125,
    0.79
   ],
   [
    1143.637939453125,
    470.00537109375,
    0.976
   ],
   [
    898.37109375,
    487.6169128417969,
    0.986
   ],
   [
    1215.388671875,
    677.8380126953125,
    0.793
   ],
   [
    862.4652099609375,
    690.1685791015625,
    0.864
   ],
   [
    1218.883056640625,
    766.0702514648438,
    0.615
   ],
   [
    869.2191162109375,
    734.5396728515625,
    0.696
   ],
   [
    1115.9130859375,
    785.9957885742188,
    0.663
   ],
   [
    948.465576171875,
    792.1446533203125,
    0.707
   ],
   [
    1164.3876953125,
    847.9480590820312,
    -1.0
   ],
   [
    896.9378662109375,
    858.257080078125,
    -1.0
   ],
   [
    1163.3631591796875,
    873.9292602539062,
    -1.0
   ],
   [
    882.7362670898438,
    892.8914794921875,
    -1.0
   ]
  ]
 ],
 "skeleton_percentage": [
  100
 ],
 "angle": [
  46
 ]
}