{
 "frame_index": 216,
 "skeletons": [
  [
   [
    1013.7354125976562,
    307.3230895996094,
    0.99
   ],
   [
    1031.37109375,
    286.7864990234375,
    0.973
   ],
   [
    985.4825439453125,
    291.9368896484375,
    0.977
   ],
   [
    1060.03271484375,
    317.5299072265625,
    0.783
   ],
   [
    949.4803466796875,
    332.82830810546875,
    0.799
   ],
   [
    1142.6207275390625,
    468.68804931640625,
    0.976
   ],
   [
    898.8814086914062,
    486.5386047363281,
    0.986
   ],
   [
    1216.0518798828125,
    671.2286376953125,
    0.797
   ],
   [
    861.7664794921875,
    686.4962158203125,
    0.868
   ],
   [
    1213.966064453125,
    754.5701293945312,
    0.631
   ],
   [
    870.700927734375,
    733.7032470703125,
    0.712
   ],
   [
    1114.77734375,
    795.7501220703125,
    0.683
   ],
   [
    948.55908203125,
    802.17236328125,
    0.727
   ],
   [
    1162.8214111328125,
    898.7982177734375,
    -1.0
   ],
   [
    904.92919921875,
    908.4120483398438,
    -1.0
   ],
   [
    1162.974365234375,
    934.1043090820312,
    -1.0
   ],
   [
    889.4630126953125,
    951.9547119140625,
    -1.0
   ]
  ]
 ],
 "skeleton_percentage": [
  100
 ],
 "angle": [
  45
 ]
}