{
 "frame_index": 217,
 "skeletons": [
  [
   [
    993.840576171875,
    311.8316650390625,
    0.989
   ],
   [
    1012.598388671875,
    290.4941101074219,
    0.975
   ],
   [
    967.04296875,
    295.1006164550781,
    0.972
   ],
   [
    1045.0439453125,
    319.8759765625,
    0.826
   ],
   [
    934.7927856445312,
    333.3785095214844,
    0.75
   ],
   [
    1127.85205078125,
    474.39111328125,
    0.974
   ],
   [
    887.3091430664062,
    489.133544921875,
    0.983
   ],
   [
    1199.4097900390625,
    677.6618041992188,
    0.786
   ],
   [
    847.8636474609375,
    691.2166748046875,
    0.841
   ],
   [
    1180.027099609375,
    755.6841430664062,
    0.619
   ],
   [
    874.8660888671875,
    756.8168334960938,
    0.668
   ],
   [
    1102.0753173828125,
    790.5810546875,
    0.587
   ],
   [
    936.5645751953125,
    795.335693359375,
    0.626
   ],
   [
    1145.7938232421875,
    853.632568359375,
    -1.0
   ],
   [
    883.1373291015625,
    858.0433349609375,
    -1.0
   ],
   [
    1155.99609375,
    874.830810546875,
    -1.0
   ],
   [
    872.5113525390625,
    887.583251953125,
    -1.0
   ]
  ]
 ],
 "skeleton_percentage": [
  100
 ],
 "angle": [
  41
 ]
}