{
 "frame_index": 218,
 "skeletons": [
  [
   [
    976.8646240234375,
    320.0010986328125,
    0.988
   ],
   [
    996.118408203125,
    296.54046630859375,
    0.977
   ],
   [
    950.8212890625,
    303.7135925292969,
    0.97
   ],
   [
    1031.3377685546875,
    322.892333984375,
    0.85
   ],
   [
    922.6045532226562,
    341.227783203125,
    0.736
   ],
   [
    1116.4449462890625,
    478.23193359375,
    0.966
   ],
   [
    879.93603515625,
    500.0212097167969,
    0.982
   ],
   [
    1186.3443603515625,
    669.1168212890625,
    0.713
   ],
   [
    838.7111206054688,
    687.9019165039062,
    0.816
   ],
   [
    1158.6600341796875,
    733.711181640625,
    0.548
   ],
   [
    852.74658203125,
    732.620849609375,
    0.635
   ],
   [
    1089.109375,
    803.4495849609375,
    0.549
   ],
   [
    930.4261474609375,
    810.3740844726562,
    0.608
   ],
   [
    1114.5296630859375,
    871.6226806640625,
    -1.0
   ],
   [
    889.0914916992188,
    880.250732421875,
    -1.0
   ],
   [
    1117.1298828125,
    901.09423828125,
    -1.0
   ],
   [
    895.3043212890625,
    919.27978515625,
    -1.0
   ]
  ]
 ],
 "skeleton_percentage": [
  100
 ],
 "angle": [
  38
 ]
}