{
 "frame_index": 219,
 "skeletons": [
  [
   [
    976.66796875,
    319.59832763671875,
    0.988
   ],
   [
    996.0169677734375,
    296.10028076171875,
    0.977
   ],
   [
    950.7874755859375,
    303.3080749511719,
    0.97
   ],
   [
    1031.4732666015625,
    322.4749450683594,
    0.853
   ],
   [
    923.038330078125,
    340.86328125,
    0.733
   ],
   [
    1116.8968505859375,
    478.1798095703125,
    0.966
   ],
   [
    879.9644775390625,
    500.1903991699219,
    0.982
   ],
   [
    1186.3529052734375,
    669.5484619140625,
    0.713
   ],
   [
    838.77099609375,
    688.40869140625,
    0.815
   ],
   [
    1158.779541015625,
    734.6510009765625,
    0.547
   ],
   [
    852.1898193359375,
    731.7694702148438,
    0.632
   ],
   [
    1088.327392578125,
    803.9840698242188,
    0.552
   ],
   [
    929.5810546875,
    810.8399047851562,
    0.61
   ],
   [
    1112.103271484375,
    872.1370239257812,
    -1.0
   ],
   [
    887.5091552734375,
    880.988525390625,
    -1.0
   ],
   [
    1113.7861328125,
    902.73095703125,
    -1.0
   ],
   [
    894.4286499023438,
    921.0130004882812,
    -1.0
   ]
  ]
 ],
 "skeleton_percentage": [
  100
 ],
 "angle": [
  38
 ]
}