{
 "frame_index": 220,
 "skeletons": [
  [
   [
    962.6204833984375,
    320.0107727050781,
    0.989
   ],
   [
    983.5252685546875,
    300.6712646484375,
    0.979
   ],
   [
    937.7232055664062,
    304.51220703125,
    0.974
   ],
   [
    1017.7928466796875,
    332.9902038574219,
    0.854
   ],
   [
    908.9967041015625,
    344.36767578125,
    0.738
   ],
   [
    1100.005615234375,
    474.427001953125,
    0.969
   ],
   [
    866.696533203125,
    498.4545593261719,
    0.983
   ],
   [
    1182.939208984375,
    654.348388671875,
    0.755
   ],
   [
    832.9326171875,
    683.2747192382812,
    0.842
   ],
   [
    1162.356689453125,
    736.1940307617188,
    0.595
   ],
   [
    841.5098876953125,
    713.1185302734375,
    0.678
   ],
   [
    1082.04150390625,
    802.7398681640625,
    0.633
   ],
   [
    925.4290771484375,
    809.9945068359375,
    0.686
   ],
   [
    1106.50341796875,
    904.9528198242188,
    -1.0
   ],
   [
    885.230224609375,
    912.2473754882812,
    -1.0
   ],
   [
    1113.1141357421875,
    953.0992431640625,
    -1.0
   ],
   [
    889.2784423828125,
    955.7466430664062,
    -1.0
   ]
  ]
 ],
 "skeleton_percentage": [
  100
 ],
 "angle": [
  35
 ]
}