{
 "frame_index": 221,
 "skeletons": [
  [
   [
    950.78759765625,
    324.2762145996094,
    0.987
   ],
   [
    968.9161376953125,
    300.2593994140625,
    0.98
   ],
   [
    922.103515625,
    310.3816223144531,
    0.967
   ],
   [
    1007.058349609375,
    326.41546630859375,
    0.904
   ],
   [
    898.3786010742188,
    350.79541015625,
    0.757
   ],
   [
    1096.419677734375,
    480.86920166015625,
    0.978
   ],
   [
    861.7033081054688,
    503.81378173828125,
    0.981
   ],
   [
    1177.21044921875,
    673.6529541015625,
    0.788
   ],
   [
    814.0487060546875,
    693.043212890625,
    0.789
   ],
   [
    1133.70166015625,
    774.9911499023438,
    0.606
   ],
   [
    863.9833374023438,
    748.0601806640625,
    0.6
   ],
   [
    1066.3076171875,
    831.8736572265625,
    0.641
   ],
   [
    912.1983642578125,
    841.0003051757812,
    0.652
   ],
   [
    1109.803466796875,
    885.208251953125,
    -1.0
   ],
   [
    900.2772216796875,
    898.72265625,
    -1.0
   ],
   [
    1102.3240966796875,
    914.15771484375,
    -1.0
   ],
   [
    886.2161865234375,
    941.430908203125,
    -1.0
   ]
  ]
 ],
 "skeleton_percentage": [
  100
 ],
 "angle": [
  29
 ]
}