{
 "frame_index": 222,
 "skeletons": [
  [
   [
    950.106689453125,
    324.3631286621094,
    0.986
   ],
   [
    968.358154296875,
    300.2293701171875,
    0.98
   ],
   [
    921.5619506835938,
    310.4503173828125,
    0.966
   ],
   [
    1007.0130615234375,
    326.35174560546875,
    0.906
   ],
   [
    898.4150390625,
    350.81927490234375,
    0.753
   ],
   [
    1097.17822265625,
    481.526123046875,
    0.978
   ],
   [
    861.685791015625,
    504.234619140625,
    0.981
   ],
   [
    1177.518310546875,
    674.6297607421875,
    0.783
   ],
   [
    813.7424926757812,
    693.2930908203125,
    0.784
   ],
   [
    1133.1441650390625,
    774.7288818359375,
    0.598
   ],
   [
    864.6031494140625,
    748.09716796875,
    0.592
   ],
   [
    1066.771484375,
    832.3533325195312,
    0.631
   ],
   [
    912.22705078125,
    841.313232421875,
    0.643
   ],
   [
    1109.3905029296875,
    883.7025146484375,
    -1.0
   ],
   [
    899.8943481445312,
    897.0719604492188,
    -1.0
   ],
   [
    1101.430908203125,
    910.6353149414062,
    -1.0
   ],
   [
    886.6312255859375,
    938.1859130859375,
    -1.0
   ]
  ]
 ],
 "skeleton_percentage": [
  100
 ],
 "angle": [
  29
 ]
}