{
 "frame_index": 223,
 "skeletons": [
  [
   [
    943.6697998046875,
    324.63177490234375,
    0.984
   ],
   [
    962.4715576171875,
    301.81781005859375,
    0.978
   ],
   [
    913.734375,
    311.260498046875,
    0.963
   ],
   [
    1000.4207153320312,
    333.46844482421875,
    0.897
   ],
   [
    888.671142578125,
    356.9264831542969,
    0.747
   ],
   [
    1086.6380615234375,
    491.1006774902344,
    0.972
   ],
   [
    853.03662109375,
    509.64495849609375,
    0.977
   ],
   [
    1163.67919921875,
    690.8980712890625,
    0.731
   ],
   [
    803.7003173828125,
    701.5385131835938,
    0.736
   ],
   [
    1129.182861328125,
    791.6746826171875,
    0.514
   ],
   [
    847.3423461914062,
    757.2811889648438,
    0.516
   ],
   [
    1053.953125,
    837.6903076171875,
    0.558
   ],
   [
    900.81201171875,
    845.2454223632812,
    0.572
   ],
   [
    1102.845458984375,
    858.6536865234375,
    -1.0
   ],
   [
    889.20703125,
    870.7560424804688,
    -1.0
   ],
   [
    1098.5330810546875,
    890.7213134765625,
    -1.0
   ],
   [
    876.82080078125,
    919.4166259765625,
    -1.0
   ]
  ]
 ],
 "skeleton_percentage": [
  100
 ],
 "angle": [
  24
 ]
}