{
 "frame_index": 224,
 "skeletons": [
  [
   [
    931.104736328125,
    330.79840087890625,
    0.986
   ],
   [
    951.125244140625,
    309.355224609375,
    0.977
   ],
   [
    904.9905395507812,
    315.64666748046875,
    0.964
   ],
   [
    987.11865234375,
    339.7222595214844,
    0.869
   ],
   [
    877.93505859375,
    355.98492431640625,
    0.684
   ],
   [
    1077.757568359375,
    488.62738037109375,
    0.966
   ],
   [
    836.4332275390625,
    512.01708984375,
    0.97
   ],
   [
    1154.037841796875,
    692.1057739257812,
    0.71
   ],
   [
    809.5301513671875,
    715.2998046875,
    0.711
   ],
   [
    1121.802001953125,
    756.3470458984375,
    0.508
   ],
   [
    857.8917846679688,
    735.015625,
    0.504
   ],
   [
    1060.638671875,
    824.6077880859375,
    0.516
   ],
   [
    899.09326171875,
    832.4247436523438,
    0.519
   ],
   [
    1088.45263671875,
    920.7852783203125,
    -1.0
   ],
   [
    864.6948852539062,
    929.3031005859375,
    -1.0
   ],
   [
    1080.2891845703125,
    959.1795654296875,
    -1.0
   ],
   [
    855.1788940429688,
    970.2200317382812,
    -1.0
   ]
  ]
 ],
 "skeleton_percentage": [
  100
 ],
 "angle": [
  20
 ]
}