{
 "frame_index": 225,
 "skeletons": [
  [
   [
    917.6767578125,
    341.9739074707031,
    0.983
   ],
   [
    935.6804809570312,
    319.9208984375,
    0.973
   ],
   [
    888.775634765625,
    329.4681701660156,
    0.958
   ],
   [
    969.7769165039062,
    350.3858642578125,
    0.868
   ],
   [
    862.6279907226562,
    374.6509094238281,
    0.715
   ],
   [
    1054.4498291015625,
    493.2572021484375,
    0.974
   ],
   [
    824.9013671875,
    519.1527099609375,
    0.974
   ],
   [
    1121.0458984375,
    693.420654296875,
    0.785
   ],
   [
    789.414794921875,
    720.2432250976562,
    0.755
   ],
   [
    1106.8155517578125,
    775.8338623046875,
    0.573
   ],
   [
    836.72021484375,
    746.3546142578125,
    0.55
   ],
   [
    1038.8641357421875,
    830.8480224609375,
    0.606
   ],
   [
    882.1494140625,
    842.5037841796875,
    0.602
   ],
   [
    1092.66796875,
    920.546875,
    -1.0
   ],
   [
    849.5865478515625,
    939.966064453125,
    -1.0
   ],
   [
    1090.824951171875,
    951.2070922851562,
    -1.0
   ],
   [
    827.1959228515625,
    983.999267578125,
    -1.0
   ]
  ]
 ],
 "skeleton_percentage": [
  100
 ],
 "angle": [
  359
 ]
}