{
 "frame_index": 226,
 "skeletons": [
  [
   [
    904.7448120117188,
    345.49749755859375,
    0.981
   ],
   [
    922.383056640625,
    321.6101989746094,
    0.972
   ],
   [
    877.00244140625,
    332.84832763671875,
    0.947
   ],
   [
    958.0828857421875,
    349.45977783203125,
    0.889
   ],
   [
    855.6895751953125,
    377.08477783203125,
    0.676
   ],
   [
    1045.0579833984375,
    495.3606262207031,
    0.975
   ],
   [
    818.885986328125,
    523.2070922851562,
    0.973
   ],
   [
    1113.135009765625,
    695.7318115234375,
    0.798
   ],
   [
    774.3673095703125,
    723.0178833007812,
    0.741
   ],
   [
    1091.8602294921875,
    772.2273559570312,
    0.591
   ],
   [
    809.7083740234375,
    748.2113037109375,
    0.535
   ],
   [
    1022.843505859375,
    836.9293212890625,
    0.571
   ],
   [
    867.524658203125,
    848.6143798828125,
    0.556
   ],
   [
    1076.97265625,
    896.298583984375,
    -1.0
   ],
   [
    826.6380615234375,
    916.5470581054688,
    -1.0
   ],
   [
    1083.948974609375,
    922.7047119140625,
    -1.0
   ],
   [
    806.167724609375,
    959.2567138671875,
    -1.0
   ]
  ]
 ],
 "skeleton_percentage": [
  100
 ],
 "angle": [
  345
 ]
}