{
 "frame_index": 227,
 "skeletons": [
  [
   [
    897.399658203125,
    351.66668701171875,
    0.982
   ],
   [
    915.7069702148438,
    328.27923583984375,
    0.972
   ],
   [
    871.6287841796875,
    339.0980224609375,
    0.962
   ],
   [
    951.494140625,
    354.77325439453125,
    0.874
   ],
   [
    849.6351318359375,
    380.135009765625,
    0.74
   ],
   [
    1040.6339111328125,
    500.99835205078125,
    0.955
   ],
   [
    811.0423583984375,
    529.36474609375,
    0.977
   ],
   [
    1105.5201416015625,
    692.0426635742188,
    0.611
   ],
   [
    768.256103515625,
    713.3928833007812,
    0.742
   ],
   [
    1071.6170654296875,
    745.0693359375,
    -1.0
   ],
   [
    797.8408813476562,
    727.2383422851562,
    0.514
   ],
   [
    1018.682861328125,
    837.368896484375,
    0.523
   ],
   [
    867.3480224609375,
    847.8803100585938,
    0.584
   ],
   [
    1041.589111328125,
    927.109375,
    -1.0
   ],
   [
    839.0209350585938,
    942.5337524414062,
    -1.0
   ],
   [
    1039.075439453125,
    975.1453857421875,
    -1.0
   ],
   [
    842.2333374023438,
    1003.3798828125,
    -1.0
   ]
  ]
 ],
 "skeleton_percentage": [
  100
 ],
 "angle": [
  334
 ]
}