{
 "frame_index": 228,
 "skeletons": [
  [
   [
    896.6192626953125,
    351.003662109375,
    0.982
   ],
   [
    915.3147583007812,
    327.6874084472656,
    0.973
   ],
   [
    870.9456787109375,
    338.718017578125,
    0.96
   ],
   [
    952.1986083984375,
    354.73431396484375,
    0.878
   ],
   [
    849.5557861328125,
    380.4311828613281,
    0.724
   ],
   [
    1042.081298828125,
    499.4208068847656,
    0.956
   ],
   [
    811.8967895507812,
    528.3081665039062,
    0.976
   ],
   [
    1106.2884521484375,
    690.0682373046875,
    0.625
   ],
   [
    766.0816040039062,
    710.58544921875,
    0.739
   ],
   [
    1072.04736328125,
    744.0416259765625,
    -1.0
   ],
   [
    791.97119140625,
    719.3618774414062,
    0.519
   ],
   [
    1022.30078125,
    833.3057861328125,
    0.524
   ],
   [
    870.3517456054688,
    844.009521484375,
    0.578
   ],
   [
    1046.0416259765625,
    921.3980712890625,
    -1.0
   ],
   [
    841.10693359375,
    937.3709716796875,
    -1.0
   ],
   [
    1045.136474609375,
    972.017333984375,
    -1.0
   ],
   [
    843.31396484375,
    1000.2368774414062,
    -1.0
   ]
  ]
 ],
 "skeleton_percentage": [
  100
 ],
 "angle": [
  334
 ]
}