{
 "frame_index": 229,
 "skeletons": [
  [
   [
    890.0821533203125,
    356.89892578125,
    0.987
   ],
   [
    908.3615112304688,
    334.4892883300781,
    0.978
   ],
   [
    865.142822265625,
    342.6703796386719,
    0.966
   ],
   [
    943.0810546875,
    359.39361572265625,
    0.871
   ],
   [
    841.3178100585938,
    380.52691650390625,
    0.695
   ],
   [
    1024.7978515625,
    502.7371826171875,
    0.972
   ],
   [
    798.0845947265625,
    530.5438232421875,
    0.975
   ],
   [
    1093.97802734375,
    680.3172607421875,
    0.78
   ],
   [
    743.4234619140625,
    706.6986694335938,
    0.768
   ],
   [
    1076.564208984375,
    796.0950927734375,
    0.602
   ],
   [
    761.6091918945312,
    753.6776123046875,
    0.592
   ],
   [
    993.8956298828125,
    837.7071533203125,
    0.699
   ],
   [
    843.426025390625,
    846.9940795898438,
    0.701
   ],
   [
    1012.505859375,
    1018.083984375,
    -1.0
   ],
   [
    812.6053466796875,
    1034.099365234375,
    -1.0
   ],
   [
    1009.1244506835938,
    1075.649658203125,
    -1.0
   ],
   [
    805.443603515625,
    1080.0,
    -1.0
   ]
  ],
  [
   [
    888.643310546875,
    358.7237548828125,
    0.975
   ],
   [
    908.9072265625,
    332.9345397949219,
    0.951
   ],
   [
    864.4491577148438,
    338.53271484375,
    0.927
   ],
   [
    945.6190795898438,
    352.93701171875,
    0.832
   ],
   [
    839.4036865234375,
    366.04083251953125,
    0.668
   ],
   [
    1016.5296630859375,
    506.2645568847656,
    0.979
   ],
   [
    807.605712890625,
    527.5794677734375,
    0.983
   ],
   [
    1089.5960693359375,
    697.052978515625,
    0.852
   ],
   [
    749.2369384765625,
    729.406494140625,
    0.858
   ],
   [
    1048.394287109375,
    815.6918334960938,
    0.754
   ],
   [
    752.3848266601562,
    821.09423828125,
    0.75
   ],
   [
    992.8524169921875,
    856.4536743164062,
    0.874
   ],
   [
    854.739013671875,
    860.8094482421875,
    0.88
   ],
   [
    959.4413452148438,
    1020.6403198242188,
    -1.0
   ],
   [
    800.5616455078125,
    1028.0927734375,
    -1.0
   ],
   [
    941.055419921875,
    1076.125244140625,
    -1.0
   ],
   [
    788.5519409179688,
    1080.0,
    -1.0
   ]
  ]
 ],
 "skeleton_percentage": [
  100,
  100
 ],
 "angle": [
  322,
  198
 ]
}