{
 "frame_index": 230,
 "skeletons": [
  [
   [
    883.2760620117188,
    357.54949951171875,
    0.985
   ],
   [
    902.54736328125,
    336.3955078125,
    0.973
   ],
   [
    858.8823852539062,
    341.866943359375,
    0.961
   ],
   [
    937.390625,
    365.2286376953125,
    0.849
   ],
   [
    833.9306030273438,
    380.4285888671875,
    0.689
   ],
   [
    1014.0693969726562,
    510.58148193359375,
    0.97
   ],
   [
    789.5888671875,
    534.611083984375,
    0.971
   ],
   [
    1082.5948486328125,
    694.328369140625,
    0.762
   ],
   [
    729.76611328125,
    719.4769287109375,
    0.754
   ],
   [
    1074.699951171875,
    801.759521484375,
    0.557
   ],
   [
    738.0850830078125,
    752.2725219726562,
    0.564
   ],
   [
    981.1734008789062,
    839.2940673828125,
    0.642
   ],
   [
    828.4288330078125,
    846.9140625,
    0.645
   ],
   [
    1010.36279296875,
    981.3825073242188,
    -1.0
   ],
   [
    789.98974609375,
    995.5792236328125,
    -1.0
   ],
   [
    1001.6874389648438,
    1018.318359375,
    -1.0
   ],
   [
    763.4993286132812,
    1032.15869140625,
    -1.0
   ]
  ]
 ],
 "skeleton_percentage": [
  100
 ],
 "angle": [
  314
 ]
}