{
 "frame_index": 231,
 "skeletons": [
  [
   [
    883.8504638671875,
    357.4668273925781,
    0.985
   ],
   [
    902.9959716796875,
    336.5325622558594,
    0.973
   ],
   [
    859.3839111328125,
    341.76593017578125,
    0.963
   ],
   [
    937.299560546875,
    365.67547607421875,
    0.844
   ],
   [
    833.7904052734375,
    380.3758850097656,
    0.7
   ],
   [
    1013.9456787109375,
    511.5009765625,
    0.969
   ],
   [
    788.6944580078125,
    534.96142578125,
    0.971
   ],
   [
    1083.43505859375,
    695.2413940429688,
    0.754
   ],
   [
    729.1177978515625,
    720.425048828125,
    0.752
   ],
   [
    1075.6993408203125,
    805.4794921875,
    0.544
   ],
   [
    737.8328857421875,
    759.4689331054688,
    0.558
   ],
   [
    981.2103881835938,
    839.647705078125,
    0.627
   ],
   [
    828.10009765625,
    847.1178588867188,
    0.633
   ],
   [
    1011.0785522460938,
    980.5458984375,
    -1.0
   ],
   [
    790.73876953125,
    994.138671875,
    -1.0
   ],
   [
    1001.7591552734375,
    1014.7850341796875,
    -1.0
   ],
   [
    764.9130859375,
    1027.9761962890625,
    -1.0
   ]
  ]
 ],
 "skeleton_percentage": [
  100
 ],
 "angle": [
  314
 ]
}