{
 "frame_index": 232,
 "skeletons": [
  [
   [
    879.171630859375,
    366.3038330078125,
    0.986
   ],
   [
    898.2064208984375,
    344.5838928222656,
    0.974
   ],
   [
    855.11572265625,
    350.3453369140625,
    0.973
   ],
   [
    929.165283203125,
    369.50054931640625,
    0.833
   ],
   [
    828.1573486328125,
    383.3780822753906,
    0.791
   ],
   [
    1008.959228515625,
    514.90478515625,
    0.959
   ],
   [
    773.9877319335938,
    533.6492919921875,
    0.976
   ],
   [
    1081.815673828125,
    704.6177368164062,
    0.634
   ],
   [
    728.0279541015625,
    720.8816528320312,
    0.739
   ],
   [
    1068.484375,
    752.13232421875,
    -1.0
   ],
   [
    751.8102416992188,
    718.7935180664062,
    0.537
   ],
   [
    974.7659912109375,
    845.9075927734375,
    -1.0
   ],
   [
    821.2528076171875,
    853.2621459960938,
    0.548
   ],
   [
    1007.858154296875,
    934.6466064453125,
    -1.0
   ],
   [
    806.6566772460938,
    945.4608764648438,
    -1.0
   ],
   [
    997.6217651367188,
    982.5364379882812,
    -1.0
   ],
   [
    809.96533203125,
    998.6451416015625,
    -1.0
   ]
  ]
 ],
 "skeleton_percentage": [
  100
 ],
 "angle": [
  305
 ]
}