{
 "frame_index": 233,
 "skeletons": [
  [
   [
    877.9806518554688,
    368.4249572753906,
    0.989
   ],
   [
    896.162109375,
    347.7894287109375,
    0.971
   ],
   [
    854.69873046875,
    351.10693359375,
    0.977
   ],
   [
    924.3466186523438,
    373.5174865722656,
    0.778
   ],
   [
    823.4562377929688,
    382.4432373046875,
    0.813
   ],
   [
    997.5859375,
    513.227294921875,
    0.972
   ],
   [
    767.5841064453125,
    536.6396484375,
    0.986
   ],
   [
    1068.396240234375,
    696.505859375,
    0.749
   ],
   [
    721.2393188476562,
    726.552001953125,
    0.872
   ],
   [
    1062.5853271484375,
    795.4883422851562,
    0.584
   ],
   [
    772.3342895507812,
    719.6802368164062,
    0.736
   ],
   [
    983.30712890625,
    857.3992919921875,
    0.784
   ],
   [
    828.28369140625,
    866.9664306640625,
    0.833
   ],
   [
    1009.5045166015625,
    1052.52001953125,
    -1.0
   ],
   [
    812.9203491210938,
    1068.8638916015625,
    -1.0
   ],
   [
    994.66943359375,
    1080.0,
    -1.0
   ],
   [
    798.1906127929688,
    1080.0,
    -1.0
   ]
  ],
  [
   [
    879.9334716796875,
    369.5018310546875,
    0.989
   ],
   [
    897.9710693359375,
    348.61309814453125,
    0.971
   ],
   [
    856.267333984375,
    351.97503662109375,
    0.975
   ],
   [
    926.9664306640625,
    373.79058837890625,
    0.792
   ],
   [
    826.2874145507812,
    382.15301513671875,
    0.832
   ],
   [
    998.8843994140625,
    518.6781616210938,
    0.981
   ],
   [
    767.258056640625,
    529.51171875,
    0.988
   ],
   [
    1072.696044921875,
    694.6526489257812,
    0.81
   ],
   [
    719.0946655273438,
    704.4695434570312,
    0.873
   ],
   [
    1066.7386474609375,
    786.1629638671875,
    0.671
   ],
   [
    780.1950073242188,
    705.974853515625,
    0.761
   ],
   [
    975.6494750976562,
    845.9666748046875,
    0.808
   ],
   [
    819.860595703125,
    853.9693603515625,
    0.844
   ],
   [
    1029.443603515625,
    985.906494140625,
    -1.0
   ],
   [
    816.6785888671875,
    1002.6699829101562,
    -1.0
   ],
   [
    1031.097412109375,
    1058.26025390625,
    -1.0
   ],
   [
    828.8115234375,
    1076.114501953125,
    -1.0
   ]
  ]
 ],
 "skeleton_percentage": [
  100,
  100
 ],
 "angle": [
  230,
  302
 ]
}