{
 "frame_index": 234,
 "skeletons": [
  [
   [
    878.0048217773438,
    368.21630859375,
    0.99
   ],
   [
    896.1307983398438,
    347.6631774902344,
    0.972
   ],
   [
    854.774169921875,
    350.95068359375,
    0.978
   ],
   [
    924.119384765625,
    373.45867919921875,
    0.778
   ],
   [
    823.587890625,
    382.3812255859375,
    0.817
   ],
   [
    997.3452758789062,
    512.8077392578125,
    0.973
   ],
   [
    768.0264892578125,
    536.2001342773438,
    0.987
   ],
   [
    1067.807861328125,
    696.7076416015625,
    0.759
   ],
   [
    722.263671875,
    725.0468139648438,
    0.883
   ],
   [
    1060.9766845703125,
    796.60205078125,
    0.601
   ],
   [
    774.57666015625,
    709.8887329101562,
    0.759
   ],
   [
    982.5943603515625,
    858.0452270507812,
    0.799
   ],
   [
    828.1773681640625,
    867.3187866210938,
    0.848
   ],
   [
    1005.6890258789062,
    1054.7509765625,
    -1.0
   ],
   [
    811.5594482421875,
    1071.265380859375,
    -1.0
   ],
   [
    989.1448974609375,
    1080.0,
    -1.0
   ],
   [
    795.8843994140625,
    1080.0,
    -1.0
   ]
  ],
  [
   [
    879.8941650390625,
    369.3679504394531,
    0.989
   ],
   [
    897.947998046875,
    348.59271240234375,
    0.971
   ],
   [
    856.3004150390625,
    351.80853271484375,
    0.975
   ],
   [
    926.859130859375,
    373.838623046875,
    0.793
   ],
   [
    826.2882080078125,
    381.86578369140625,
    0.833
   ],
   [
    998.7661743164062,
    518.7770385742188,
    0.981
   ],
   [
    767.3712768554688,
    528.5283203125,
    0.988
   ],
   [
    1072.1241455078125,
    695.4417114257812,
    0.814
   ],
   [
    720.09765625,
    702.6995239257812,
    0.878
   ],
   [
    1066.08837890625,
    786.3720703125,
    0.678
   ],
   [
    781.8810424804688,
    701.4277954101562,
    0.77
   ],
   [
    974.9302368164062,
    846.5001220703125,
    0.821
   ],
   [
    819.4566650390625,
    853.8984375,
    0.856
   ],
   [
    1026.62939453125,
    988.9307861328125,
    -1.0
   ],
   [
    815.7815551757812,
    1005.1409912109375,
    -1.0
   ],
   [
    1027.64697265625,
    1064.12890625,
    -1.0
   ],
   [
    828.595458984375,
    1080.0,
    -1.0
   ]
  ]
 ],
 "skeleton_percentage": [
  100,
  100
 ],
 "angle": [
  224,
  301
 ]
}