{
 "frame_index": 235,
 "skeletons": [
  [
   [
    873.9069213867188,
    369.9383239746094,
    0.989
   ],
   [
    891.3944091796875,
    349.1466979980469,
    0.974
   ],
   [
    851.0523681640625,
    354.02349853515625,
    0.977
   ],
   [
    921.0576171875,
    372.46832275390625,
    0.806
   ],
   [
    824.2056884765625,
    384.4353332519531,
    0.805
   ],
   [
    995.0096435546875,
    509.70318603515625,
    0.973
   ],
   [
    770.4091186523438,
    526.748779296875,
    0.983
   ],
   [
    1061.4986572265625,
    682.4871826171875,
    0.763
   ],
   [
    712.5947265625,
    702.5035400390625,
    0.833
   ],
   [
    1054.5625,
    787.6393432617188,
    0.575
   ],
   [
    752.88525390625,
    762.5560913085938,
    0.662
   ],
   [
    976.03369140625,
    839.1791381835938,
    0.751
   ],
   [
    824.3507080078125,
    847.819580078125,
    0.785
   ],
   [
    1022.8248291015625,
    1017.4495239257812,
    -1.0
   ],
   [
    808.8516845703125,
    1029.824951171875,
    -1.0
   ],
   [
    1031.4061279296875,
    1080.0,
    -1.0
   ],
   [
    804.112548828125,
    1080.0,
    -1.0
   ]
  ],
  [
   [
    872.0322265625,
    372.3245849609375,
    0.982
   ],
   [
    889.79736328125,
    349.3741149902344,
    0.955
   ],
   [
    849.9849243164062,
    352.92352294921875,
    0.956
   ],
   [
    920.250732421875,
    369.7497253417969,
    0.802
   ],
   [
    824.0297241210938,
    378.4991455078125,
    0.783
   ],
   [
    990.992431640625,
    511.3070068359375,
    0.98
   ],
   [
    776.0069580078125,
    533.0797119140625,
    0.989
   ],
   [
    1052.0635986328125,
    687.0677490234375,
    0.838
   ],
   [
    719.2830200195312,
    728.6346435546875,
    0.911
   ],
   [
    1047.7470703125,
    796.81787109375,
    0.713
   ],
   [
    740.974609375,
    825.7847900390625,
    0.799
   ],
   [
    987.634765625,
    853.2595825195312,
    0.872
   ],
   [
    839.2784423828125,
    862.61181640625,
    0.901
   ],
   [
    999.390380859375,
    1035.179443359375,
    -1.0
   ],
   [
    792.7203369140625,
    1049.041015625,
    -1.0
   ],
   [
    996.1160888671875,
    1080.0,
    -1.0
   ],
   [
    779.6666259765625,
    1080.0,
    -1.0
   ]
  ]
 ],
 "skeleton_percentage": [
  100,
  100
 ],
 "angle": [
  298,
  211
 ]
}