{
 "frame_index": 236,
 "skeletons": [
  [
   [
    872.7160034179688,
    371.3533630371094,
    0.987
   ],
   [
    890.359375,
    350.1239318847656,
    0.969
   ],
   [
    850.0592651367188,
    354.06524658203125,
    0.972
   ],
   [
    920.3167724609375,
    372.80572509765625,
    0.811
   ],
   [
    823.389892578125,
    382.1413879394531,
    0.823
   ],
   [
    992.7046508789062,
    514.6988525390625,
    0.98
   ],
   [
    765.5230712890625,
    525.3540649414062,
    0.988
   ],
   [
    1064.07958984375,
    684.34521484375,
    0.804
   ],
   [
    700.2941284179688,
    698.342041015625,
    0.875
   ],
   [
    1043.9134521484375,
    773.1983642578125,
    0.658
   ],
   [
    751.3936157226562,
    750.274169921875,
    0.746
   ],
   [
    974.817626953125,
    836.8897705078125,
    0.797
   ],
   [
    821.9324340820312,
    845.384033203125,
    0.838
   ],
   [
    1029.861328125,
    969.2382202148438,
    -1.0
   ],
   [
    817.77392578125,
    982.1705932617188,
    -1.0
   ],
   [
    1039.16943359375,
    1030.5279541015625,
    -1.0
   ],
   [
    831.330810546875,
    1048.543212890625,
    -1.0
   ]
  ],
  [
   [
    870.6888427734375,
    373.05853271484375,
    0.982
   ],
   [
    889.5888061523438,
    350.86187744140625,
    0.948
   ],
   [
    849.2064208984375,
    352.1768798828125,
    0.958
   ],
   [
    920.121337890625,
    372.95751953125,
    0.769
   ],
   [
    822.879638671875,
    375.89813232421875,
    0.819
   ],
   [
    991.0636596679688,
    520.0431518554688,
    0.982
   ],
   [
    764.380859375,
    528.0266723632812,
    0.99
   ],
   [
    1054.0745849609375,
    693.9266357421875,
    0.847
   ],
   [
    691.5517578125,
    713.4494018554688,
    0.916
   ],
   [
    1040.0255126953125,
    781.6507568359375,
    0.739
   ],
   [
    737.6492309570312,
    804.4139404296875,
    0.826
   ],
   [
    980.2794799804688,
    857.7000732421875,
    0.863
   ],
   [
    826.3540649414062,
    865.3855590820312,
    0.897
   ],
   [
    1015.68798828125,
    1020.5548095703125,
    -1.0
   ],
   [
    808.46435546875,
    1029.9716796875,
    -1.0
   ],
   [
    1014.35205078125,
    1080.0,
    -1.0
   ],
   [
    816.898681640625,
    1080.0,
    -1.0
   ]
  ]
 ],
 "skeleton_percentage": [
  100,
  100
 ],
 "angle": [
  298,
  224
 ]
}