{
 "frame_index": 237,
 "skeletons": [
  [
   [
    872.4563598632812,
    371.1138610839844,
    0.987
   ],
   [
    890.243896484375,
    349.95697021484375,
    0.969
   ],
   [
    849.82275390625,
    353.89569091796875,
    0.971
   ],
   [
    920.449951171875,
    372.79888916015625,
    0.813
   ],
   [
    823.36962890625,
    382.192626953125,
    0.821
   ],
   [
    992.7647705078125,
    514.4156494140625,
    0.98
   ],
   [
    765.6319580078125,
    525.5723876953125,
    0.987
   ],
   [
    1063.6767578125,
    683.6431274414062,
    0.801
   ],
   [
    700.9332885742188,
    699.3734130859375,
    0.87
   ],
   [
    1043.9761962890625,
    773.59326171875,
    0.651
   ],
   [
    750.4671630859375,
    755.6246337890625,
    0.736
   ],
   [
    973.42919921875,
    836.2117309570312,
    0.786
   ],
   [
    820.7569580078125,
    844.6800537109375,
    0.828
   ],
   [
    1025.434326171875,
    969.2987060546875,
    -1.0
   ],
   [
    814.6768798828125,
    982.2332763671875,
    -1.0
   ],
   [
    1032.984619140625,
    1028.63037109375,
    -1.0
   ],
   [
    828.319580078125,
    1046.8028564453125,
    -1.0
   ]
  ],
  [
   [
    869.44580078125,
    373.2691955566406,
    0.986
   ],
   [
    888.8322143554688,
    351.198486328125,
    0.962
   ],
   [
    847.682373046875,
    353.33990478515625,
    0.969
   ],
   [
    920.1636962890625,
    373.8778381347656,
    0.799
   ],
   [
    821.8275146484375,
    379.298828125,
    0.819
   ],
   [
    992.2459716796875,
    517.7044067382812,
    0.977
   ],
   [
    769.312744140625,
    533.1505737304688,
    0.987
   ],
   [
    1054.5537109375,
    691.4735717773438,
    0.793
   ],
   [
    707.0479736328125,
    722.12890625,
    0.89
   ],
   [
    1042.3154296875,
    785.249755859375,
    0.644
   ],
   [
    738.6165771484375,
    824.866943359375,
    0.756
   ],
   [
    982.0462646484375,
    859.7334594726562,
    0.815
   ],
   [
    830.1432495117188,
    867.7657470703125,
    0.859
   ],
   [
    1010.4285278320312,
    1053.278564453125,
    -1.0
   ],
   [
    804.0882568359375,
    1061.5660400390625,
    -1.0
   ],
   [
    1008.433837890625,
    1080.0,
    -1.0
   ],
   [
    798.395263671875,
    1080.0,
    -1.0
   ]
  ]
 ],
 "skeleton_percentage": [
  100,
  100
 ],
 "angle": [
  299,
  222
 ]
}