{
 "frame_index": 238,
 "skeletons": [
  [
   [
    868.698486328125,
    369.75701904296875,
    0.987
   ],
   [
    887.942138671875,
    348.3641357421875,
    0.973
   ],
   [
    845.8734741210938,
    352.64013671875,
    0.969
   ],
   [
    921.7530517578125,
    371.4002380371094,
    0.836
   ],
   [
    821.3878784179688,
    381.5791015625,
    0.783
   ],
   [
    992.2054443359375,
    513.693603515625,
    0.978
   ],
   [
    770.1326904296875,
    524.7579956054688,
    0.984
   ],
   [
    1061.404541015625,
    684.7943115234375,
    0.798
   ],
   [
    712.6597900390625,
    697.7836303710938,
    0.845
   ],
   [
    1039.785400390625,
    776.6544189453125,
    0.648
   ],
   [
    755.0137329101562,
    754.0936279296875,
    0.703
   ],
   [
    967.9161987304688,
    839.6756591796875,
    0.77
   ],
   [
    818.9588623046875,
    846.8300170898438,
    0.804
   ],
   [
    1013.3453369140625,
    983.7674560546875,
    -1.0
   ],
   [
    813.124267578125,
    995.4486083984375,
    -1.0
   ],
   [
    1019.0593872070312,
    1038.7108154296875,
    -1.0
   ],
   [
    827.3468017578125,
    1056.3082275390625,
    -1.0
   ]
  ],
  [
   [
    866.9149169921875,
    371.90838623046875,
    0.983
   ],
   [
    887.359375,
    349.600341796875,
    0.956
   ],
   [
    845.5194091796875,
    351.1875,
    0.958
   ],
   [
    921.7491455078125,
    371.2854309082031,
    0.798
   ],
   [
    821.3658447265625,
    374.9677734375,
    0.788
   ],
   [
    992.513671875,
    517.8671875,
    0.981
   ],
   [
    767.59228515625,
    526.5006713867188,
    0.988
   ],
   [
    1050.930419921875,
    695.1668701171875,
    0.841
   ],
   [
    707.0112915039062,
    712.2745971679688,
    0.902
   ],
   [
    1035.52783203125,
    787.5606079101562,
    0.732
   ],
   [
    743.4068603515625,
    798.1861572265625,
    0.804
   ],
   [
    971.0161743164062,
    853.3177490234375,
    0.867
   ],
   [
    819.3803100585938,
    859.2687377929688,
    0.897
   ],
   [
    993.4649658203125,
    1031.7230224609375,
    -1.0
   ],
   [
    797.8692626953125,
    1041.04052734375,
    -1.0
   ],
   [
    980.4373779296875,
    1080.0,
    -1.0
   ],
   [
    806.9105224609375,
    1080.0,
    -1.0
   ]
  ]
 ],
 "skeleton_percentage": [
  100,
  100
 ],
 "angle": [
  300,
  220
 ]
}