{
 "frame_index": 239,
 "skeletons": [
  [
   [
    870.8475952148438,
    371.1574401855469,
    0.984
   ],
   [
    889.3948974609375,
    350.150634765625,
    0.97
   ],
   [
    848.6863403320312,
    356.1554260253906,
    0.969
   ],
   [
    919.9493408203125,
    373.2371826171875,
    0.833
   ],
   [
    824.9053344726562,
    386.8226623535156,
    0.783
   ],
   [
    998.7884521484375,
    509.526123046875,
    0.959
   ],
   [
    772.1395263671875,
    525.3872680664062,
    0.977
   ],
   [
    1064.36865234375,
    697.4814453125,
    0.657
   ],
   [
    727.4530639648438,
    705.8710327148438,
    0.771
   ],
   [
    1036.1632080078125,
    753.6649169921875,
    -1.0
   ],
   [
    763.4363403320312,
    717.8427734375,
    0.574
   ],
   [
    971.5557861328125,
    826.548828125,
    0.535
   ],
   [
    822.2631225585938,
    833.3021240234375,
    0.59
   ],
   [
    1014.4822998046875,
    935.0106201171875,
    -1.0
   ],
   [
    817.1004638671875,
    943.4639282226562,
    -1.0
   ],
   [
    1010.072265625,
    982.65966796875,
    -1.0
   ],
   [
    819.391357421875,
    997.3421630859375,
    -1.0
   ]
  ]
 ],
 "skeleton_percentage": [
  100
 ],
 "angle": [
  299
 ]
}