{
 "frame_index": 240,
 "skeletons": [
  [
   [
    871.665771484375,
    371.19781494140625,
    0.985
   ],
   [
    889.9400634765625,
    350.309326171875,
    0.97
   ],
   [
    849.4830322265625,
    356.0005187988281,
    0.97
   ],
   [
    919.8514404296875,
    373.2746887207031,
    0.826
   ],
   [
    824.6407470703125,
    386.2933349609375,
    0.79
   ],
   [
    999.087890625,
    509.06402587890625,
    0.961
   ],
   [
    771.2086181640625,
    525.271728515625,
    0.978
   ],
   [
    1065.579833984375,
    699.1397094726562,
    0.669
   ],
   [
    729.0094604492188,
    709.96142578125,
    0.785
   ],
   [
    1036.0042724609375,
    754.3577880859375,
    -1.0
   ],
   [
    765.3231201171875,
    726.91552734375,
    0.589
   ],
   [
    973.7655029296875,
    818.1500244140625,
    0.501
   ],
   [
    823.0449829101562,
    825.1690063476562,
    0.558
   ],
   [
    1019.0897827148438,
    900.0472412109375,
    -1.0
   ],
   [
    815.0076904296875,
    908.0890502929688,
    -1.0
   ],
   [
    1014.0518188476562,
    939.8629760742188,
    -1.0
   ],
   [
    817.9410400390625,
    953.3362426757812,
    -1.0
   ]
  ]
 ],
 "skeleton_percentage": [
  100
 ],
 "angle": [
  299
 ]
}