{
 "frame_index": 241,
 "skeletons": [
  [
   [
    874.048583984375,
    370.5451354980469,
    0.985
   ],
   [
    892.1815795898438,
    349.54327392578125,
    0.971
   ],
   [
    851.3889770507812,
    355.825927734375,
    0.971
   ],
   [
    922.3493041992188,
    372.6651306152344,
    0.836
   ],
   [
    827.1622314453125,
    387.13104248046875,
    0.794
   ],
   [
    1001.8123168945312,
    509.14825439453125,
    0.962
   ],
   [
    775.7474365234375,
    526.6170654296875,
    0.979
   ],
   [
    1070.6458740234375,
    695.7056884765625,
    0.674
   ],
   [
    730.8626708984375,
    708.4755249023438,
    0.784
   ],
   [
    1052.04052734375,
    758.4981689453125,
    -1.0
   ],
   [
    760.3323974609375,
    731.2978515625,
    0.584
   ],
   [
    975.0361328125,
    824.72314453125,
    0.54
   ],
   [
    826.78564453125,
    832.2262573242188,
    0.595
   ],
   [
    1014.7216186523438,
    921.8325805664062,
    -1.0
   ],
   [
    818.567138671875,
    931.793701171875,
    -1.0
   ],
   [
    1009.1781005859375,
    967.3807373046875,
    -1.0
   ],
   [
    823.0689697265625,
    984.4674682617188,
    -1.0
   ]
  ]
 ],
 "skeleton_percentage": [
  100
 ],
 "angle": [
  300
 ]
}