{
 "frame_index": 242,
 "skeletons": [
  [
   [
    874.4199829101562,
    372.980712890625,
    0.985
   ],
   [
    892.8539428710938,
    351.04913330078125,
    0.972
   ],
   [
    853.052734375,
    357.1886901855469,
    0.959
   ],
   [
    928.4842529296875,
    372.28802490234375,
    0.871
   ],
   [
    835.1373291015625,
    386.47369384765625,
    0.738
   ],
   [
    1004.2011108398438,
    513.0350952148438,
    0.979
   ],
   [
    785.8402099609375,
    525.909423828125,
    0.983
   ],
   [
    1069.4791259765625,
    681.75244140625,
    0.819
   ],
   [
    730.5808715820312,
    692.3775634765625,
    0.832
   ],
   [
    1063.814208984375,
    779.14892578125,
    0.661
   ],
   [
    766.42919921875,
    753.203125,
    0.678
   ],
   [
    976.5106201171875,
    825.1441040039062,
    0.751
   ],
   [
    828.5643310546875,
    832.7437133789062,
    0.772
   ],
   [
    1028.573486328125,
    965.9067993164062,
    -1.0
   ],
   [
    816.183349609375,
    980.748046875,
    -1.0
   ],
   [
    1038.3660888671875,
    1009.6697387695312,
    -1.0
   ],
   [
    828.9293212890625,
    1035.9996337890625,
    -1.0
   ]
  ],
  [
   [
    872.43310546875,
    374.6503601074219,
    0.971
   ],
   [
    891.5846557617188,
    350.76800537109375,
    0.938
   ],
   [
    852.7696533203125,
    353.457275390625,
    0.92
   ],
   [
    927.3923950195312,
    367.8844299316406,
    0.813
   ],
   [
    834.6806640625,
    373.6425476074219,
    0.697
   ],
   [
    997.066650390625,
    511.41302490234375,
    0.979
   ],
   [
    794.36767578125,
    528.1444091796875,
    0.985
   ],
   [
    1065.7017822265625,
    691.1419677734375,
    0.847
   ],
   [
    741.6447143554688,
    722.6068725585938,
    0.888
   ],
   [
    1042.611572265625,
    794.018310546875,
    0.739
   ],
   [
    758.04833984375,
    799.135009765625,
    0.78
   ],
   [
    980.723876953125,
    854.9133911132812,
    0.885
   ],
   [
    842.8565673828125,
    859.9140014648438,
    0.901
   ],
   [
    983.01708984375,
    1020.6611328125,
    -1.0
   ],
   [
    803.124267578125,
    1028.6357421875,
    -1.0
   ],
   [
    969.0023803710938,
    1080.0,
    -1.0
   ],
   [
    786.7535400390625,
    1080.0,
    -1.0
   ]
  ]
 ],
 "skeleton_percentage": [
  100,
  100
 ],
 "angle": [
  303,
  203
 ]
}