{
 "frame_index": 243,
 "skeletons": [
  [
   [
    894.9263305664062,
    375.3675537109375,
    0.985
   ],
   [
    910.0581665039062,
    353.153076171875,
    0.97
   ],
   [
    871.0123291015625,
    362.1596374511719,
    0.962
   ],
   [
    939.9422607421875,
    375.45831298828125,
    0.855
   ],
   [
    849.6064453125,
    397.81951904296875,
    0.744
   ],
   [
    1022.5442504882812,
    512.4061889648438,
    0.976
   ],
   [
    804.3345947265625,
    531.7982177734375,
    0.982
   ],
   [
    1083.3560791015625,
    685.2376098632812,
    0.806
   ],
   [
    747.365966796875,
    695.8330078125,
    0.836
   ],
   [
    1086.9853515625,
    759.7493896484375,
    0.647
   ],
   [
    787.4041748046875,
    720.4590454101562,
    0.686
   ],
   [
    997.841796875,
    826.5343017578125,
    0.797
   ],
   [
    850.7816162109375,
    835.1361694335938,
    0.813
   ],
   [
    1035.8924560546875,
    1002.235107421875,
    -1.0
   ],
   [
    823.2701416015625,
    1018.9077758789062,
    -1.0
   ],
   [
    1044.8917236328125,
    1080.0,
    -1.0
   ],
   [
    814.5198974609375,
    1080.0,
    -1.0
   ]
  ],
  [
   [
    893.383544921875,
    377.4847412109375,
    0.976
   ],
   [
    911.07568359375,
    353.2669677734375,
    0.948
   ],
   [
    870.849853515625,
    358.7969055175781,
    0.936
   ],
   [
    944.5911254882812,
    371.3438415527344,
    0.815
   ],
   [
    847.9703979492188,
    384.10791015625,
    0.72
   ],
   [
    1014.5623168945312,
    510.7779235839844,
    0.98
   ],
   [
    815.802490234375,
    529.3711547851562,
    0.988
   ],
   [
    1084.207763671875,
    681.9051513671875,
    0.859
   ],
   [
    758.1920166015625,
    708.458740234375,
    0.91
   ],
   [
    1057.220703125,
    759.07080078125,
    0.773
   ],
   [
    784.4804077148438,
    756.9158935546875,
    0.823
   ],
   [
    999.4216918945312,
    832.6639404296875,
    0.908
   ],
   [
    861.8582153320312,
    837.8275146484375,
    0.924
   ],
   [
    990.072509765625,
    1007.6788330078125,
    -1.0
   ],
   [
    798.6732177734375,
    1017.3065185546875,
    0.517
   ],
   [
    985.7830810546875,
    1080.0,
    -1.0
   ],
   [
    767.0703735351562,
    1080.0,
    -1.0
   ]
  ]
 ],
 "skeleton_percentage": [
  100,
  100
 ],
 "angle": [
  310,
  198
 ]
}