{
 "frame_index": 244,
 "skeletons": [
  [
   [
    901.7239990234375,
    378.0680236816406,
    0.983
   ],
   [
    919.3634033203125,
    357.3150329589844,
    0.969
   ],
   [
    878.478759765625,
    364.5650939941406,
    0.96
   ],
   [
    953.7862548828125,
    383.1585388183594,
    0.862
   ],
   [
    857.656494140625,
    401.42596435546875,
    0.717
   ],
   [
    1035.060546875,
    523.6207275390625,
    0.967
   ],
   [
    814.30126953125,
    539.3875732421875,
    0.977
   ],
   [
    1098.4642333984375,
    697.912841796875,
    0.725
   ],
   [
    760.740966796875,
    703.421875,
    0.797
   ],
   [
    1081.00146484375,
    779.344970703125,
    0.55
   ],
   [
    799.645751953125,
    752.5999755859375,
    0.62
   ],
   [
    1006.4854736328125,
    818.1282348632812,
    0.662
   ],
   [
    859.076171875,
    823.576171875,
    0.701
   ],
   [
    1038.6363525390625,
    968.5535888671875,
    -1.0
   ],
   [
    842.63330078125,
    977.5482788085938,
    -1.0
   ],
   [
    1032.5858154296875,
    1009.7332763671875,
    -1.0
   ],
   [
    838.567626953125,
    1030.563232421875,
    -1.0
   ]
  ]
 ],
 "skeleton_percentage": [
  100
 ],
 "angle": [
  319
 ]
}