{
 "frame_index": 245,
 "skeletons": [
  [
   [
    905.8002319335938,
    385.63165283203125,
    0.978
   ],
   [
    926.2667236328125,
    362.7613220214844,
    0.972
   ],
   [
    883.7279052734375,
    371.9949645996094,
    0.942
   ],
   [
    970.0469970703125,
    386.1063232421875,
    0.898
   ],
   [
    869.6571044921875,
    407.3780517578125,
    0.582
   ],
   [
    1058.29296875,
    529.2818603515625,
    0.958
   ],
   [
    830.7342529296875,
    547.9761352539062,
    0.961
   ],
   [
    1115.368896484375,
    714.1266479492188,
    0.662
   ],
   [
    776.5238037109375,
    715.603759765625,
    0.659
   ],
   [
    1093.813720703125,
    789.0082397460938,
    -1.0
   ],
   [
    789.8369140625,
    746.4378662109375,
    -1.0
   ],
   [
    1023.2257690429688,
    824.0458374023438,
    0.542
   ],
   [
    871.3677978515625,
    828.3272705078125,
    0.55
   ],
   [
    1046.534912109375,
    950.4603881835938,
    -1.0
   ],
   [
    840.4376220703125,
    960.5403442382812,
    -1.0
   ],
   [
    1034.156982421875,
    975.9603881835938,
    -1.0
   ],
   [
    835.263916015625,
    999.2431640625,
    -1.0
   ]
  ]
 ],
 "skeleton_percentage": [
  100
 ],
 "angle": [
  341
 ]
}