{
 "frame_index": 246,
 "skeletons": [
  [
   [
    904.7594604492188,
    386.70416259765625,
    0.979
   ],
   [
    925.2044677734375,
    363.49169921875,
    0.973
   ],
   [
    882.73388671875,
    373.1378173828125,
    0.943
   ],
   [
    969.547119140625,
    385.85980224609375,
    0.9
   ],
   [
    869.1952514648438,
    407.9422302246094,
    0.58
   ],
   [
    1057.6131591796875,
    528.681640625,
    0.958
   ],
   [
    830.823974609375,
    548.2249755859375,
    0.961
   ],
   [
    1114.6802978515625,
    713.451171875,
    0.67
   ],
   [
    777.046875,
    714.8510131835938,
    0.662
   ],
   [
    1095.9306640625,
    795.5137939453125,
    -1.0
   ],
   [
    790.6566162109375,
    745.390869140625,
    -1.0
   ],
   [
    1021.9956665039062,
    823.3104858398438,
    0.555
   ],
   [
    870.9625244140625,
    827.9920654296875,
    0.561
   ],
   [
    1044.853515625,
    954.569091796875,
    -1.0
   ],
   [
    841.5631713867188,
    966.08349609375,
    -1.0
   ],
   [
    1032.992919921875,
    983.2626342773438,
    -1.0
   ],
   [
    837.9976806640625,
    1008.040771484375,
    -1.0
   ]
  ]
 ],
 "skeleton_percentage": [
  100
 ],
 "angle": [
  341
 ]
}