{
 "frame_index": 247,
 "skeletons": [
  [
   [
    927.041259765625,
    392.848388671875,
    0.984
   ],
   [
    949.0740966796875,
    370.8475341796875,
    0.977
   ],
   [
    904.2332763671875,
    377.930419921875,
    0.961
   ],
   [
    992.3587646484375,
    395.76812744140625,
    0.888
   ],
   [
    887.024658203125,
    412.798095703125,
    0.655
   ],
   [
    1070.207275390625,
    537.7233276367188,
    0.958
   ],
   [
    847.2843017578125,
    556.2811279296875,
    0.966
   ],
   [
    1127.0496826171875,
    716.3431396484375,
    0.659
   ],
   [
    796.58349609375,
    731.3588256835938,
    0.698
   ],
   [
    1116.366455078125,
    831.2107543945312,
    -1.0
   ],
   [
    813.7135620117188,
    828.8470458984375,
    -1.0
   ],
   [
    1034.4376220703125,
    838.84716796875,
    0.524
   ],
   [
    884.7110595703125,
    844.4765625,
    0.557
   ],
   [
    1057.76025390625,
    962.9309692382812,
    -1.0
   ],
   [
    847.351806640625,
    972.665771484375,
    -1.0
   ],
   [
    1047.8602294921875,
    991.3070068359375,
    -1.0
   ],
   [
    846.6319580078125,
    1011.377197265625,
    -1.0
   ]
  ]
 ],
 "skeleton_percentage": [
  100
 ],
 "angle": [
  5
 ]
}