{
 "frame_index": 248,
 "skeletons": [
  [
   [
    945.942138671875,
    399.93255615234375,
    0.983
   ],
   [
    964.33154296875,
    378.63427734375,
    0.978
   ],
   [
    922.75927734375,
    387.34881591796875,
    0.965
   ],
   [
    1000.534423828125,
    402.283935546875,
    0.893
   ],
   [
    903.4581298828125,
    422.42596435546875,
    0.722
   ],
   [
    1086.29443359375,
    534.6025390625,
    0.956
   ],
   [
    863.7579345703125,
    557.8840942382812,
    0.969
   ],
   [
    1156.633056640625,
    705.3328857421875,
    0.647
   ],
   [
    816.2928466796875,
    723.1295166015625,
    0.705
   ],
   [
    1107.3271484375,
    750.8828125,
    -1.0
   ],
   [
    863.6910400390625,
    725.6689453125,
    0.515
   ],
   [
    1058.0859375,
    844.4482421875,
    -1.0
   ],
   [
    912.144775390625,
    851.5951538085938,
    -1.0
   ],
   [
    1073.393310546875,
    908.08984375,
    -1.0
   ],
   [
    880.66259765625,
    916.851318359375,
    -1.0
   ],
   [
    1062.59912109375,
    950.888671875,
    -1.0
   ],
   [
    869.1783447265625,
    966.3942260742188,
    -1.0
   ]
  ]
 ],
 "skeleton_percentage": [
  100
 ],
 "angle": [
  52
 ]
}