{
 "frame_index": 249,
 "skeletons": [
  [
   [
    945.6472778320312,
    399.85015869140625,
    0.984
   ],
   [
    964.2097778320312,
    378.7112731933594,
    0.978
   ],
   [
    922.5595092773438,
    387.14483642578125,
    0.965
   ],
   [
    1000.4678955078125,
    402.61505126953125,
    0.894
   ],
   [
    903.2462158203125,
    422.10443115234375,
    0.722
   ],
   [
    1085.8956298828125,
    534.7606811523438,
    0.956
   ],
   [
    863.655517578125,
    557.3681030273438,
    0.97
   ],
   [
    1155.671142578125,
    705.391845703125,
    0.65
   ],
   [
    816.3056640625,
    722.482666015625,
    0.708
   ],
   [
    1107.0478515625,
    750.7664794921875,
    -1.0
   ],
   [
    861.4117431640625,
    726.30419921875,
    0.517
   ],
   [
    1058.087646484375,
    844.1190185546875,
    -1.0
   ],
   [
    912.30712890625,
    850.9947509765625,
    -1.0
   ],
   [
    1073.8017578125,
    909.709228515625,
    -1.0
   ],
   [
    880.8612670898438,
    917.9766845703125,
    -1.0
   ],
   [
    1063.073486328125,
    954.31640625,
    -1.0
   ],
   [
    869.3860473632812,
    969.1649780273438,
    -1.0
   ]
  ]
 ],
 "skeleton_percentage": [
  100
 ],
 "angle": [
  51
 ]
}