{
 "frame_index": 250,
 "skeletons": [
  [
   [
    965.3040161132812,
    412.6573791503906,
    0.983
   ],
   [
    983.4717407226562,
    389.4489440917969,
    0.973
   ],
   [
    943.0421142578125,
    397.68829345703125,
    0.963
   ],
   [
    1017.8492431640625,
    407.82098388671875,
    0.861
   ],
   [
    922.8246459960938,
    427.3413391113281,
    0.707
   ],
   [
    1102.619873046875,
    542.6449584960938,
    0.951
   ],
   [
    886.25830078125,
    571.7554931640625,
    0.973
   ],
   [
    1183.185302734375,
    701.4526977539062,
    0.61
   ],
   [
    842.113037109375,
    738.6018676757812,
    0.728
   ],
   [
    1152.88818359375,
    783.2174072265625,
    -1.0
   ],
   [
    838.1187744140625,
    820.7149658203125,
    -1.0
   ],
   [
    1075.794189453125,
    849.8408203125,
    0.554
   ],
   [
    936.9395751953125,
    857.6640625,
    0.613
   ],
   [
    1060.4130859375,
    983.1678466796875,
    -1.0
   ],
   [
    892.55224609375,
    991.069091796875,
    -1.0
   ],
   [
    1046.5152587890625,
    1033.798095703125,
    -1.0
   ],
   [
    905.1264038085938,
    1047.1016845703125,
    -1.0
   ]
  ]
 ],
 "skeleton_percentage": [
  100
 ],
 "angle": [
  67
 ]
}