{
 "frame_index": 251,
 "skeletons": [
  [
   [
    980.8603515625,
    418.0030517578125,
    0.979
   ],
   [
    1000.2368774414062,
    393.46234130859375,
    0.972
   ],
   [
    958.043701171875,
    403.109619140625,
    0.948
   ],
   [
    1039.953857421875,
    412.93621826171875,
    0.867
   ],
   [
    939.83251953125,
    434.93585205078125,
    0.602
   ],
   [
    1128.4512939453125,
    550.9049682617188,
    0.938
   ],
   [
    913.8631591796875,
    584.3916625976562,
    0.956
   ],
   [
    1210.84814453125,
    703.5518188476562,
    0.581
   ],
   [
    879.89697265625,
    744.0584106445312,
    0.621
   ],
   [
    1169.3778076171875,
    757.597412109375,
    -1.0
   ],
   [
    872.4405517578125,
    779.8154296875,
    -1.0
   ],
   [
    1108.2821044921875,
    853.685791015625,
    -1.0
   ],
   [
    970.6146240234375,
    862.8951416015625,
    -1.0
   ],
   [
    1092.5062255859375,
    961.81787109375,
    -1.0
   ],
   [
    931.4805908203125,
    972.6771240234375,
    -1.0
   ],
   [
    1076.05908203125,
    1009.5418701171875,
    -1.0
   ],
   [
    945.87451171875,
    1023.80126953125,
    -1.0
   ]
  ]
 ],
 "skeleton_percentage": [
  100
 ],
 "angle": [
  71
 ]
}