{
 "frame_index": 252,
 "skeletons": [
  [
   [
    977.385009765625,
    416.581787109375,
    0.98
   ],
   [
    997.6181030273438,
    391.9131774902344,
    0.964
   ],
   [
    956.2288818359375,
    398.99322509765625,
    0.937
   ],
   [
    1037.7110595703125,
    409.325439453125,
    0.898
   ],
   [
    941.5865478515625,
    426.7288513183594,
    0.669
   ],
   [
    1125.944580078125,
    555.8634033203125,
    0.983
   ],
   [
    909.6019287109375,
    578.245849609375,
    0.987
   ],
   [
    1187.6123046875,
    748.819580078125,
    0.844
   ],
   [
    876.163330078125,
    763.26171875,
    0.878
   ],
   [
    1135.44580078125,
    900.0938720703125,
    0.705
   ],
   [
    872.2650146484375,
    877.08837890625,
    0.733
   ],
   [
    1089.5911865234375,
    904.8662109375,
    0.839
   ],
   [
    948.850341796875,
    907.1742553710938,
    0.868
   ],
   [
    1034.5223388671875,
    1062.77880859375,
    -1.0
   ],
   [
    880.3773193359375,
    1070.6416015625,
    -1.0
   ],
   [
    1000.122314453125,
    1080.0,
    -1.0
   ],
   [
    903.9798583984375,
    1080.0,
    -1.0
   ]
  ],
  [
   [
    981.0961303710938,
    418.10272216796875,
    0.984
   ],
   [
    999.9078369140625,
    394.2325439453125,
    0.978
   ],
   [
    958.0094604492188,
    403.4161376953125,
    0.957
   ],
   [
    1038.1556396484375,
    412.47528076171875,
    0.887
   ],
   [
    940.5750732421875,
    434.4650573730469,
    0.628
   ],
   [
    1123.90087890625,
    545.3271484375,
    0.964
   ],
   [
    912.1578369140625,
    580.8322143554688,
    0.964
   ],
   [
    1203.9493408203125,
    705.29296875,
    0.723
   ],
   [
    876.27880859375,
    749.371826171875,
    0.68
   ],
   [
    1189.373779296875,
    821.078857421875,
    0.534
   ],
   [
    871.8697509765625,
    818.8905029296875,
    -1.0
   ],
   [
    1100.32373046875,
    856.0697021484375,
    0.608
   ],
   [
    963.88916015625,
    866.9964599609375,
    0.6
   ],
   [
    1099.6937255859375,
    1000.5322265625,
    -1.0
   ],
   [
    931.4814453125,
    1016.9375,
    -1.0
   ],
   [
    1078.6605224609375,
    1055.1361083984375,
    -1.0
   ],
   [
    929.758056640625,
    1073.88330078125,
    -1.0
   ]
  ]
 ],
 "skeleton_percentage": [
  100,
  100
 ],
 "angle": [
  152,
  76
 ]
}