{
 "frame_index": 253,
 "skeletons": [
  [
   [
    985.0478515625,
    430.0668640136719,
    0.976
   ],
   [
    1004.0447387695312,
    405.8118896484375,
    0.978
   ],
   [
    965.799560546875,
    417.0663757324219,
    0.937
   ],
   [
    1050.676513671875,
    420.97027587890625,
    0.929
   ],
   [
    959.7974853515625,
    444.31298828125,
    0.566
   ],
   [
    1151.328125,
    547.4891967773438,
    0.959
   ],
   [
    931.759521484375,
    580.9613037109375,
    0.951
   ],
   [
    1226.1500244140625,
    705.0819091796875,
    0.689
   ],
   [
    892.138671875,
    741.31201171875,
    0.582
   ],
   [
    1154.3505859375,
    745.303466796875,
    0.513
   ],
   [
    924.24267578125,
    743.6697998046875,
    -1.0
   ],
   [
    1130.8955078125,
    850.66650390625,
    -1.0
   ],
   [
    985.7864990234375,
    860.2408447265625,
    -1.0
   ],
   [
    1146.396728515625,
    907.4181518554688,
    -1.0
   ],
   [
    949.4210815429688,
    919.9608764648438,
    -1.0
   ],
   [
    1128.923583984375,
    945.2032470703125,
    -1.0
   ],
   [
    929.8433837890625,
    961.5609741210938,
    -1.0
   ]
  ],
  [
   [
    980.2720947265625,
    430.080078125,
    0.975
   ],
   [
    1000.6924438476562,
    404.4192810058594,
    0.971
   ],
   [
    961.7576904296875,
    414.3906555175781,
    0.904
   ],
   [
    1049.5899658203125,
    419.1660461425781,
    0.93
   ],
   [
    957.87548828125,
    441.91351318359375,
    -1.0
   ],
   [
    1155.0712890625,
    560.2703857421875,
    0.978
   ],
   [
    930.07568359375,
    591.636962890625,
    0.97
   ],
   [
    1220.3966064453125,
    755.2076416015625,
    0.841
   ],
   [
    895.4332275390625,
    775.787841796875,
    0.746
   ],
   [
    1156.2791748046875,
    914.1219482421875,
    0.666
   ],
   [
    876.6476440429688,
    877.7199096679688,
    0.543
   ],
   [
    1119.565185546875,
    923.1192626953125,
    0.776
   ],
   [
    972.189453125,
    926.6837768554688,
    0.748
   ],
   [
    1084.8564453125,
    1080.0,
    -1.0
   ],
   [
    911.119140625,
    1080.0,
    -1.0
   ],
   [
    1047.148681640625,
    1080.0,
    -1.0
   ],
   [
    915.1624145507812,
    1080.0,
    -1.0
   ]
  ]
 ],
 "skeleton_percentage": [
  100,
  100
 ],
 "angle": [
  83,
  150
 ]
}