{
 "frame_index": 254,
 "skeletons": [
  [
   [
    999.0794677734375,
    442.6033935546875,
    0.965
   ],
   [
    1017.5028076171875,
    417.06201171875,
    0.961
   ],
   [
    978.6334228515625,
    428.31243896484375,
    0.891
   ],
   [
    1063.581298828125,
    429.57049560546875,
    0.908
   ],
   [
    974.072021484375,
    454.77008056640625,
    0.54
   ],
   [
    1165.7838134765625,
    554.1683959960938,
    0.966
   ],
   [
    949.0927734375,
    588.3779907226562,
    0.964
   ],
   [
    1239.014404296875,
    720.8289184570312,
    0.726
   ],
   [
    912.4722900390625,
    761.6076049804688,
    0.68
   ],
   [
    1206.354736328125,
    812.9635009765625,
    0.512
   ],
   [
    926.047119140625,
    789.077392578125,
    -1.0
   ],
   [
    1155.327880859375,
    852.860107421875,
    0.524
   ],
   [
    1012.2349853515625,
    864.6436157226562,
    0.536
   ],
   [
    1157.578857421875,
    914.2102661132812,
    -1.0
   ],
   [
    970.4119262695312,
    938.4878540039062,
    -1.0
   ],
   [
    1130.3330078125,
    943.7205810546875,
    -1.0
   ],
   [
    984.3306884765625,
    976.709716796875,
    -1.0
   ]
  ]
 ],
 "skeleton_percentage": [
  100
 ],
 "angle": [
  89
 ]
}