{
 "frame_index": 255,
 "skeletons": [
  [
   [
    1000.1702270507812,
    441.9256896972656,
    0.964
   ],
   [
    1018.216796875,
    416.453369140625,
    0.959
   ],
   [
    979.3101196289062,
    427.88665771484375,
    0.892
   ],
   [
    1063.197021484375,
    429.5277099609375,
    0.905
   ],
   [
    973.8236083984375,
    455.29449462890625,
    0.551
   ],
   [
    1165.3236083984375,
    554.3642578125,
    0.967
   ],
   [
    949.107421875,
    588.8978271484375,
    0.965
   ],
   [
    1238.86767578125,
    719.8554077148438,
    0.73
   ],
   [
    913.3529663085938,
    760.8883666992188,
    0.691
   ],
   [
    1207.6939697265625,
    810.99951171875,
    0.52
   ],
   [
    928.3317260742188,
    787.515869140625,
    -1.0
   ],
   [
    1156.3240966796875,
    853.099365234375,
    0.531
   ],
   [
    1013.42822265625,
    865.2587890625,
    0.546
   ],
   [
    1159.477294921875,
    914.2803955078125,
    -1.0
   ],
   [
    971.7462158203125,
    939.1173706054688,
    -1.0
   ],
   [
    1132.91357421875,
    943.2826538085938,
    -1.0
   ],
   [
    985.484130859375,
    977.47412109375,
    -1.0
   ]
  ]
 ],
 "skeleton_percentage": [
  100
 ],
 "angle": [
  89
 ]
}