{
 "frame_index": 256,
 "skeletons": [
  [
   [
    1001.4130859375,
    455.1802978515625,
    0.953
   ],
   [
    1019.861572265625,
    428.41204833984375,
    0.932
   ],
   [
    983.7456665039062,
    438.9560852050781,
    0.823
   ],
   [
    1069.0640869140625,
    435.77008056640625,
    0.913
   ],
   [
    987.166015625,
    460.00457763671875,
    -1.0
   ],
   [
    1174.0653076171875,
    572.785888671875,
    0.983
   ],
   [
    966.5176391601562,
    595.6971435546875,
    0.985
   ],
   [
    1229.515869140625,
    774.8190307617188,
    0.867
   ],
   [
    933.8435668945312,
    791.0608520507812,
    0.884
   ],
   [
    1169.5302734375,
    906.462890625,
    0.731
   ],
   [
    926.8070068359375,
    919.0427856445312,
    0.726
   ],
   [
    1129.3609619140625,
    927.8820190429688,
    0.876
   ],
   [
    994.990478515625,
    929.4296264648438,
    0.898
   ],
   [
    1071.946044921875,
    1059.6004638671875,
    -1.0
   ],
   [
    929.6889038085938,
    1069.74755859375,
    -1.0
   ],
   [
    1035.72265625,
    1080.0,
    -1.0
   ],
   [
    965.3073120117188,
    1080.0,
    -1.0
   ]
  ],
  [
   [
    1005.4896240234375,
    453.23809814453125,
    0.969
   ],
   [
    1019.4252319335938,
    428.8917236328125,
    0.973
   ],
   [
    988.5943603515625,
    438.4871520996094,
    0.912
   ],
   [
    1072.4849853515625,
    439.7558898925781,
    0.802
   ],
   [
    981.7391357421875,
    463.826904296875,
    -1.0
   ],
   [
    1176.0506591796875,
    562.5079956054688,
    0.963
   ],
   [
    965.6278076171875,
    592.3690185546875,
    0.946
   ],
   [
    1259.0863037109375,
    714.896240234375,
    0.683
   ],
   [
    941.2701416015625,
    748.2947998046875,
    0.561
   ],
   [
    1182.516845703125,
    746.0971069335938,
    -1.0
   ],
   [
    976.7679443359375,
    764.41552734375,
    -1.0
   ],
   [
    1177.7080078125,
    836.0084838867188,
    -1.0
   ],
   [
    1036.56591796875,
    845.712646484375,
    -1.0
   ],
   [
    1206.776611328125,
    725.6736450195312,
    -1.0
   ],
   [
    1000.9039306640625,
    730.189697265625,
    -1.0
   ],
   [
    1221.279296875,
    832.31689453125,
    -1.0
   ],
   [
    1038.411376953125,
    845.077880859375,
    -1.0
   ]
  ]
 ],
 "skeleton_percentage": [
  100,
  100
 ],
 "angle": [
  145,
  91
 ]
}