{
 "frame_index": 257,
 "skeletons": [
  [
   [
    1021.0182495117188,
    466.0272216796875,
    0.986
   ],
   [
    1034.7559814453125,
    442.1316833496094,
    0.987
   ],
   [
    1003.0465087890625,
    452.35687255859375,
    0.963
   ],
   [
    1082.3616943359375,
    450.32086181640625,
    0.871
   ],
   [
    992.424072265625,
    476.009033203125,
    -1.0
   ],
   [
    1183.21044921875,
    568.0534057617188,
    0.962
   ],
   [
    972.01318359375,
    599.30078125,
    0.96
   ],
   [
    1263.947265625,
    710.01318359375,
    0.536
   ],
   [
    938.1480102539062,
    741.739013671875,
    0.514
   ],
   [
    1199.8482666015625,
    761.6173095703125,
    -1.0
   ],
   [
    978.71875,
    771.4374389648438,
    -1.0
   ],
   [
    1186.759521484375,
    835.773681640625,
    -1.0
   ],
   [
    1047.688720703125,
    846.0709228515625,
    -1.0
   ],
   [
    1189.2939453125,
    783.766357421875,
    -1.0
   ],
   [
    1004.0692138671875,
    787.5679931640625,
    -1.0
   ],
   [
    1204.50244140625,
    859.8427734375,
    -1.0
   ],
   [
    1053.1229248046875,
    873.1096801757812,
    -1.0
   ]
  ]
 ],
 "skeleton_percentage": [
  100
 ],
 "angle": [
  94
 ]
}