{
 "frame_index": 258,
 "skeletons": [
  [
   [
    1021.6451416015625,
    463.1080627441406,
    0.977
   ],
   [
    1037.7430419921875,
    438.18408203125,
    0.975
   ],
   [
    1003.0720825195312,
    451.3006591796875,
    0.94
   ],
   [
    1080.156494140625,
    447.9879150390625,
    0.913
   ],
   [
    998.1473388671875,
    476.146484375,
    0.581
   ],
   [
    1186.6591796875,
    568.478271484375,
    0.942
   ],
   [
    978.244140625,
    609.654541015625,
    0.953
   ],
   [
    1271.26953125,
    714.5150146484375,
    0.582
   ],
   [
    949.1420288085938,
    756.267822265625,
    0.589
   ],
   [
    1221.70556640625,
    782.9893798828125,
    -1.0
   ],
   [
    932.73974609375,
    776.2022094726562,
    -1.0
   ],
   [
    1179.939453125,
    859.229736328125,
    -1.0
   ],
   [
    1045.4886474609375,
    870.1910400390625,
    -1.0
   ],
   [
    1163.2105712890625,
    954.0220947265625,
    -1.0
   ],
   [
    989.2545776367188,
    970.1101684570312,
    -1.0
   ],
   [
    1151.3800048828125,
    994.806884765625,
    -1.0
   ],
   [
    1002.9991455078125,
    1013.8565673828125,
    -1.0
   ]
  ]
 ],
 "skeleton_percentage": [
  100
 ],
 "angle": [
  94
 ]
}