{
 "frame_index": 259,
 "skeletons": [
  [
   [
    1023.3506469726562,
    472.7099304199219,
    0.97
   ],
   [
    1042.3375244140625,
    445.2948303222656,
    0.955
   ],
   [
    1004.1959838867188,
    457.2066650390625,
    0.894
   ],
   [
    1091.93603515625,
    452.3331298828125,
    0.925
   ],
   [
    1004.5194091796875,
    480.0744323730469,
    0.575
   ],
   [
    1195.609375,
    591.8419189453125,
    0.98
   ],
   [
    981.73876953125,
    616.7166748046875,
    0.988
   ],
   [
    1246.08203125,
    793.7353515625,
    0.806
   ],
   [
    945.0621337890625,
    799.3348388671875,
    0.883
   ],
   [
    1179.9288330078125,
    922.2825927734375,
    0.633
   ],
   [
    918.888671875,
    894.460205078125,
    0.704
   ],
   [
    1143.4765625,
    940.9081420898438,
    0.825
   ],
   [
    1004.6617431640625,
    941.4627685546875,
    0.875
   ],
   [
    1078.2420654296875,
    1059.638427734375,
    -1.0
   ],
   [
    921.7494506835938,
    1071.00634765625,
    -1.0
   ],
   [
    1046.4063720703125,
    1080.0,
    -1.0
   ],
   [
    961.287841796875,
    1080.0,
    -1.0
   ]
  ],
  [
   [
    1029.4395751953125,
    470.80169677734375,
    0.966
   ],
   [
    1043.697021484375,
    446.21337890625,
    0.969
   ],
   [
    1010.31689453125,
    454.65289306640625,
    0.928
   ],
   [
    1093.6376953125,
    456.3065185546875,
    0.742
   ],
   [
    1003.2313842773438,
    477.36578369140625,
    -1.0
   ],
   [
    1192.8485107421875,
    584.1640625,
    0.958
   ],
   [
    981.517822265625,
    607.4775390625,
    0.931
   ],
   [
    1267.7462158203125,
    745.4254760742188,
    0.668
   ],
   [
    956.6759033203125,
    770.4146118164062,
    0.521
   ],
   [
    1195.688720703125,
    763.1368408203125,
    -1.0
   ],
   [
    999.5140380859375,
    770.0989379882812,
    -1.0
   ],
   [
    1190.2242431640625,
    869.646240234375,
    -1.0
   ],
   [
    1049.6759033203125,
    876.843017578125,
    -1.0
   ],
   [
    1209.8341064453125,
    827.0328369140625,
    -1.0
   ],
   [
    1027.1708984375,
    831.3045043945312,
    -1.0
   ],
   [
    1203.91162109375,
    929.9119873046875,
    -1.0
   ],
   [
    1046.9443359375,
    938.9646606445312,
    -1.0
   ]
  ]
 ],
 "skeleton_percentage": [
  100,
  100
 ],
 "angle": [
  146,
  97
 ]
}