{
 "frame_index": 260,
 "skeletons": [
  [
   [
    1036.7359619140625,
    477.8786315917969,
    0.961
   ],
   [
    1050.59765625,
    453.7092590332031,
    0.966
   ],
   [
    1018.1246337890625,
    463.08660888671875,
    0.914
   ],
   [
    1100.78466796875,
    465.0692138671875,
    0.742
   ],
   [
    1011.8975830078125,
    488.7388916015625,
    -1.0
   ],
   [
    1199.2430419921875,
    590.193359375,
    0.955
   ],
   [
    993.227294921875,
    619.1353759765625,
    0.918
   ],
   [
    1275.689697265625,
    741.9449462890625,
    0.689
   ],
   [
    970.022216796875,
    779.7989501953125,
    -1.0
   ],
   [
    1211.8822021484375,
    765.7132568359375,
    -1.0
   ],
   [
    1013.435302734375,
    791.50634765625,
    -1.0
   ],
   [
    1196.9620361328125,
    872.9281005859375,
    -1.0
   ],
   [
    1059.2252197265625,
    882.5370483398438,
    -1.0
   ],
   [
    1217.43994140625,
    827.2582397460938,
    -1.0
   ],
   [
    1037.4190673828125,
    833.20458984375,
    -1.0
   ],
   [
    1213.945556640625,
    925.2112426757812,
    -1.0
   ],
   [
    1061.7197265625,
    938.267333984375,
    -1.0
   ]
  ]
 ],
 "skeleton_percentage": [
  100
 ],
 "angle": [
  99
 ]
}