{
 "frame_index": 261,
 "skeletons": [
  [
   [
    1045.331298828125,
    503.7960205078125,
    0.967
   ],
   [
    1061.3740234375,
    476.89892578125,
    0.953
   ],
   [
    1026.26123046875,
    490.19061279296875,
    0.893
   ],
   [
    1106.54345703125,
    480.2218017578125,
    0.922
   ],
   [
    1027.474853515625,
    512.0616455078125,
    0.592
   ],
   [
    1206.1956787109375,
    605.520751953125,
    0.978
   ],
   [
    1007.20654296875,
    640.3782958984375,
    0.986
   ],
   [
    1252.777099609375,
    784.8176879882812,
    0.799
   ],
   [
    965.429443359375,
    811.1046752929688,
    0.861
   ],
   [
    1195.03662109375,
    904.0130615234375,
    0.615
   ],
   [
    929.0227661132812,
    907.6556396484375,
    0.664
   ],
   [
    1167.167236328125,
    936.4725952148438,
    0.806
   ],
   [
    1036.9544677734375,
    942.6854248046875,
    0.85
   ],
   [
    1114.7947998046875,
    1058.9925537109375,
    -1.0
   ],
   [
    956.8387451171875,
    1076.5264892578125,
    -1.0
   ],
   [
    1091.7823486328125,
    1080.0,
    -1.0
   ],
   [
    988.9055786132812,
    1080.0,
    -1.0
   ]
  ],
  [
   [
    1050.3704833984375,
    502.2138977050781,
    0.978
   ],
   [
    1062.80078125,
    478.7654113769531,
    0.982
   ],
   [
    1031.757568359375,
    489.1333923339844,
    0.943
   ],
   [
    1108.01806640625,
    485.3918151855469,
    0.839
   ],
   [
    1022.4479370117188,
    511.56817626953125,
    -1.0
   ],
   [
    1203.66796875,
    599.3536376953125,
    0.963
   ],
   [
    1006.8158569335938,
    627.4375,
    0.931
   ],
   [
    1267.1287841796875,
    755.8336181640625,
    0.645
   ],
   [
    974.1524658203125,
    779.010986328125,
    -1.0
   ],
   [
    1192.642333984375,
    803.501708984375,
    -1.0
   ],
   [
    1009.8876342773438,
    798.3121948242188,
    -1.0
   ],
   [
    1194.2938232421875,
    879.6624755859375,
    -1.0
   ],
   [
    1063.8873291015625,
    887.7141723632812,
    -1.0
   ],
   [
    1200.3653564453125,
    843.8402709960938,
    -1.0
   ],
   [
    1033.1988525390625,
    847.66259765625,
    -1.0
   ],
   [
    1194.833251953125,
    960.9521484375,
    -1.0
   ],
   [
    1060.6820068359375,
    971.4857177734375,
    -1.0
   ]
  ]
 ],
 "skeleton_percentage": [
  100,
  100
 ],
 "angle": [
  144,
  101
 ]
}