{
 "frame_index": 262,
 "skeletons": [
  [
   [
    1051.455810546875,
    514.0098266601562,
    0.987
   ],
   [
    1064.990966796875,
    489.3498229980469,
    0.989
   ],
   [
    1031.333740234375,
    500.84393310546875,
    0.967
   ],
   [
    1111.622314453125,
    493.571533203125,
    0.88
   ],
   [
    1021.3178100585938,
    523.004150390625,
    -1.0
   ],
   [
    1202.6473388671875,
    603.0262451171875,
    0.967
   ],
   [
    1011.44775390625,
    636.304931640625,
    0.944
   ],
   [
    1265.204345703125,
    741.09521484375,
    0.587
   ],
   [
    983.3621826171875,
    772.771728515625,
    -1.0
   ],
   [
    1193.2034912109375,
    769.8751220703125,
    -1.0
   ],
   [
    1020.5869140625,
    774.599609375,
    -1.0
   ],
   [
    1193.023193359375,
    871.603271484375,
    -1.0
   ],
   [
    1064.707275390625,
    881.8436279296875,
    -1.0
   ],
   [
    1203.143798828125,
    849.9127807617188,
    -1.0
   ],
   [
    1039.83642578125,
    855.568603515625,
    -1.0
   ],
   [
    1196.5174560546875,
    941.9137573242188,
    -1.0
   ],
   [
    1066.6832275390625,
    956.07275390625,
    -1.0
   ]
  ],
  [
   [
    1046.79296875,
    513.950927734375,
    0.972
   ],
   [
    1065.2816162109375,
    488.2808837890625,
    0.965
   ],
   [
    1026.3890380859375,
    499.4980773925781,
    0.916
   ],
   [
    1113.69677734375,
    492.20343017578125,
    0.899
   ],
   [
    1022.8467407226562,
    518.4501953125,
    0.519
   ],
   [
    1196.342529296875,
    606.5715942382812,
    0.963
   ],
   [
    1015.1826171875,
    640.2576904296875,
    0.96
   ],
   [
    1256.6866455078125,
    757.6319580078125,
    0.721
   ],
   [
    981.4356689453125,
    800.2798461914062,
    0.694
   ],
   [
    1219.607177734375,
    848.4830932617188,
    0.558
   ],
   [
    952.6635131835938,
    892.7957153320312,
    0.52
   ],
   [
    1168.1494140625,
    907.1094970703125,
    0.724
   ],
   [
    1050.6474609375,
    914.46826171875,
    0.735
   ],
   [
    1138.74267578125,
    1020.2685546875,
    -1.0
   ],
   [
    1004.7579345703125,
    1032.884765625,
    -1.0
   ],
   [
    1115.297119140625,
    1068.98828125,
    -1.0
   ],
   [
    1020.5145263671875,
    1080.0,
    -1.0
   ]
  ]
 ],
 "skeleton_percentage": [
  100,
  100
 ],
 "angle": [
  101,
  142
 ]
}