{
 "frame_index": 263,
 "skeletons": [
  [
   [
    1040.093505859375,
    532.492431640625,
    0.973
   ],
   [
    1052.2869873046875,
    507.49420166015625,
    0.98
   ],
   [
    1027.199951171875,
    517.6775512695312,
    0.892
   ],
   [
    1107.984130859375,
    505.6808166503906,
    0.89
   ],
   [
    1033.050537109375,
    531.4618530273438,
    -1.0
   ],
   [
    1208.352294921875,
    617.0198364257812,
    0.924
   ],
   [
    1031.6397705078125,
    643.2286987304688,
    0.895
   ],
   [
    1263.4837646484375,
    748.559814453125,
    -1.0
   ],
   [
    1000.6619873046875,
    767.352783203125,
    -1.0
   ],
   [
    1170.3472900390625,
    764.4058227539062,
    -1.0
   ],
   [
    1014.8611450195312,
    770.4039306640625,
    -1.0
   ],
   [
    1200.42138671875,
    876.783447265625,
    -1.0
   ],
   [
    1085.1275634765625,
    881.46240234375,
    -1.0
   ],
   [
    1173.4813232421875,
    857.0733032226562,
    -1.0
   ],
   [
    1040.04833984375,
    857.1019287109375,
    -1.0
   ],
   [
    1171.9552001953125,
    925.7554321289062,
    -1.0
   ],
   [
    1072.9168701171875,
    933.300537109375,
    -1.0
   ]
  ]
 ],
 "skeleton_percentage": [
  100
 ],
 "angle": [
  103
 ]
}