{
 "frame_index": 264,
 "skeletons": [
  [
   [
    1038.5072021484375,
    532.2484130859375,
    0.966
   ],
   [
    1050.360595703125,
    507.97430419921875,
    0.975
   ],
   [
    1027.10400390625,
    517.141845703125,
    0.858
   ],
   [
    1106.0263671875,
    506.9310302734375,
    0.882
   ],
   [
    1035.720947265625,
    529.9808349609375,
    -1.0
   ],
   [
    1207.9405517578125,
    619.6477661132812,
    0.914
   ],
   [
    1031.984375,
    643.210205078125,
    0.873
   ],
   [
    1267.29443359375,
    752.765625,
    -1.0
   ],
   [
    1000.441162109375,
    771.372314453125,
    -1.0
   ],
   [
    1183.356201171875,
    768.0096435546875,
    -1.0
   ],
   [
    1016.3531494140625,
    777.7032470703125,
    -1.0
   ],
   [
    1201.74462890625,
    880.15771484375,
    -1.0
   ],
   [
    1087.94482421875,
    884.1055908203125,
    -1.0
   ],
   [
    1178.272216796875,
    863.1868286132812,
    -1.0
   ],
   [
    1045.6754150390625,
    862.5770874023438,
    -1.0
   ],
   [
    1178.3916015625,
    934.54150390625,
    -1.0
   ],
   [
    1077.630615234375,
    940.8319091796875,
    -1.0
   ]
  ]
 ],
 "skeleton_percentage": [
  100
 ],
 "angle": [
  103
 ]
}