{
 "frame_index": 265,
 "skeletons": [
  [
   [
    1040.2352294921875,
    567.1694946289062,
    0.977
   ],
   [
    1053.487060546875,
    538.53466796875,
    0.984
   ],
   [
    1029.430908203125,
    549.2117919921875,
    0.864
   ],
   [
    1117.3125,
    521.9180908203125,
    0.936
   ],
   [
    1040.4078369140625,
    549.0802612304688,
    -1.0
   ],
   [
    1226.5302734375,
    628.2431640625,
    0.873
   ],
   [
    1041.165771484375,
    654.65966796875,
    0.905
   ],
   [
    1266.7086181640625,
    763.6389770507812,
    -1.0
   ],
   [
    996.2442626953125,
    780.3444213867188,
    -1.0
   ],
   [
    1167.7039794921875,
    767.2560424804688,
    -1.0
   ],
   [
    1010.6771850585938,
    776.7188720703125,
    -1.0
   ],
   [
    1212.1278076171875,
    879.1949462890625,
    -1.0
   ],
   [
    1094.3277587890625,
    882.1942749023438,
    -1.0
   ],
   [
    1170.70556640625,
    850.1911010742188,
    -1.0
   ],
   [
    1026.8275146484375,
    846.7303466796875,
    -1.0
   ],
   [
    1168.60498046875,
    910.7567138671875,
    -1.0
   ],
   [
    1062.2271728515625,
    915.5641479492188,
    -1.0
   ]
  ]
 ],
 "skeleton_percentage": [
  100
 ],
 "angle": [
  105
 ]
}