{
 "frame_index": 266,
 "skeletons": [
  [
   [
    1034.708740234375,
    561.528564453125,
    0.981
   ],
   [
    1048.9984130859375,
    535.684326171875,
    0.989
   ],
   [
    1023.34619140625,
    546.82080078125,
    0.874
   ],
   [
    1111.0123291015625,
    532.3726806640625,
    0.954
   ],
   [
    1031.448486328125,
    560.9662475585938,
    -1.0
   ],
   [
    1216.9019775390625,
    642.4985961914062,
    0.892
   ],
   [
    1034.60009765625,
    673.5198974609375,
    0.877
   ],
   [
    1275.44384765625,
    764.93603515625,
    -1.0
   ],
   [
    997.671142578125,
    788.880615234375,
    -1.0
   ],
   [
    1188.0867919921875,
    784.2161865234375,
    -1.0
   ],
   [
    1002.8455810546875,
    796.7019653320312,
    -1.0
   ],
   [
    1212.14208984375,
    893.793701171875,
    -1.0
   ],
   [
    1093.3985595703125,
    899.82568359375,
    -1.0
   ],
   [
    1173.2489013671875,
    876.01953125,
    -1.0
   ],
   [
    1029.647216796875,
    874.483154296875,
    -1.0
   ],
   [
    1193.0130615234375,
    930.866455078125,
    -1.0
   ],
   [
    1083.787841796875,
    939.6864013671875,
    -1.0
   ]
  ]
 ],
 "skeleton_percentage": [
  100
 ],
 "angle": [
  108
 ]
}