{
 "frame_index": 267,
 "skeletons": [
  [
   [
    1034.5611572265625,
    561.7374877929688,
    0.981
   ],
   [
    1048.520751953125,
    535.8604736328125,
    0.989
   ],
   [
    1023.230712890625,
    546.9784545898438,
    0.872
   ],
   [
    1110.248046875,
    531.8240356445312,
    0.954
   ],
   [
    1031.575927734375,
    560.3418579101562,
    -1.0
   ],
   [
    1216.3746337890625,
    641.5043334960938,
    0.895
   ],
   [
    1035.358642578125,
    672.2406005859375,
    0.88
   ],
   [
    1274.8731689453125,
    764.6776123046875,
    -1.0
   ],
   [
    999.0819091796875,
    787.7711791992188,
    -1.0
   ],
   [
    1187.4332275390625,
    785.37646484375,
    -1.0
   ],
   [
    1003.332763671875,
    795.9354248046875,
    -1.0
   ],
   [
    1212.95703125,
    892.4298706054688,
    -1.0
   ],
   [
    1095.206298828125,
    898.3833618164062,
    -1.0
   ],
   [
    1174.044921875,
    876.9655151367188,
    -1.0
   ],
   [
    1031.3175048828125,
    875.4113159179688,
    -1.0
   ],
   [
    1194.09033203125,
    931.2391357421875,
    -1.0
   ],
   [
    1084.6561279296875,
    939.766845703125,
    -1.0
   ]
  ]
 ],
 "skeleton_percentage": [
  100
 ],
 "angle": [
  108
 ]
}