{
 "frame_index": 268,
 "skeletons": [
  [
   [
    1032.287109375,
    570.040771484375,
    0.976
   ],
   [
    1044.2691650390625,
    545.5557250976562,
    0.987
   ],
   [
    1024.739990234375,
    554.4397583007812,
    0.817
   ],
   [
    1105.0849609375,
    540.7939453125,
    0.957
   ],
   [
    1038.840576171875,
    563.6309204101562,
    -1.0
   ],
   [
    1212.0565185546875,
    651.1592407226562,
    0.881
   ],
   [
    1043.23876953125,
    674.201904296875,
    0.834
   ],
   [
    1269.46240234375,
    770.5384521484375,
    -1.0
   ],
   [
    1017.086669921875,
    784.31103515625,
    -1.0
   ],
   [
    1167.049072265625,
    776.3433837890625,
    -1.0
   ],
   [
    1020.7113647460938,
    780.4676513671875,
    -1.0
   ],
   [
    1209.612548828125,
    884.042724609375,
    -1.0
   ],
   [
    1100.625,
    887.0703125,
    -1.0
   ],
   [
    1180.37109375,
    839.9628295898438,
    -1.0
   ],
   [
    1034.3447265625,
    836.2849731445312,
    -1.0
   ],
   [
    1204.172119140625,
    894.6476440429688,
    -1.0
   ],
   [
    1082.00634765625,
    898.4100341796875,
    -1.0
   ]
  ]
 ],
 "skeleton_percentage": [
  100
 ],
 "angle": [
  109
 ]
}