{
 "frame_index": 269,
 "skeletons": [
  [
   [
    1030.8876953125,
    585.770263671875,
    0.965
   ],
   [
    1041.522216796875,
    560.5222778320312,
    0.981
   ],
   [
    1024.4832763671875,
    569.6987915039062,
    0.732
   ],
   [
    1103.359375,
    550.782958984375,
    0.955
   ],
   [
    1042.7978515625,
    574.1408081054688,
    -1.0
   ],
   [
    1206.8040771484375,
    653.094482421875,
    0.819
   ],
   [
    1059.2847900390625,
    676.1332397460938,
    0.758
   ],
   [
    1246.603759765625,
    758.2994384765625,
    -1.0
   ],
   [
    1039.33056640625,
    773.5628662109375,
    -1.0
   ],
   [
    1130.3790283203125,
    712.1506958007812,
    -1.0
   ],
   [
    1040.25341796875,
    725.4298095703125,
    -1.0
   ],
   [
    1210.4422607421875,
    859.42822265625,
    -1.0
   ],
   [
    1115.1947021484375,
    861.571533203125,
    -1.0
   ],
   [
    1171.855712890625,
    758.87841796875,
    -1.0
   ],
   [
    1038.6666259765625,
    754.699951171875,
    -1.0
   ],
   [
    1191.9173583984375,
    829.7918701171875,
    -1.0
   ],
   [
    1081.2061767578125,
    832.7499389648438,
    -1.0
   ]
  ]
 ],
 "skeleton_percentage": [
  100
 ],
 "angle": [
  111
 ]
}