{
 "frame_index": 270,
 "skeletons": [
  [
   [
    1030.27392578125,
    584.7821044921875,
    0.965
   ],
   [
    1041.141845703125,
    559.6715087890625,
    0.982
   ],
   [
    1024.02880859375,
    568.8486328125,
    0.73
   ],
   [
    1103.4013671875,
    550.7084350585938,
    0.956
   ],
   [
    1042.393798828125,
    574.0560913085938,
    -1.0
   ],
   [
    1206.5926513671875,
    653.22900390625,
    0.817
   ],
   [
    1058.857421875,
    676.3732299804688,
    0.756
   ],
   [
    1245.7781982421875,
    757.5012817382812,
    -1.0
   ],
   [
    1039.348876953125,
    772.9348754882812,
    -1.0
   ],
   [
    1129.0751953125,
    710.1876220703125,
    -1.0
   ],
   [
    1041.784912109375,
    724.103515625,
    -1.0
   ],
   [
    1210.17431640625,
    858.947021484375,
    -1.0
   ],
   [
    1114.5296630859375,
    861.14404296875,
    -1.0
   ],
   [
    1172.034423828125,
    756.8199462890625,
    -1.0
   ],
   [
    1038.1759033203125,
    752.6032104492188,
    -1.0
   ],
   [
    1193.0518798828125,
    828.715576171875,
    -1.0
   ],
   [
    1082.1866455078125,
    831.7908325195312,
    -1.0
   ]
  ]
 ],
 "skeleton_percentage": [
  100
 ],
 "angle": [
  110
 ]
}