{
 "frame_index": 271,
 "skeletons": [
  [
   [
    1035.72119140625,
    598.6384887695312,
    0.955
   ],
   [
    1045.8046875,
    572.436279296875,
    0.975
   ],
   [
    1028.13623046875,
    582.9844970703125,
    0.663
   ],
   [
    1106.9127197265625,
    562.5569458007812,
    0.951
   ],
   [
    1049.0732421875,
    589.830810546875,
    -1.0
   ],
   [
    1203.0853271484375,
    658.8857421875,
    0.774
   ],
   [
    1082.501953125,
    686.2918701171875,
    0.707
   ],
   [
    1231.866455078125,
    740.8956298828125,
    -1.0
   ],
   [
    1077.587158203125,
    761.8683471679688,
    -1.0
   ],
   [
    1103.705810546875,
    685.912841796875,
    -1.0
   ],
   [
    1060.519287109375,
    704.6917114257812,
    -1.0
   ],
   [
    1219.335693359375,
    840.8494262695312,
    -1.0
   ],
   [
    1140.1219482421875,
    844.6038208007812,
    -1.0
   ],
   [
    1170.78173828125,
    726.63720703125,
    -1.0
   ],
   [
    1059.4046630859375,
    723.7681274414062,
    -1.0
   ],
   [
    1194.8350830078125,
    787.8619384765625,
    -1.0
   ],
   [
    1107.175537109375,
    792.0638427734375,
    -1.0
   ]
  ]
 ],
 "skeleton_percentage": [
  100
 ],
 "angle": [
  111
 ]
}