{
 "frame_index": 272,
 "skeletons": [
  [
   [
    1049.19091796875,
    604.6243896484375,
    0.948
   ],
   [
    1060.1912841796875,
    578.0814819335938,
    0.969
   ],
   [
    1038.077880859375,
    591.4176025390625,
    0.692
   ],
   [
    1118.5045166015625,
    574.2295532226562,
    0.931
   ],
   [
    1054.3890380859375,
    608.8468017578125,
    -1.0
   ],
   [
    1206.8336181640625,
    667.3800659179688,
    0.697
   ],
   [
    1095.373291015625,
    704.479736328125,
    0.637
   ],
   [
    1237.384521484375,
    727.6476440429688,
    -1.0
   ],
   [
    1093.618408203125,
    762.0192260742188,
    -1.0
   ],
   [
    1124.878173828125,
    677.5970458984375,
    -1.0
   ],
   [
    1075.588134765625,
    702.5301513671875,
    -1.0
   ],
   [
    1225.7645263671875,
    844.5582275390625,
    -1.0
   ],
   [
    1150.896728515625,
    852.6505126953125,
    -1.0
   ],
   [
    1174.4521484375,
    717.92138671875,
    -1.0
   ],
   [
    1082.30810546875,
    718.5127563476562,
    -1.0
   ],
   [
    1199.1014404296875,
    777.457275390625,
    -1.0
   ],
   [
    1144.165771484375,
    788.3263549804688,
    -1.0
   ]
  ]
 ],
 "skeleton_percentage": [
  100
 ],
 "angle": [
  112
 ]
}