{
 "frame_index": 273,
 "skeletons": [
  [
   [
    1047.2816162109375,
    605.13720703125,
    0.947
   ],
   [
    1058.17138671875,
    578.70947265625,
    0.968
   ],
   [
    1037.1468505859375,
    591.4617919921875,
    0.669
   ],
   [
    1117.46533203125,
    574.045654296875,
    0.934
   ],
   [
    1056.329345703125,
    607.1463623046875,
    -1.0
   ],
   [
    1205.639404296875,
    667.2654418945312,
    0.696
   ],
   [
    1099.009521484375,
    701.9521484375,
    0.635
   ],
   [
    1234.3846435546875,
    728.35107421875,
    -1.0
   ],
   [
    1097.5909423828125,
    760.1900024414062,
    -1.0
   ],
   [
    1123.0400390625,
    676.478515625,
    -1.0
   ],
   [
    1078.0631103515625,
    701.020263671875,
    -1.0
   ],
   [
    1225.757568359375,
    844.4736328125,
    -1.0
   ],
   [
    1154.3638916015625,
    851.4611206054688,
    -1.0
   ],
   [
    1172.7109375,
    720.93115234375,
    -1.0
   ],
   [
    1084.9866943359375,
    720.6904296875,
    -1.0
   ],
   [
    1197.7855224609375,
    779.093017578125,
    -1.0
   ],
   [
    1145.4033203125,
    788.326171875,
    -1.0
   ]
  ]
 ],
 "skeleton_percentage": [
  100
 ],
 "angle": [
  112
 ]
}