{
 "frame_index": 274,
 "skeletons": [
  [
   [
    1056.623046875,
    615.9307250976562,
    0.938
   ],
   [
    1065.250244140625,
    589.2433471679688,
    0.963
   ],
   [
    1040.156494140625,
    602.8311157226562,
    0.801
   ],
   [
    1116.474365234375,
    582.026611328125,
    0.879
   ],
   [
    1050.8551025390625,
    617.2100830078125,
    -1.0
   ],
   [
    1195.0224609375,
    661.9645385742188,
    0.722
   ],
   [
    1091.431884765625,
    704.9265747070312,
    -1.0
   ],
   [
    1257.105224609375,
    679.9150390625,
    -1.0
   ],
   [
    1109.609375,
    731.9161987304688,
    -1.0
   ],
   [
    1213.285888671875,
    650.5897216796875,
    -1.0
   ],
   [
    1117.474365234375,
    680.065185546875,
    -1.0
   ],
   [
    1217.7803955078125,
    794.385498046875,
    -1.0
   ],
   [
    1149.0604248046875,
    808.484130859375,
    -1.0
   ],
   [
    1219.778076171875,
    671.7654418945312,
    -1.0
   ],
   [
    1156.943359375,
    680.9239501953125,
    -1.0
   ],
   [
    1197.884765625,
    669.1980590820312,
    -1.0
   ],
   [
    1174.9161376953125,
    689.3773193359375,
    -1.0
   ]
  ]
 ],
 "skeleton_percentage": [
  50
 ],
 "angle": [
  112
 ]
}