{
 "frame_index": 275,
 "skeletons": [
  [
   [
    1072.6884765625,
    619.2886962890625,
    0.909
   ],
   [
    1078.8087158203125,
    593.427490234375,
    0.935
   ],
   [
    1053.66943359375,
    607.9090576171875,
    0.747
   ],
   [
    1121.5135498046875,
    587.0629272460938,
    0.823
   ],
   [
    1059.803955078125,
    624.6004638671875,
    -1.0
   ],
   [
    1191.5625,
    660.748291015625,
    0.703
   ],
   [
    1110.9390869140625,
    708.306396484375,
    -1.0
   ],
   [
    1251.617431640625,
    680.7208251953125,
    -1.0
   ],
   [
    1163.3804931640625,
    740.9009399414062,
    -1.0
   ],
   [
    1218.917724609375,
    650.732666015625,
    -1.0
   ],
   [
    1197.3341064453125,
    675.07373046875,
    -1.0
   ],
   [
    1229.147705078125,
    778.68359375,
    -1.0
   ],
   [
    1174.286376953125,
    796.5050048828125,
    -1.0
   ],
   [
    1238.6683349609375,
    656.0643310546875,
    -1.0
   ],
   [
    1193.5260009765625,
    668.3829956054688,
    -1.0
   ],
   [
    1216.234375,
    648.5100708007812,
    -1.0
   ],
   [
    1212.3489990234375,
    671.910400390625,
    -1.0
   ]
  ]
 ],
 "skeleton_percentage": [
  50
 ],
 "angle": [
  114
 ]
}