{
 "frame_index": 276,
 "skeletons": [
  [
   [
    1072.0654296875,
    619.42041015625,
    0.907
   ],
   [
    1078.244873046875,
    594.1902465820312,
    0.933
   ],
   [
    1053.7017822265625,
    607.9544677734375,
    0.743
   ],
   [
    1120.92431640625,
    587.8779296875,
    0.822
   ],
   [
    1060.6201171875,
    623.3751220703125,
    -1.0
   ],
   [
    1188.0361328125,
    660.21142578125,
    0.717
   ],
   [
    1111.6953125,
    704.6569213867188,
    -1.0
   ],
   [
    1245.462158203125,
    680.9806518554688,
    -1.0
   ],
   [
    1162.52001953125,
    737.340576171875,
    -1.0
   ],
   [
    1221.5111083984375,
    653.04443359375,
    -1.0
   ],
   [
    1200.78173828125,
    673.3555297851562,
    -1.0
   ],
   [
    1224.5118408203125,
    776.587158203125,
    -1.0
   ],
   [
    1172.5599365234375,
    793.3970947265625,
    -1.0
   ],
   [
    1241.0302734375,
    653.7896728515625,
    -1.0
   ],
   [
    1199.081298828125,
    665.628662109375,
    -1.0
   ],
   [
    1217.667236328125,
    649.5928955078125,
    -1.0
   ],
   [
    1214.99169921875,
    671.7548217773438,
    -1.0
   ]
  ]
 ],
 "skeleton_percentage": [
  50
 ],
 "angle": [
  113
 ]
}