{
 "frame_index": 277,
 "skeletons": [
  [
   [
    1076.3740234375,
    629.4388427734375,
    0.919
   ],
   [
    1084.4981689453125,
    603.5336303710938,
    0.95
   ],
   [
    1061.267333984375,
    616.99951171875,
    0.691
   ],
   [
    1134.264892578125,
    591.513671875,
    0.885
   ],
   [
    1070.118408203125,
    626.356201171875,
    -1.0
   ],
   [
    1203.510498046875,
    663.6264038085938,
    0.714
   ],
   [
    1119.1859130859375,
    704.6446533203125,
    0.526
   ],
   [
    1235.175537109375,
    714.6356811523438,
    -1.0
   ],
   [
    1141.337890625,
    757.3099365234375,
    -1.0
   ],
   [
    1164.4151611328125,
    657.4826049804688,
    -1.0
   ],
   [
    1137.865966796875,
    679.100341796875,
    -1.0
   ],
   [
    1231.18359375,
    789.5835571289062,
    -1.0
   ],
   [
    1175.7513427734375,
    801.8728637695312,
    -1.0
   ],
   [
    1207.16064453125,
    653.075439453125,
    -1.0
   ],
   [
    1159.1151123046875,
    660.1033325195312,
    -1.0
   ],
   [
    1195.804931640625,
    675.84375,
    -1.0
   ],
   [
    1186.4326171875,
    692.0015258789062,
    -1.0
   ]
  ]
 ],
 "skeleton_percentage": [
  100
 ],
 "angle": [
  113
 ]
}