{
 "frame_index": 278,
 "skeletons": [
  [
   [
    1086.9970703125,
    635.5586547851562,
    0.911
   ],
   [
    1093.9630126953125,
    614.3096923828125,
    0.941
   ],
   [
    1076.6500244140625,
    623.5335083007812,
    0.656
   ],
   [
    1139.4259033203125,
    605.2380981445312,
    0.881
   ],
   [
    1092.67529296875,
    628.8851318359375,
    -1.0
   ],
   [
    1198.4527587890625,
    666.928466796875,
    0.694
   ],
   [
    1145.0350341796875,
    695.9423217773438,
    0.538
   ],
   [
    1242.6923828125,
    692.7302856445312,
    -1.0
   ],
   [
    1168.525634765625,
    729.167236328125,
    -1.0
   ],
   [
    1217.1527099609375,
    656.969970703125,
    -1.0
   ],
   [
    1155.722412109375,
    686.204833984375,
    -1.0
   ],
   [
    1239.1077880859375,
    776.037109375,
    -1.0
   ],
   [
    1204.46630859375,
    784.6803588867188,
    -1.0
   ],
   [
    1219.92138671875,
    681.163818359375,
    -1.0
   ],
   [
    1200.4932861328125,
    685.6505126953125,
    -1.0
   ],
   [
    1219.764892578125,
    684.2242431640625,
    -1.0
   ],
   [
    1222.162109375,
    695.3355712890625,
    -1.0
   ]
  ]
 ],
 "skeleton_percentage": [
  100
 ],
 "angle": [
  113
 ]
}