{
 "frame_index": 279,
 "skeletons": [
  [
   [
    1087.0565185546875,
    635.1128540039062,
    0.917
   ],
   [
    1094.4744873046875,
    613.7447509765625,
    0.945
   ],
   [
    1076.379638671875,
    623.3475952148438,
    0.683
   ],
   [
    1140.42138671875,
    605.1898193359375,
    0.882
   ],
   [
    1090.923828125,
    629.8841552734375,
    -1.0
   ],
   [
    1199.4288330078125,
    666.772216796875,
    0.718
   ],
   [
    1141.08984375,
    697.6474609375,
    0.555
   ],
   [
    1244.4874267578125,
    691.1549682617188,
    -1.0
   ],
   [
    1163.3284912109375,
    730.6217041015625,
    -1.0
   ],
   [
    1218.4835205078125,
    655.4558715820312,
    -1.0
   ],
   [
    1152.912841796875,
    687.6489868164062,
    -1.0
   ],
   [
    1237.01953125,
    776.388671875,
    -1.0
   ],
   [
    1198.93408203125,
    785.8692626953125,
    -1.0
   ],
   [
    1220.8284912109375,
    681.40966796875,
    -1.0
   ],
   [
    1197.28662109375,
    686.658935546875,
    -1.0
   ],
   [
    1220.1124267578125,
    684.3827514648438,
    -1.0
   ],
   [
    1220.686767578125,
    696.8499145507812,
    -1.0
   ]
  ]
 ],
 "skeleton_percentage": [
  100
 ],
 "angle": [
  113
 ]
}