{
 "frame_index": 280,
 "skeletons": [
  [
   [
    1106.2034912109375,
    633.984619140625,
    0.923
   ],
   [
    1115.556640625,
    612.14306640625,
    0.948
   ],
   [
    1091.120849609375,
    624.7928466796875,
    0.761
   ],
   [
    1159.2784423828125,
    611.1578979492188,
    0.873
   ],
   [
    1094.8544921875,
    644.2899169921875,
    -1.0
   ],
   [
    1216.53857421875,
    673.144287109375,
    0.772
   ],
   [
    1136.52490234375,
    717.487060546875,
    0.601
   ],
   [
    1257.14013671875,
    686.6798095703125,
    -1.0
   ],
   [
    1164.3319091796875,
    746.0180053710938,
    -1.0
   ],
   [
    1223.3372802734375,
    656.2410278320312,
    -1.0
   ],
   [
    1174.703125,
    702.166748046875,
    -1.0
   ],
   [
    1245.16748046875,
    767.5577392578125,
    -1.0
   ],
   [
    1188.9930419921875,
    783.2792358398438,
    -1.0
   ],
   [
    1237.961181640625,
    677.4039306640625,
    -1.0
   ],
   [
    1186.54931640625,
    687.3280029296875,
    -1.0
   ],
   [
    1237.55908203125,
    678.8326416015625,
    -1.0
   ],
   [
    1220.9119873046875,
    700.0903930664062,
    -1.0
   ]
  ]
 ],
 "skeleton_percentage": [
  100
 ],
 "angle": [
  113
 ]
}