{
 "frame_index": 281,
 "skeletons": [
  [
   [
    1112.1761474609375,
    637.205810546875,
    0.945
   ],
   [
    1124.73681640625,
    616.23095703125,
    0.965
   ],
   [
    1099.6513671875,
    628.48291015625,
    0.8
   ],
   [
    1172.4212646484375,
    617.7716064453125,
    0.903
   ],
   [
    1101.75341796875,
    649.2984008789062,
    -1.0
   ],
   [
    1243.72021484375,
    687.8921508789062,
    0.68
   ],
   [
    1115.00390625,
    725.790771484375,
    0.695
   ],
   [
    1263.31298828125,
    727.5447998046875,
    -1.0
   ],
   [
    1089.519775390625,
    766.682861328125,
    -1.0
   ],
   [
    1196.685791015625,
    705.5128173828125,
    -1.0
   ],
   [
    1101.445556640625,
    734.882080078125,
    -1.0
   ],
   [
    1257.276611328125,
    818.9397583007812,
    -1.0
   ],
   [
    1169.21533203125,
    829.6673583984375,
    -1.0
   ],
   [
    1215.803955078125,
    746.8789672851562,
    -1.0
   ],
   [
    1102.872314453125,
    749.4561767578125,
    -1.0
   ],
   [
    1232.106201171875,
    805.913818359375,
    -1.0
   ],
   [
    1156.6173095703125,
    820.2110595703125,
    -1.0
   ]
  ]
 ],
 "skeleton_percentage": [
  100
 ],
 "angle": [
  117
 ]
}