{
 "frame_index": 283,
 "skeletons": [
  [
   [
    1145.3189697265625,
    656.4421997070312,
    0.911
   ],
   [
    1152.822265625,
    631.633056640625,
    0.943
   ],
   [
    1129.689208984375,
    645.72900390625,
    0.689
   ],
   [
    1200.051513671875,
    619.9034423828125,
    0.865
   ],
   [
    1139.231201171875,
    656.8577880859375,
    -1.0
   ],
   [
    1266.4678955078125,
    674.2684326171875,
    0.623
   ],
   [
    1190.581298828125,
    722.5510864257812,
    -1.0
   ],
   [
    1298.888671875,
    675.4996337890625,
    -1.0
   ],
   [
    1209.684326171875,
    739.2127685546875,
    -1.0
   ],
   [
    1239.352783203125,
    658.263671875,
    -1.0
   ],
   [
    1197.81298828125,
    714.2265014648438,
    -1.0
   ],
   [
    1303.348388671875,
    796.731689453125,
    -1.0
   ],
   [
    1249.61767578125,
    812.9246826171875,
    -1.0
   ],
   [
    1293.3489990234375,
    743.0029907226562,
    -1.0
   ],
   [
    1245.2655029296875,
    753.440185546875,
    -1.0
   ],
   [
    1286.119873046875,
    772.3828125,
    -1.0
   ],
   [
    1266.6993408203125,
    793.586181640625,
    -1.0
   ]
  ]
 ],
 "skeleton_percentage": [
  50
 ],
 "angle": [
  110
 ]
}