{
 "frame_index": 284,
 "skeletons": [
  [
   [
    1150.6370849609375,
    661.2362060546875,
    0.945
   ],
   [
    1158.359375,
    633.3740844726562,
    0.967
   ],
   [
    1131.50927734375,
    647.8629760742188,
    0.845
   ],
   [
    1207.64306640625,
    621.4766845703125,
    0.865
   ],
   [
    1143.0247802734375,
    659.9718017578125,
    -1.0
   ],
   [
    1287.197265625,
    683.336669921875,
    0.689
   ],
   [
    1188.596435546875,
    739.66845703125,
    -1.0
   ],
   [
    1372.5260009765625,
    638.4180297851562,
    -1.0
   ],
   [
    1200.7381591796875,
    735.966552734375,
    -1.0
   ],
   [
    1354.239501953125,
    600.9791259765625,
    -1.0
   ],
   [
    1179.69482421875,
    711.33984375,
    -1.0
   ],
   [
    1317.5892333984375,
    823.784423828125,
    -1.0
   ],
   [
    1249.881591796875,
    843.89990234375,
    -1.0
   ],
   [
    1323.1922607421875,
    767.8382568359375,
    -1.0
   ],
   [
    1258.1903076171875,
    783.064453125,
    -1.0
   ],
   [
    1293.0216064453125,
    768.7254638671875,
    -1.0
   ],
   [
    1250.811279296875,
    798.4583740234375,
    -1.0
   ]
  ]
 ],
 "skeleton_percentage": [
  50
 ],
 "angle": [
  113
 ]
}