{
 "frame_index": 285,
 "skeletons": [
  [
   [
    1148.0098876953125,
    658.3575439453125,
    0.941
   ],
   [
    1156.756103515625,
    635.6758422851562,
    0.966
   ],
   [
    1136.14111328125,
    647.2260131835938,
    0.747
   ],
   [
    1205.35205078125,
    625.5738525390625,
    0.92
   ],
   [
    1147.7093505859375,
    656.619140625,
    -1.0
   ],
   [
    1279.2333984375,
    678.4509887695312,
    0.677
   ],
   [
    1186.65087890625,
    725.69091796875,
    0.568
   ],
   [
    1342.8507080078125,
    655.2760620117188,
    -1.0
   ],
   [
    1176.0963134765625,
    735.346435546875,
    -1.0
   ],
   [
    1309.1458740234375,
    619.84033203125,
    -1.0
   ],
   [
    1133.35205078125,
    728.9447631835938,
    -1.0
   ],
   [
    1304.5267333984375,
    806.728271484375,
    -1.0
   ],
   [
    1242.727783203125,
    821.6075439453125,
    -1.0
   ],
   [
    1281.6282958984375,
    753.53759765625,
    -1.0
   ],
   [
    1222.233154296875,
    762.30029296875,
    -1.0
   ],
   [
    1278.583251953125,
    779.0740356445312,
    -1.0
   ],
   [
    1239.0550537109375,
    800.9449462890625,
    -1.0
   ]
  ]
 ],
 "skeleton_percentage": [
  100
 ],
 "angle": [
  110
 ]
}