{
 "frame_index": 286,
 "skeletons": [
  [
   [
    1145.6322021484375,
    666.9589233398438,
    0.92
   ],
   [
    1153.385986328125,
    646.5008544921875,
    0.955
   ],
   [
    1139.2274169921875,
    653.44091796875,
    0.638
   ],
   [
    1201.8138427734375,
    632.1828002929688,
    0.92
   ],
   [
    1161.9825439453125,
    650.9325561523438,
    -1.0
   ],
   [
    1273.2333984375,
    684.1261596679688,
    0.593
   ],
   [
    1199.867431640625,
    713.2044677734375,
    0.519
   ],
   [
    1327.7489013671875,
    682.151123046875,
    -1.0
   ],
   [
    1190.8006591796875,
    740.7357177734375,
    -1.0
   ],
   [
    1304.809326171875,
    649.6173095703125,
    -1.0
   ],
   [
    1164.8438720703125,
    746.486328125,
    -1.0
   ],
   [
    1298.2923583984375,
    813.429931640625,
    -1.0
   ],
   [
    1252.137451171875,
    820.64599609375,
    -1.0
   ],
   [
    1269.1898193359375,
    775.4576416015625,
    -1.0
   ],
   [
    1229.8760986328125,
    778.10205078125,
    -1.0
   ],
   [
    1261.134521484375,
    792.649658203125,
    -1.0
   ],
   [
    1236.718017578125,
    803.5511474609375,
    -1.0
   ]
  ]
 ],
 "skeleton_percentage": [
  100
 ],
 "angle": [
  110
 ]
}