{
 "frame_index": 287,
 "skeletons": [
  [
   [
    1147.79736328125,
    678.7697143554688,
    0.896
   ],
   [
    1154.267578125,
    657.2557373046875,
    0.944
   ],
   [
    1142.312744140625,
    663.287353515625,
    0.538
   ],
   [
    1202.039794921875,
    634.389892578125,
    0.915
   ],
   [
    1170.556884765625,
    650.4130859375,
    -1.0
   ],
   [
    1267.8402099609375,
    687.04296875,
    0.531
   ],
   [
    1210.19775390625,
    701.2234497070312,
    0.501
   ],
   [
    1275.809814453125,
    729.9943237304688,
    -1.0
   ],
   [
    1179.37646484375,
    744.9094848632812,
    -1.0
   ],
   [
    1222.3538818359375,
    703.5533447265625,
    -1.0
   ],
   [
    1140.068359375,
    732.0708618164062,
    -1.0
   ],
   [
    1289.064453125,
    815.1917724609375,
    -1.0
   ],
   [
    1254.052001953125,
    814.6907958984375,
    -1.0
   ],
   [
    1247.60791015625,
    759.5615234375,
    -1.0
   ],
   [
    1210.245849609375,
    756.3270263671875,
    -1.0
   ],
   [
    1232.3897705078125,
    776.4974365234375,
    -1.0
   ],
   [
    1201.9949951171875,
    775.3980712890625,
    -1.0
   ]
  ],
  [
   [
    1147.5316162109375,
    676.6756591796875,
    0.912
   ],
   [
    1155.5823974609375,
    655.6357421875,
    0.952
   ],
   [
    1142.781982421875,
    663.0294799804688,
    0.614
   ],
   [
    1207.218994140625,
    635.0582885742188,
    0.904
   ],
   [
    1171.6636962890625,
    654.2863159179688,
    -1.0
   ],
   [
    1271.2135009765625,
    690.0940551757812,
    0.556
   ],
   [
    1202.280517578125,
    704.1242065429688,
    0.564
   ],
   [
    1264.306884765625,
    752.6785888671875,
    -1.0
   ],
   [
    1163.601806640625,
    758.3633422851562,
    -1.0
   ],
   [
    1203.0115966796875,
    736.8140258789062,
    -1.0
   ],
   [
    1135.630859375,
    738.8529052734375,
    -1.0
   ],
   [
    1284.40234375,
    828.8177490234375,
    -1.0
   ],
   [
    1241.345703125,
    828.091796875,
    -1.0
   ],
   [
    1231.8194580078125,
    795.5738525390625,
    -1.0
   ],
   [
    1177.87890625,
    791.5303344726562,
    -1.0
   ],
   [
    1227.2708740234375,
    846.7213134765625,
    -1.0
   ],
   [
    1186.46875,
    844.2034912109375,
    -1.0
   ]
  ]
 ],
 "skeleton_percentage": [
  100,
  100
 ],
 "angle": [
  111,
  114
 ]
}