{
 "frame_index": 288,
 "skeletons": [
  [
   [
    1146.7254638671875,
    677.9851684570312,
    0.909
   ],
   [
    1154.5567626953125,
    656.731201171875,
    0.951
   ],
   [
    1142.625,
    663.7796020507812,
    0.59
   ],
   [
    1206.6988525390625,
    634.8574829101562,
    0.907
   ],
   [
    1173.8787841796875,
    653.2720947265625,
    -1.0
   ],
   [
    1267.7705078125,
    690.6469116210938,
    0.557
   ],
   [
    1206.01318359375,
    702.1327514648438,
    0.569
   ],
   [
    1250.9056396484375,
    755.556396484375,
    -1.0
   ],
   [
    1161.4703369140625,
    755.45068359375,
    -1.0
   ],
   [
    1185.92138671875,
    735.791259765625,
    -1.0
   ],
   [
    1125.0028076171875,
    732.17578125,
    -1.0
   ],
   [
    1278.7860107421875,
    828.5540771484375,
    -1.0
   ],
   [
    1240.40380859375,
    826.4578857421875,
    -1.0
   ],
   [
    1225.02197265625,
    794.8009643554688,
    -1.0
   ],
   [
    1175.3988037109375,
    789.921875,
    -1.0
   ],
   [
    1217.447021484375,
    836.5343627929688,
    -1.0
   ],
   [
    1176.6060791015625,
    832.385986328125,
    -1.0
   ]
  ]
 ],
 "skeleton_percentage": [
  100
 ],
 "angle": [
  113
 ]
}