{
 "frame_index": 289,
 "skeletons": [
  [
   [
    1150.933349609375,
    677.5046997070312,
    0.904
   ],
   [
    1159.7896728515625,
    655.6505737304688,
    0.946
   ],
   [
    1143.332763671875,
    665.197509765625,
    0.681
   ],
   [
    1208.563232421875,
    640.1884155273438,
    0.884
   ],
   [
    1160.5299072265625,
    664.8465576171875,
    -1.0
   ],
   [
    1273.5855712890625,
    697.1763916015625,
    -1.0
   ],
   [
    1181.93115234375,
    720.1407470703125,
    0.513
   ],
   [
    1263.8270263671875,
    733.83447265625,
    -1.0
   ],
   [
    1150.7685546875,
    748.322021484375,
    -1.0
   ],
   [
    1188.9862060546875,
    714.6295166015625,
    -1.0
   ],
   [
    1154.594482421875,
    717.8824462890625,
    -1.0
   ],
   [
    1280.218505859375,
    810.0269775390625,
    -1.0
   ],
   [
    1219.612548828125,
    813.582275390625,
    -1.0
   ],
   [
    1245.6614990234375,
    731.609375,
    -1.0
   ],
   [
    1160.218017578125,
    730.2379150390625,
    -1.0
   ],
   [
    1238.650390625,
    759.6158447265625,
    -1.0
   ],
   [
    1176.2264404296875,
    763.8499755859375,
    -1.0
   ]
  ]
 ],
 "skeleton_percentage": [
  50
 ],
 "angle": [
  115
 ]
}