{
 "frame_index": 290,
 "skeletons": [
  [
   [
    1158.78125,
    692.120849609375,
    0.882
   ],
   [
    1170.8017578125,
    671.8208618164062,
    0.936
   ],
   [
    1150.4517822265625,
    678.1809692382812,
    0.714
   ],
   [
    1216.416259765625,
    656.6944580078125,
    0.848
   ],
   [
    1156.6962890625,
    673.1250610351562,
    -1.0
   ],
   [
    1275.8857421875,
    709.1543579101562,
    -1.0
   ],
   [
    1160.32763671875,
    723.348876953125,
    -1.0
   ],
   [
    1268.6907958984375,
    757.482666015625,
    -1.0
   ],
   [
    1126.7857666015625,
    761.3743286132812,
    -1.0
   ],
   [
    1185.034912109375,
    727.9927978515625,
    -1.0
   ],
   [
    1145.432861328125,
    726.9802856445312,
    -1.0
   ],
   [
    1268.09814453125,
    828.5165405273438,
    -1.0
   ],
   [
    1192.279052734375,
    829.0405883789062,
    -1.0
   ],
   [
    1240.3653564453125,
    771.77001953125,
    -1.0
   ],
   [
    1139.5164794921875,
    768.0093994140625,
    -1.0
   ],
   [
    1229.78125,
    803.9505615234375,
    -1.0
   ],
   [
    1158.3399658203125,
    803.444580078125,
    -1.0
   ]
  ]
 ],
 "skeleton_percentage": [
  50
 ],
 "angle": [
  115
 ]
}