{
 "frame_index": 291,
 "skeletons": [
  [
   [
    1159.4892578125,
    691.857421875,
    0.889
   ],
   [
    1172.01806640625,
    671.4397583007812,
    0.94
   ],
   [
    1150.4534912109375,
    677.8956909179688,
    0.743
   ],
   [
    1217.0924072265625,
    657.310546875,
    0.847
   ],
   [
    1154.5169677734375,
    673.9979248046875,
    -1.0
   ],
   [
    1275.6424560546875,
    710.763671875,
    -1.0
   ],
   [
    1156.650146484375,
    725.80224609375,
    -1.0
   ],
   [
    1269.543212890625,
    757.382568359375,
    -1.0
   ],
   [
    1124.236572265625,
    762.64794921875,
    -1.0
   ],
   [
    1186.24853515625,
    727.1380615234375,
    -1.0
   ],
   [
    1146.2755126953125,
    727.0692138671875,
    -1.0
   ],
   [
    1266.82958984375,
    829.4700927734375,
    -1.0
   ],
   [
    1188.678466796875,
    830.5430908203125,
    -1.0
   ],
   [
    1240.856201171875,
    771.2607421875,
    -1.0
   ],
   [
    1138.3876953125,
    767.8829345703125,
    -1.0
   ],
   [
    1229.8348388671875,
    802.4857177734375,
    -1.0
   ],
   [
    1159.124267578125,
    802.7735595703125,
    -1.0
   ]
  ]
 ],
 "skeleton_percentage": [
  50
 ],
 "angle": [
  115
 ]
}