{
 "frame_index": 361,
 "skeletons": [
  [
   [
    1465.26416015625,
    455.886962890625,
    0.947
   ],
   [
    1472.477294921875,
    427.196044921875,
    0.975
   ],
   [
    1456.28369140625,
    434.6531066894531,
    0.576
   ],
   [
    1533.5107421875,
    403.06622314453125,
    0.946
   ],
   [
    1500.3748779296875,
    413.6790771484375,
    -1.0
   ],
   [
    1625.377685546875,
    473.35888671875,
    0.946
   ],
   [
    1648.61376953125,
    471.8712158203125,
    0.751
   ],
   [
    1691.148681640625,
    643.3291015625,
    0.801
   ],
   [
    1628.184814453125,
    600.5906982421875,
    -1.0
   ],
   [
    1583.59716796875,
    711.321044921875,
    0.639
   ],
   [
    1525.4423828125,
    616.1637573242188,
    -1.0
   ],
   [
    1823.215087890625,
    753.4505615234375,
    0.575
   ],
   [
    1832.46728515625,
    748.0332641601562,
    -1.0
   ],
   [
    1772.7418212890625,
    792.3193359375,
    -1.0
   ],
   [
    1738.5655517578125,
    768.844482421875,
    -1.0
   ],
   [
    1867.8548583984375,
    919.93701171875,
    -1.0
   ],
   [
    1721.424560546875,
    883.8799438476562,
    -1.0
   ]
  ]
 ],
 "skeleton_percentage": [
  100
 ],
 "angle": [
  101
 ]
}