{
 "frame_index": 362,
 "skeletons": [
  [
   [
    1468.658447265625,
    435.9121398925781,
    0.972
   ],
   [
    1480.24755859375,
    401.5456237792969,
    0.983
   ],
   [
    1451.8050537109375,
    419.6093444824219,
    0.793
   ],
   [
    1552.236572265625,
    379.62249755859375,
    0.955
   ],
   [
    1481.526611328125,
    417.135986328125,
    -1.0
   ],
   [
    1702.7193603515625,
    448.25103759765625,
    0.948
   ],
   [
    1586.0504150390625,
    510.6532287597656,
    0.891
   ],
   [
    1865.385986328125,
    579.611572265625,
    0.731
   ],
   [
    1542.387939453125,
    664.1015625,
    -1.0
   ],
   [
    1699.0322265625,
    634.2614135742188,
    0.615
   ],
   [
    1504.4080810546875,
    688.8579711914062,
    -1.0
   ],
   [
    1852.729736328125,
    786.258544921875,
    0.566
   ],
   [
    1777.4820556640625,
    800.452392578125,
    -1.0
   ],
   [
    1778.795166015625,
    843.1514892578125,
    -1.0
   ],
   [
    1690.2374267578125,
    838.8649291992188,
    -1.0
   ],
   [
    1839.24755859375,
    980.9713134765625,
    -1.0
   ],
   [
    1689.30810546875,
    952.6254272460938,
    -1.0
   ]
  ]
 ],
 "skeleton_percentage": [
  100
 ],
 "angle": [
  101
 ]
}