{
 "frame_index": 363,
 "skeletons": [
  [
   [
    1466.735107421875,
    437.9686279296875,
    0.964
   ],
   [
    1477.169921875,
    404.9101867675781,
    0.979
   ],
   [
    1452.505859375,
    420.71026611328125,
    0.74
   ],
   [
    1547.8612060546875,
    382.31573486328125,
    0.952
   ],
   [
    1488.0693359375,
    414.1553955078125,
    -1.0
   ],
   [
    1694.07958984375,
    448.31854248046875,
    0.944
   ],
   [
    1598.7919921875,
    503.6416015625,
    0.876
   ],
   [
    1854.9635009765625,
    569.984130859375,
    0.717
   ],
   [
    1549.969482421875,
    650.0515747070312,
    -1.0
   ],
   [
    1701.951416015625,
    611.4228515625,
    0.588
   ],
   [
    1499.3656005859375,
    675.5311279296875,
    -1.0
   ],
   [
    1854.065185546875,
    783.44482421875,
    0.559
   ],
   [
    1793.00537109375,
    795.3696899414062,
    -1.0
   ],
   [
    1782.532470703125,
    841.6539916992188,
    -1.0
   ],
   [
    1708.398193359375,
    832.8819580078125,
    -1.0
   ],
   [
    1842.4683837890625,
    978.1695556640625,
    -1.0
   ],
   [
    1699.16845703125,
    944.3018188476562,
    -1.0
   ]
  ]
 ],
 "skeleton_percentage": [
  100
 ],
 "angle": [
  101
 ]
}