{
 "frame_index": 365,
 "skeletons": [
  [
   [
    1465.8577880859375,
    421.1868896484375,
    0.981
   ],
   [
    1475.48388671875,
    378.64508056640625,
    0.988
   ],
   [
    1439.916748046875,
    406.4063415527344,
    0.864
   ],
   [
    1552.1729736328125,
    345.11285400390625,
    0.956
   ],
   [
    1461.998291015625,
    406.53277587890625,
    -1.0
   ],
   [
    1708.7705078125,
    427.1181335449219,
    0.945
   ],
   [
    1567.341064453125,
    504.00848388671875,
    0.908
   ],
   [
    1868.0068359375,
    584.985107421875,
    0.666
   ],
   [
    1502.5936279296875,
    672.7401123046875,
    -1.0
   ],
   [
    1728.2545166015625,
    607.2215576171875,
    0.533
   ],
   [
    1451.330078125,
    660.632568359375,
    -1.0
   ],
   [
    1843.654541015625,
    810.9881591796875,
    0.518
   ],
   [
    1751.705810546875,
    830.6978759765625,
    -1.0
   ],
   [
    1756.7384033203125,
    840.917724609375,
    -1.0
   ],
   [
    1633.904541015625,
    851.3338623046875,
    -1.0
   ],
   [
    1841.779541015625,
    947.0729370117188,
    -1.0
   ],
   [
    1643.2987060546875,
    956.9813232421875,
    -1.0
   ]
  ]
 ],
 "skeleton_percentage": [
  100
 ],
 "angle": [
  100
 ]
}