{
 "frame_index": 366,
 "skeletons": [
  [
   [
    1465.8419189453125,
    420.751220703125,
    0.98
   ],
   [
    1475.55712890625,
    378.1106872558594,
    0.988
   ],
   [
    1439.9862060546875,
    405.9604797363281,
    0.858
   ],
   [
    1552.29541015625,
    344.7680969238281,
    0.958
   ],
   [
    1462.73486328125,
    406.6080322265625,
    -1.0
   ],
   [
    1708.425537109375,
    429.43804931640625,
    0.947
   ],
   [
    1566.65869140625,
    505.423095703125,
    0.904
   ],
   [
    1871.76123046875,
    579.4671020507812,
    0.664
   ],
   [
    1497.888671875,
    675.7637329101562,
    -1.0
   ],
   [
    1733.20068359375,
    550.5297241210938,
    0.526
   ],
   [
    1441.8465576171875,
    649.5311889648438,
    -1.0
   ],
   [
    1835.57177734375,
    830.2972412109375,
    0.52
   ],
   [
    1742.7421875,
    848.2957763671875,
    -1.0
   ],
   [
    1744.71630859375,
    858.671142578125,
    -1.0
   ],
   [
    1616.874755859375,
    864.2836303710938,
    -1.0
   ],
   [
    1835.0035400390625,
    950.093994140625,
    -1.0
   ],
   [
    1623.948486328125,
    959.5189819335938,
    -1.0
   ]
  ]
 ],
 "skeleton_percentage": [
  100
 ],
 "angle": [
  100
 ]
}