{
 "frame_index": 367,
 "skeletons": [
  [
   [
    1464.294677734375,
    408.6969909667969,
    0.981
   ],
   [
    1471.7603759765625,
    365.15008544921875,
    0.985
   ],
   [
    1436.2642822265625,
    398.076416015625,
    0.894
   ],
   [
    1544.77734375,
    331.8403015136719,
    0.938
   ],
   [
    1453.6966552734375,
    404.5101318359375,
    -1.0
   ],
   [
    1703.486083984375,
    405.8139953613281,
    0.944
   ],
   [
    1549.0048828125,
    512.3992919921875,
    0.941
   ],
   [
    1856.385986328125,
    526.8110961914062,
    0.669
   ],
   [
    1546.60693359375,
    694.5789794921875,
    0.609
   ],
   [
    1744.5516357421875,
    561.80712890625,
    0.579
   ],
   [
    1562.283203125,
    776.8997802734375,
    -1.0
   ],
   [
    1863.0216064453125,
    754.9513549804688,
    0.523
   ],
   [
    1767.63623046875,
    794.224365234375,
    0.538
   ],
   [
    1792.16455078125,
    811.3773193359375,
    -1.0
   ],
   [
    1707.3585205078125,
    847.3189086914062,
    -1.0
   ],
   [
    1856.7392578125,
    916.0262451171875,
    -1.0
   ],
   [
    1778.486572265625,
    959.346923828125,
    -1.0
   ]
  ]
 ],
 "skeleton_percentage": [
  100
 ],
 "angle": [
  99
 ]
}