{
 "frame_index": 368,
 "skeletons": [
  [
   [
    1453.75830078125,
    401.5799560546875,
    0.978
   ],
   [
    1462.239990234375,
    356.1173400878906,
    0.986
   ],
   [
    1427.148681640625,
    387.54034423828125,
    0.852
   ],
   [
    1540.369140625,
    322.3770446777344,
    0.953
   ],
   [
    1451.5947265625,
    390.93499755859375,
    -1.0
   ],
   [
    1703.623779296875,
    417.8414611816406,
    0.938
   ],
   [
    1555.3648681640625,
    512.5301513671875,
    0.895
   ],
   [
    1869.9649658203125,
    592.1802368164062,
    0.612
   ],
   [
    1519.8363037109375,
    717.67333984375,
    -1.0
   ],
   [
    1733.589111328125,
    650.4151611328125,
    -1.0
   ],
   [
    1518.705810546875,
    748.8685302734375,
    -1.0
   ],
   [
    1848.856201171875,
    840.7794189453125,
    -1.0
   ],
   [
    1755.380859375,
    871.1405639648438,
    -1.0
   ],
   [
    1766.044677734375,
    902.14892578125,
    -1.0
   ],
   [
    1671.9884033203125,
    927.5154418945312,
    -1.0
   ],
   [
    1849.648193359375,
    994.1094970703125,
    -1.0
   ],
   [
    1708.496337890625,
    1018.9920654296875,
    -1.0
   ]
  ]
 ],
 "skeleton_percentage": [
  100
 ],
 "angle": [
  99
 ]
}