{
 "frame_index": 369,
 "skeletons": [
  [
   [
    1452.7630615234375,
    386.962646484375,
    0.982
   ],
   [
    1458.3441162109375,
    338.3145751953125,
    0.986
   ],
   [
    1425.0992431640625,
    365.0838317871094,
    0.856
   ],
   [
    1531.6162109375,
    300.5726318359375,
    0.941
   ],
   [
    1446.1851806640625,
    357.70220947265625,
    -1.0
   ],
   [
    1668.6097412109375,
    438.32135009765625,
    0.923
   ],
   [
    1575.748779296875,
    463.3742980957031,
    0.934
   ],
   [
    1748.538818359375,
    669.4427490234375,
    0.614
   ],
   [
    1469.383544921875,
    574.7352294921875,
    0.654
   ],
   [
    1612.203857421875,
    740.2283935546875,
    0.568
   ],
   [
    1466.6436767578125,
    448.009521484375,
    0.641
   ],
   [
    1836.20458984375,
    844.4063720703125,
    -1.0
   ],
   [
    1774.7545166015625,
    849.1367797851562,
    -1.0
   ],
   [
    1708.1964111328125,
    863.4669799804688,
    -1.0
   ],
   [
    1646.116455078125,
    871.3342895507812,
    -1.0
   ],
   [
    1811.748779296875,
    948.7188720703125,
    -1.0
   ],
   [
    1653.4150390625,
    974.7574462890625,
    -1.0
   ]
  ]
 ],
 "skeleton_percentage": [
  100
 ],
 "angle": [
  98
 ]
}