{
 "frame_index": 370,
 "skeletons": [
  [
   [
    1440.10107421875,
    362.624267578125,
    0.968
   ],
   [
    1448.353759765625,
    314.07733154296875,
    0.968
   ],
   [
    1417.6131591796875,
    345.85943603515625,
    0.812
   ],
   [
    1528.216796875,
    287.7574462890625,
    0.948
   ],
   [
    1448.96875,
    355.44287109375,
    -1.0
   ],
   [
    1726.6036376953125,
    434.236572265625,
    0.948
   ],
   [
    1503.7938232421875,
    497.8424377441406,
    0.975
   ],
   [
    1830.844482421875,
    633.0509033203125,
    0.597
   ],
   [
    1419.5595703125,
    639.08642578125,
    0.801
   ],
   [
    1649.5140380859375,
    551.62060546875,
    0.545
   ],
   [
    1478.083984375,
    429.6221923828125,
    0.713
   ],
   [
    1816.4886474609375,
    917.4680786132812,
    0.511
   ],
   [
    1669.84375,
    933.6561279296875,
    0.644
   ],
   [
    1722.1494140625,
    924.0466918945312,
    -1.0
   ],
   [
    1566.8843994140625,
    948.544921875,
    -1.0
   ],
   [
    1746.949951171875,
    1003.521240234375,
    -1.0
   ],
   [
    1582.258056640625,
    1047.831298828125,
    -1.0
   ]
  ]
 ],
 "skeleton_percentage": [
  100
 ],
 "angle": [
  98
 ]
}