{
 "frame_index": 371,
 "skeletons": [
  [
   [
    1435.7056884765625,
    343.03564453125,
    0.899
   ],
   [
    1444.73779296875,
    308.57989501953125,
    0.886
   ],
   [
    1413.765380859375,
    324.9185485839844,
    0.634
   ],
   [
    1500.8865966796875,
    282.61236572265625,
    0.693
   ],
   [
    1429.970703125,
    323.6483154296875,
    -1.0
   ],
   [
    1564.9874267578125,
    379.1417236328125,
    0.661
   ],
   [
    1482.1259765625,
    414.2196044921875,
    0.817
   ],
   [
    1505.12158203125,
    516.302734375,
    -1.0
   ],
   [
    1459.77099609375,
    538.6048583984375,
    -1.0
   ],
   [
    1453.5150146484375,
    407.505615234375,
    -1.0
   ],
   [
    1472.275146484375,
    392.2393798828125,
    -1.0
   ],
   [
    1601.0869140625,
    568.612060546875,
    -1.0
   ],
   [
    1549.058837890625,
    576.737060546875,
    -1.0
   ],
   [
    1524.33203125,
    428.89276123046875,
    -1.0
   ],
   [
    1486.233154296875,
    432.87518310546875,
    -1.0
   ],
   [
    1476.3580322265625,
    508.9115295410156,
    -1.0
   ],
   [
    1475.0869140625,
    518.0414428710938,
    -1.0
   ]
  ],
  [
   [
    1436.63037109375,
    346.14520263671875,
    0.943
   ],
   [
    1443.18994140625,
    298.3489990234375,
    0.932
   ],
   [
    1412.9228515625,
    330.39923095703125,
    0.707
   ],
   [
    1514.5264892578125,
    273.5152587890625,
    0.849
   ],
   [
    1439.617919921875,
    341.65118408203125,
    -1.0
   ],
   [
    1659.03125,
    387.0671081542969,
    0.875
   ],
   [
    1524.5841064453125,
    484.9412841796875,
    0.96
   ],
   [
    1727.23583984375,
    521.36669921875,
    0.594
   ],
   [
    1431.731689453125,
    629.327392578125,
    0.86
   ],
   [
    1600.2564697265625,
    455.966552734375,
    0.631
   ],
   [
    1485.96435546875,
    397.7895812988281,
    0.846
   ],
   [
    1817.07470703125,
    862.3250732421875,
    -1.0
   ],
   [
    1726.431640625,
    898.4884033203125,
    0.643
   ],
   [
    1694.50439453125,
    888.898681640625,
    -1.0
   ],
   [
    1624.889404296875,
    940.5491943359375,
    -1.0
   ],
   [
    1723.2249755859375,
    966.5267944335938,
    -1.0
   ],
   [
    1611.506591796875,
    1019.5863037109375,
    -1.0
   ]
  ]
 ],
 "skeleton_percentage": [
  100,
  100
 ],
 "angle": [
  74,
  98
 ]
}