{
 "frame_index": 372,
 "skeletons": [
  [
   [
    1431.3731689453125,
    343.85089111328125,
    0.895
   ],
   [
    1436.2218017578125,
    307.6886901855469,
    0.9
   ],
   [
    1415.8724365234375,
    330.45709228515625,
    0.69
   ],
   [
    1496.1817626953125,
    279.7539367675781,
    0.801
   ],
   [
    1438.5367431640625,
    327.71148681640625,
    -1.0
   ],
   [
    1582.81640625,
    389.65740966796875,
    0.848
   ],
   [
    1489.868408203125,
    446.66802978515625,
    0.849
   ],
   [
    1577.9351806640625,
    487.5308532714844,
    -1.0
   ],
   [
    1446.4620361328125,
    558.4344482421875,
    -1.0
   ],
   [
    1524.2099609375,
    365.65338134765625,
    -1.0
   ],
   [
    1465.578857421875,
    398.4970703125,
    -1.0
   ],
   [
    1605.4112548828125,
    619.3656005859375,
    -1.0
   ],
   [
    1544.68798828125,
    637.0314331054688,
    -1.0
   ],
   [
    1518.785400390625,
    573.400634765625,
    -1.0
   ],
   [
    1465.94775390625,
    613.229736328125,
    -1.0
   ],
   [
    1508.107421875,
    538.7887573242188,
    -1.0
   ],
   [
    1444.21728515625,
    609.5302124023438,
    -1.0
   ]
  ]
 ],
 "skeleton_percentage": [
  100
 ],
 "angle": [
  74
 ]
}