{
 "frame_index": 373,
 "skeletons": [
  [
   [
    1419.45849609375,
    335.0087890625,
    0.919
   ],
   [
    1426.978759765625,
    292.9376525878906,
    0.935
   ],
   [
    1404.014404296875,
    319.0559997558594,
    0.693
   ],
   [
    1505.290283203125,
    254.4313201904297,
    0.857
   ],
   [
    1434.41015625,
    306.83831787109375,
    -1.0
   ],
   [
    1601.161865234375,
    389.3063049316406,
    0.869
   ],
   [
    1491.404052734375,
    432.4368896484375,
    0.808
   ],
   [
    1583.36962890625,
    511.8804931640625,
    -1.0
   ],
   [
    1464.13525390625,
    542.3768310546875,
    -1.0
   ],
   [
    1513.831298828125,
    369.82159423828125,
    -1.0
   ],
   [
    1464.1373291015625,
    401.9841613769531,
    -1.0
   ],
   [
    1585.2132568359375,
    611.4287719726562,
    -1.0
   ],
   [
    1512.6395263671875,
    620.9518432617188,
    -1.0
   ],
   [
    1496.354248046875,
    565.2109985351562,
    -1.0
   ],
   [
    1429.228515625,
    600.0704345703125,
    -1.0
   ],
   [
    1497.5142822265625,
    501.3139343261719,
    -1.0
   ],
   [
    1434.8922119140625,
    585.8212280273438,
    -1.0
   ]
  ]
 ],
 "skeleton_percentage": [
  100
 ],
 "angle": [
  74
 ]
}