{
 "frame_index": 374,
 "skeletons": [
  [
   [
    1426.880615234375,
    330.0048522949219,
    0.937
   ],
   [
    1435.468017578125,
    287.4805908203125,
    0.951
   ],
   [
    1406.741943359375,
    316.0391845703125,
    0.831
   ],
   [
    1509.56005859375,
    252.7613067626953,
    0.882
   ],
   [
    1430.3853759765625,
    312.57080078125,
    -1.0
   ],
   [
    1625.2415771484375,
    367.4292297363281,
    0.839
   ],
   [
    1484.0052490234375,
    450.2873840332031,
    0.863
   ],
   [
    1666.582275390625,
    435.081298828125,
    -1.0
   ],
   [
    1476.5526123046875,
    547.6483154296875,
    -1.0
   ],
   [
    1587.7060546875,
    336.11077880859375,
    -1.0
   ],
   [
    1482.340087890625,
    393.8551940917969,
    -1.0
   ],
   [
    1615.29638671875,
    620.057861328125,
    -1.0
   ],
   [
    1524.5948486328125,
    643.7730712890625,
    -1.0
   ],
   [
    1542.44873046875,
    595.5805053710938,
    -1.0
   ],
   [
    1455.3514404296875,
    645.838623046875,
    -1.0
   ],
   [
    1477.6424560546875,
    543.7657470703125,
    -1.0
   ],
   [
    1407.5303955078125,
    620.16259765625,
    -1.0
   ]
  ]
 ],
 "skeleton_percentage": [
  100
 ],
 "angle": [
  73
 ]
}