{
 "frame_index": 375,
 "skeletons": [
  [
   [
    1427.091552734375,
    329.89093017578125,
    0.938
   ],
   [
    1435.7510986328125,
    287.08270263671875,
    0.952
   ],
   [
    1406.59521484375,
    315.99542236328125,
    0.835
   ],
   [
    1509.94677734375,
    252.70529174804688,
    0.883
   ],
   [
    1429.801025390625,
    313.2353515625,
    -1.0
   ],
   [
    1626.73681640625,
    368.6737976074219,
    0.84
   ],
   [
    1483.7789306640625,
    451.4563293457031,
    0.867
   ],
   [
    1669.3209228515625,
    438.54400634765625,
    -1.0
   ],
   [
    1478.12939453125,
    549.4283447265625,
    -1.0
   ],
   [
    1588.354248046875,
    337.4471740722656,
    -1.0
   ],
   [
    1485.32275390625,
    393.3533020019531,
    -1.0
   ],
   [
    1617.87451171875,
    622.0480346679688,
    -1.0
   ],
   [
    1525.7386474609375,
    645.734619140625,
    -1.0
   ],
   [
    1546.750732421875,
    595.7935791015625,
    -1.0
   ],
   [
    1455.9056396484375,
    645.8468627929688,
    -1.0
   ],
   [
    1484.316162109375,
    544.2833862304688,
    -1.0
   ],
   [
    1409.276123046875,
    621.0994873046875,
    -1.0
   ]
  ]
 ],
 "skeleton_percentage": [
  100
 ],
 "angle": [
  73
 ]
}