{
 "frame_index": 376,
 "skeletons": [
  [
   [
    1413.5565185546875,
    304.2016906738281,
    0.944
   ],
   [
    1424.236572265625,
    263.8290100097656,
    0.957
   ],
   [
    1394.475830078125,
    293.1828918457031,
    0.834
   ],
   [
    1498.983642578125,
    237.37229919433594,
    0.896
   ],
   [
    1418.4176025390625,
    297.5391845703125,
    -1.0
   ],
   [
    1609.3677978515625,
    349.1185302734375,
    0.888
   ],
   [
    1476.30029296875,
    434.048583984375,
    0.864
   ],
   [
    1651.0601806640625,
    430.0588073730469,
    -1.0
   ],
   [
    1503.081298828125,
    539.909912109375,
    -1.0
   ],
   [
    1558.2529296875,
    336.0421142578125,
    -1.0
   ],
   [
    1519.10009765625,
    366.4778137207031,
    -1.0
   ],
   [
    1603.645263671875,
    608.50146484375,
    -1.0
   ],
   [
    1515.641845703125,
    632.5047607421875,
    -1.0
   ],
   [
    1543.0821533203125,
    547.1526489257812,
    -1.0
   ],
   [
    1454.6466064453125,
    597.6937255859375,
    -1.0
   ],
   [
    1486.289794921875,
    491.35345458984375,
    -1.0
   ],
   [
    1417.148193359375,
    562.39111328125,
    -1.0
   ]
  ]
 ],
 "skeleton_percentage": [
  100
 ],
 "angle": [
  72
 ]
}