{
 "frame_index": 377,
 "skeletons": [
  [
   [
    1419.03271484375,
    279.88665771484375,
    0.952
   ],
   [
    1429.472900390625,
    237.93130493164062,
    0.958
   ],
   [
    1393.850830078125,
    274.3973693847656,
    0.876
   ],
   [
    1498.906494140625,
    220.63156127929688,
    0.889
   ],
   [
    1405.8812255859375,
    296.7590026855469,
    -1.0
   ],
   [
    1615.14697265625,
    326.7283935546875,
    0.888
   ],
   [
    1450.082275390625,
    427.5985107421875,
    0.906
   ],
   [
    1663.9705810546875,
    409.9003601074219,
    -1.0
   ],
   [
    1473.9005126953125,
    534.62255859375,
    -1.0
   ],
   [
    1561.628662109375,
    332.8164367675781,
    -1.0
   ],
   [
    1507.9388427734375,
    387.05126953125,
    -1.0
   ],
   [
    1623.8822021484375,
    581.314208984375,
    -1.0
   ],
   [
    1514.30810546875,
    615.857177734375,
    -1.0
   ],
   [
    1582.92919921875,
    522.6213989257812,
    -1.0
   ],
   [
    1448.960693359375,
    586.317626953125,
    -1.0
   ],
   [
    1554.14501953125,
    527.4683837890625,
    -1.0
   ],
   [
    1435.367431640625,
    617.8648681640625,
    -1.0
   ]
  ]
 ],
 "skeleton_percentage": [
  100
 ],
 "angle": [
  72
 ]
}