{
 "frame_index": 378,
 "skeletons": [
  [
   [
    1418.522216796875,
    280.9247741699219,
    0.952
   ],
   [
    1428.71142578125,
    238.78688049316406,
    0.958
   ],
   [
    1393.501953125,
    275.18121337890625,
    0.874
   ],
   [
    1498.45068359375,
    220.49957275390625,
    0.891
   ],
   [
    1406.269287109375,
    296.3800048828125,
    -1.0
   ],
   [
    1616.03466796875,
    327.1892395019531,
    0.888
   ],
   [
    1451.9136962890625,
    428.0892333984375,
    0.906
   ],
   [
    1667.3477783203125,
    409.4725341796875,
    -1.0
   ],
   [
    1479.8956298828125,
    534.8902587890625,
    -1.0
   ],
   [
    1567.3839111328125,
    333.01019287109375,
    -1.0
   ],
   [
    1514.073974609375,
    388.7249755859375,
    -1.0
   ],
   [
    1626.119384765625,
    581.6531372070312,
    -1.0
   ],
   [
    1516.916015625,
    616.2460327148438,
    -1.0
   ],
   [
    1587.2578125,
    523.4266357421875,
    -1.0
   ],
   [
    1452.62158203125,
    587.1380615234375,
    -1.0
   ],
   [
    1558.2667236328125,
    525.255859375,
    -1.0
   ],
   [
    1439.0076904296875,
    615.48291015625,
    -1.0
   ]
  ]
 ],
 "skeleton_percentage": [
  100
 ],
 "angle": [
  72
 ]
}