{
 "frame_index": 379,
 "skeletons": [
  [
   [
    1413.3707275390625,
    270.47210693359375,
    0.945
   ],
   [
    1425.178466796875,
    227.7008056640625,
    0.953
   ],
   [
    1389.259033203125,
    264.1889343261719,
    0.835
   ],
   [
    1497.5048828125,
    208.82102966308594,
    0.872
   ],
   [
    1402.855712890625,
    283.9945068359375,
    -1.0
   ],
   [
    1596.8740234375,
    317.061279296875,
    0.892
   ],
   [
    1451.206298828125,
    405.9185485839844,
    0.873
   ],
   [
    1600.503662109375,
    419.8744812011719,
    0.505
   ],
   [
    1444.532470703125,
    517.267578125,
    -1.0
   ],
   [
    1486.344482421875,
    334.9792785644531,
    -1.0
   ],
   [
    1470.668701171875,
    371.81243896484375,
    -1.0
   ],
   [
    1599.24609375,
    566.5145874023438,
    -1.0
   ],
   [
    1504.951904296875,
    595.79052734375,
    -1.0
   ],
   [
    1525.605224609375,
    484.19305419921875,
    -1.0
   ],
   [
    1430.2965087890625,
    543.828125,
    -1.0
   ],
   [
    1499.61962890625,
    488.94781494140625,
    -1.0
   ],
   [
    1421.95068359375,
    584.90576171875,
    -1.0
   ]
  ]
 ],
 "skeleton_percentage": [
  100
 ],
 "angle": [
  71
 ]
}