{
 "frame_index": 380,
 "skeletons": [
  [
   [
    1409.9981689453125,
    256.05938720703125,
    0.949
   ],
   [
    1422.0400390625,
    212.67823791503906,
    0.958
   ],
   [
    1384.51708984375,
    252.71417236328125,
    0.854
   ],
   [
    1494.1431884765625,
    198.92889404296875,
    0.879
   ],
   [
    1397.5693359375,
    281.71551513671875,
    -1.0
   ],
   [
    1598.5689697265625,
    302.637939453125,
    0.889
   ],
   [
    1442.072021484375,
    405.26885986328125,
    0.864
   ],
   [
    1608.945556640625,
    402.7371826171875,
    -1.0
   ],
   [
    1447.01318359375,
    522.0082397460938,
    -1.0
   ],
   [
    1492.4429931640625,
    317.4696044921875,
    -1.0
   ],
   [
    1487.798828125,
    363.6413269042969,
    -1.0
   ],
   [
    1605.06982421875,
    581.13232421875,
    -1.0
   ],
   [
    1500.94287109375,
    616.6028442382812,
    -1.0
   ],
   [
    1546.234130859375,
    493.415283203125,
    -1.0
   ],
   [
    1422.913818359375,
    562.0377807617188,
    -1.0
   ],
   [
    1523.8231201171875,
    530.160400390625,
    -1.0
   ],
   [
    1410.572021484375,
    633.4740600585938,
    -1.0
   ]
  ]
 ],
 "skeleton_percentage": [
  100
 ],
 "angle": [
  71
 ]
}