{
 "frame_index": 381,
 "skeletons": [
  [
   [
    1410.420166015625,
    254.8737030029297,
    0.949
   ],
   [
    1422.7109375,
    211.83824157714844,
    0.957
   ],
   [
    1384.9130859375,
    251.66525268554688,
    0.855
   ],
   [
    1494.4500732421875,
    199.54884338378906,
    0.878
   ],
   [
    1397.8575439453125,
    281.73126220703125,
    -1.0
   ],
   [
    1596.822509765625,
    304.32745361328125,
    0.89
   ],
   [
    1443.4307861328125,
    404.67864990234375,
    0.867
   ],
   [
    1604.711669921875,
    404.9346923828125,
    -1.0
   ],
   [
    1446.3150634765625,
    520.18896484375,
    -1.0
   ],
   [
    1491.070068359375,
    317.3398742675781,
    -1.0
   ],
   [
    1484.546142578125,
    362.1391296386719,
    -1.0
   ],
   [
    1603.326171875,
    583.2825927734375,
    -1.0
   ],
   [
    1501.4873046875,
    617.7910766601562,
    -1.0
   ],
   [
    1542.078369140625,
    497.2489013671875,
    -1.0
   ],
   [
    1422.42236328125,
    564.6464233398438,
    -1.0
   ],
   [
    1520.280517578125,
    533.4548950195312,
    -1.0
   ],
   [
    1409.4158935546875,
    636.8170166015625,
    -1.0
   ]
  ]
 ],
 "skeleton_percentage": [
  100
 ],
 "angle": [
  71
 ]
}