{
 "frame_index": 382,
 "skeletons": [
  [
   [
    1412.24609375,
    251.17254638671875,
    0.949
   ],
   [
    1421.192138671875,
    209.31646728515625,
    0.961
   ],
   [
    1385.30517578125,
    247.45086669921875,
    0.839
   ],
   [
    1481.92919921875,
    191.6224822998047,
    0.882
   ],
   [
    1393.1270751953125,
    273.34710693359375,
    -1.0
   ],
   [
    1573.137451171875,
    284.5459899902344,
    0.912
   ],
   [
    1443.9130859375,
    389.0606689453125,
    0.84
   ],
   [
    1573.9990234375,
    372.2725524902344,
    0.57
   ],
   [
    1454.6461181640625,
    501.5386962890625,
    -1.0
   ],
   [
    1464.8597412109375,
    286.9931640625,
    0.503
   ],
   [
    1455.880615234375,
    343.80181884765625,
    -1.0
   ],
   [
    1583.63720703125,
    550.054931640625,
    -1.0
   ],
   [
    1500.43896484375,
    586.365478515625,
    -1.0
   ],
   [
    1508.0078125,
    461.1299743652344,
    -1.0
   ],
   [
    1416.7730712890625,
    530.599609375,
    -1.0
   ],
   [
    1465.14794921875,
    495.523193359375,
    -1.0
   ],
   [
    1400.9921875,
    596.6283569335938,
    -1.0
   ]
  ]
 ],
 "skeleton_percentage": [
  100
 ],
 "angle": [
  70
 ]
}