{
 "frame_index": 383,
 "skeletons": [
  [
   [
    1407.3529052734375,
    256.7684631347656,
    0.926
   ],
   [
    1419.88818359375,
    219.75100708007812,
    0.938
   ],
   [
    1378.5523681640625,
    238.37493896484375,
    0.562
   ],
   [
    1482.457275390625,
    196.95611572265625,
    0.815
   ],
   [
    1388.460205078125,
    243.95164489746094,
    -1.0
   ],
   [
    1544.345703125,
    296.126953125,
    0.799
   ],
   [
    1471.56640625,
    338.40240478515625,
    0.78
   ],
   [
    1496.31201171875,
    465.5759582519531,
    -1.0
   ],
   [
    1471.1064453125,
    493.48638916015625,
    -1.0
   ],
   [
    1442.518310546875,
    330.4969482421875,
    -1.0
   ],
   [
    1460.8287353515625,
    313.80072021484375,
    -1.0
   ],
   [
    1581.867919921875,
    560.4089965820312,
    -1.0
   ],
   [
    1529.726318359375,
    569.23583984375,
    -1.0
   ],
   [
    1491.7734375,
    440.5952453613281,
    -1.0
   ],
   [
    1465.2408447265625,
    446.3579406738281,
    -1.0
   ],
   [
    1448.7529296875,
    579.4012451171875,
    -1.0
   ],
   [
    1446.482421875,
    591.1973876953125,
    -1.0
   ]
  ]
 ],
 "skeleton_percentage": [
  100
 ],
 "angle": [
  70
 ]
}