{
 "frame_index": 384,
 "skeletons": [
  [
   [
    1406.4244384765625,
    254.33216857910156,
    0.923
   ],
   [
    1419.13671875,
    216.895263671875,
    0.936
   ],
   [
    1377.2420654296875,
    235.95254516601562,
    0.534
   ],
   [
    1482.7216796875,
    193.77369689941406,
    0.816
   ],
   [
    1386.765625,
    241.85137939453125,
    -1.0
   ],
   [
    1547.032958984375,
    292.38226318359375,
    0.8
   ],
   [
    1470.951904296875,
    335.56640625,
    0.78
   ],
   [
    1496.917724609375,
    465.29937744140625,
    -1.0
   ],
   [
    1467.3857421875,
    493.04095458984375,
    -1.0
   ],
   [
    1436.6021728515625,
    338.41070556640625,
    -1.0
   ],
   [
    1456.0457763671875,
    321.01141357421875,
    -1.0
   ],
   [
    1586.1142578125,
    562.5369873046875,
    -1.0
   ],
   [
    1531.25439453125,
    571.4531860351562,
    -1.0
   ],
   [
    1493.1326904296875,
    436.9212646484375,
    -1.0
   ],
   [
    1464.5469970703125,
    442.549072265625,
    -1.0
   ],
   [
    1451.638427734375,
    577.628173828125,
    -1.0
   ],
   [
    1450.1815185546875,
    589.62548828125,
    -1.0
   ]
  ]
 ],
 "skeleton_percentage": [
  100
 ],
 "angle": [
  70
 ]
}