{
 "frame_index": 385,
 "skeletons": [
  [
   [
    1401.2801513671875,
    235.56385803222656,
    0.949
   ],
   [
    1410.675048828125,
    194.54168701171875,
    0.957
   ],
   [
    1374.656494140625,
    230.992919921875,
    0.807
   ],
   [
    1471.832275390625,
    179.59368896484375,
    0.892
   ],
   [
    1384.335693359375,
    256.92578125,
    -1.0
   ],
   [
    1565.5755615234375,
    285.49462890625,
    0.946
   ],
   [
    1431.064208984375,
    362.8489990234375,
    0.881
   ],
   [
    1525.218505859375,
    427.85198974609375,
    0.704
   ],
   [
    1450.8905029296875,
    498.1659851074219,
    -1.0
   ],
   [
    1442.8028564453125,
    300.5855407714844,
    0.622
   ],
   [
    1477.114990234375,
    326.77947998046875,
    -1.0
   ],
   [
    1574.608154296875,
    556.8253784179688,
    -1.0
   ],
   [
    1486.98095703125,
    583.6928100585938,
    -1.0
   ],
   [
    1491.80224609375,
    467.4419860839844,
    -1.0
   ],
   [
    1399.1845703125,
    528.646240234375,
    -1.0
   ],
   [
    1434.761962890625,
    494.485107421875,
    -1.0
   ],
   [
    1386.723876953125,
    608.2782592773438,
    -1.0
   ]
  ]
 ],
 "skeleton_percentage": [
  100
 ],
 "angle": [
  70
 ]
}