{
 "frame_index": 386,
 "skeletons": [
  [
   [
    1403.57763671875,
    231.48422241210938,
    0.95
   ],
   [
    1410.5025634765625,
    190.77877807617188,
    0.959
   ],
   [
    1375.966796875,
    227.89947509765625,
    0.824
   ],
   [
    1465.8232421875,
    174.34510803222656,
    0.887
   ],
   [
    1381.174072265625,
    255.09255981445312,
    -1.0
   ],
   [
    1562.8927001953125,
    267.2150573730469,
    0.94
   ],
   [
    1431.804443359375,
    367.67230224609375,
    0.858
   ],
   [
    1591.37255859375,
    364.405517578125,
    0.704
   ],
   [
    1479.072021484375,
    481.59503173828125,
    -1.0
   ],
   [
    1488.9735107421875,
    283.3636474609375,
    0.635
   ],
   [
    1512.934326171875,
    310.86920166015625,
    -1.0
   ],
   [
    1578.788330078125,
    545.4668579101562,
    -1.0
   ],
   [
    1492.69287109375,
    580.7528076171875,
    -1.0
   ],
   [
    1521.138671875,
    442.94091796875,
    -1.0
   ],
   [
    1426.1226806640625,
    508.2686767578125,
    -1.0
   ],
   [
    1476.325927734375,
    473.0349426269531,
    -1.0
   ],
   [
    1414.88671875,
    565.8914794921875,
    -1.0
   ]
  ]
 ],
 "skeleton_percentage": [
  100
 ],
 "angle": [
  70
 ]
}