{
 "frame_index": 387,
 "skeletons": [
  [
   [
    1400.9205322265625,
    218.51683044433594,
    0.942
   ],
   [
    1406.2392578125,
    178.29385375976562,
    0.954
   ],
   [
    1371.8756103515625,
    216.04051208496094,
    0.816
   ],
   [
    1456.8438720703125,
    164.5880126953125,
    0.895
   ],
   [
    1376.8043212890625,
    247.51304626464844,
    -1.0
   ],
   [
    1556.389404296875,
    261.335205078125,
    0.934
   ],
   [
    1438.422119140625,
    363.8405456542969,
    0.858
   ],
   [
    1610.579345703125,
    358.02252197265625,
    0.637
   ],
   [
    1502.1015625,
    476.4115905761719,
    -1.0
   ],
   [
    1493.784912109375,
    297.9228210449219,
    0.521
   ],
   [
    1520.6009521484375,
    325.6170959472656,
    -1.0
   ],
   [
    1581.9759521484375,
    547.8031005859375,
    -1.0
   ],
   [
    1503.193115234375,
    583.5074462890625,
    -1.0
   ],
   [
    1549.4058837890625,
    482.8892822265625,
    -1.0
   ],
   [
    1449.343017578125,
    543.98486328125,
    -1.0
   ],
   [
    1521.0093994140625,
    504.1701965332031,
    -1.0
   ],
   [
    1434.296142578125,
    589.0076904296875,
    -1.0
   ]
  ]
 ],
 "skeleton_percentage": [
  100
 ],
 "angle": [
  69
 ]
}