{
 "frame_index": 388,
 "skeletons": [
  [
   [
    1392.1761474609375,
    212.26817321777344,
    0.967
   ],
   [
    1401.808349609375,
    173.44882202148438,
    0.966
   ],
   [
    1364.709716796875,
    209.46876525878906,
    0.882
   ],
   [
    1458.45703125,
    161.47677612304688,
    0.873
   ],
   [
    1368.4371337890625,
    242.62733459472656,
    -1.0
   ],
   [
    1554.1806640625,
    241.92391967773438,
    0.937
   ],
   [
    1420.1326904296875,
    368.434814453125,
    0.903
   ],
   [
    1613.802734375,
    313.04547119140625,
    0.686
   ],
   [
    1500.644775390625,
    481.96990966796875,
    0.5
   ],
   [
    1490.5196533203125,
    273.73992919921875,
    0.617
   ],
   [
    1531.031005859375,
    291.96282958984375,
    -1.0
   ],
   [
    1581.947998046875,
    553.7431640625,
    -1.0
   ],
   [
    1490.889892578125,
    596.393798828125,
    -1.0
   ],
   [
    1529.290771484375,
    528.6231689453125,
    -1.0
   ],
   [
    1428.741455078125,
    599.2800903320312,
    -1.0
   ],
   [
    1495.4775390625,
    556.5957641601562,
    -1.0
   ],
   [
    1438.620361328125,
    626.76708984375,
    -1.0
   ]
  ]
 ],
 "skeleton_percentage": [
  100
 ],
 "angle": [
  69
 ]
}