{
 "frame_index": 389,
 "skeletons": [
  [
   [
    1379.933837890625,
    221.79574584960938,
    0.966
   ],
   [
    1391.511962890625,
    180.98556518554688,
    0.966
   ],
   [
    1355.5018310546875,
    215.9904327392578,
    0.861
   ],
   [
    1457.4674072265625,
    165.47808837890625,
    0.861
   ],
   [
    1366.7291259765625,
    241.7053985595703,
    -1.0
   ],
   [
    1548.3526611328125,
    249.8050537109375,
    0.924
   ],
   [
    1432.37060546875,
    372.9805908203125,
    0.885
   ],
   [
    1586.678466796875,
    329.22125244140625,
    0.618
   ],
   [
    1484.1251220703125,
    503.90362548828125,
    -1.0
   ],
   [
    1491.5806884765625,
    296.7032775878906,
    0.519
   ],
   [
    1515.127685546875,
    327.5634765625,
    -1.0
   ],
   [
    1588.5911865234375,
    596.6769409179688,
    -1.0
   ],
   [
    1511.4556884765625,
    636.0203247070312,
    -1.0
   ],
   [
    1461.1153564453125,
    545.267578125,
    -1.0
   ],
   [
    1397.2861328125,
    615.368896484375,
    -1.0
   ],
   [
    1442.405029296875,
    575.9871826171875,
    -1.0
   ],
   [
    1419.3572998046875,
    647.2176513671875,
    -1.0
   ]
  ]
 ],
 "skeleton_percentage": [
  100
 ],
 "angle": [
  70
 ]
}