{
 "frame_index": 390,
 "skeletons": [
  [
   [
    1380.156982421875,
    221.1057586669922,
    0.966
   ],
   [
    1391.7349853515625,
    180.19102478027344,
    0.967
   ],
   [
    1355.5050048828125,
    215.48568725585938,
    0.863
   ],
   [
    1457.6402587890625,
    164.85256958007812,
    0.862
   ],
   [
    1366.504638671875,
    241.8108673095703,
    -1.0
   ],
   [
    1549.08251953125,
    248.8883514404297,
    0.923
   ],
   [
    1431.7989501953125,
    372.9637756347656,
    0.886
   ],
   [
    1589.152099609375,
    327.21600341796875,
    0.612
   ],
   [
    1483.272216796875,
    502.3089599609375,
    -1.0
   ],
   [
    1490.642822265625,
    298.1322326660156,
    0.51
   ],
   [
    1514.9013671875,
    326.8585205078125,
    -1.0
   ],
   [
    1587.4793701171875,
    599.053955078125,
    -1.0
   ],
   [
    1509.43359375,
    638.5408935546875,
    -1.0
   ],
   [
    1460.5595703125,
    547.6389770507812,
    -1.0
   ],
   [
    1395.19287109375,
    617.8739013671875,
    -1.0
   ],
   [
    1440.50634765625,
    581.16259765625,
    -1.0
   ],
   [
    1415.483154296875,
    652.098388671875,
    -1.0
   ]
  ]
 ],
 "skeleton_percentage": [
  100
 ],
 "angle": [
  70
 ]
}