{
 "frame_index": 391,
 "skeletons": [
  [
   [
    1379.816162109375,
    214.20053100585938,
    0.968
   ],
   [
    1391.09765625,
    168.8516845703125,
    0.963
   ],
   [
    1350.9129638671875,
    209.25865173339844,
    0.871
   ],
   [
    1458.236328125,
    155.64706420898438,
    0.817
   ],
   [
    1359.61474609375,
    242.76947021484375,
    -1.0
   ],
   [
    1549.23583984375,
    253.58206176757812,
    0.915
   ],
   [
    1420.322998046875,
    374.5950622558594,
    0.905
   ],
   [
    1544.8326416015625,
    383.7682800292969,
    0.577
   ],
   [
    1459.285400390625,
    539.1069946289062,
    0.532
   ],
   [
    1503.74609375,
    288.6170654296875,
    -1.0
   ],
   [
    1511.97998046875,
    301.40380859375,
    -1.0
   ],
   [
    1598.8330078125,
    631.0624389648438,
    -1.0
   ],
   [
    1514.9376220703125,
    673.128662109375,
    -1.0
   ],
   [
    1445.3023681640625,
    505.06512451171875,
    -1.0
   ],
   [
    1372.2012939453125,
    588.1528930664062,
    -1.0
   ],
   [
    1407.1512451171875,
    534.5582275390625,
    -1.0
   ],
   [
    1391.27734375,
    642.689453125,
    -1.0
   ]
  ]
 ],
 "skeleton_percentage": [
  100
 ],
 "angle": [
  69
 ]
}