{
 "frame_index": 392,
 "skeletons": [
  [
   [
    1369.2447509765625,
    209.50753784179688,
    0.972
   ],
   [
    1382.8779296875,
    166.738037109375,
    0.965
   ],
   [
    1342.2821044921875,
    204.59271240234375,
    0.862
   ],
   [
    1453.61962890625,
    158.47225952148438,
    0.846
   ],
   [
    1354.234619140625,
    239.0016632080078,
    -1.0
   ],
   [
    1546.3837890625,
    267.489013671875,
    0.95
   ],
   [
    1404.718505859375,
    361.8118896484375,
    0.928
   ],
   [
    1512.45654296875,
    412.01947021484375,
    0.744
   ],
   [
    1440.88671875,
    515.638916015625,
    0.643
   ],
   [
    1482.2198486328125,
    262.4290771484375,
    0.676
   ],
   [
    1495.12890625,
    269.04193115234375,
    0.591
   ],
   [
    1564.0089111328125,
    617.948974609375,
    -1.0
   ],
   [
    1472.781494140625,
    648.55029296875,
    -1.0
   ],
   [
    1404.9775390625,
    536.9876708984375,
    -1.0
   ],
   [
    1339.9439697265625,
    608.3651123046875,
    -1.0
   ],
   [
    1345.775146484375,
    553.2403564453125,
    -1.0
   ],
   [
    1363.9093017578125,
    668.162353515625,
    -1.0
   ]
  ]
 ],
 "skeleton_percentage": [
  100
 ],
 "angle": [
  69
 ]
}