{
 "frame_index": 393,
 "skeletons": [
  [
   [
    1369.2589111328125,
    209.655517578125,
    0.971
   ],
   [
    1382.639404296875,
    167.19813537597656,
    0.965
   ],
   [
    1342.5166015625,
    204.69113159179688,
    0.861
   ],
   [
    1452.343017578125,
    158.51834106445312,
    0.848
   ],
   [
    1353.74609375,
    238.50677490234375,
    -1.0
   ],
   [
    1546.19677734375,
    266.3519287109375,
    0.949
   ],
   [
    1403.580810546875,
    362.34283447265625,
    0.924
   ],
   [
    1519.18603515625,
    407.123046875,
    0.739
   ],
   [
    1443.9793701171875,
    513.8460083007812,
    0.622
   ],
   [
    1481.780029296875,
    264.4222717285156,
    0.667
   ],
   [
    1494.5029296875,
    271.1971740722656,
    0.57
   ],
   [
    1566.1951904296875,
    614.4186401367188,
    -1.0
   ],
   [
    1474.0621337890625,
    645.657470703125,
    -1.0
   ],
   [
    1413.9605712890625,
    533.4619140625,
    -1.0
   ],
   [
    1345.457275390625,
    604.2423095703125,
    -1.0
   ],
   [
    1358.5225830078125,
    547.2828369140625,
    -1.0
   ],
   [
    1373.2301025390625,
    658.0526123046875,
    -1.0
   ]
  ]
 ],
 "skeleton_percentage": [
  100
 ],
 "angle": [
  69
 ]
}