{
 "frame_index": 394,
 "skeletons": [
  [
   [
    1362.9200439453125,
    212.45565795898438,
    0.958
   ],
   [
    1373.5997314453125,
    170.54576110839844,
    0.964
   ],
   [
    1334.509521484375,
    208.87530517578125,
    0.847
   ],
   [
    1437.9534912109375,
    160.6457977294922,
    0.88
   ],
   [
    1339.5869140625,
    242.08535766601562,
    -1.0
   ],
   [
    1545.216796875,
    269.1407470703125,
    0.93
   ],
   [
    1391.5362548828125,
    365.111572265625,
    0.854
   ],
   [
    1559.9765625,
    384.0589599609375,
    0.634
   ],
   [
    1456.5228271484375,
    485.6675720214844,
    -1.0
   ],
   [
    1450.1793212890625,
    249.17327880859375,
    0.587
   ],
   [
    1486.22021484375,
    278.9183349609375,
    -1.0
   ],
   [
    1570.004638671875,
    550.455078125,
    -1.0
   ],
   [
    1468.022705078125,
    582.5764770507812,
    -1.0
   ],
   [
    1501.87890625,
    409.38043212890625,
    -1.0
   ],
   [
    1385.1688232421875,
    471.15582275390625,
    -1.0
   ],
   [
    1450.7689208984375,
    417.46173095703125,
    -1.0
   ],
   [
    1390.66650390625,
    513.1923217773438,
    -1.0
   ]
  ]
 ],
 "skeleton_percentage": [
  100
 ],
 "angle": [
  70
 ]
}