{
 "frame_index": 395,
 "skeletons": [
  [
   [
    1358.6600341796875,
    203.5283203125,
    0.951
   ],
   [
    1366.8408203125,
    163.66595458984375,
    0.957
   ],
   [
    1328.335205078125,
    199.95497131347656,
    0.85
   ],
   [
    1423.068359375,
    156.1151123046875,
    0.854
   ],
   [
    1326.4136962890625,
    235.08688354492188,
    -1.0
   ],
   [
    1521.764404296875,
    259.49609375,
    0.908
   ],
   [
    1390.210205078125,
    359.7214050292969,
    0.859
   ],
   [
    1550.9351806640625,
    349.42755126953125,
    0.513
   ],
   [
    1454.546875,
    467.4797058105469,
    -1.0
   ],
   [
    1447.4744873046875,
    232.98233032226562,
    -1.0
   ],
   [
    1498.2730712890625,
    273.7878112792969,
    -1.0
   ],
   [
    1577.308837890625,
    511.2961120605469,
    -1.0
   ],
   [
    1490.9742431640625,
    546.2215576171875,
    -1.0
   ],
   [
    1496.0550537109375,
    356.2506408691406,
    -1.0
   ],
   [
    1402.714599609375,
    416.421875,
    -1.0
   ],
   [
    1450.972900390625,
    349.65875244140625,
    -1.0
   ],
   [
    1405.450927734375,
    434.1957092285156,
    -1.0
   ]
  ]
 ],
 "skeleton_percentage": [
  100
 ],
 "angle": [
  70
 ]
}