{
 "frame_index": 396,
 "skeletons": [
  [
   [
    1363.3370361328125,
    208.41555786132812,
    0.963
   ],
   [
    1374.3680419921875,
    165.34365844726562,
    0.951
   ],
   [
    1332.462890625,
    202.04461669921875,
    0.875
   ],
   [
    1434.5179443359375,
    158.02734375,
    0.784
   ],
   [
    1332.8548583984375,
    236.94090270996094,
    -1.0
   ],
   [
    1520.8248291015625,
    273.6448974609375,
    0.908
   ],
   [
    1389.92041015625,
    355.1027526855469,
    0.926
   ],
   [
    1500.0228271484375,
    402.47137451171875,
    0.544
   ],
   [
    1420.15673828125,
    483.212890625,
    0.641
   ],
   [
    1455.6712646484375,
    254.2574462890625,
    -1.0
   ],
   [
    1499.76953125,
    270.27813720703125,
    0.558
   ],
   [
    1575.373291015625,
    609.4517822265625,
    -1.0
   ],
   [
    1490.5308837890625,
    637.4918212890625,
    -1.0
   ],
   [
    1432.1591796875,
    462.8929138183594,
    -1.0
   ],
   [
    1363.642578125,
    519.8389892578125,
    -1.0
   ],
   [
    1391.75634765625,
    436.28955078125,
    -1.0
   ],
   [
    1394.03955078125,
    539.0013427734375,
    -1.0
   ]
  ]
 ],
 "skeleton_percentage": [
  100
 ],
 "angle": [
  70
 ]
}