{
 "frame_index": 397,
 "skeletons": [
  [
   [
    1344.988525390625,
    206.568359375,
    0.958
   ],
   [
    1359.215576171875,
    162.11431884765625,
    0.948
   ],
   [
    1314.09326171875,
    197.7401123046875,
    0.849
   ],
   [
    1424.0703125,
    159.07571411132812,
    0.778
   ],
   [
    1317.4002685546875,
    234.796875,
    -1.0
   ],
   [
    1507.0355224609375,
    288.58062744140625,
    0.882
   ],
   [
    1393.723388671875,
    373.5867919921875,
    0.901
   ],
   [
    1512.611328125,
    396.5572814941406,
    0.512
   ],
   [
    1439.9832763671875,
    487.4532165527344,
    0.592
   ],
   [
    1450.7952880859375,
    254.40658569335938,
    -1.0
   ],
   [
    1489.708984375,
    268.4425964355469,
    0.528
   ],
   [
    1555.826171875,
    701.1517333984375,
    -1.0
   ],
   [
    1481.74072265625,
    727.3734741210938,
    -1.0
   ],
   [
    1414.158203125,
    625.026611328125,
    -1.0
   ],
   [
    1373.2542724609375,
    676.511474609375,
    -1.0
   ],
   [
    1388.0897216796875,
    623.334228515625,
    -1.0
   ],
   [
    1399.436767578125,
    711.0419311523438,
    -1.0
   ]
  ]
 ],
 "skeleton_percentage": [
  100
 ],
 "angle": [
  71
 ]
}