{
 "frame_index": 398,
 "skeletons": [
  [
   [
    1331.142333984375,
    195.8778533935547,
    0.965
   ],
   [
    1341.5384521484375,
    159.9627685546875,
    0.969
   ],
   [
    1300.57568359375,
    191.97308349609375,
    0.894
   ],
   [
    1395.76220703125,
    163.05276489257812,
    0.878
   ],
   [
    1295.7236328125,
    235.555908203125,
    -1.0
   ],
   [
    1511.1265869140625,
    242.41424560546875,
    0.914
   ],
   [
    1350.8092041015625,
    385.9888916015625,
    0.875
   ],
   [
    1629.40185546875,
    246.22869873046875,
    0.563
   ],
   [
    1447.0511474609375,
    493.71563720703125,
    -1.0
   ],
   [
    1520.978515625,
    157.74362182617188,
    -1.0
   ],
   [
    1508.5816650390625,
    327.82476806640625,
    -1.0
   ],
   [
    1586.335693359375,
    586.6687622070312,
    -1.0
   ],
   [
    1474.28271484375,
    638.576171875,
    -1.0
   ],
   [
    1554.9569091796875,
    488.01251220703125,
    -1.0
   ],
   [
    1405.5704345703125,
    557.5234375,
    -1.0
   ],
   [
    1511.33935546875,
    525.6314086914062,
    -1.0
   ],
   [
    1381.4609375,
    577.609619140625,
    -1.0
   ]
  ]
 ],
 "skeleton_percentage": [
  100
 ],
 "angle": [
  71
 ]
}