{
 "frame_index": 399,
 "skeletons": [
  [
   [
    1329.3824462890625,
    195.74386596679688,
    0.966
   ],
   [
    1340.427490234375,
    159.9705047607422,
    0.97
   ],
   [
    1299.268798828125,
    191.50863647460938,
    0.899
   ],
   [
    1395.586181640625,
    163.7618865966797,
    0.878
   ],
   [
    1294.747314453125,
    234.85000610351562,
    -1.0
   ],
   [
    1510.581787109375,
    243.33018493652344,
    0.915
   ],
   [
    1349.659912109375,
    388.38812255859375,
    0.879
   ],
   [
    1633.368408203125,
    240.23538208007812,
    0.574
   ],
   [
    1451.0711669921875,
    493.74383544921875,
    -1.0
   ],
   [
    1530.69580078125,
    148.01779174804688,
    -1.0
   ],
   [
    1511.7879638671875,
    322.20233154296875,
    -1.0
   ],
   [
    1588.4696044921875,
    593.890625,
    -1.0
   ],
   [
    1474.7457275390625,
    646.7052001953125,
    -1.0
   ],
   [
    1564.70849609375,
    500.11553955078125,
    -1.0
   ],
   [
    1408.8795166015625,
    570.6146850585938,
    -1.0
   ],
   [
    1527.3607177734375,
    536.7401123046875,
    -1.0
   ],
   [
    1387.110595703125,
    587.3574829101562,
    -1.0
   ]
  ]
 ],
 "skeleton_percentage": [
  100
 ],
 "angle": [
  71
 ]
}