{
 "frame_index": 400,
 "skeletons": [
  [
   [
    1331.3863525390625,
    202.96585083007812,
    0.979
   ],
   [
    1338.427978515625,
    164.38140869140625,
    0.97
   ],
   [
    1296.8743896484375,
    198.150146484375,
    0.943
   ],
   [
    1382.778076171875,
    161.9908905029297,
    0.855
   ],
   [
    1283.9449462890625,
    245.66262817382812,
    0.55
   ],
   [
    1502.1337890625,
    247.4923553466797,
    0.934
   ],
   [
    1327.177001953125,
    409.1231689453125,
    0.958
   ],
   [
    1624.82373046875,
    231.90147399902344,
    0.591
   ],
   [
    1434.8310546875,
    525.8455200195312,
    0.713
   ],
   [
    1496.270263671875,
    199.30850219726562,
    0.51
   ],
   [
    1498.2191162109375,
    423.2174377441406,
    0.596
   ],
   [
    1562.564208984375,
    645.0546875,
    -1.0
   ],
   [
    1450.1331787109375,
    700.8323974609375,
    0.542
   ],
   [
    1489.942626953125,
    585.6795043945312,
    -1.0
   ],
   [
    1400.83837890625,
    658.4112548828125,
    -1.0
   ],
   [
    1428.853515625,
    643.0101318359375,
    -1.0
   ],
   [
    1457.945068359375,
    699.2625122070312,
    -1.0
   ]
  ]
 ],
 "skeleton_percentage": [
  100
 ],
 "angle": [
  71
 ]
}