{
 "frame_index": 401,
 "skeletons": [
  [
   [
    1318.7890625,
    204.5109100341797,
    0.969
   ],
   [
    1328.0836181640625,
    166.14962768554688,
    0.973
   ],
   [
    1286.0003662109375,
    202.6413116455078,
    0.901
   ],
   [
    1381.6768798828125,
    164.94973754882812,
    0.896
   ],
   [
    1277.641845703125,
    247.58941650390625,
    -1.0
   ],
   [
    1496.1163330078125,
    244.67306518554688,
    0.949
   ],
   [
    1310.142333984375,
    398.4302673339844,
    0.903
   ],
   [
    1624.163330078125,
    253.89495849609375,
    0.701
   ],
   [
    1367.066650390625,
    536.9334106445312,
    -1.0
   ],
   [
    1536.6591796875,
    165.47914123535156,
    0.61
   ],
   [
    1422.2041015625,
    490.9725036621094,
    -1.0
   ],
   [
    1550.4752197265625,
    571.3929443359375,
    -1.0
   ],
   [
    1429.7908935546875,
    633.0233154296875,
    -1.0
   ],
   [
    1533.951171875,
    485.8382568359375,
    -1.0
   ],
   [
    1397.0673828125,
    564.7469482421875,
    -1.0
   ],
   [
    1513.8968505859375,
    557.5939331054688,
    -1.0
   ],
   [
    1414.697509765625,
    636.5602416992188,
    -1.0
   ]
  ]
 ],
 "skeleton_percentage": [
  100
 ],
 "angle": [
  71
 ]
}