{
 "frame_index": 402,
 "skeletons": [
  [
   [
    1317.2508544921875,
    206.408447265625,
    0.972
   ],
   [
    1326.4703369140625,
    166.54446411132812,
    0.978
   ],
   [
    1282.6895751953125,
    201.55459594726562,
    0.904
   ],
   [
    1378.970458984375,
    164.28579711914062,
    0.908
   ],
   [
    1275.34228515625,
    246.7694091796875,
    -1.0
   ],
   [
    1511.830322265625,
    238.87632751464844,
    0.95
   ],
   [
    1308.519775390625,
    394.52728271484375,
    0.888
   ],
   [
    1617.1343994140625,
    229.4989013671875,
    0.71
   ],
   [
    1358.184326171875,
    522.132568359375,
    -1.0
   ],
   [
    1519.4375,
    141.64328002929688,
    0.606
   ],
   [
    1410.307373046875,
    468.76190185546875,
    -1.0
   ],
   [
    1574.55908203125,
    615.44970703125,
    -1.0
   ],
   [
    1440.126220703125,
    674.5099487304688,
    -1.0
   ],
   [
    1525.64501953125,
    473.98651123046875,
    -1.0
   ],
   [
    1363.9208984375,
    551.837646484375,
    -1.0
   ],
   [
    1447.866455078125,
    559.318115234375,
    -1.0
   ],
   [
    1360.8702392578125,
    640.1331787109375,
    -1.0
   ]
  ]
 ],
 "skeleton_percentage": [
  100
 ],
 "angle": [
  70
 ]
}