{
 "frame_index": 403,
 "skeletons": [
  [
   [
    1307.295654296875,
    207.6551055908203,
    0.976
   ],
   [
    1315.583740234375,
    168.44924926757812,
    0.979
   ],
   [
    1272.2591552734375,
    200.49192810058594,
    0.908
   ],
   [
    1363.4954833984375,
    167.1994171142578,
    0.895
   ],
   [
    1257.637451171875,
    245.765625,
    -1.0
   ],
   [
    1495.87109375,
    234.0018768310547,
    0.96
   ],
   [
    1289.414306640625,
    403.5904541015625,
    0.913
   ],
   [
    1620.0634765625,
    182.81536865234375,
    0.822
   ],
   [
    1341.8642578125,
    522.7431640625,
    0.547
   ],
   [
    1516.6617431640625,
    91.79507446289062,
    0.793
   ],
   [
    1403.1383056640625,
    455.91192626953125,
    0.545
   ],
   [
    1572.755126953125,
    580.1802978515625,
    -1.0
   ],
   [
    1434.2315673828125,
    644.7279052734375,
    -1.0
   ],
   [
    1515.569091796875,
    408.51715087890625,
    -1.0
   ],
   [
    1342.9765625,
    490.908935546875,
    -1.0
   ],
   [
    1449.9111328125,
    518.6902465820312,
    -1.0
   ],
   [
    1349.2230224609375,
    588.3814697265625,
    -1.0
   ]
  ]
 ],
 "skeleton_percentage": [
  100
 ],
 "angle": [
  68
 ]
}