{
 "frame_index": 404,
 "skeletons": [
  [
   [
    1289.8599853515625,
    201.0640869140625,
    0.973
   ],
   [
    1301.456787109375,
    162.25796508789062,
    0.974
   ],
   [
    1258.961669921875,
    195.1457977294922,
    0.885
   ],
   [
    1354.9256591796875,
    164.36329650878906,
    0.897
   ],
   [
    1250.6197509765625,
    240.14593505859375,
    -1.0
   ],
   [
    1475.310302734375,
    245.3702392578125,
    0.959
   ],
   [
    1291.0831298828125,
    398.51397705078125,
    0.922
   ],
   [
    1563.6668701171875,
    312.8128967285156,
    0.775
   ],
   [
    1327.29736328125,
    588.480224609375,
    -1.0
   ],
   [
    1389.367431640625,
    284.28997802734375,
    0.719
   ],
   [
    1337.925537109375,
    601.2591552734375,
    -1.0
   ],
   [
    1556.76806640625,
    536.024658203125,
    -1.0
   ],
   [
    1440.024169921875,
    593.29345703125,
    -1.0
   ],
   [
    1483.02587890625,
    375.8663330078125,
    -1.0
   ],
   [
    1355.758544921875,
    444.01873779296875,
    -1.0
   ],
   [
    1441.62353515625,
    496.0023193359375,
    -1.0
   ],
   [
    1382.9376220703125,
    549.0233764648438,
    -1.0
   ]
  ]
 ],
 "skeleton_percentage": [
  100
 ],
 "angle": [
  70
 ]
}