{
 "frame_index": 405,
 "skeletons": [
  [
   [
    1289.6077880859375,
    199.81663513183594,
    0.973
   ],
   [
    1301.2222900390625,
    161.27078247070312,
    0.974
   ],
   [
    1258.69970703125,
    194.02166748046875,
    0.884
   ],
   [
    1354.564697265625,
    164.1668701171875,
    0.897
   ],
   [
    1250.375732421875,
    239.65191650390625,
    -1.0
   ],
   [
    1473.995849609375,
    246.2000732421875,
    0.959
   ],
   [
    1291.7705078125,
    398.7476806640625,
    0.919
   ],
   [
    1563.643798828125,
    311.9410400390625,
    0.774
   ],
   [
    1329.2501220703125,
    587.21630859375,
    -1.0
   ],
   [
    1390.514892578125,
    280.33306884765625,
    0.718
   ],
   [
    1339.09716796875,
    597.0133666992188,
    -1.0
   ],
   [
    1555.424072265625,
    538.7186279296875,
    -1.0
   ],
   [
    1440.20458984375,
    595.7242431640625,
    -1.0
   ],
   [
    1482.203369140625,
    380.41571044921875,
    -1.0
   ],
   [
    1358.8740234375,
    448.03948974609375,
    -1.0
   ],
   [
    1442.9029541015625,
    498.32061767578125,
    -1.0
   ],
   [
    1388.0562744140625,
    550.822998046875,
    -1.0
   ]
  ]
 ],
 "skeleton_percentage": [
  100
 ],
 "angle": [
  70
 ]
}