{
 "frame_index": 406,
 "skeletons": [
  [
   [
    1283.6893310546875,
    210.13050842285156,
    0.984
   ],
   [
    1296.34521484375,
    168.2014617919922,
    0.982
   ],
   [
    1249.571044921875,
    200.3440704345703,
    0.925
   ],
   [
    1348.499267578125,
    165.0850067138672,
    0.914
   ],
   [
    1250.0213623046875,
    240.479736328125,
    -1.0
   ],
   [
    1432.00390625,
    266.39434814453125,
    0.957
   ],
   [
    1355.7230224609375,
    402.975341796875,
    0.959
   ],
   [
    1544.8525390625,
    327.3668212890625,
    0.742
   ],
   [
    1386.927734375,
    587.255615234375,
    0.701
   ],
   [
    1435.312255859375,
    356.7008056640625,
    0.657
   ],
   [
    1333.327392578125,
    614.8990478515625,
    0.592
   ],
   [
    1505.732421875,
    711.2608032226562,
    0.837
   ],
   [
    1469.2518310546875,
    752.7540283203125,
    0.852
   ],
   [
    1336.9759521484375,
    888.0927734375,
    -1.0
   ],
   [
    1385.32568359375,
    936.2810668945312,
    -1.0
   ],
   [
    1323.046630859375,
    1019.8526611328125,
    -1.0
   ],
   [
    1398.72412109375,
    1061.312744140625,
    -1.0
   ]
  ]
 ],
 "skeleton_percentage": [
  100
 ],
 "angle": [
  93
 ]
}