{
 "frame_index": 407,
 "skeletons": [
  [
   [
    1273.6378173828125,
    199.583740234375,
    0.979
   ],
   [
    1284.7191162109375,
    161.34808349609375,
    0.975
   ],
   [
    1241.373779296875,
    194.83470153808594,
    0.926
   ],
   [
    1335.136474609375,
    162.2684783935547,
    0.886
   ],
   [
    1236.440673828125,
    239.33746337890625,
    -1.0
   ],
   [
    1445.095947265625,
    248.316650390625,
    0.942
   ],
   [
    1308.2154541015625,
    398.3614196777344,
    0.961
   ],
   [
    1588.222412109375,
    296.6662902832031,
    0.631
   ],
   [
    1343.11328125,
    576.1282958984375,
    0.678
   ],
   [
    1437.9239501953125,
    308.3454895019531,
    0.54
   ],
   [
    1298.34619140625,
    600.45458984375,
    0.524
   ],
   [
    1526.1104736328125,
    618.8919677734375,
    -1.0
   ],
   [
    1447.6202392578125,
    667.608154296875,
    0.553
   ],
   [
    1401.7474365234375,
    587.526123046875,
    -1.0
   ],
   [
    1357.146484375,
    639.795166015625,
    -1.0
   ],
   [
    1378.991943359375,
    652.951171875,
    -1.0
   ],
   [
    1387.0992431640625,
    685.9669799804688,
    -1.0
   ]
  ]
 ],
 "skeleton_percentage": [
  100
 ],
 "angle": [
  70
 ]
}