{
 "frame_index": 408,
 "skeletons": [
  [
   [
    1266.3460693359375,
    201.13717651367188,
    0.981
   ],
   [
    1278.332275390625,
    163.962158203125,
    0.977
   ],
   [
    1229.353759765625,
    192.47076416015625,
    0.93
   ],
   [
    1323.234375,
    170.32772827148438,
    0.879
   ],
   [
    1214.75830078125,
    238.663330078125,
    -1.0
   ],
   [
    1420.5889892578125,
    271.2977294921875,
    0.958
   ],
   [
    1297.40673828125,
    407.0464782714844,
    0.953
   ],
   [
    1593.87939453125,
    341.99169921875,
    0.728
   ],
   [
    1345.1307373046875,
    605.316162109375,
    0.657
   ],
   [
    1572.3006591796875,
    402.02288818359375,
    0.607
   ],
   [
    1338.52978515625,
    663.489013671875,
    0.517
   ],
   [
    1537.9456787109375,
    660.705322265625,
    0.761
   ],
   [
    1473.1474609375,
    711.6320190429688,
    0.766
   ],
   [
    1429.408203125,
    835.5455932617188,
    -1.0
   ],
   [
    1447.154541015625,
    891.41748046875,
    -1.0
   ],
   [
    1428.5032958984375,
    913.9322509765625,
    -1.0
   ],
   [
    1496.6478271484375,
    955.4862670898438,
    -1.0
   ]
  ]
 ],
 "skeleton_percentage": [
  100
 ],
 "angle": [
  77
 ]
}