{
 "frame_index": 409,
 "skeletons": [
  [
   [
    1247.8211669921875,
    198.53192138671875,
    0.979
   ],
   [
    1258.737548828125,
    158.85147094726562,
    0.982
   ],
   [
    1213.603759765625,
    194.0613555908203,
    0.906
   ],
   [
    1312.7147216796875,
    162.727294921875,
    0.933
   ],
   [
    1208.224609375,
    243.2261962890625,
    -1.0
   ],
   [
    1451.4869384765625,
    262.2310791015625,
    0.974
   ],
   [
    1256.5985107421875,
    414.63519287109375,
    0.952
   ],
   [
    1603.83349609375,
    359.22711181640625,
    0.826
   ],
   [
    1280.837158203125,
    611.3697509765625,
    0.593
   ],
   [
    1565.7784423828125,
    428.8487548828125,
    0.696
   ],
   [
    1297.21044921875,
    627.8060302734375,
    -1.0
   ],
   [
    1558.39892578125,
    638.8837890625,
    0.639
   ],
   [
    1439.96484375,
    699.92919921875,
    0.554
   ],
   [
    1488.2451171875,
    660.9409790039062,
    -1.0
   ],
   [
    1382.933349609375,
    740.8379516601562,
    -1.0
   ],
   [
    1470.061767578125,
    706.5682983398438,
    -1.0
   ],
   [
    1409.115966796875,
    778.9755249023438,
    -1.0
   ]
  ]
 ],
 "skeleton_percentage": [
  100
 ],
 "angle": [
  71
 ]
}