{
 "frame_index": 410,
 "skeletons": [
  [
   [
    1238.611572265625,
    196.4300537109375,
    0.982
   ],
   [
    1249.861083984375,
    157.91921997070312,
    0.984
   ],
   [
    1204.90771484375,
    194.19268798828125,
    0.929
   ],
   [
    1306.703857421875,
    167.31719970703125,
    0.938
   ],
   [
    1201.4268798828125,
    249.3629150390625,
    -1.0
   ],
   [
    1454.6776123046875,
    268.1946716308594,
    0.973
   ],
   [
    1240.803466796875,
    415.11492919921875,
    0.964
   ],
   [
    1603.2198486328125,
    371.0498046875,
    0.808
   ],
   [
    1263.113525390625,
    605.6859741210938,
    0.676
   ],
   [
    1576.346923828125,
    437.20965576171875,
    0.656
   ],
   [
    1292.5299072265625,
    612.463134765625,
    -1.0
   ],
   [
    1563.7467041015625,
    643.4136962890625,
    0.65
   ],
   [
    1422.765869140625,
    703.351806640625,
    0.608
   ],
   [
    1541.9423828125,
    665.8399047851562,
    -1.0
   ],
   [
    1347.6600341796875,
    746.268798828125,
    -1.0
   ],
   [
    1549.825927734375,
    720.462890625,
    -1.0
   ],
   [
    1355.1944580078125,
    799.4668579101562,
    -1.0
   ]
  ]
 ],
 "skeleton_percentage": [
  100
 ],
 "angle": [
  71
 ]
}