{
 "frame_index": 411,
 "skeletons": [
  [
   [
    1239.2900390625,
    196.1195068359375,
    0.982
   ],
   [
    1250.380859375,
    158.00267028808594,
    0.984
   ],
   [
    1205.394287109375,
    193.7446746826172,
    0.93
   ],
   [
    1306.17431640625,
    167.75697326660156,
    0.936
   ],
   [
    1200.837158203125,
    248.94940185546875,
    -1.0
   ],
   [
    1453.6451416015625,
    268.40972900390625,
    0.973
   ],
   [
    1239.2021484375,
    414.57861328125,
    0.966
   ],
   [
    1600.9471435546875,
    371.80975341796875,
    0.801
   ],
   [
    1261.359375,
    605.4898071289062,
    0.686
   ],
   [
    1575.7218017578125,
    438.5429992675781,
    0.645
   ],
   [
    1292.0389404296875,
    611.3875732421875,
    -1.0
   ],
   [
    1564.9171142578125,
    638.135009765625,
    0.652
   ],
   [
    1423.668212890625,
    698.0510864257812,
    0.618
   ],
   [
    1542.697021484375,
    658.6203002929688,
    -1.0
   ],
   [
    1347.885498046875,
    738.918212890625,
    -1.0
   ],
   [
    1551.3424072265625,
    712.9268798828125,
    -1.0
   ],
   [
    1357.8330078125,
    791.3263549804688,
    -1.0
   ]
  ]
 ],
 "skeleton_percentage": [
  100
 ],
 "angle": [
  71
 ]
}