{
 "frame_index": 412,
 "skeletons": [
  [
   [
    1237.260986328125,
    205.07302856445312,
    0.979
   ],
   [
    1247.1910400390625,
    167.1082305908203,
    0.977
   ],
   [
    1202.7431640625,
    202.6879119873047,
    0.938
   ],
   [
    1297.627197265625,
    173.06915283203125,
    0.891
   ],
   [
    1192.796142578125,
    254.0858917236328,
    0.552
   ],
   [
    1430.501953125,
    264.8388977050781,
    0.938
   ],
   [
    1232.0074462890625,
    417.72857666015625,
    0.96
   ],
   [
    1572.27685546875,
    355.70526123046875,
    0.536
   ],
   [
    1256.0,
    617.2262573242188,
    0.603
   ],
   [
    1540.86572265625,
    390.7070617675781,
    -1.0
   ],
   [
    1278.2791748046875,
    644.486083984375,
    -1.0
   ],
   [
    1558.4212646484375,
    600.8201904296875,
    -1.0
   ],
   [
    1435.61083984375,
    663.7933349609375,
    -1.0
   ],
   [
    1491.180419921875,
    606.7706909179688,
    -1.0
   ],
   [
    1351.350830078125,
    685.2880859375,
    -1.0
   ],
   [
    1503.3328857421875,
    674.572265625,
    -1.0
   ],
   [
    1404.591796875,
    746.6599731445312,
    -1.0
   ]
  ]
 ],
 "skeleton_percentage": [
  100
 ],
 "angle": [
  70
 ]
}