{
 "frame_index": 413,
 "skeletons": [
  [
   [
    1232.816650390625,
    198.3339385986328,
    0.982
   ],
   [
    1240.7491455078125,
    162.26058959960938,
    0.976
   ],
   [
    1200.395263671875,
    198.06944274902344,
    0.935
   ],
   [
    1290.733642578125,
    171.57986450195312,
    0.901
   ],
   [
    1193.5216064453125,
    253.107421875,
    0.548
   ],
   [
    1436.9681396484375,
    264.11798095703125,
    0.965
   ],
   [
    1223.5203857421875,
    406.76336669921875,
    0.979
   ],
   [
    1586.0255126953125,
    361.6101379394531,
    0.784
   ],
   [
    1233.376953125,
    598.2969970703125,
    0.835
   ],
   [
    1565.05322265625,
    410.7234191894531,
    0.647
   ],
   [
    1257.85205078125,
    652.0043334960938,
    0.653
   ],
   [
    1558.4959716796875,
    597.7140502929688,
    0.615
   ],
   [
    1412.607666015625,
    657.1145629882812,
    0.665
   ],
   [
    1551.6068115234375,
    659.159912109375,
    -1.0
   ],
   [
    1312.341064453125,
    733.5914306640625,
    -1.0
   ],
   [
    1584.6494140625,
    711.3216552734375,
    -1.0
   ],
   [
    1315.6915283203125,
    787.5639038085938,
    -1.0
   ]
  ]
 ],
 "skeleton_percentage": [
  100
 ],
 "angle": [
  70
 ]
}