{
 "frame_index": 414,
 "skeletons": [
  [
   [
    1232.564697265625,
    198.28775024414062,
    0.982
   ],
   [
    1240.630615234375,
    162.18441772460938,
    0.976
   ],
   [
    1200.0042724609375,
    198.02047729492188,
    0.938
   ],
   [
    1290.9033203125,
    171.65798950195312,
    0.9
   ],
   [
    1193.14990234375,
    253.23165893554688,
    0.557
   ],
   [
    1436.3636474609375,
    264.69061279296875,
    0.965
   ],
   [
    1223.607421875,
    406.74176025390625,
    0.979
   ],
   [
    1583.8970947265625,
    363.3578796386719,
    0.775
   ],
   [
    1233.7642822265625,
    598.269287109375,
    0.84
   ],
   [
    1562.5660400390625,
    413.300537109375,
    0.637
   ],
   [
    1258.86865234375,
    652.010498046875,
    0.657
   ],
   [
    1556.515869140625,
    599.4779663085938,
    0.615
   ],
   [
    1410.7861328125,
    658.49755859375,
    0.672
   ],
   [
    1549.9940185546875,
    661.8726196289062,
    -1.0
   ],
   [
    1309.4298095703125,
    735.9805908203125,
    -1.0
   ],
   [
    1582.7552490234375,
    714.96923828125,
    -1.0
   ],
   [
    1310.732421875,
    791.3259887695312,
    -1.0
   ]
  ]
 ],
 "skeleton_percentage": [
  100
 ],
 "angle": [
  70
 ]
}