{
 "frame_index": 415,
 "skeletons": [
  [
   [
    1231.1356201171875,
    202.84564208984375,
    0.983
   ],
   [
    1238.8143310546875,
    164.77386474609375,
    0.982
   ],
   [
    1195.756591796875,
    200.48211669921875,
    0.939
   ],
   [
    1287.909423828125,
    171.30308532714844,
    0.939
   ],
   [
    1189.975830078125,
    253.9459228515625,
    0.579
   ],
   [
    1440.0283203125,
    272.19256591796875,
    0.979
   ],
   [
    1231.2755126953125,
    403.0095520019531,
    0.981
   ],
   [
    1600.330322265625,
    372.02276611328125,
    0.85
   ],
   [
    1244.7989501953125,
    569.23095703125,
    0.834
   ],
   [
    1576.507568359375,
    426.55865478515625,
    0.728
   ],
   [
    1262.620849609375,
    576.797119140625,
    0.683
   ],
   [
    1548.8272705078125,
    636.25390625,
    0.765
   ],
   [
    1406.02734375,
    689.9913330078125,
    0.775
   ],
   [
    1563.517578125,
    703.0385131835938,
    -1.0
   ],
   [
    1331.308349609375,
    773.2576904296875,
    -1.0
   ],
   [
    1589.7158203125,
    748.0211791992188,
    -1.0
   ],
   [
    1319.9388427734375,
    827.5225830078125,
    -1.0
   ]
  ]
 ],
 "skeleton_percentage": [
  100
 ],
 "angle": [
  71
 ]
}