{
 "frame_index": 416,
 "skeletons": [
  [
   [
    1222.508544921875,
    201.08253479003906,
    0.984
   ],
   [
    1232.1412353515625,
    163.49676513671875,
    0.983
   ],
   [
    1188.078857421875,
    197.91627502441406,
    0.933
   ],
   [
    1285.035400390625,
    172.78713989257812,
    0.937
   ],
   [
    1184.15673828125,
    251.47608947753906,
    0.52
   ],
   [
    1435.419921875,
    275.0244140625,
    0.98
   ],
   [
    1229.2694091796875,
    403.2970275878906,
    0.978
   ],
   [
    1600.6461181640625,
    375.1859130859375,
    0.869
   ],
   [
    1244.4151611328125,
    575.2530517578125,
    0.824
   ],
   [
    1601.2628173828125,
    418.10595703125,
    0.764
   ],
   [
    1260.1689453125,
    574.9815673828125,
    0.686
   ],
   [
    1542.5782470703125,
    640.689453125,
    0.773
   ],
   [
    1401.6063232421875,
    693.332275390625,
    0.765
   ],
   [
    1556.585693359375,
    683.3304443359375,
    -1.0
   ],
   [
    1328.565185546875,
    752.8172607421875,
    -1.0
   ],
   [
    1580.4093017578125,
    731.1951904296875,
    -1.0
   ],
   [
    1311.6015625,
    809.2659301757812,
    -1.0
   ]
  ],
  [
   [
    1224.2911376953125,
    198.7660675048828,
    0.979
   ],
   [
    1233.777099609375,
    159.33541870117188,
    0.965
   ],
   [
    1185.72509765625,
    193.62789916992188,
    0.933
   ],
   [
    1280.9620361328125,
    164.47210693359375,
    0.887
   ],
   [
    1172.105712890625,
    247.14871215820312,
    0.641
   ],
   [
    1408.383056640625,
    278.87408447265625,
    0.976
   ],
   [
    1225.83251953125,
    413.8960876464844,
    0.986
   ],
   [
    1578.03662109375,
    349.84844970703125,
    0.821
   ],
   [
    1263.176513671875,
    605.310546875,
    0.894
   ],
   [
    1612.5888671875,
    401.5374755859375,
    0.714
   ],
   [
    1282.238525390625,
    674.4310302734375,
    0.778
   ],
   [
    1496.56396484375,
    674.9175415039062,
    0.899
   ],
   [
    1379.95068359375,
    727.749267578125,
    0.931
   ],
   [
    1451.0084228515625,
    863.9815673828125,
    -1.0
   ],
   [
    1331.21142578125,
    934.4736328125,
    -1.0
   ],
   [
    1475.0751953125,
    938.00341796875,
    -1.0
   ],
   [
    1385.0035400390625,
    1025.3724365234375,
    -1.0
   ]
  ]
 ],
 "skeleton_percentage": [
  100,
  100
 ],
 "angle": [
  71,
  94
 ]
}