{
 "frame_index": 417,
 "skeletons": [
  [
   [
    1222.63916015625,
    200.67694091796875,
    0.984
   ],
   [
    1232.304443359375,
    163.3714141845703,
    0.983
   ],
   [
    1188.231201171875,
    197.73599243164062,
    0.934
   ],
   [
    1285.090087890625,
    173.1932830810547,
    0.937
   ],
   [
    1184.3790283203125,
    251.73184204101562,
    0.527
   ],
   [
    1434.94775390625,
    275.39654541015625,
    0.98
   ],
   [
    1229.08935546875,
    402.5704650878906,
    0.979
   ],
   [
    1599.690185546875,
    374.5132141113281,
    0.872
   ],
   [
    1244.1746826171875,
    573.2384643554688,
    0.834
   ],
   [
    1602.9796142578125,
    412.1536865234375,
    0.77
   ],
   [
    1260.6341552734375,
    574.1876220703125,
    0.697
   ],
   [
    1541.71875,
    639.7750244140625,
    0.777
   ],
   [
    1401.185546875,
    692.075439453125,
    0.772
   ],
   [
    1554.948974609375,
    681.737548828125,
    -1.0
   ],
   [
    1328.714599609375,
    750.5399780273438,
    -1.0
   ],
   [
    1579.4267578125,
    726.3538818359375,
    -1.0
   ],
   [
    1313.9500732421875,
    805.05126953125,
    -1.0
   ]
  ],
  [
   [
    1224.702880859375,
    197.9267120361328,
    0.98
   ],
   [
    1234.027587890625,
    158.82174682617188,
    0.966
   ],
   [
    1186.135498046875,
    193.103515625,
    0.938
   ],
   [
    1281.03076171875,
    164.3792724609375,
    0.887
   ],
   [
    1172.3564453125,
    247.071533203125,
    0.652
   ],
   [
    1408.39208984375,
    278.9964599609375,
    0.977
   ],
   [
    1225.3787841796875,
    412.92388916015625,
    0.987
   ],
   [
    1578.0260009765625,
    348.63592529296875,
    0.831
   ],
   [
    1263.88916015625,
    602.7918701171875,
    0.902
   ],
   [
    1614.650634765625,
    395.3295593261719,
    0.733
   ],
   [
    1282.041259765625,
    674.624267578125,
    0.796
   ],
   [
    1497.689208984375,
    672.1199340820312,
    0.899
   ],
   [
    1380.4649658203125,
    724.872314453125,
    0.931
   ],
   [
    1458.4947509765625,
    859.3654174804688,
    -1.0
   ],
   [
    1336.1956787109375,
    929.185546875,
    -1.0
   ],
   [
    1483.671142578125,
    929.7658081054688,
    -1.0
   ],
   [
    1391.196533203125,
    1017.8003540039062,
    -1.0
   ]
  ]
 ],
 "skeleton_percentage": [
  100,
  100
 ],
 "angle": [
  71,
  94
 ]
}