{
 "frame_index": 418,
 "skeletons": [
  [
   [
    1220.5609130859375,
    208.54837036132812,
    0.983
   ],
   [
    1229.919677734375,
    171.1772003173828,
    0.981
   ],
   [
    1186.3292236328125,
    204.4156036376953,
    0.932
   ],
   [
    1280.86474609375,
    178.1298065185547,
    0.936
   ],
   [
    1182.0745849609375,
    253.8940887451172,
    0.55
   ],
   [
    1427.568115234375,
    280.24249267578125,
    0.982
   ],
   [
    1226.078857421875,
    398.42523193359375,
    0.982
   ],
   [
    1588.200439453125,
    380.03631591796875,
    0.882
   ],
   [
    1240.2779541015625,
    569.967529296875,
    0.856
   ],
   [
    1591.37255859375,
    365.9385681152344,
    0.799
   ],
   [
    1261.77197265625,
    572.9833984375,
    0.735
   ],
   [
    1537.7398681640625,
    633.6923828125,
    0.792
   ],
   [
    1401.4605712890625,
    683.611083984375,
    0.792
   ],
   [
    1551.2685546875,
    664.7960815429688,
    -1.0
   ],
   [
    1339.078369140625,
    726.4998779296875,
    -1.0
   ],
   [
    1580.4840087890625,
    696.4669189453125,
    -1.0
   ],
   [
    1337.9600830078125,
    775.56884765625,
    -1.0
   ]
  ]
 ],
 "skeleton_percentage": [
  100
 ],
 "angle": [
  71
 ]
}