{
 "frame_index": 419,
 "skeletons": [
  [
   [
    1218.6507568359375,
    217.73434448242188,
    0.981
   ],
   [
    1227.1885986328125,
    175.719970703125,
    0.969
   ],
   [
    1180.83447265625,
    211.4439239501953,
    0.933
   ],
   [
    1275.6982421875,
    171.21560668945312,
    0.902
   ],
   [
    1171.22021484375,
    257.56951904296875,
    0.621
   ],
   [
    1406.5390625,
    275.85711669921875,
    0.982
   ],
   [
    1226.01220703125,
    414.9584655761719,
    0.988
   ],
   [
    1576.1634521484375,
    350.1580810546875,
    0.871
   ],
   [
    1261.887939453125,
    618.98974609375,
    0.918
   ],
   [
    1607.244140625,
    373.4208068847656,
    0.778
   ],
   [
    1286.152587890625,
    668.3936767578125,
    0.818
   ],
   [
    1486.5057373046875,
    686.9262084960938,
    0.932
   ],
   [
    1367.4361572265625,
    739.4240112304688,
    0.952
   ],
   [
    1434.668212890625,
    891.8223876953125,
    -1.0
   ],
   [
    1293.2822265625,
    962.3530883789062,
    0.515
   ],
   [
    1463.6041259765625,
    980.4200439453125,
    -1.0
   ],
   [
    1330.628173828125,
    1070.7642822265625,
    -1.0
   ]
  ],
  [
   [
    1216.614501953125,
    223.6515655517578,
    0.984
   ],
   [
    1223.52099609375,
    183.30062866210938,
    0.981
   ],
   [
    1185.3834228515625,
    218.70858764648438,
    0.92
   ],
   [
    1273.806884765625,
    177.9829559326172,
    0.935
   ],
   [
    1185.4765625,
    258.1788635253906,
    -1.0
   ],
   [
    1422.4576416015625,
    269.28387451171875,
    0.986
   ],
   [
    1220.859130859375,
    406.8480224609375,
    0.983
   ],
   [
    1581.7373046875,
    369.0704345703125,
    0.92
   ],
   [
    1237.01318359375,
    608.2868041992188,
    0.871
   ],
   [
    1576.0491943359375,
    387.56781005859375,
    0.848
   ],
   [
    1265.528076171875,
    670.4994506835938,
    0.741
   ],
   [
    1531.12548828125,
    646.7142333984375,
    0.861
   ],
   [
    1393.1845703125,
    705.0389404296875,
    0.843
   ],
   [
    1539.669921875,
    750.126708984375,
    -1.0
   ],
   [
    1317.355224609375,
    822.5115966796875,
    -1.0
   ],
   [
    1560.56689453125,
    827.803466796875,
    -1.0
   ],
   [
    1303.916015625,
    909.6243896484375,
    -1.0
   ]
  ]
 ],
 "skeleton_percentage": [
  100,
  100
 ],
 "angle": [
  96,
  71
 ]
}