{
 "frame_index": 420,
 "skeletons": [
  [
   [
    1216.315185546875,
    224.69192504882812,
    0.985
   ],
   [
    1222.6890869140625,
    184.18492126464844,
    0.982
   ],
   [
    1185.3330078125,
    219.3534393310547,
    0.917
   ],
   [
    1272.4405517578125,
    177.43844604492188,
    0.935
   ],
   [
    1185.0472412109375,
    257.306640625,
    -1.0
   ],
   [
    1418.200439453125,
    267.5795593261719,
    0.989
   ],
   [
    1220.938232421875,
    405.3789367675781,
    0.984
   ],
   [
    1576.8123779296875,
    368.7960205078125,
    0.937
   ],
   [
    1237.073486328125,
    611.19921875,
    0.874
   ],
   [
    1576.33642578125,
    383.8514099121094,
    0.877
   ],
   [
    1261.99169921875,
    677.5152587890625,
    0.754
   ],
   [
    1526.607177734375,
    636.2008666992188,
    0.87
   ],
   [
    1391.1243896484375,
    694.7630615234375,
    0.842
   ],
   [
    1533.4488525390625,
    697.8861083984375,
    -1.0
   ],
   [
    1308.185791015625,
    770.4783325195312,
    -1.0
   ],
   [
    1558.2498779296875,
    772.287353515625,
    -1.0
   ],
   [
    1297.208251953125,
    854.3036499023438,
    -1.0
   ]
  ],
  [
   [
    1219.6591796875,
    220.58517456054688,
    0.983
   ],
   [
    1227.824462890625,
    178.27102661132812,
    0.971
   ],
   [
    1182.1365966796875,
    214.3809814453125,
    0.938
   ],
   [
    1276.4757080078125,
    171.28704833984375,
    0.898
   ],
   [
    1172.0166015625,
    258.25482177734375,
    0.61
   ],
   [
    1402.78173828125,
    272.7713928222656,
    0.98
   ],
   [
    1224.6553955078125,
    412.501220703125,
    0.987
   ],
   [
    1563.422119140625,
    349.08221435546875,
    0.868
   ],
   [
    1260.8402099609375,
    616.2291870117188,
    0.914
   ],
   [
    1598.7550048828125,
    374.42578125,
    0.788
   ],
   [
    1279.834716796875,
    666.6423950195312,
    0.825
   ],
   [
    1489.729248046875,
    668.9962768554688,
    0.913
   ],
   [
    1372.6005859375,
    723.3169555664062,
    0.938
   ],
   [
    1445.106201171875,
    838.45751953125,
    -1.0
   ],
   [
    1303.81884765625,
    911.82568359375,
    0.511
   ],
   [
    1483.2464599609375,
    928.9130859375,
    -1.0
   ],
   [
    1358.093505859375,
    1022.7342529296875,
    -1.0
   ]
  ]
 ],
 "skeleton_percentage": [
  100,
  100
 ],
 "angle": [
  71,
  96
 ]
}