{
 "frame_index": 421,
 "skeletons": [
  [
   [
    1206.314697265625,
    217.3583221435547,
    0.981
   ],
   [
    1216.57080078125,
    176.87905883789062,
    0.982
   ],
   [
    1174.6197509765625,
    213.05914306640625,
    0.91
   ],
   [
    1275.023681640625,
    178.1041259765625,
    0.946
   ],
   [
    1179.837158203125,
    257.9837951660156,
    -1.0
   ],
   [
    1426.07275390625,
    279.1363525390625,
    0.983
   ],
   [
    1230.2728271484375,
    401.64617919921875,
    0.975
   ],
   [
    1589.46240234375,
    386.6510009765625,
    0.896
   ],
   [
    1239.1756591796875,
    578.0704345703125,
    0.803
   ],
   [
    1597.69287109375,
    393.00054931640625,
    0.808
   ],
   [
    1240.1810302734375,
    583.6417846679688,
    0.67
   ],
   [
    1527.08447265625,
    645.5028076171875,
    0.77
   ],
   [
    1393.87890625,
    696.1179809570312,
    0.733
   ],
   [
    1547.0401611328125,
    642.5457763671875,
    -1.0
   ],
   [
    1331.294677734375,
    709.35791015625,
    -1.0
   ],
   [
    1580.5869140625,
    683.1437377929688,
    -1.0
   ],
   [
    1325.313232421875,
    769.371337890625,
    -1.0
   ]
  ]
 ],
 "skeleton_percentage": [
  100
 ],
 "angle": [
  71
 ]
}