{
 "frame_index": 422,
 "skeletons": [
  [
   [
    1205.397705078125,
    215.79541015625,
    0.986
   ],
   [
    1214.178466796875,
    175.62611389160156,
    0.976
   ],
   [
    1173.9365234375,
    213.32937622070312,
    0.934
   ],
   [
    1268.6016845703125,
    175.6923065185547,
    0.901
   ],
   [
    1170.3438720703125,
    260.7949523925781,
    0.545
   ],
   [
    1404.186767578125,
    261.97210693359375,
    0.983
   ],
   [
    1218.7843017578125,
    414.6583251953125,
    0.99
   ],
   [
    1578.474609375,
    337.73681640625,
    0.905
   ],
   [
    1236.0528564453125,
    613.231689453125,
    0.938
   ],
   [
    1572.4061279296875,
    391.159423828125,
    0.87
   ],
   [
    1271.2579345703125,
    658.394775390625,
    0.879
   ],
   [
    1528.5054931640625,
    607.3291015625,
    0.874
   ],
   [
    1411.2330322265625,
    667.111572265625,
    0.905
   ],
   [
    1442.522705078125,
    660.8652954101562,
    -1.0
   ],
   [
    1312.4625244140625,
    737.408935546875,
    -1.0
   ],
   [
    1484.0025634765625,
    744.0580444335938,
    -1.0
   ],
   [
    1370.2313232421875,
    817.2593994140625,
    -1.0
   ]
  ]
 ],
 "skeleton_percentage": [
  100
 ],
 "angle": [
  71
 ]
}