{
 "frame_index": 423,
 "skeletons": [
  [
   [
    1204.8668212890625,
    216.1794891357422,
    0.986
   ],
   [
    1213.7371826171875,
    176.05650329589844,
    0.976
   ],
   [
    1173.86376953125,
    213.7474365234375,
    0.934
   ],
   [
    1268.855224609375,
    176.33876037597656,
    0.901
   ],
   [
    1171.0928955078125,
    261.1883239746094,
    0.546
   ],
   [
    1405.5048828125,
    262.87896728515625,
    0.983
   ],
   [
    1218.2939453125,
    415.2340393066406,
    0.991
   ],
   [
    1579.96728515625,
    336.87738037109375,
    0.909
   ],
   [
    1235.7230224609375,
    613.2930908203125,
    0.941
   ],
   [
    1573.034423828125,
    384.4226989746094,
    0.876
   ],
   [
    1271.4234619140625,
    658.1741943359375,
    0.884
   ],
   [
    1528.412841796875,
    608.9632568359375,
    0.871
   ],
   [
    1408.95068359375,
    668.6253662109375,
    0.903
   ],
   [
    1448.8306884765625,
    651.040771484375,
    -1.0
   ],
   [
    1310.88232421875,
    727.2423095703125,
    -1.0
   ],
   [
    1492.46728515625,
    731.8182983398438,
    -1.0
   ],
   [
    1368.322509765625,
    805.2718505859375,
    -1.0
   ]
  ]
 ],
 "skeleton_percentage": [
  100
 ],
 "angle": [
  71
 ]
}