{
 "frame_index": 424,
 "skeletons": [
  [
   [
    1205.6182861328125,
    214.80043029785156,
    0.986
   ],
   [
    1214.111083984375,
    174.79849243164062,
    0.976
   ],
   [
    1174.341064453125,
    212.42005920410156,
    0.939
   ],
   [
    1268.6929931640625,
    175.96522521972656,
    0.899
   ],
   [
    1171.3538818359375,
    260.62982177734375,
    0.572
   ],
   [
    1407.378662109375,
    261.0839538574219,
    0.981
   ],
   [
    1216.3392333984375,
    416.60894775390625,
    0.99
   ],
   [
    1582.8671875,
    333.18682861328125,
    0.892
   ],
   [
    1233.4154052734375,
    611.9539794921875,
    0.938
   ],
   [
    1576.0380859375,
    401.14874267578125,
    0.849
   ],
   [
    1284.33056640625,
    653.1603393554688,
    0.877
   ],
   [
    1541.7330322265625,
    611.4308471679688,
    0.852
   ],
   [
    1417.572265625,
    674.8123779296875,
    0.893
   ],
   [
    1491.383056640625,
    669.1609497070312,
    -1.0
   ],
   [
    1338.21875,
    750.489501953125,
    -1.0
   ],
   [
    1535.7781982421875,
    763.4760131835938,
    -1.0
   ],
   [
    1385.4180908203125,
    837.7586669921875,
    -1.0
   ]
  ]
 ],
 "skeleton_percentage": [
  100
 ],
 "angle": [
  71
 ]
}