{
 "frame_index": 425,
 "skeletons": [
  [
   [
    1211.7818603515625,
    218.58572387695312,
    0.981
   ],
   [
    1219.8731689453125,
    177.80044555664062,
    0.981
   ],
   [
    1177.0849609375,
    214.17384338378906,
    0.919
   ],
   [
    1272.0655517578125,
    177.5980682373047,
    0.941
   ],
   [
    1176.557373046875,
    260.0973205566406,
    -1.0
   ],
   [
    1424.0458984375,
    274.58251953125,
    0.981
   ],
   [
    1231.2740478515625,
    401.89306640625,
    0.975
   ],
   [
    1591.56494140625,
    376.0423278808594,
    0.878
   ],
   [
    1245.0794677734375,
    577.5718994140625,
    0.802
   ],
   [
    1584.8565673828125,
    374.10205078125,
    0.782
   ],
   [
    1241.91015625,
    591.056884765625,
    0.663
   ],
   [
    1535.826416015625,
    636.0045776367188,
    0.784
   ],
   [
    1405.8807373046875,
    688.79345703125,
    0.76
   ],
   [
    1551.9246826171875,
    670.76416015625,
    -1.0
   ],
   [
    1344.59716796875,
    736.8592529296875,
    -1.0
   ],
   [
    1572.631591796875,
    721.465087890625,
    -1.0
   ],
   [
    1328.570556640625,
    805.94189453125,
    -1.0
   ]
  ],
  [
   [
    1214.828125,
    214.68380737304688,
    0.982
   ],
   [
    1222.5472412109375,
    172.56495666503906,
    0.971
   ],
   [
    1175.6300048828125,
    210.50314331054688,
    0.937
   ],
   [
    1271.9248046875,
    169.62940979003906,
    0.897
   ],
   [
    1163.779052734375,
    260.4162902832031,
    0.609
   ],
   [
    1404.91357421875,
    274.8283386230469,
    0.98
   ],
   [
    1219.5030517578125,
    412.9584045410156,
    0.986
   ],
   [
    1572.923583984375,
    345.2497253417969,
    0.867
   ],
   [
    1254.078125,
    608.1046142578125,
    0.905
   ],
   [
    1602.240234375,
    360.6534118652344,
    0.796
   ],
   [
    1284.668212890625,
    672.8682861328125,
    0.821
   ],
   [
    1503.996826171875,
    661.661376953125,
    0.888
   ],
   [
    1383.58251953125,
    716.3536376953125,
    0.916
   ],
   [
    1464.4923095703125,
    812.389892578125,
    -1.0
   ],
   [
    1326.134765625,
    883.510009765625,
    -1.0
   ],
   [
    1505.9930419921875,
    888.6083984375,
    -1.0
   ],
   [
    1390.548583984375,
    985.9820556640625,
    -1.0
   ]
  ]
 ],
 "skeleton_percentage": [
  100,
  100
 ],
 "angle": [
  72,
  94
 ]
}