{
 "frame_index": 426,
 "skeletons": [
  [
   [
    1212.5062255859375,
    219.15943908691406,
    0.98
   ],
   [
    1220.42041015625,
    178.2257080078125,
    0.981
   ],
   [
    1177.619140625,
    214.58230590820312,
    0.919
   ],
   [
    1272.0762939453125,
    177.64132690429688,
    0.939
   ],
   [
    1176.4178466796875,
    260.3172607421875,
    -1.0
   ],
   [
    1425.8350830078125,
    274.89349365234375,
    0.98
   ],
   [
    1231.11865234375,
    402.5218505859375,
    0.975
   ],
   [
    1592.31591796875,
    376.9688415527344,
    0.872
   ],
   [
    1244.1611328125,
    578.5562744140625,
    0.801
   ],
   [
    1578.0377197265625,
    369.5744934082031,
    0.775
   ],
   [
    1236.2822265625,
    591.4908447265625,
    0.661
   ],
   [
    1540.4169921875,
    638.4613037109375,
    0.777
   ],
   [
    1409.1595458984375,
    691.070556640625,
    0.757
   ],
   [
    1553.25244140625,
    677.3549194335938,
    -1.0
   ],
   [
    1344.26611328125,
    742.254638671875,
    -1.0
   ],
   [
    1573.36376953125,
    726.3593139648438,
    -1.0
   ],
   [
    1329.013427734375,
    809.433837890625,
    -1.0
   ]
  ]
 ],
 "skeleton_percentage": [
  100
 ],
 "angle": [
  71
 ]
}