{
 "frame_index": 427,
 "skeletons": [
  [
   [
    1214.6016845703125,
    212.3524169921875,
    0.984
   ],
   [
    1222.40478515625,
    169.55242919921875,
    0.974
   ],
   [
    1175.4822998046875,
    208.0341339111328,
    0.938
   ],
   [
    1272.119384765625,
    165.16970825195312,
    0.914
   ],
   [
    1166.028564453125,
    257.6888427734375,
    0.617
   ],
   [
    1406.9505615234375,
    271.5469055175781,
    0.985
   ],
   [
    1221.439453125,
    412.8870849609375,
    0.988
   ],
   [
    1576.77490234375,
    347.4466552734375,
    0.892
   ],
   [
    1260.66650390625,
    612.8419799804688,
    0.917
   ],
   [
    1607.0335693359375,
    368.3648986816406,
    0.82
   ],
   [
    1291.0716552734375,
    664.3892211914062,
    0.832
   ],
   [
    1491.8358154296875,
    679.241943359375,
    0.927
   ],
   [
    1371.60888671875,
    733.8378295898438,
    0.944
   ],
   [
    1444.814208984375,
    877.6790771484375,
    -1.0
   ],
   [
    1312.4779052734375,
    951.3744506835938,
    -1.0
   ],
   [
    1472.599853515625,
    960.6637573242188,
    -1.0
   ],
   [
    1363.984375,
    1059.838134765625,
    -1.0
   ]
  ],
  [
   [
    1209.3583984375,
    216.551513671875,
    0.984
   ],
   [
    1216.5283203125,
    175.81582641601562,
    0.982
   ],
   [
    1178.000732421875,
    214.15589904785156,
    0.916
   ],
   [
    1269.9415283203125,
    174.2628173828125,
    0.94
   ],
   [
    1181.4453125,
    260.0606994628906,
    -1.0
   ],
   [
    1424.150634765625,
    263.99676513671875,
    0.986
   ],
   [
    1222.19384765625,
    408.67291259765625,
    0.981
   ],
   [
    1585.563232421875,
    367.2894287109375,
    0.921
   ],
   [
    1241.3345947265625,
    613.6917114257812,
    0.849
   ],
   [
    1576.0711669921875,
    383.7291259765625,
    0.843
   ],
   [
    1266.3358154296875,
    663.6429443359375,
    0.709
   ],
   [
    1538.454345703125,
    643.3731689453125,
    0.819
   ],
   [
    1399.792724609375,
    704.3215942382812,
    0.786
   ],
   [
    1550.639404296875,
    725.6503295898438,
    -1.0
   ],
   [
    1322.3817138671875,
    802.83837890625,
    -1.0
   ],
   [
    1571.0687255859375,
    802.3910522460938,
    -1.0
   ],
   [
    1304.5040283203125,
    889.7406005859375,
    -1.0
   ]
  ]
 ],
 "skeleton_percentage": [
  100,
  100
 ],
 "angle": [
  96,
  71
 ]
}