{
 "frame_index": 428,
 "skeletons": [
  [
   [
    1211.776123046875,
    208.99566650390625,
    0.975
   ],
   [
    1222.483642578125,
    168.32620239257812,
    0.965
   ],
   [
    1177.654541015625,
    202.10110473632812,
    0.899
   ],
   [
    1273.32373046875,
    166.41549682617188,
    0.919
   ],
   [
    1171.6845703125,
    245.8751220703125,
    0.549
   ],
   [
    1402.81884765625,
    267.5948486328125,
    0.983
   ],
   [
    1227.010498046875,
    405.64471435546875,
    0.983
   ],
   [
    1570.9566650390625,
    339.304931640625,
    0.877
   ],
   [
    1264.3126220703125,
    615.3378295898438,
    0.867
   ],
   [
    1591.367431640625,
    378.637939453125,
    0.77
   ],
   [
    1306.8006591796875,
    649.9683837890625,
    0.744
   ],
   [
    1506.67578125,
    652.4646606445312,
    0.914
   ],
   [
    1395.75634765625,
    703.2526245117188,
    0.925
   ],
   [
    1415.365966796875,
    867.8426513671875,
    -1.0
   ],
   [
    1314.604248046875,
    935.083740234375,
    -1.0
   ],
   [
    1459.462890625,
    962.1690673828125,
    -1.0
   ],
   [
    1385.3076171875,
    1036.982177734375,
    -1.0
   ]
  ],
  [
   [
    1206.838134765625,
    209.4862518310547,
    0.986
   ],
   [
    1216.687255859375,
    170.44674682617188,
    0.98
   ],
   [
    1176.1898193359375,
    206.3529510498047,
    0.931
   ],
   [
    1272.3033447265625,
    171.3497314453125,
    0.922
   ],
   [
    1178.732666015625,
    251.8045654296875,
    -1.0
   ],
   [
    1416.81640625,
    260.42279052734375,
    0.979
   ],
   [
    1227.8782958984375,
    404.86395263671875,
    0.984
   ],
   [
    1589.0166015625,
    352.47882080078125,
    0.875
   ],
   [
    1252.771240234375,
    605.6432495117188,
    0.883
   ],
   [
    1569.650146484375,
    381.783935546875,
    0.816
   ],
   [
    1283.1103515625,
    636.8470458984375,
    0.783
   ],
   [
    1526.13134765625,
    645.247314453125,
    0.859
   ],
   [
    1407.177734375,
    702.39013671875,
    0.876
   ],
   [
    1472.1754150390625,
    802.6246948242188,
    -1.0
   ],
   [
    1347.8438720703125,
    874.1215209960938,
    -1.0
   ],
   [
    1470.71826171875,
    909.8306884765625,
    -1.0
   ],
   [
    1359.1453857421875,
    979.3580932617188,
    -1.0
   ]
  ]
 ],
 "skeleton_percentage": [
  100,
  100
 ],
 "angle": [
  96,
  70
 ]
}