{
 "frame_index": 429,
 "skeletons": [
  [
   [
    1211.9677734375,
    209.54296875,
    0.974
   ],
   [
    1222.699462890625,
    168.52505493164062,
    0.966
   ],
   [
    1177.564208984375,
    202.4505615234375,
    0.897
   ],
   [
    1273.8922119140625,
    166.19618225097656,
    0.921
   ],
   [
    1171.719970703125,
    246.05287170410156,
    0.535
   ],
   [
    1403.2205810546875,
    268.3936767578125,
    0.983
   ],
   [
    1229.740234375,
    405.90753173828125,
    0.982
   ],
   [
    1570.390869140625,
    344.2278137207031,
    0.873
   ],
   [
    1265.2666015625,
    617.4000854492188,
    0.857
   ],
   [
    1591.2703857421875,
    388.48974609375,
    0.759
   ],
   [
    1303.701904296875,
    654.767333984375,
    0.726
   ],
   [
    1504.04833984375,
    657.0032958984375,
    0.912
   ],
   [
    1395.0362548828125,
    706.684814453125,
    0.922
   ],
   [
    1400.988525390625,
    871.3375854492188,
    -1.0
   ],
   [
    1303.8067626953125,
    937.7994384765625,
    -1.0
   ],
   [
    1439.8631591796875,
    963.7393798828125,
    -1.0
   ],
   [
    1368.15478515625,
    1038.306396484375,
    -1.0
   ]
  ],
  [
   [
    1206.80126953125,
    209.9073028564453,
    0.985
   ],
   [
    1216.5758056640625,
    170.74554443359375,
    0.98
   ],
   [
    1176.3135986328125,
    206.64505004882812,
    0.926
   ],
   [
    1272.1142578125,
    171.1759033203125,
    0.922
   ],
   [
    1179.15625,
    251.6169891357422,
    -1.0
   ],
   [
    1416.6015625,
    260.2735595703125,
    0.979
   ],
   [
    1229.2723388671875,
    405.3754577636719,
    0.983
   ],
   [
    1589.596435546875,
    352.62579345703125,
    0.877
   ],
   [
    1253.78515625,
    606.5802612304688,
    0.877
   ],
   [
    1568.351806640625,
    386.21917724609375,
    0.816
   ],
   [
    1281.3209228515625,
    637.20361328125,
    0.773
   ],
   [
    1525.0496826171875,
    648.8970336914062,
    0.855
   ],
   [
    1407.471435546875,
    705.8790283203125,
    0.869
   ],
   [
    1465.7733154296875,
    804.3532104492188,
    -1.0
   ],
   [
    1345.299560546875,
    875.9044189453125,
    -1.0
   ],
   [
    1463.987548828125,
    908.6890869140625,
    -1.0
   ],
   [
    1357.1405029296875,
    977.26220703125,
    -1.0
   ]
  ]
 ],
 "skeleton_percentage": [
  100,
  100
 ],
 "angle": [
  96,
  70
 ]
}