{
 "frame_index": 430,
 "skeletons": [
  [
   [
    1217.556640625,
    213.26527404785156,
    0.968
   ],
   [
    1225.65087890625,
    172.25912475585938,
    0.954
   ],
   [
    1183.867431640625,
    205.6743621826172,
    0.879
   ],
   [
    1271.71142578125,
    167.55084228515625,
    0.907
   ],
   [
    1177.3541259765625,
    246.66036987304688,
    0.566
   ],
   [
    1409.32958984375,
    264.13385009765625,
    0.983
   ],
   [
    1227.076416015625,
    406.63720703125,
    0.982
   ],
   [
    1578.58251953125,
    335.6571044921875,
    0.879
   ],
   [
    1263.9322509765625,
    612.318115234375,
    0.863
   ],
   [
    1573.187255859375,
    395.2797546386719,
    0.761
   ],
   [
    1320.4366455078125,
    629.3858032226562,
    0.738
   ],
   [
    1519.9317626953125,
    663.6883544921875,
    0.907
   ],
   [
    1402.2939453125,
    717.66015625,
    0.916
   ],
   [
    1449.26416015625,
    860.7193603515625,
    -1.0
   ],
   [
    1329.4005126953125,
    933.0926513671875,
    -1.0
   ],
   [
    1478.2181396484375,
    967.9208984375,
    -1.0
   ],
   [
    1381.287109375,
    1039.7567138671875,
    -1.0
   ]
  ],
  [
   [
    1213.1463623046875,
    214.79916381835938,
    0.985
   ],
   [
    1220.6763916015625,
    175.15240478515625,
    0.978
   ],
   [
    1182.2337646484375,
    211.37933349609375,
    0.931
   ],
   [
    1273.1259765625,
    171.64028930664062,
    0.917
   ],
   [
    1183.5743408203125,
    254.0083465576172,
    0.522
   ],
   [
    1418.063232421875,
    255.63558959960938,
    0.978
   ],
   [
    1228.7054443359375,
    404.7420959472656,
    0.987
   ],
   [
    1589.4942626953125,
    347.57293701171875,
    0.87
   ],
   [
    1243.5333251953125,
    602.1520385742188,
    0.908
   ],
   [
    1555.366455078125,
    408.99359130859375,
    0.81
   ],
   [
    1294.1815185546875,
    626.3439331054688,
    0.82
   ],
   [
    1533.38427734375,
    642.9512939453125,
    0.859
   ],
   [
    1410.7060546875,
    702.96484375,
    0.888
   ],
   [
    1492.933837890625,
    801.3680419921875,
    -1.0
   ],
   [
    1347.25,
    877.3192138671875,
    -1.0
   ],
   [
    1503.773681640625,
    914.617919921875,
    -1.0
   ],
   [
    1349.4859619140625,
    983.1290283203125,
    -1.0
   ]
  ]
 ],
 "skeleton_percentage": [
  100,
  100
 ],
 "angle": [
  96,
  70
 ]
}