{
 "frame_index": 431,
 "skeletons": [
  [
   [
    1215.641845703125,
    217.24172973632812,
    0.978
   ],
   [
    1223.175048828125,
    175.4084930419922,
    0.979
   ],
   [
    1184.4033203125,
    214.05523681640625,
    0.896
   ],
   [
    1279.0303955078125,
    171.19766235351562,
    0.949
   ],
   [
    1191.3709716796875,
    257.04095458984375,
    -1.0
   ],
   [
    1432.43359375,
    260.3736572265625,
    0.986
   ],
   [
    1238.310302734375,
    403.2051086425781,
    0.977
   ],
   [
    1605.5482177734375,
    356.2665710449219,
    0.915
   ],
   [
    1251.55419921875,
    588.92236328125,
    0.811
   ],
   [
    1601.0350341796875,
    377.32470703125,
    0.835
   ],
   [
    1298.4754638671875,
    579.450927734375,
    0.682
   ],
   [
    1540.418701171875,
    640.03515625,
    0.788
   ],
   [
    1407.9635009765625,
    700.0205078125,
    0.738
   ],
   [
    1555.767822265625,
    648.8653564453125,
    -1.0
   ],
   [
    1346.041015625,
    728.5379638671875,
    -1.0
   ],
   [
    1584.75341796875,
    690.471923828125,
    -1.0
   ],
   [
    1331.1326904296875,
    779.777587890625,
    -1.0
   ]
  ],
  [
   [
    1216.6533203125,
    215.0228271484375,
    0.973
   ],
   [
    1224.46044921875,
    172.36920166015625,
    0.963
   ],
   [
    1181.955810546875,
    210.6915283203125,
    0.901
   ],
   [
    1277.4521484375,
    163.84124755859375,
    0.899
   ],
   [
    1178.771240234375,
    253.60360717773438,
    0.523
   ],
   [
    1411.61181640625,
    257.23175048828125,
    0.978
   ],
   [
    1228.85205078125,
    414.43988037109375,
    0.98
   ],
   [
    1582.9888916015625,
    327.9216003417969,
    0.862
   ],
   [
    1277.342529296875,
    623.5333862304688,
    0.858
   ],
   [
    1610.628662109375,
    373.4549560546875,
    0.766
   ],
   [
    1325.762451171875,
    640.3051147460938,
    0.75
   ],
   [
    1521.2540283203125,
    654.6005249023438,
    0.864
   ],
   [
    1404.7421875,
    719.6505126953125,
    0.881
   ],
   [
    1502.1788330078125,
    766.5851440429688,
    -1.0
   ],
   [
    1385.96484375,
    855.423095703125,
    -1.0
   ],
   [
    1539.869384765625,
    834.8125,
    -1.0
   ],
   [
    1470.2874755859375,
    931.3475341796875,
    -1.0
   ]
  ]
 ],
 "skeleton_percentage": [
  100,
  100
 ],
 "angle": [
  71,
  92
 ]
}