{
 "frame_index": 432,
 "skeletons": [
  [
   [
    1215.23681640625,
    222.61326599121094,
    0.979
   ],
   [
    1224.02587890625,
    180.7993927001953,
    0.983
   ],
   [
    1185.3133544921875,
    218.31605529785156,
    0.897
   ],
   [
    1283.3348388671875,
    173.92132568359375,
    0.947
   ],
   [
    1190.0548095703125,
    256.9822998046875,
    -1.0
   ],
   [
    1439.4466552734375,
    259.1979675292969,
    0.98
   ],
   [
    1236.564453125,
    414.1341247558594,
    0.961
   ],
   [
    1610.1771240234375,
    352.80059814453125,
    0.886
   ],
   [
    1248.335205078125,
    610.659912109375,
    0.694
   ],
   [
    1599.57177734375,
    398.17401123046875,
    0.79
   ],
   [
    1287.8663330078125,
    597.3599243164062,
    0.56
   ],
   [
    1564.6285400390625,
    625.4075317382812,
    0.679
   ],
   [
    1428.7388916015625,
    688.9403076171875,
    0.591
   ],
   [
    1533.6683349609375,
    638.0445556640625,
    -1.0
   ],
   [
    1336.20654296875,
    722.7366333007812,
    -1.0
   ],
   [
    1556.9169921875,
    673.1996459960938,
    -1.0
   ],
   [
    1334.860595703125,
    753.1972045898438,
    -1.0
   ]
  ]
 ],
 "skeleton_percentage": [
  100
 ],
 "angle": [
  70
 ]
}