{
 "frame_index": 433,
 "skeletons": [
  [
   [
    1212.7530517578125,
    223.7533721923828,
    0.985
   ],
   [
    1221.8411865234375,
    184.0854034423828,
    0.984
   ],
   [
    1185.049560546875,
    219.92770385742188,
    0.921
   ],
   [
    1279.95703125,
    176.3358154296875,
    0.939
   ],
   [
    1192.1861572265625,
    255.3596649169922,
    -1.0
   ],
   [
    1425.4482421875,
    256.6983337402344,
    0.984
   ],
   [
    1232.312255859375,
    409.73089599609375,
    0.978
   ],
   [
    1598.736572265625,
    343.7538757324219,
    0.908
   ],
   [
    1255.7078857421875,
    613.2447509765625,
    0.817
   ],
   [
    1597.21435546875,
    405.1943664550781,
    0.835
   ],
   [
    1300.536376953125,
    653.22705078125,
    0.684
   ],
   [
    1536.6904296875,
    642.8304443359375,
    0.832
   ],
   [
    1410.22021484375,
    706.1029052734375,
    0.798
   ],
   [
    1508.8131103515625,
    763.68212890625,
    -1.0
   ],
   [
    1346.2744140625,
    845.5955200195312,
    -1.0
   ],
   [
    1531.7647705078125,
    847.30810546875,
    -1.0
   ],
   [
    1357.187744140625,
    921.2686157226562,
    -1.0
   ]
  ],
  [
   [
    1211.720458984375,
    224.09774780273438,
    0.982
   ],
   [
    1223.123046875,
    185.72494506835938,
    0.977
   ],
   [
    1183.70751953125,
    216.61026000976562,
    0.921
   ],
   [
    1279.8607177734375,
    179.1710205078125,
    0.917
   ],
   [
    1187.0804443359375,
    250.9840850830078,
    -1.0
   ],
   [
    1413.664794921875,
    259.7168884277344,
    0.974
   ],
   [
    1234.57470703125,
    413.53057861328125,
    0.978
   ],
   [
    1587.305908203125,
    326.5912170410156,
    0.837
   ],
   [
    1273.2249755859375,
    624.4097900390625,
    0.842
   ],
   [
    1591.2674560546875,
    392.07550048828125,
    0.751
   ],
   [
    1328.7691650390625,
    656.0447998046875,
    0.713
   ],
   [
    1513.474853515625,
    660.0928344726562,
    0.887
   ],
   [
    1401.6552734375,
    718.3912353515625,
    0.904
   ],
   [
    1419.2005615234375,
    883.4741821289062,
    -1.0
   ],
   [
    1332.9384765625,
    959.0665283203125,
    -1.0
   ],
   [
    1418.4136962890625,
    993.56689453125,
    -1.0
   ],
   [
    1369.02880859375,
    1052.266845703125,
    -1.0
   ]
  ]
 ],
 "skeleton_percentage": [
  100,
  100
 ],
 "angle": [
  71,
  88
 ]
}