{
 "frame_index": 434,
 "skeletons": [
  [
   [
    1217.12255859375,
    220.6859893798828,
    0.979
   ],
   [
    1225.4351806640625,
    180.29251098632812,
    0.98
   ],
   [
    1187.2349853515625,
    217.52340698242188,
    0.888
   ],
   [
    1279.675537109375,
    175.2520294189453,
    0.937
   ],
   [
    1192.5205078125,
    257.8658752441406,
    -1.0
   ],
   [
    1422.1378173828125,
    258.0690002441406,
    0.982
   ],
   [
    1248.138671875,
    413.9865417480469,
    0.965
   ],
   [
    1599.591064453125,
    346.91522216796875,
    0.895
   ],
   [
    1277.2479248046875,
    616.161865234375,
    0.709
   ],
   [
    1578.864013671875,
    404.2646484375,
    0.797
   ],
   [
    1292.7886962890625,
    639.1188354492188,
    0.555
   ],
   [
    1538.440185546875,
    646.1651611328125,
    0.769
   ],
   [
    1428.951904296875,
    708.5770263671875,
    0.693
   ],
   [
    1485.5999755859375,
    724.6676025390625,
    -1.0
   ],
   [
    1359.8814697265625,
    804.6673583984375,
    -1.0
   ],
   [
    1496.76513671875,
    794.1507568359375,
    -1.0
   ],
   [
    1371.400146484375,
    864.49169921875,
    -1.0
   ]
  ],
  [
   [
    1217.923095703125,
    221.05841064453125,
    0.975
   ],
   [
    1228.89990234375,
    181.28260803222656,
    0.973
   ],
   [
    1187.097900390625,
    214.2282257080078,
    0.883
   ],
   [
    1283.16259765625,
    177.60052490234375,
    0.911
   ],
   [
    1187.670654296875,
    254.61090087890625,
    -1.0
   ],
   [
    1411.516357421875,
    263.3115234375,
    0.97
   ],
   [
    1253.886474609375,
    419.6000061035156,
    0.956
   ],
   [
    1587.640625,
    332.2491455078125,
    0.82
   ],
   [
    1297.7154541015625,
    629.0810546875,
    0.703
   ],
   [
    1579.4609375,
    395.10040283203125,
    0.696
   ],
   [
    1317.2625732421875,
    657.1348876953125,
    0.543
   ],
   [
    1508.976806640625,
    671.92138671875,
    0.849
   ],
   [
    1415.7164306640625,
    728.2369384765625,
    0.838
   ],
   [
    1380.6549072265625,
    867.95947265625,
    -1.0
   ],
   [
    1337.138671875,
    940.76220703125,
    -1.0
   ],
   [
    1364.729736328125,
    963.71533203125,
    -1.0
   ],
   [
    1366.448974609375,
    1021.7962646484375,
    -1.0
   ]
  ]
 ],
 "skeleton_percentage": [
  100,
  100
 ],
 "angle": [
  70,
  87
 ]
}