{
 "frame_index": 435,
 "skeletons": [
  [
   [
    1217.887939453125,
    220.53749084472656,
    0.981
   ],
   [
    1226.8790283203125,
    180.5008544921875,
    0.978
   ],
   [
    1187.550048828125,
    216.42874145507812,
    0.899
   ],
   [
    1280.9779052734375,
    173.9300994873047,
    0.918
   ],
   [
    1191.43017578125,
    254.40843200683594,
    -1.0
   ],
   [
    1412.9991455078125,
    257.504638671875,
    0.975
   ],
   [
    1258.8623046875,
    408.27032470703125,
    0.97
   ],
   [
    1593.1474609375,
    343.715087890625,
    0.861
   ],
   [
    1292.650390625,
    609.6104736328125,
    0.777
   ],
   [
    1560.6397705078125,
    395.9484558105469,
    0.784
   ],
   [
    1292.790283203125,
    627.3583984375,
    0.653
   ],
   [
    1521.4361572265625,
    654.6500854492188,
    0.781
   ],
   [
    1430.4681396484375,
    710.9979248046875,
    0.768
   ],
   [
    1418.281982421875,
    787.1556396484375,
    -1.0
   ],
   [
    1356.7955322265625,
    857.9954223632812,
    -1.0
   ],
   [
    1419.478515625,
    859.6219482421875,
    -1.0
   ],
   [
    1382.553955078125,
    918.4986572265625,
    -1.0
   ]
  ],
  [
   [
    1217.8148193359375,
    221.73097229003906,
    0.974
   ],
   [
    1229.0023193359375,
    181.92942810058594,
    0.974
   ],
   [
    1187.03955078125,
    214.60606384277344,
    0.875
   ],
   [
    1283.50341796875,
    177.73590087890625,
    0.915
   ],
   [
    1188.16015625,
    254.07516479492188,
    -1.0
   ],
   [
    1409.455322265625,
    264.56884765625,
    0.972
   ],
   [
    1257.8148193359375,
    418.1978759765625,
    0.952
   ],
   [
    1586.9404296875,
    334.53076171875,
    0.831
   ],
   [
    1301.624755859375,
    626.80859375,
    0.679
   ],
   [
    1577.6817626953125,
    393.726806640625,
    0.71
   ],
   [
    1315.2242431640625,
    655.2447509765625,
    0.524
   ],
   [
    1503.463623046875,
    676.64013671875,
    0.857
   ],
   [
    1415.2772216796875,
    731.3228149414062,
    0.836
   ],
   [
    1370.817138671875,
    875.1201782226562,
    -1.0
   ],
   [
    1340.751953125,
    945.255615234375,
    -1.0
   ],
   [
    1355.07177734375,
    966.4862060546875,
    -1.0
   ],
   [
    1371.2774658203125,
    1022.7793579101562,
    -1.0
   ]
  ]
 ],
 "skeleton_percentage": [
  100,
  100
 ],
 "angle": [
  70,
  87
 ]
}