{
 "frame_index": 436,
 "skeletons": [
  [
   [
    1222.990478515625,
    222.74276733398438,
    0.977
   ],
   [
    1231.746337890625,
    184.70367431640625,
    0.968
   ],
   [
    1193.314697265625,
    218.29151916503906,
    0.917
   ],
   [
    1280.730224609375,
    180.924560546875,
    0.879
   ],
   [
    1188.4580078125,
    260.0237731933594,
    -1.0
   ],
   [
    1406.176513671875,
    259.16064453125,
    0.968
   ],
   [
    1235.240234375,
    427.1168518066406,
    0.978
   ],
   [
    1581.89013671875,
    311.6270751953125,
    0.812
   ],
   [
    1285.832763671875,
    625.2632446289062,
    0.844
   ],
   [
    1566.819580078125,
    387.1170959472656,
    0.73
   ],
   [
    1308.498291015625,
    648.418212890625,
    0.721
   ],
   [
    1522.111083984375,
    624.7589111328125,
    0.79
   ],
   [
    1417.838623046875,
    688.9288330078125,
    0.829
   ],
   [
    1422.001220703125,
    706.3250732421875,
    -1.0
   ],
   [
    1343.250732421875,
    788.15771484375,
    -1.0
   ],
   [
    1436.37744140625,
    768.3662109375,
    -1.0
   ],
   [
    1421.32373046875,
    826.7902221679688,
    -1.0
   ]
  ]
 ],
 "skeleton_percentage": [
  100
 ],
 "angle": [
  76
 ]
}