{
 "frame_index": 437,
 "skeletons": [
  [
   [
    1219.6337890625,
    232.49537658691406,
    0.98
   ],
   [
    1228.3699951171875,
    191.36695861816406,
    0.982
   ],
   [
    1189.2601318359375,
    228.49002075195312,
    0.902
   ],
   [
    1286.0518798828125,
    183.38723754882812,
    0.947
   ],
   [
    1195.78369140625,
    265.829345703125,
    -1.0
   ],
   [
    1433.0404052734375,
    266.36932373046875,
    0.983
   ],
   [
    1243.135498046875,
    413.9173278808594,
    0.969
   ],
   [
    1603.829833984375,
    351.34967041015625,
    0.906
   ],
   [
    1254.99853515625,
    599.1029052734375,
    0.755
   ],
   [
    1599.63134765625,
    378.0087890625,
    0.833
   ],
   [
    1281.3184814453125,
    590.7818603515625,
    0.637
   ],
   [
    1535.2769775390625,
    637.5537719726562,
    0.781
   ],
   [
    1410.508056640625,
    698.518310546875,
    0.714
   ],
   [
    1525.96337890625,
    677.89697265625,
    -1.0
   ],
   [
    1355.768798828125,
    759.129150390625,
    -1.0
   ],
   [
    1538.051513671875,
    719.9395141601562,
    -1.0
   ],
   [
    1347.7525634765625,
    803.9478149414062,
    -1.0
   ]
  ],
  [
   [
    1222.75537109375,
    232.56158447265625,
    0.97
   ],
   [
    1231.245361328125,
    191.27899169921875,
    0.963
   ],
   [
    1189.197509765625,
    225.8221893310547,
    0.871
   ],
   [
    1282.32470703125,
    180.79116821289062,
    0.919
   ],
   [
    1189.0670166015625,
    263.432861328125,
    -1.0
   ],
   [
    1411.180908203125,
    272.03533935546875,
    0.983
   ],
   [
    1251.9814453125,
    417.78802490234375,
    0.975
   ],
   [
    1579.5948486328125,
    332.4774169921875,
    0.883
   ],
   [
    1295.86376953125,
    620.31005859375,
    0.81
   ],
   [
    1609.305419921875,
    366.73150634765625,
    0.76
   ],
   [
    1316.1751708984375,
    656.5159912109375,
    0.658
   ],
   [
    1495.8267822265625,
    686.1851806640625,
    0.914
   ],
   [
    1395.91015625,
    740.911865234375,
    0.91
   ],
   [
    1428.02294921875,
    892.3175048828125,
    -1.0
   ],
   [
    1347.134765625,
    966.9966430664062,
    -1.0
   ],
   [
    1443.464111328125,
    968.5405883789062,
    -1.0
   ],
   [
    1397.18212890625,
    1053.6055908203125,
    -1.0
   ]
  ]
 ],
 "skeleton_percentage": [
  100,
  100
 ],
 "angle": [
  71,
  96
 ]
}