{
 "frame_index": 438,
 "skeletons": [
  [
   [
    1219.461669921875,
    231.22100830078125,
    0.98
   ],
   [
    1228.169921875,
    190.4340362548828,
    0.982
   ],
   [
    1189.011962890625,
    227.55111694335938,
    0.904
   ],
   [
    1285.46826171875,
    183.62228393554688,
    0.947
   ],
   [
    1195.1890869140625,
    266.13897705078125,
    -1.0
   ],
   [
    1432.977294921875,
    266.5495910644531,
    0.984
   ],
   [
    1242.290283203125,
    413.7854919433594,
    0.97
   ],
   [
    1603.0498046875,
    351.9288024902344,
    0.907
   ],
   [
    1254.262451171875,
    598.3112182617188,
    0.763
   ],
   [
    1598.4775390625,
    378.91253662109375,
    0.834
   ],
   [
    1279.1800537109375,
    590.322265625,
    0.644
   ],
   [
    1536.029541015625,
    633.881103515625,
    0.782
   ],
   [
    1410.3826904296875,
    694.7275390625,
    0.718
   ],
   [
    1528.317138671875,
    672.1792602539062,
    -1.0
   ],
   [
    1354.1461181640625,
    753.2565307617188,
    -1.0
   ],
   [
    1540.1875,
    713.599853515625,
    -1.0
   ],
   [
    1344.8358154296875,
    797.6328735351562,
    -1.0
   ]
  ],
  [
   [
    1222.831298828125,
    230.8714141845703,
    0.971
   ],
   [
    1231.142822265625,
    189.3319091796875,
    0.963
   ],
   [
    1188.861572265625,
    224.6363067626953,
    0.877
   ],
   [
    1282.5054931640625,
    179.32308959960938,
    0.916
   ],
   [
    1188.27001953125,
    263.65789794921875,
    -1.0
   ],
   [
    1411.92919921875,
    271.5246276855469,
    0.982
   ],
   [
    1250.760009765625,
    419.2354431152344,
    0.975
   ],
   [
    1578.791015625,
    331.6573181152344,
    0.876
   ],
   [
    1294.8402099609375,
    620.904296875,
    0.814
   ],
   [
    1605.6470947265625,
    366.87225341796875,
    0.755
   ],
   [
    1315.177978515625,
    655.9308471679688,
    0.667
   ],
   [
    1497.7525634765625,
    685.2056884765625,
    0.906
   ],
   [
    1396.536376953125,
    740.9254760742188,
    0.904
   ],
   [
    1432.2288818359375,
    880.916259765625,
    -1.0
   ],
   [
    1348.874755859375,
    957.1534423828125,
    -1.0
   ],
   [
    1446.0914306640625,
    955.882568359375,
    -1.0
   ],
   [
    1399.8154296875,
    1042.8450927734375,
    -1.0
   ]
  ]
 ],
 "skeleton_percentage": [
  100,
  100
 ],
 "angle": [
  71,
  96
 ]
}