{
 "frame_index": 439,
 "skeletons": [
  [
   [
    1218.845703125,
    234.47117614746094,
    0.977
   ],
   [
    1225.5653076171875,
    192.06442260742188,
    0.979
   ],
   [
    1185.3714599609375,
    229.50424194335938,
    0.896
   ],
   [
    1278.751220703125,
    182.71009826660156,
    0.936
   ],
   [
    1185.324951171875,
    267.2281799316406,
    -1.0
   ],
   [
    1427.5174560546875,
    269.868896484375,
    0.981
   ],
   [
    1238.4071044921875,
    419.0900573730469,
    0.967
   ],
   [
    1607.76220703125,
    353.2513732910156,
    0.896
   ],
   [
    1258.001953125,
    598.1903076171875,
    0.742
   ],
   [
    1601.297119140625,
    385.241943359375,
    0.817
   ],
   [
    1287.644775390625,
    572.2909545898438,
    0.634
   ],
   [
    1548.81298828125,
    642.8475341796875,
    0.745
   ],
   [
    1424.3251953125,
    705.89111328125,
    0.676
   ],
   [
    1546.121337890625,
    655.6351318359375,
    -1.0
   ],
   [
    1375.9683837890625,
    738.8036499023438,
    -1.0
   ],
   [
    1564.7138671875,
    684.8289184570312,
    -1.0
   ],
   [
    1376.0263671875,
    768.6822509765625,
    -1.0
   ]
  ],
  [
   [
    1222.81884765625,
    230.8260498046875,
    0.963
   ],
   [
    1229.5523681640625,
    187.51773071289062,
    0.953
   ],
   [
    1186.4195556640625,
    224.01759338378906,
    0.856
   ],
   [
    1276.4881591796875,
    179.25851440429688,
    0.895
   ],
   [
    1180.806884765625,
    266.686279296875,
    -1.0
   ],
   [
    1405.56103515625,
    275.6126708984375,
    0.977
   ],
   [
    1252.750244140625,
    430.1785888671875,
    0.969
   ],
   [
    1592.03857421875,
    331.4273986816406,
    0.843
   ],
   [
    1305.1123046875,
    623.6414794921875,
    0.774
   ],
   [
    1612.5919189453125,
    369.0279541015625,
    0.699
   ],
   [
    1325.9366455078125,
    623.10498046875,
    0.62
   ],
   [
    1509.5858154296875,
    708.8098754882812,
    0.867
   ],
   [
    1415.0364990234375,
    767.8695068359375,
    0.866
   ],
   [
    1439.8123779296875,
    843.4671630859375,
    -1.0
   ],
   [
    1369.39501953125,
    923.408203125,
    -1.0
   ],
   [
    1466.1793212890625,
    919.6414794921875,
    -1.0
   ],
   [
    1432.2191162109375,
    1003.5872802734375,
    -1.0
   ]
  ]
 ],
 "skeleton_percentage": [
  100,
  100
 ],
 "angle": [
  72,
  96
 ]
}