{
 "frame_index": 440,
 "skeletons": [
  [
   [
    1220.23876953125,
    217.5731201171875,
    0.973
   ],
   [
    1227.058837890625,
    176.16180419921875,
    0.962
   ],
   [
    1182.3360595703125,
    211.66648864746094,
    0.89
   ],
   [
    1270.7733154296875,
    173.96481323242188,
    0.892
   ],
   [
    1172.08251953125,
    260.28533935546875,
    -1.0
   ],
   [
    1391.175537109375,
    274.4955139160156,
    0.981
   ],
   [
    1254.1168212890625,
    421.9012756347656,
    0.974
   ],
   [
    1587.059814453125,
    336.73492431640625,
    0.875
   ],
   [
    1308.7872314453125,
    607.91650390625,
    0.823
   ],
   [
    1596.4237060546875,
    372.39276123046875,
    0.771
   ],
   [
    1314.14794921875,
    598.529541015625,
    0.707
   ],
   [
    1490.49755859375,
    695.776123046875,
    0.921
   ],
   [
    1406.4410400390625,
    750.2503051757812,
    0.921
   ],
   [
    1419.9541015625,
    886.1090698242188,
    -1.0
   ],
   [
    1367.927001953125,
    957.147216796875,
    -1.0
   ],
   [
    1450.541259765625,
    967.982177734375,
    -1.0
   ],
   [
    1413.2867431640625,
    1041.521728515625,
    -1.0
   ]
  ],
  [
   [
    1212.1871337890625,
    223.77342224121094,
    0.983
   ],
   [
    1220.2637939453125,
    184.32476806640625,
    0.981
   ],
   [
    1180.79052734375,
    219.39427185058594,
    0.913
   ],
   [
    1271.1192626953125,
    181.10107421875,
    0.915
   ],
   [
    1180.004638671875,
    260.699951171875,
    -1.0
   ],
   [
    1403.214111328125,
    263.17083740234375,
    0.975
   ],
   [
    1245.758544921875,
    416.98358154296875,
    0.971
   ],
   [
    1587.0787353515625,
    337.2168884277344,
    0.875
   ],
   [
    1277.0458984375,
    608.7640380859375,
    0.799
   ],
   [
    1555.401123046875,
    390.492919921875,
    0.814
   ],
   [
    1295.451171875,
    602.8432006835938,
    0.707
   ],
   [
    1530.39013671875,
    649.9085083007812,
    0.819
   ],
   [
    1432.5543212890625,
    710.0160522460938,
    0.806
   ],
   [
    1458.2105712890625,
    791.1087646484375,
    -1.0
   ],
   [
    1364.5765380859375,
    865.9017333984375,
    -1.0
   ],
   [
    1467.75732421875,
    886.9134521484375,
    -1.0
   ],
   [
    1371.739501953125,
    943.53271484375,
    -1.0
   ]
  ]
 ],
 "skeleton_percentage": [
  100,
  100
 ],
 "angle": [
  96,
  71
 ]
}