{
 "frame_index": 441,
 "skeletons": [
  [
   [
    1220.9090576171875,
    217.69854736328125,
    0.971
   ],
   [
    1227.5,
    175.75511169433594,
    0.959
   ],
   [
    1182.5653076171875,
    211.6951904296875,
    0.882
   ],
   [
    1271.260986328125,
    173.3695068359375,
    0.892
   ],
   [
    1173.010986328125,
    260.68450927734375,
    -1.0
   ],
   [
    1392.6395263671875,
    275.52691650390625,
    0.98
   ],
   [
    1256.9974365234375,
    422.67608642578125,
    0.973
   ],
   [
    1588.85205078125,
    338.8365478515625,
    0.866
   ],
   [
    1309.73828125,
    610.886474609375,
    0.814
   ],
   [
    1598.6751708984375,
    366.93292236328125,
    0.751
   ],
   [
    1319.4896240234375,
    597.9349365234375,
    0.688
   ],
   [
    1489.6361083984375,
    703.4623413085938,
    0.915
   ],
   [
    1407.2530517578125,
    757.4566040039062,
    0.916
   ],
   [
    1413.528564453125,
    890.3526611328125,
    -1.0
   ],
   [
    1367.324462890625,
    961.0107421875,
    -1.0
   ],
   [
    1439.3011474609375,
    971.0612182617188,
    -1.0
   ],
   [
    1408.6258544921875,
    1046.3433837890625,
    -1.0
   ]
  ],
  [
   [
    1212.6370849609375,
    223.7465057373047,
    0.983
   ],
   [
    1220.719482421875,
    184.07888793945312,
    0.98
   ],
   [
    1180.955810546875,
    219.31735229492188,
    0.913
   ],
   [
    1271.68408203125,
    180.8851776123047,
    0.912
   ],
   [
    1180.238037109375,
    260.83740234375,
    -1.0
   ],
   [
    1403.281982421875,
    263.85748291015625,
    0.973
   ],
   [
    1245.9501953125,
    417.8542785644531,
    0.969
   ],
   [
    1586.7733154296875,
    338.3356628417969,
    0.861
   ],
   [
    1278.8326416015625,
    612.15185546875,
    0.789
   ],
   [
    1557.627685546875,
    383.40673828125,
    0.794
   ],
   [
    1303.8946533203125,
    602.9114990234375,
    0.691
   ],
   [
    1529.573486328125,
    653.6798095703125,
    0.801
   ],
   [
    1432.06787109375,
    714.0010986328125,
    0.791
   ],
   [
    1456.8707275390625,
    794.7881469726562,
    -1.0
   ],
   [
    1366.0537109375,
    869.78759765625,
    -1.0
   ],
   [
    1464.552978515625,
    889.5584716796875,
    -1.0
   ],
   [
    1372.55908203125,
    947.6025390625,
    -1.0
   ]
  ]
 ],
 "skeleton_percentage": [
  100,
  100
 ],
 "angle": [
  96,
  71
 ]
}