{
 "frame_index": 442,
 "skeletons": [
  [
   [
    1213.7117919921875,
    228.59600830078125,
    0.918
   ],
   [
    1219.0743408203125,
    193.83905029296875,
    0.911
   ],
   [
    1182.4722900390625,
    223.1876220703125,
    0.683
   ],
   [
    1260.824462890625,
    199.61471557617188,
    0.82
   ],
   [
    1175.239990234375,
    268.8262023925781,
    -1.0
   ],
   [
    1376.629638671875,
    296.5110168457031,
    0.952
   ],
   [
    1252.1875,
    409.9298400878906,
    0.931
   ],
   [
    1430.094482421875,
    375.7164306640625,
    0.824
   ],
   [
    1321.186767578125,
    526.2890625,
    0.677
   ],
   [
    1281.928466796875,
    276.3438720703125,
    0.808
   ],
   [
    1290.512939453125,
    279.5902404785156,
    0.717
   ],
   [
    1502.34130859375,
    604.40185546875,
    0.557
   ],
   [
    1418.869384765625,
    646.054443359375,
    0.521
   ],
   [
    1434.3546142578125,
    417.16259765625,
    -1.0
   ],
   [
    1351.0989990234375,
    480.5028991699219,
    -1.0
   ],
   [
    1417.3033447265625,
    442.92535400390625,
    -1.0
   ],
   [
    1389.3192138671875,
    502.2667236328125,
    -1.0
   ]
  ]
 ],
 "skeleton_percentage": [
  100
 ],
 "angle": [
  71
 ]
}