{
 "frame_index": 443,
 "skeletons": [
  [
   [
    1205.122314453125,
    228.0482940673828,
    0.976
   ],
   [
    1215.3656005859375,
    190.54061889648438,
    0.977
   ],
   [
    1174.3675537109375,
    223.7995147705078,
    0.881
   ],
   [
    1266.459716796875,
    191.9490509033203,
    0.923
   ],
   [
    1170.979736328125,
    267.2762145996094,
    -1.0
   ],
   [
    1402.202392578125,
    275.56573486328125,
    0.98
   ],
   [
    1224.014404296875,
    417.3099060058594,
    0.961
   ],
   [
    1566.266357421875,
    370.6227722167969,
    0.869
   ],
   [
    1256.6197509765625,
    605.3958129882812,
    0.673
   ],
   [
    1508.7388916015625,
    434.3002624511719,
    0.76
   ],
   [
    1269.9234619140625,
    634.105712890625,
    0.524
   ],
   [
    1510.790283203125,
    617.095947265625,
    0.733
   ],
   [
    1404.137451171875,
    671.3265991210938,
    0.657
   ],
   [
    1432.093505859375,
    580.1280517578125,
    -1.0
   ],
   [
    1337.37744140625,
    645.3842163085938,
    -1.0
   ],
   [
    1416.120849609375,
    639.6036376953125,
    -1.0
   ],
   [
    1369.642822265625,
    691.321044921875,
    -1.0
   ]
  ]
 ],
 "skeleton_percentage": [
  100
 ],
 "angle": [
  72
 ]
}