{
 "frame_index": 444,
 "skeletons": [
  [
   [
    1203.174072265625,
    227.74090576171875,
    0.968
   ],
   [
    1214.11767578125,
    190.0469512939453,
    0.96
   ],
   [
    1173.3179931640625,
    222.84242248535156,
    0.894
   ],
   [
    1267.3115234375,
    187.66603088378906,
    0.84
   ],
   [
    1170.496826171875,
    260.271728515625,
    -1.0
   ],
   [
    1373.20361328125,
    270.70111083984375,
    0.934
   ],
   [
    1252.587646484375,
    403.2095031738281,
    0.963
   ],
   [
    1544.429443359375,
    352.1798095703125,
    0.613
   ],
   [
    1269.388427734375,
    592.2930908203125,
    0.743
   ],
   [
    1513.8629150390625,
    412.32940673828125,
    0.512
   ],
   [
    1263.0032958984375,
    628.346923828125,
    0.578
   ],
   [
    1492.21142578125,
    602.7710571289062,
    0.682
   ],
   [
    1427.07373046875,
    647.6163330078125,
    0.761
   ],
   [
    1335.08056640625,
    616.9461669921875,
    -1.0
   ],
   [
    1316.57666015625,
    667.4517211914062,
    -1.0
   ],
   [
    1356.615478515625,
    645.8277587890625,
    -1.0
   ],
   [
    1361.16845703125,
    683.266357421875,
    -1.0
   ]
  ]
 ],
 "skeleton_percentage": [
  100
 ],
 "angle": [
  72
 ]
}