{
 "frame_index": 445,
 "skeletons": [
  [
   [
    1189.90771484375,
    242.0896453857422,
    0.972
   ],
   [
    1201.29296875,
    203.12887573242188,
    0.979
   ],
   [
    1159.195068359375,
    235.21170043945312,
    0.862
   ],
   [
    1253.931396484375,
    202.2659454345703,
    0.93
   ],
   [
    1157.65185546875,
    274.383056640625,
    -1.0
   ],
   [
    1388.3856201171875,
    292.0955810546875,
    0.969
   ],
   [
    1229.0084228515625,
    419.56396484375,
    0.926
   ],
   [
    1534.396728515625,
    405.625244140625,
    0.755
   ],
   [
    1256.765380859375,
    593.206298828125,
    -1.0
   ],
   [
    1434.6160888671875,
    414.74688720703125,
    0.616
   ],
   [
    1262.2598876953125,
    481.53643798828125,
    -1.0
   ],
   [
    1501.575927734375,
    626.591552734375,
    0.543
   ],
   [
    1413.2464599609375,
    670.6170043945312,
    -1.0
   ],
   [
    1378.028076171875,
    535.444580078125,
    -1.0
   ],
   [
    1343.554931640625,
    590.0202026367188,
    -1.0
   ],
   [
    1335.934814453125,
    594.7344970703125,
    -1.0
   ],
   [
    1373.53564453125,
    631.7493896484375,
    -1.0
   ]
  ]
 ],
 "skeleton_percentage": [
  100
 ],
 "angle": [
  72
 ]
}