{
 "frame_index": 446,
 "skeletons": [
  [
   [
    1183.5450439453125,
    251.34939575195312,
    0.974
   ],
   [
    1197.875732421875,
    213.90277099609375,
    0.976
   ],
   [
    1156.4571533203125,
    245.17886352539062,
    0.906
   ],
   [
    1254.4788818359375,
    211.56512451171875,
    0.904
   ],
   [
    1151.6878662109375,
    284.86029052734375,
    -1.0
   ],
   [
    1364.288818359375,
    277.81793212890625,
    0.952
   ],
   [
    1195.480712890625,
    437.9393005371094,
    0.945
   ],
   [
    1453.443115234375,
    345.408203125,
    0.671
   ],
   [
    1200.5125732421875,
    650.792236328125,
    0.558
   ],
   [
    1298.67431640625,
    346.642578125,
    0.543
   ],
   [
    1208.000732421875,
    629.7951049804688,
    -1.0
   ],
   [
    1449.3450927734375,
    571.5222778320312,
    0.64
   ],
   [
    1345.3642578125,
    623.7845458984375,
    0.63
   ],
   [
    1285.642333984375,
    541.8001708984375,
    -1.0
   ],
   [
    1197.10009765625,
    603.881103515625,
    -1.0
   ],
   [
    1277.601318359375,
    629.00732421875,
    -1.0
   ],
   [
    1243.63134765625,
    663.4926147460938,
    -1.0
   ]
  ]
 ],
 "skeleton_percentage": [
  100
 ],
 "angle": [
  75
 ]
}