{
 "frame_index": 447,
 "skeletons": [
  [
   [
    1183.57275390625,
    251.30441284179688,
    0.974
   ],
   [
    1197.830810546875,
    214.51075744628906,
    0.977
   ],
   [
    1156.875732421875,
    245.48837280273438,
    0.891
   ],
   [
    1254.270263671875,
    213.18003845214844,
    0.912
   ],
   [
    1152.190185546875,
    286.01568603515625,
    -1.0
   ],
   [
    1364.4815673828125,
    281.78753662109375,
    0.961
   ],
   [
    1193.44091796875,
    433.83929443359375,
    0.941
   ],
   [
    1439.38671875,
    349.505859375,
    0.745
   ],
   [
    1192.7567138671875,
    631.58154296875,
    0.553
   ],
   [
    1264.6036376953125,
    342.5977478027344,
    0.627
   ],
   [
    1198.820068359375,
    595.6995849609375,
    -1.0
   ],
   [
    1439.274169921875,
    573.0687866210938,
    0.694
   ],
   [
    1333.2216796875,
    621.1981811523438,
    0.652
   ],
   [
    1274.0555419921875,
    546.562744140625,
    -1.0
   ],
   [
    1186.3883056640625,
    604.2569580078125,
    -1.0
   ],
   [
    1259.21923828125,
    630.9991455078125,
    -1.0
   ],
   [
    1229.5460205078125,
    664.48779296875,
    -1.0
   ]
  ]
 ],
 "skeleton_percentage": [
  100
 ],
 "angle": [
  76
 ]
}