{
 "frame_index": 448,
 "skeletons": [
  [
   [
    1158.69921875,
    275.31475830078125,
    0.975
   ],
   [
    1169.697509765625,
    237.69873046875,
    0.979
   ],
   [
    1138.2608642578125,
    266.54559326171875,
    0.829
   ],
   [
    1229.668701171875,
    224.31808471679688,
    0.93
   ],
   [
    1147.042724609375,
    289.83270263671875,
    -1.0
   ],
   [
    1356.5299072265625,
    285.9453125,
    0.978
   ],
   [
    1196.28857421875,
    426.66778564453125,
    0.944
   ],
   [
    1436.18212890625,
    358.8057861328125,
    0.905
   ],
   [
    1204.551513671875,
    630.7985229492188,
    0.626
   ],
   [
    1267.460693359375,
    339.2125244140625,
    0.872
   ],
   [
    1163.6405029296875,
    634.9949340820312,
    0.603
   ],
   [
    1445.0152587890625,
    591.693603515625,
    0.787
   ],
   [
    1346.124267578125,
    635.9365234375,
    0.683
   ],
   [
    1281.728759765625,
    473.14385986328125,
    0.599
   ],
   [
    1190.11962890625,
    526.4759521484375,
    -1.0
   ],
   [
    1286.1201171875,
    633.6729736328125,
    -1.0
   ],
   [
    1264.057373046875,
    666.9766845703125,
    -1.0
   ]
  ]
 ],
 "skeleton_percentage": [
  100
 ],
 "angle": [
  79
 ]
}