{
 "frame_index": 449,
 "skeletons": [
  [
   [
    1144.7237548828125,
    297.47027587890625,
    0.986
   ],
   [
    1156.40234375,
    262.554443359375,
    0.986
   ],
   [
    1125.56298828125,
    284.1934814453125,
    0.879
   ],
   [
    1221.07568359375,
    241.25564575195312,
    0.951
   ],
   [
    1137.9688720703125,
    290.9656982421875,
    -1.0
   ],
   [
    1361.0147705078125,
    319.2575378417969,
    0.99
   ],
   [
    1162.5084228515625,
    445.30133056640625,
    0.974
   ],
   [
    1527.40966796875,
    418.2938232421875,
    0.956
   ],
   [
    1174.759033203125,
    656.0076904296875,
    0.793
   ],
   [
    1469.6949462890625,
    469.12957763671875,
    0.928
   ],
   [
    1176.1260986328125,
    681.9790649414062,
    0.723
   ],
   [
    1431.93310546875,
    699.2396240234375,
    0.916
   ],
   [
    1302.463134765625,
    745.7807006835938,
    0.858
   ],
   [
    1387.8328857421875,
    793.702880859375,
    -1.0
   ],
   [
    1239.368896484375,
    848.2944946289062,
    -1.0
   ],
   [
    1417.2158203125,
    878.3734130859375,
    -1.0
   ],
   [
    1280.3492431640625,
    901.6268920898438,
    -1.0
   ]
  ],
  [
   [
    1144.7830810546875,
    298.13360595703125,
    0.978
   ],
   [
    1158.9493408203125,
    264.0736999511719,
    0.981
   ],
   [
    1122.552734375,
    285.24993896484375,
    0.848
   ],
   [
    1226.3458251953125,
    245.62271118164062,
    0.943
   ],
   [
    1129.8521728515625,
    296.55657958984375,
    -1.0
   ],
   [
    1358.1312255859375,
    317.5013732910156,
    0.985
   ],
   [
    1172.823974609375,
    436.831787109375,
    0.949
   ],
   [
    1508.602783203125,
    402.2531433105469,
    0.934
   ],
   [
    1199.712646484375,
    643.3028564453125,
    0.688
   ],
   [
    1453.4810791015625,
    469.8047790527344,
    0.878
   ],
   [
    1202.810791015625,
    681.7405395507812,
    0.618
   ],
   [
    1435.7275390625,
    674.8621826171875,
    0.923
   ],
   [
    1312.3944091796875,
    714.5001220703125,
    0.869
   ],
   [
    1373.320556640625,
    840.7921142578125,
    0.595
   ],
   [
    1238.9930419921875,
    888.0584106445312,
    -1.0
   ],
   [
    1406.8919677734375,
    933.79248046875,
    -1.0
   ],
   [
    1286.9068603515625,
    956.6400146484375,
    -1.0
   ]
  ]
 ],
 "skeleton_percentage": [
  100,
  100
 ],
 "angle": [
  79,
  101
 ]
}