{
 "frame_index": 450,
 "skeletons": [
  [
   [
    1118.485595703125,
    310.65185546875,
    0.983
   ],
   [
    1130.7410888671875,
    270.5815734863281,
    0.982
   ],
   [
    1100.6251220703125,
    300.6974792480469,
    0.894
   ],
   [
    1200.3515625,
    255.9928436279297,
    0.917
   ],
   [
    1117.7962646484375,
    319.08447265625,
    -1.0
   ],
   [
    1344.5321044921875,
    329.62969970703125,
    0.977
   ],
   [
    1152.30712890625,
    456.2754821777344,
    0.966
   ],
   [
    1490.78271484375,
    447.95751953125,
    0.876
   ],
   [
    1166.9449462890625,
    672.823486328125,
    0.736
   ],
   [
    1470.0562744140625,
    461.3566589355469,
    0.855
   ],
   [
    1147.555419921875,
    667.6664428710938,
    0.688
   ],
   [
    1430.1962890625,
    617.8582153320312,
    0.717
   ],
   [
    1308.114501953125,
    663.58642578125,
    0.664
   ],
   [
    1340.614013671875,
    415.0641174316406,
    0.541
   ],
   [
    1173.018798828125,
    479.757568359375,
    -1.0
   ],
   [
    1394.288330078125,
    592.5510864257812,
    -1.0
   ],
   [
    1267.8048095703125,
    646.3851318359375,
    -1.0
   ]
  ]
 ],
 "skeleton_percentage": [
  100
 ],
 "angle": [
  73
 ]
}