{
 "frame_index": 451,
 "skeletons": [
  [
   [
    1112.8148193359375,
    318.60577392578125,
    0.986
   ],
   [
    1123.755126953125,
    279.186279296875,
    0.983
   ],
   [
    1094.4835205078125,
    308.65374755859375,
    0.915
   ],
   [
    1191.3465576171875,
    264.2244873046875,
    0.922
   ],
   [
    1110.0308837890625,
    326.8550720214844,
    -1.0
   ],
   [
    1345.112548828125,
    345.69622802734375,
    0.979
   ],
   [
    1141.5565185546875,
    468.5834655761719,
    0.977
   ],
   [
    1487.279296875,
    467.63104248046875,
    0.884
   ],
   [
    1154.09716796875,
    684.32861328125,
    0.824
   ],
   [
    1455.50341796875,
    458.2095947265625,
    0.861
   ],
   [
    1116.9766845703125,
    693.2998046875,
    0.755
   ],
   [
    1436.91455078125,
    643.77001953125,
    0.694
   ],
   [
    1301.467529296875,
    687.3333740234375,
    0.679
   ],
   [
    1362.3336181640625,
    469.29107666015625,
    -1.0
   ],
   [
    1145.946044921875,
    527.5347290039062,
    -1.0
   ],
   [
    1408.7515869140625,
    592.0761108398438,
    -1.0
   ],
   [
    1214.9874267578125,
    643.50341796875,
    -1.0
   ]
  ]
 ],
 "skeleton_percentage": [
  100
 ],
 "angle": [
  74
 ]
}