{
 "frame_index": 452,
 "skeletons": [
  [
   [
    1102.62255859375,
    313.9311218261719,
    0.983
   ],
   [
    1115.9990234375,
    274.9004821777344,
    0.987
   ],
   [
    1081.872314453125,
    303.80560302734375,
    0.893
   ],
   [
    1188.5810546875,
    263.25115966796875,
    0.959
   ],
   [
    1099.111572265625,
    323.20648193359375,
    -1.0
   ],
   [
    1351.54345703125,
    372.0762634277344,
    0.984
   ],
   [
    1122.875,
    480.1072082519531,
    0.962
   ],
   [
    1503.299072265625,
    501.89666748046875,
    0.908
   ],
   [
    1123.2596435546875,
    684.0563354492188,
    0.693
   ],
   [
    1457.8994140625,
    465.6471862792969,
    0.834
   ],
   [
    1147.4697265625,
    681.7633056640625,
    0.564
   ],
   [
    1422.0152587890625,
    755.04833984375,
    0.688
   ],
   [
    1262.87255859375,
    796.6220703125,
    0.567
   ],
   [
    1440.556396484375,
    793.5357666015625,
    -1.0
   ],
   [
    1193.237060546875,
    843.6593627929688,
    -1.0
   ],
   [
    1473.5548095703125,
    792.9188232421875,
    -1.0
   ],
   [
    1182.977294921875,
    848.251708984375,
    -1.0
   ]
  ]
 ],
 "skeleton_percentage": [
  100
 ],
 "angle": [
  74
 ]
}