{
 "frame_index": 453,
 "skeletons": [
  [
   [
    1102.31591796875,
    313.6436767578125,
    0.984
   ],
   [
    1115.6956787109375,
    274.6088562011719,
    0.987
   ],
   [
    1081.663330078125,
    303.65924072265625,
    0.896
   ],
   [
    1188.3116455078125,
    263.32379150390625,
    0.959
   ],
   [
    1098.872802734375,
    323.4705810546875,
    -1.0
   ],
   [
    1351.9267578125,
    372.0394592285156,
    0.984
   ],
   [
    1122.7593994140625,
    480.935791015625,
    0.962
   ],
   [
    1504.348876953125,
    500.883056640625,
    0.905
   ],
   [
    1123.8492431640625,
    684.2308959960938,
    0.696
   ],
   [
    1457.4569091796875,
    467.3919677734375,
    0.829
   ],
   [
    1148.334716796875,
    683.2509765625,
    0.566
   ],
   [
    1424.6053466796875,
    754.0257568359375,
    0.674
   ],
   [
    1264.98388671875,
    795.9761352539062,
    0.556
   ],
   [
    1443.2618408203125,
    788.67919921875,
    -1.0
   ],
   [
    1194.52197265625,
    839.1492919921875,
    -1.0
   ],
   [
    1477.40576171875,
    787.7166748046875,
    -1.0
   ],
   [
    1185.796875,
    842.7262573242188,
    -1.0
   ]
  ]
 ],
 "skeleton_percentage": [
  100
 ],
 "angle": [
  74
 ]
}