{
 "frame_index": 454,
 "skeletons": [
  [
   [
    1093.24609375,
    320.0918884277344,
    0.984
   ],
   [
    1108.115234375,
    280.16668701171875,
    0.988
   ],
   [
    1073.10107421875,
    309.45452880859375,
    0.886
   ],
   [
    1185.1031494140625,
    267.1883544921875,
    0.957
   ],
   [
    1092.3553466796875,
    326.71466064453125,
    -1.0
   ],
   [
    1344.2767333984375,
    370.51129150390625,
    0.984
   ],
   [
    1126.1973876953125,
    481.64520263671875,
    0.952
   ],
   [
    1499.371337890625,
    506.871337890625,
    0.913
   ],
   [
    1127.7325439453125,
    692.5509033203125,
    0.642
   ],
   [
    1454.119384765625,
    489.07275390625,
    0.841
   ],
   [
    1141.490966796875,
    681.630615234375,
    0.531
   ],
   [
    1421.5506591796875,
    749.579833984375,
    0.633
   ],
   [
    1269.834228515625,
    791.353759765625,
    -1.0
   ],
   [
    1431.482177734375,
    723.3468017578125,
    -1.0
   ],
   [
    1191.84716796875,
    774.3914794921875,
    -1.0
   ],
   [
    1468.451171875,
    722.3892822265625,
    -1.0
   ],
   [
    1181.479736328125,
    772.5470581054688,
    -1.0
   ]
  ]
 ],
 "skeleton_percentage": [
  100
 ],
 "angle": [
  74
 ]
}