{
 "frame_index": 455,
 "skeletons": [
  [
   [
    1091.6756591796875,
    312.4127197265625,
    0.984
   ],
   [
    1110.0269775390625,
    272.0309143066406,
    0.988
   ],
   [
    1070.0435791015625,
    302.41986083984375,
    0.883
   ],
   [
    1187.76806640625,
    266.53192138671875,
    0.959
   ],
   [
    1085.8106689453125,
    329.9110107421875,
    -1.0
   ],
   [
    1338.771484375,
    368.29156494140625,
    0.983
   ],
   [
    1132.3587646484375,
    478.76287841796875,
    0.958
   ],
   [
    1473.1453857421875,
    521.556640625,
    0.914
   ],
   [
    1129.21728515625,
    683.2996215820312,
    0.7
   ],
   [
    1366.7332763671875,
    565.9881591796875,
    0.851
   ],
   [
    1114.302001953125,
    677.8304443359375,
    0.6
   ],
   [
    1407.415283203125,
    743.8749389648438,
    0.676
   ],
   [
    1264.46533203125,
    778.5986938476562,
    0.566
   ],
   [
    1354.273193359375,
    677.5059814453125,
    -1.0
   ],
   [
    1136.8746337890625,
    722.519775390625,
    -1.0
   ],
   [
    1385.544189453125,
    711.6044921875,
    -1.0
   ],
   [
    1136.4342041015625,
    751.470458984375,
    -1.0
   ]
  ]
 ],
 "skeleton_percentage": [
  100
 ],
 "angle": [
  78
 ]
}