{
 "frame_index": 456,
 "skeletons": [
  [
   [
    1091.0042724609375,
    308.33563232421875,
    0.984
   ],
   [
    1110.197265625,
    268.6348876953125,
    0.988
   ],
   [
    1069.8369140625,
    299.005615234375,
    0.89
   ],
   [
    1188.646240234375,
    266.8384094238281,
    0.958
   ],
   [
    1085.754638671875,
    329.53369140625,
    -1.0
   ],
   [
    1340.2740478515625,
    370.61859130859375,
    0.981
   ],
   [
    1127.96240234375,
    483.7837829589844,
    0.952
   ],
   [
    1478.8359375,
    520.331298828125,
    0.905
   ],
   [
    1126.5145263671875,
    688.416748046875,
    0.674
   ],
   [
    1369.5001220703125,
    562.5943603515625,
    0.832
   ],
   [
    1113.947021484375,
    678.4125366210938,
    0.567
   ],
   [
    1413.14306640625,
    759.8876953125,
    0.617
   ],
   [
    1262.3363037109375,
    796.90625,
    -1.0
   ],
   [
    1390.945068359375,
    712.7904052734375,
    -1.0
   ],
   [
    1144.730224609375,
    759.43505859375,
    -1.0
   ],
   [
    1434.2847900390625,
    734.906005859375,
    -1.0
   ],
   [
    1136.286865234375,
    773.2692260742188,
    -1.0
   ]
  ]
 ],
 "skeleton_percentage": [
  100
 ],
 "angle": [
  75
 ]
}