{
 "frame_index": 457,
 "skeletons": [
  [
   [
    1085.209228515625,
    303.6253356933594,
    0.987
   ],
   [
    1105.3931884765625,
    266.3431396484375,
    0.986
   ],
   [
    1067.09228515625,
    293.521240234375,
    0.907
   ],
   [
    1180.3082275390625,
    266.22406005859375,
    0.945
   ],
   [
    1083.814697265625,
    322.0277099609375,
    -1.0
   ],
   [
    1329.1739501953125,
    362.64056396484375,
    0.983
   ],
   [
    1128.2655029296875,
    490.6114501953125,
    0.976
   ],
   [
    1474.404541015625,
    501.94049072265625,
    0.889
   ],
   [
    1144.882568359375,
    716.357177734375,
    0.784
   ],
   [
    1412.17041015625,
    540.8167724609375,
    0.817
   ],
   [
    1063.9288330078125,
    699.3616943359375,
    0.653
   ],
   [
    1409.3126220703125,
    744.2437133789062,
    0.757
   ],
   [
    1278.6439208984375,
    782.60888671875,
    0.729
   ],
   [
    1276.305419921875,
    765.90576171875,
    -1.0
   ],
   [
    1112.004150390625,
    817.2254638671875,
    -1.0
   ],
   [
    1289.69580078125,
    834.2362060546875,
    -1.0
   ],
   [
    1149.8878173828125,
    858.7344970703125,
    -1.0
   ]
  ]
 ],
 "skeleton_percentage": [
  100
 ],
 "angle": [
  75
 ]
}