{
 "frame_index": 458,
 "skeletons": [
  [
   [
    1083.3841552734375,
    311.14630126953125,
    0.987
   ],
   [
    1101.0623779296875,
    273.07421875,
    0.986
   ],
   [
    1066.92236328125,
    300.21929931640625,
    0.903
   ],
   [
    1176.8486328125,
    265.2842102050781,
    0.94
   ],
   [
    1086.2757568359375,
    320.7442626953125,
    -1.0
   ],
   [
    1332.410400390625,
    358.4147644042969,
    0.979
   ],
   [
    1126.7275390625,
    489.7110900878906,
    0.975
   ],
   [
    1465.0582275390625,
    510.1194763183594,
    0.861
   ],
   [
    1138.1934814453125,
    719.4619140625,
    0.758
   ],
   [
    1424.0604248046875,
    584.2288818359375,
    0.756
   ],
   [
    1045.466064453125,
    685.975830078125,
    0.608
   ],
   [
    1439.005859375,
    734.3816528320312,
    0.673
   ],
   [
    1303.197998046875,
    776.92041015625,
    0.651
   ],
   [
    1317.20849609375,
    693.0966796875,
    -1.0
   ],
   [
    1125.892578125,
    754.63427734375,
    -1.0
   ],
   [
    1348.357421875,
    750.6974487304688,
    -1.0
   ],
   [
    1184.5811767578125,
    781.1361083984375,
    -1.0
   ]
  ]
 ],
 "skeleton_percentage": [
  100
 ],
 "angle": [
  74
 ]
}