{
 "frame_index": 459,
 "skeletons": [
  [
   [
    1083.71826171875,
    309.9009094238281,
    0.987
   ],
   [
    1101.5699462890625,
    271.9937744140625,
    0.986
   ],
   [
    1066.884765625,
    299.11956787109375,
    0.908
   ],
   [
    1176.9776611328125,
    265.1226806640625,
    0.94
   ],
   [
    1085.869873046875,
    320.4847412109375,
    -1.0
   ],
   [
    1332.0570068359375,
    359.08050537109375,
    0.979
   ],
   [
    1126.08349609375,
    489.9476318359375,
    0.976
   ],
   [
    1468.34375,
    509.6338806152344,
    0.862
   ],
   [
    1138.0865478515625,
    720.2275390625,
    0.772
   ],
   [
    1434.628662109375,
    580.1760864257812,
    0.758
   ],
   [
    1042.1802978515625,
    693.227783203125,
    0.62
   ],
   [
    1440.4310302734375,
    736.5234375,
    0.682
   ],
   [
    1303.935546875,
    779.6492919921875,
    0.665
   ],
   [
    1329.5186767578125,
    712.9049072265625,
    -1.0
   ],
   [
    1133.64208984375,
    774.3491821289062,
    -1.0
   ],
   [
    1363.5614013671875,
    769.2313842773438,
    -1.0
   ],
   [
    1190.1102294921875,
    800.8380126953125,
    -1.0
   ]
  ]
 ],
 "skeleton_percentage": [
  100
 ],
 "angle": [
  74
 ]
}