{
 "frame_index": 460,
 "skeletons": [
  [
   [
    1080.2901611328125,
    304.25738525390625,
    0.985
   ],
   [
    1100.135498046875,
    264.3922424316406,
    0.985
   ],
   [
    1064.7213134765625,
    295.4508972167969,
    0.906
   ],
   [
    1178.4224853515625,
    262.3656005859375,
    0.935
   ],
   [
    1085.421142578125,
    323.65338134765625,
    -1.0
   ],
   [
    1338.645263671875,
    351.98553466796875,
    0.976
   ],
   [
    1122.4345703125,
    492.05731201171875,
    0.974
   ],
   [
    1476.056396484375,
    504.30078125,
    0.812
   ],
   [
    1133.4871826171875,
    726.0516357421875,
    0.716
   ],
   [
    1445.88671875,
    574.320556640625,
    0.688
   ],
   [
    1024.8421630859375,
    695.8021240234375,
    0.542
   ],
   [
    1446.52685546875,
    703.3236083984375,
    0.58
   ],
   [
    1307.7293701171875,
    748.39111328125,
    0.569
   ],
   [
    1301.0460205078125,
    541.8487548828125,
    -1.0
   ],
   [
    1104.251220703125,
    609.1778564453125,
    -1.0
   ],
   [
    1334.814697265625,
    627.7487182617188,
    -1.0
   ],
   [
    1188.537353515625,
    666.4583129882812,
    -1.0
   ]
  ]
 ],
 "skeleton_percentage": [
  100
 ],
 "angle": [
  74
 ]
}