{
 "frame_index": 461,
 "skeletons": [
  [
   [
    1081.4429931640625,
    296.0574035644531,
    0.985
   ],
   [
    1102.39794921875,
    257.1441650390625,
    0.988
   ],
   [
    1063.2708740234375,
    287.6073303222656,
    0.903
   ],
   [
    1183.980224609375,
    260.30633544921875,
    0.951
   ],
   [
    1083.5810546875,
    318.8874206542969,
    -1.0
   ],
   [
    1338.4586181640625,
    361.77728271484375,
    0.979
   ],
   [
    1118.720703125,
    486.6942443847656,
    0.95
   ],
   [
    1471.06689453125,
    519.63232421875,
    0.854
   ],
   [
    1114.1788330078125,
    722.2337646484375,
    0.579
   ],
   [
    1440.7684326171875,
    608.6563110351562,
    0.698
   ],
   [
    1101.0419921875,
    733.0447998046875,
    -1.0
   ],
   [
    1431.879638671875,
    733.881103515625,
    -1.0
   ],
   [
    1283.912109375,
    778.8427734375,
    -1.0
   ],
   [
    1381.953369140625,
    652.0510864257812,
    -1.0
   ],
   [
    1158.59619140625,
    715.897705078125,
    -1.0
   ],
   [
    1401.1673583984375,
    706.4976196289062,
    -1.0
   ],
   [
    1159.2744140625,
    754.7191772460938,
    -1.0
   ]
  ]
 ],
 "skeleton_percentage": [
  100
 ],
 "angle": [
  74
 ]
}