{
 "frame_index": 462,
 "skeletons": [
  [
   [
    1081.336181640625,
    295.54278564453125,
    0.984
   ],
   [
    1102.682861328125,
    256.77825927734375,
    0.988
   ],
   [
    1063.1473388671875,
    287.15264892578125,
    0.898
   ],
   [
    1184.319580078125,
    260.5491638183594,
    0.951
   ],
   [
    1083.2216796875,
    318.68280029296875,
    -1.0
   ],
   [
    1337.52685546875,
    360.99188232421875,
    0.978
   ],
   [
    1120.5523681640625,
    485.654296875,
    0.947
   ],
   [
    1466.459716796875,
    519.38134765625,
    0.85
   ],
   [
    1116.837646484375,
    721.708251953125,
    0.556
   ],
   [
    1434.665283203125,
    605.4339599609375,
    0.691
   ],
   [
    1103.220703125,
    732.2499389648438,
    -1.0
   ],
   [
    1435.408935546875,
    727.6080932617188,
    -1.0
   ],
   [
    1291.15771484375,
    772.584228515625,
    -1.0
   ],
   [
    1375.369384765625,
    638.7655029296875,
    -1.0
   ],
   [
    1167.892822265625,
    702.377685546875,
    -1.0
   ],
   [
    1390.977783203125,
    692.3545532226562,
    -1.0
   ],
   [
    1175.8304443359375,
    740.3197631835938,
    -1.0
   ]
  ]
 ],
 "skeleton_percentage": [
  100
 ],
 "angle": [
  74
 ]
}