{
 "frame_index": 463,
 "skeletons": [
  [
   [
    1079.734619140625,
    293.15692138671875,
    0.984
   ],
   [
    1100.2298583984375,
    255.19825744628906,
    0.987
   ],
   [
    1062.9970703125,
    285.8926696777344,
    0.9
   ],
   [
    1182.141845703125,
    258.68878173828125,
    0.947
   ],
   [
    1084.2606201171875,
    316.981689453125,
    -1.0
   ],
   [
    1338.054443359375,
    355.41583251953125,
    0.978
   ],
   [
    1117.31005859375,
    483.0788269042969,
    0.949
   ],
   [
    1482.45458984375,
    500.0938720703125,
    0.85
   ],
   [
    1121.9613037109375,
    707.4619750976562,
    0.572
   ],
   [
    1475.2310791015625,
    604.1123657226562,
    0.688
   ],
   [
    1117.750732421875,
    713.4000854492188,
    -1.0
   ],
   [
    1437.716552734375,
    702.9812622070312,
    -1.0
   ],
   [
    1288.297119140625,
    750.28759765625,
    -1.0
   ],
   [
    1401.4608154296875,
    607.0896606445312,
    -1.0
   ],
   [
    1169.485107421875,
    675.5956420898438,
    -1.0
   ],
   [
    1432.96435546875,
    657.7681884765625,
    -1.0
   ],
   [
    1183.12109375,
    707.513427734375,
    -1.0
   ]
  ]
 ],
 "skeleton_percentage": [
  100
 ],
 "angle": [
  74
 ]
}