{
 "frame_index": 464,
 "skeletons": [
  [
   [
    1078.2030029296875,
    303.327880859375,
    0.985
   ],
   [
    1094.3179931640625,
    264.4530029296875,
    0.987
   ],
   [
    1063.8701171875,
    295.3469543457031,
    0.878
   ],
   [
    1173.9249267578125,
    254.65928649902344,
    0.946
   ],
   [
    1092.3072509765625,
    315.83221435546875,
    -1.0
   ],
   [
    1332.84423828125,
    340.9679870605469,
    0.982
   ],
   [
    1134.0086669921875,
    485.34320068359375,
    0.958
   ],
   [
    1484.3944091796875,
    484.1307373046875,
    0.885
   ],
   [
    1140.8682861328125,
    718.20947265625,
    0.604
   ],
   [
    1489.693603515625,
    590.12548828125,
    0.764
   ],
   [
    1064.786865234375,
    691.885498046875,
    -1.0
   ],
   [
    1449.33740234375,
    729.0349731445312,
    0.64
   ],
   [
    1321.0169677734375,
    781.193115234375,
    0.52
   ],
   [
    1357.26806640625,
    655.6771240234375,
    -1.0
   ],
   [
    1180.39697265625,
    733.289794921875,
    -1.0
   ],
   [
    1402.8800048828125,
    728.4412231445312,
    -1.0
   ],
   [
    1245.0517578125,
    774.8177490234375,
    -1.0
   ]
  ]
 ],
 "skeleton_percentage": [
  100
 ],
 "angle": [
  75
 ]
}