{
 "frame_index": 465,
 "skeletons": [
  [
   [
    1080.0360107421875,
    303.03375244140625,
    0.983
   ],
   [
    1095.6988525390625,
    262.5565185546875,
    0.988
   ],
   [
    1063.384765625,
    294.4775390625,
    0.886
   ],
   [
    1176.667236328125,
    252.14968872070312,
    0.951
   ],
   [
    1089.469482421875,
    314.8660583496094,
    -1.0
   ],
   [
    1336.3392333984375,
    345.7506103515625,
    0.977
   ],
   [
    1129.22509765625,
    478.09716796875,
    0.942
   ],
   [
    1480.822265625,
    489.5830993652344,
    0.839
   ],
   [
    1128.11279296875,
    703.0958251953125,
    0.507
   ],
   [
    1483.24169921875,
    612.31298828125,
    0.655
   ],
   [
    1109.705810546875,
    711.3329467773438,
    -1.0
   ],
   [
    1435.37451171875,
    705.4735107421875,
    0.511
   ],
   [
    1295.2838134765625,
    754.5498046875,
    -1.0
   ],
   [
    1393.517333984375,
    609.2406005859375,
    -1.0
   ],
   [
    1168.9365234375,
    683.5125122070312,
    -1.0
   ],
   [
    1428.97119140625,
    668.3499145507812,
    -1.0
   ],
   [
    1180.7138671875,
    725.9243774414062,
    -1.0
   ]
  ]
 ],
 "skeleton_percentage": [
  100
 ],
 "angle": [
  75
 ]
}