{
 "frame_index": 466,
 "skeletons": [
  [
   [
    1077.7135009765625,
    302.0807189941406,
    0.984
   ],
   [
    1092.8062744140625,
    260.93927001953125,
    0.989
   ],
   [
    1060.7322998046875,
    294.12188720703125,
    0.883
   ],
   [
    1176.96533203125,
    249.7353057861328,
    0.954
   ],
   [
    1087.5875244140625,
    315.37054443359375,
    -1.0
   ],
   [
    1351.28857421875,
    342.95379638671875,
    0.976
   ],
   [
    1129.4510498046875,
    478.30963134765625,
    0.933
   ],
   [
    1510.16796875,
    481.44390869140625,
    0.861
   ],
   [
    1125.5125732421875,
    693.8094482421875,
    0.523
   ],
   [
    1500.32177734375,
    605.2003173828125,
    0.708
   ],
   [
    1119.1298828125,
    680.989990234375,
    -1.0
   ],
   [
    1454.6942138671875,
    711.336669921875,
    -1.0
   ],
   [
    1300.0772705078125,
    760.596923828125,
    -1.0
   ],
   [
    1425.0655517578125,
    666.7628173828125,
    -1.0
   ],
   [
    1165.3284912109375,
    741.2337646484375,
    -1.0
   ],
   [
    1463.919189453125,
    716.7020874023438,
    -1.0
   ],
   [
    1153.2635498046875,
    772.5272827148438,
    -1.0
   ]
  ]
 ],
 "skeleton_percentage": [
  100
 ],
 "angle": [
  72
 ]
}