{
 "frame_index": 467,
 "skeletons": [
  [
   [
    1073.585693359375,
    288.8683776855469,
    0.984
   ],
   [
    1092.370361328125,
    250.41490173339844,
    0.988
   ],
   [
    1058.579833984375,
    281.14459228515625,
    0.887
   ],
   [
    1177.838134765625,
    249.32901000976562,
    0.949
   ],
   [
    1084.89111328125,
    307.7851867675781,
    -1.0
   ],
   [
    1344.9058837890625,
    341.66552734375,
    0.973
   ],
   [
    1126.923095703125,
    477.23065185546875,
    0.939
   ],
   [
    1505.769287109375,
    470.5247802734375,
    0.846
   ],
   [
    1132.6387939453125,
    694.1875,
    0.561
   ],
   [
    1501.53564453125,
    573.0670166015625,
    0.697
   ],
   [
    1127.0880126953125,
    671.7449951171875,
    -1.0
   ],
   [
    1461.57373046875,
    693.4557495117188,
    0.533
   ],
   [
    1308.0447998046875,
    743.4204711914062,
    -1.0
   ],
   [
    1436.766357421875,
    679.351318359375,
    -1.0
   ],
   [
    1175.8006591796875,
    751.3701782226562,
    -1.0
   ],
   [
    1487.0458984375,
    734.9302368164062,
    -1.0
   ],
   [
    1168.17041015625,
    780.283935546875,
    -1.0
   ]
  ]
 ],
 "skeleton_percentage": [
  100
 ],
 "angle": [
  72
 ]
}