{
 "frame_index": 468,
 "skeletons": [
  [
   [
    1073.32421875,
    291.9981689453125,
    0.983
   ],
   [
    1091.5908203125,
    253.39328002929688,
    0.988
   ],
   [
    1058.3101806640625,
    283.5959777832031,
    0.878
   ],
   [
    1176.0213623046875,
    250.15933227539062,
    0.947
   ],
   [
    1084.05712890625,
    307.58270263671875,
    -1.0
   ],
   [
    1338.8658447265625,
    338.30810546875,
    0.975
   ],
   [
    1129.47705078125,
    475.68072509765625,
    0.937
   ],
   [
    1501.549072265625,
    462.4783630371094,
    0.855
   ],
   [
    1137.6324462890625,
    694.2363891601562,
    0.538
   ],
   [
    1510.977294921875,
    567.0499267578125,
    0.715
   ],
   [
    1135.969970703125,
    674.508056640625,
    -1.0
   ],
   [
    1463.5693359375,
    670.3336181640625,
    0.543
   ],
   [
    1318.3505859375,
    721.9508666992188,
    -1.0
   ],
   [
    1426.720947265625,
    626.685546875,
    -1.0
   ],
   [
    1187.025634765625,
    700.897705078125,
    -1.0
   ],
   [
    1476.77099609375,
    685.93212890625,
    -1.0
   ],
   [
    1191.083740234375,
    731.5197143554688,
    -1.0
   ]
  ]
 ],
 "skeleton_percentage": [
  100
 ],
 "angle": [
  72
 ]
}