{
 "frame_index": 469,
 "skeletons": [
  [
   [
    1068.7435302734375,
    285.3442077636719,
    0.98
   ],
   [
    1090.3974609375,
    244.4995880126953,
    0.982
   ],
   [
    1056.270263671875,
    279.13818359375,
    0.855
   ],
   [
    1181.919189453125,
    244.6709747314453,
    0.926
   ],
   [
    1090.0074462890625,
    309.11767578125,
    -1.0
   ],
   [
    1341.6514892578125,
    325.75811767578125,
    0.97
   ],
   [
    1144.0899658203125,
    464.2008056640625,
    0.941
   ],
   [
    1486.227294921875,
    463.64788818359375,
    0.83
   ],
   [
    1144.3233642578125,
    678.5748291015625,
    0.576
   ],
   [
    1479.5909423828125,
    546.182861328125,
    0.748
   ],
   [
    1034.702392578125,
    631.5834350585938,
    0.5
   ],
   [
    1458.6552734375,
    653.7232055664062,
    0.553
   ],
   [
    1333.975830078125,
    700.7061767578125,
    -1.0
   ],
   [
    1346.2333984375,
    478.9259948730469,
    -1.0
   ],
   [
    1179.586669921875,
    554.1527709960938,
    -1.0
   ],
   [
    1400.797119140625,
    616.4153442382812,
    -1.0
   ],
   [
    1268.8314208984375,
    667.1481323242188,
    -1.0
   ]
  ]
 ],
 "skeleton_percentage": [
  100
 ],
 "angle": [
  72
 ]
}