{
 "frame_index": 470,
 "skeletons": [
  [
   [
    1071.1488037109375,
    290.186767578125,
    0.982
   ],
   [
    1090.354736328125,
    247.3693084716797,
    0.983
   ],
   [
    1058.297607421875,
    283.98150634765625,
    0.877
   ],
   [
    1181.7061767578125,
    240.95269775390625,
    0.919
   ],
   [
    1094.207275390625,
    310.4766540527344,
    -1.0
   ],
   [
    1341.72607421875,
    313.2076721191406,
    0.968
   ],
   [
    1148.6021728515625,
    464.39447021484375,
    0.956
   ],
   [
    1487.4554443359375,
    447.91693115234375,
    0.821
   ],
   [
    1149.167236328125,
    691.2471313476562,
    0.653
   ],
   [
    1498.226806640625,
    539.7701416015625,
    0.758
   ],
   [
    1043.16845703125,
    649.0066528320312,
    0.576
   ],
   [
    1462.779541015625,
    634.4520263671875,
    0.573
   ],
   [
    1341.33203125,
    688.3269653320312,
    0.526
   ],
   [
    1354.7735595703125,
    414.9564208984375,
    -1.0
   ],
   [
    1182.9195556640625,
    502.09991455078125,
    -1.0
   ],
   [
    1417.59619140625,
    587.3125,
    -1.0
   ],
   [
    1280.1500244140625,
    649.7939453125,
    -1.0
   ]
  ]
 ],
 "skeleton_percentage": [
  100
 ],
 "angle": [
  72
 ]
}