{
 "frame_index": 471,
 "skeletons": [
  [
   [
    1077.9796142578125,
    279.299072265625,
    0.983
   ],
   [
    1094.7841796875,
    235.7289276123047,
    0.983
   ],
   [
    1062.4447021484375,
    273.3258056640625,
    0.896
   ],
   [
    1180.3697509765625,
    230.7587127685547,
    0.91
   ],
   [
    1091.77490234375,
    303.8475036621094,
    -1.0
   ],
   [
    1329.477294921875,
    296.3486022949219,
    0.968
   ],
   [
    1148.0220947265625,
    446.52294921875,
    0.955
   ],
   [
    1468.3388671875,
    413.8475646972656,
    0.831
   ],
   [
    1175.515625,
    674.7530517578125,
    0.682
   ],
   [
    1492.5859375,
    493.97344970703125,
    0.786
   ],
   [
    1151.294921875,
    678.1102905273438,
    0.615
   ],
   [
    1449.1666259765625,
    577.208251953125,
    0.652
   ],
   [
    1328.5506591796875,
    633.966552734375,
    0.606
   ],
   [
    1367.8582763671875,
    335.27923583984375,
    0.558
   ],
   [
    1164.85546875,
    425.4315490722656,
    0.507
   ],
   [
    1450.3427734375,
    569.8947143554688,
    -1.0
   ],
   [
    1253.7398681640625,
    647.476318359375,
    -1.0
   ]
  ]
 ],
 "skeleton_percentage": [
  100
 ],
 "angle": [
  72
 ]
}