{
 "frame_index": 472,
 "skeletons": [
  [
   [
    1076.6666259765625,
    280.6207275390625,
    0.978
   ],
   [
    1091.427001953125,
    239.99185180664062,
    0.98
   ],
   [
    1065.900146484375,
    274.902099609375,
    0.852
   ],
   [
    1177.533447265625,
    228.71524047851562,
    0.912
   ],
   [
    1100.63037109375,
    297.54296875,
    -1.0
   ],
   [
    1309.824462890625,
    281.20556640625,
    0.967
   ],
   [
    1154.868408203125,
    434.44342041015625,
    0.937
   ],
   [
    1390.877685546875,
    371.15777587890625,
    0.845
   ],
   [
    1182.2032470703125,
    660.413818359375,
    0.595
   ],
   [
    1357.74072265625,
    393.990478515625,
    0.795
   ],
   [
    1173.825927734375,
    659.7562255859375,
    0.545
   ],
   [
    1428.906494140625,
    554.2496337890625,
    0.747
   ],
   [
    1321.78173828125,
    611.879150390625,
    0.666
   ],
   [
    1343.5081787109375,
    322.0045471191406,
    0.744
   ],
   [
    1163.35791015625,
    409.5524597167969,
    0.655
   ],
   [
    1447.3238525390625,
    549.316650390625,
    0.724
   ],
   [
    1273.764404296875,
    623.560546875,
    0.683
   ]
  ]
 ],
 "skeleton_percentage": [
  100
 ],
 "angle": [
  75
 ]
}