{
 "frame_index": 473,
 "skeletons": [
  [
   [
    1078.759765625,
    274.5345764160156,
    0.982
   ],
   [
    1100.1490478515625,
    234.6987762451172,
    0.983
   ],
   [
    1064.72412109375,
    264.34735107421875,
    0.862
   ],
   [
    1185.9300537109375,
    230.19915771484375,
    0.929
   ],
   [
    1095.19580078125,
    286.2642517089844,
    -1.0
   ],
   [
    1332.556884765625,
    303.4625244140625,
    0.974
   ],
   [
    1156.9556884765625,
    450.1845703125,
    0.952
   ],
   [
    1497.6143798828125,
    423.29241943359375,
    0.86
   ],
   [
    1188.518798828125,
    685.7406005859375,
    0.63
   ],
   [
    1494.9786376953125,
    509.85125732421875,
    0.777
   ],
   [
    1086.63671875,
    664.2119140625,
    0.531
   ],
   [
    1461.4190673828125,
    658.158447265625,
    0.659
   ],
   [
    1350.2401123046875,
    710.2485961914062,
    0.582
   ],
   [
    1369.53515625,
    556.3634643554688,
    -1.0
   ],
   [
    1222.526123046875,
    631.1492919921875,
    -1.0
   ],
   [
    1428.8251953125,
    701.6463012695312,
    -1.0
   ],
   [
    1312.4306640625,
    736.9051513671875,
    -1.0
   ]
  ]
 ],
 "skeleton_percentage": [
  100
 ],
 "angle": [
  75
 ]
}