{
 "frame_index": 474,
 "skeletons": [
  [
   [
    1078.703857421875,
    274.0950927734375,
    0.982
   ],
   [
    1100.1494140625,
    233.89599609375,
    0.983
   ],
   [
    1065.0513916015625,
    264.3788146972656,
    0.864
   ],
   [
    1186.646484375,
    230.29737854003906,
    0.928
   ],
   [
    1096.318115234375,
    287.7093505859375,
    -1.0
   ],
   [
    1333.1195068359375,
    301.4465637207031,
    0.972
   ],
   [
    1158.4560546875,
    448.6590576171875,
    0.95
   ],
   [
    1493.07763671875,
    419.54144287109375,
    0.849
   ],
   [
    1187.5048828125,
    682.54052734375,
    0.619
   ],
   [
    1487.7666015625,
    503.0321044921875,
    0.77
   ],
   [
    1091.8758544921875,
    661.333251953125,
    0.528
   ],
   [
    1461.343994140625,
    642.16455078125,
    0.633
   ],
   [
    1351.3541259765625,
    694.3713989257812,
    0.557
   ],
   [
    1363.937744140625,
    507.94000244140625,
    -1.0
   ],
   [
    1218.99072265625,
    583.7783203125,
    -1.0
   ],
   [
    1423.929931640625,
    668.6491088867188,
    -1.0
   ],
   [
    1312.5782470703125,
    707.0230712890625,
    -1.0
   ]
  ]
 ],
 "skeleton_percentage": [
  100
 ],
 "angle": [
  75
 ]
}