{
 "frame_index": 475,
 "skeletons": [
  [
   [
    1083.764892578125,
    276.1474914550781,
    0.985
   ],
   [
    1101.924072265625,
    235.9263916015625,
    0.99
   ],
   [
    1067.424560546875,
    266.1993408203125,
    0.889
   ],
   [
    1184.8695068359375,
    232.14236450195312,
    0.955
   ],
   [
    1095.569580078125,
    292.584228515625,
    -1.0
   ],
   [
    1340.7393798828125,
    305.20245361328125,
    0.979
   ],
   [
    1150.882568359375,
    451.96417236328125,
    0.94
   ],
   [
    1511.3642578125,
    431.78851318359375,
    0.873
   ],
   [
    1168.12890625,
    696.738525390625,
    0.556
   ],
   [
    1504.233642578125,
    521.2314453125,
    0.756
   ],
   [
    1182.8165283203125,
    715.5492553710938,
    -1.0
   ],
   [
    1459.50341796875,
    659.18701171875,
    0.669
   ],
   [
    1328.3087158203125,
    713.2256469726562,
    0.536
   ],
   [
    1403.354248046875,
    567.7597045898438,
    -1.0
   ],
   [
    1185.636962890625,
    640.0964965820312,
    -1.0
   ],
   [
    1458.6962890625,
    730.499755859375,
    -1.0
   ],
   [
    1197.8355712890625,
    773.9163818359375,
    -1.0
   ]
  ]
 ],
 "skeleton_percentage": [
  100
 ],
 "angle": [
  77
 ]
}