{
 "frame_index": 476,
 "skeletons": [
  [
   [
    1076.247802734375,
    279.1593933105469,
    0.985
   ],
   [
    1094.7705078125,
    237.2350616455078,
    0.986
   ],
   [
    1063.04443359375,
    270.91412353515625,
    0.909
   ],
   [
    1184.0068359375,
    225.56886291503906,
    0.929
   ],
   [
    1098.9609375,
    293.5595703125,
    -1.0
   ],
   [
    1336.814697265625,
    286.6831359863281,
    0.958
   ],
   [
    1156.8697509765625,
    455.40167236328125,
    0.954
   ],
   [
    1485.38427734375,
    391.37713623046875,
    0.723
   ],
   [
    1166.3011474609375,
    681.1334228515625,
    0.624
   ],
   [
    1480.5888671875,
    490.4577941894531,
    0.596
   ],
   [
    1075.541748046875,
    644.3770141601562,
    -1.0
   ],
   [
    1458.7578125,
    645.37158203125,
    0.52
   ],
   [
    1343.070068359375,
    705.197265625,
    0.517
   ],
   [
    1361.451904296875,
    523.3418579101562,
    -1.0
   ],
   [
    1210.8359375,
    612.8575439453125,
    -1.0
   ],
   [
    1418.53271484375,
    693.1547241210938,
    -1.0
   ],
   [
    1300.5706787109375,
    745.165771484375,
    -1.0
   ]
  ]
 ],
 "skeleton_percentage": [
  100
 ],
 "angle": [
  75
 ]
}