{
 "frame_index": 477,
 "skeletons": [
  [
   [
    1076.0859375,
    279.53216552734375,
    0.986
   ],
   [
    1094.61962890625,
    237.6844024658203,
    0.986
   ],
   [
    1062.9879150390625,
    271.33154296875,
    0.914
   ],
   [
    1183.9713134765625,
    225.8565216064453,
    0.929
   ],
   [
    1098.822265625,
    293.70562744140625,
    -1.0
   ],
   [
    1337.9462890625,
    287.04638671875,
    0.959
   ],
   [
    1155.1512451171875,
    456.305419921875,
    0.958
   ],
   [
    1493.41455078125,
    394.607421875,
    0.726
   ],
   [
    1164.5701904296875,
    682.6048583984375,
    0.648
   ],
   [
    1497.435791015625,
    502.75848388671875,
    0.6
   ],
   [
    1068.7867431640625,
    642.3975830078125,
    0.501
   ],
   [
    1461.0311279296875,
    644.125244140625,
    0.524
   ],
   [
    1343.0150146484375,
    704.4833984375,
    0.53
   ],
   [
    1370.3792724609375,
    524.354248046875,
    -1.0
   ],
   [
    1211.1865234375,
    615.1693725585938,
    -1.0
   ],
   [
    1433.888916015625,
    690.74072265625,
    -1.0
   ],
   [
    1302.99267578125,
    742.4339599609375,
    -1.0
   ]
  ]
 ],
 "skeleton_percentage": [
  100
 ],
 "angle": [
  75
 ]
}