{
 "frame_index": 478,
 "skeletons": [
  [
   [
    1085.4326171875,
    289.2441101074219,
    0.981
   ],
   [
    1095.369384765625,
    253.52403259277344,
    0.981
   ],
   [
    1074.093017578125,
    280.29962158203125,
    0.88
   ],
   [
    1176.927734375,
    226.27867126464844,
    0.925
   ],
   [
    1110.99853515625,
    284.1903381347656,
    -1.0
   ],
   [
    1336.91015625,
    277.65191650390625,
    0.967
   ],
   [
    1155.410888671875,
    428.0457763671875,
    0.965
   ],
   [
    1478.1883544921875,
    388.49237060546875,
    0.803
   ],
   [
    1173.1937255859375,
    661.9380493164062,
    0.735
   ],
   [
    1489.21533203125,
    497.351318359375,
    0.683
   ],
   [
    1149.3629150390625,
    681.08837890625,
    0.568
   ],
   [
    1459.8330078125,
    629.810546875,
    0.667
   ],
   [
    1341.5516357421875,
    684.7210693359375,
    0.67
   ],
   [
    1361.4111328125,
    610.0794677734375,
    -1.0
   ],
   [
    1218.0694580078125,
    689.0855712890625,
    -1.0
   ],
   [
    1407.2218017578125,
    713.423583984375,
    -1.0
   ],
   [
    1308.4024658203125,
    759.0477294921875,
    -1.0
   ]
  ]
 ],
 "skeleton_percentage": [
  100
 ],
 "angle": [
  74
 ]
}