{
 "frame_index": 479,
 "skeletons": [
  [
   [
    1089.189453125,
    275.0589904785156,
    0.979
   ],
   [
    1102.5965576171875,
    235.27090454101562,
    0.985
   ],
   [
    1076.6376953125,
    266.15692138671875,
    0.83
   ],
   [
    1188.0955810546875,
    219.12994384765625,
    0.949
   ],
   [
    1111.8179931640625,
    280.8179931640625,
    -1.0
   ],
   [
    1346.3712158203125,
    285.2277526855469,
    0.977
   ],
   [
    1160.4859619140625,
    437.3408203125,
    0.936
   ],
   [
    1456.9849853515625,
    399.8184814453125,
    0.864
   ],
   [
    1170.3677978515625,
    682.7401123046875,
    0.508
   ],
   [
    1396.664306640625,
    419.46771240234375,
    0.759
   ],
   [
    1194.4786376953125,
    683.4500732421875,
    -1.0
   ],
   [
    1470.029296875,
    612.6677856445312,
    0.599
   ],
   [
    1341.589111328125,
    669.6558837890625,
    -1.0
   ],
   [
    1384.49853515625,
    485.2967834472656,
    -1.0
   ],
   [
    1185.9964599609375,
    562.7633056640625,
    -1.0
   ],
   [
    1431.01025390625,
    622.7745971679688,
    -1.0
   ],
   [
    1215.171875,
    675.2927856445312,
    -1.0
   ]
  ]
 ],
 "skeleton_percentage": [
  100
 ],
 "angle": [
  72
 ]
}