{
 "frame_index": 480,
 "skeletons": [
  [
   [
    1088.4832763671875,
    274.3807678222656,
    0.979
   ],
   [
    1101.4951171875,
    234.45730590820312,
    0.986
   ],
   [
    1075.99853515625,
    265.0015869140625,
    0.825
   ],
   [
    1186.958984375,
    217.4251708984375,
    0.95
   ],
   [
    1112.0198974609375,
    278.210693359375,
    -1.0
   ],
   [
    1349.196044921875,
    285.46697998046875,
    0.979
   ],
   [
    1161.4439697265625,
    435.3146667480469,
    0.937
   ],
   [
    1473.261962890625,
    404.212158203125,
    0.869
   ],
   [
    1170.5177001953125,
    682.3167114257812,
    0.51
   ],
   [
    1436.234619140625,
    439.68511962890625,
    0.759
   ],
   [
    1196.809814453125,
    684.5527954101562,
    -1.0
   ],
   [
    1475.0452880859375,
    619.6448364257812,
    0.601
   ],
   [
    1347.550537109375,
    675.63037109375,
    -1.0
   ],
   [
    1378.3485107421875,
    499.5848693847656,
    -1.0
   ],
   [
    1189.316650390625,
    576.8968505859375,
    -1.0
   ],
   [
    1423.27392578125,
    634.9359130859375,
    -1.0
   ],
   [
    1222.7138671875,
    686.9302978515625,
    -1.0
   ]
  ]
 ],
 "skeleton_percentage": [
  100
 ],
 "angle": [
  74
 ]
}