{
 "frame_index": 481,
 "skeletons": [
  [
   [
    1094.4951171875,
    270.2061767578125,
    0.982
   ],
   [
    1107.0712890625,
    230.00106811523438,
    0.985
   ],
   [
    1080.1453857421875,
    261.4854736328125,
    0.868
   ],
   [
    1190.757080078125,
    212.44842529296875,
    0.948
   ],
   [
    1113.5784912109375,
    275.9727478027344,
    -1.0
   ],
   [
    1352.09912109375,
    291.61260986328125,
    0.978
   ],
   [
    1154.47314453125,
    438.67041015625,
    0.958
   ],
   [
    1483.43994140625,
    408.103271484375,
    0.848
   ],
   [
    1165.2022705078125,
    673.952392578125,
    0.616
   ],
   [
    1452.248046875,
    454.98431396484375,
    0.723
   ],
   [
    1192.0655517578125,
    681.6290893554688,
    -1.0
   ],
   [
    1458.436767578125,
    652.7012939453125,
    0.624
   ],
   [
    1322.66064453125,
    708.4815673828125,
    0.525
   ],
   [
    1400.60107421875,
    581.5860595703125,
    -1.0
   ],
   [
    1194.6827392578125,
    659.6604614257812,
    -1.0
   ],
   [
    1443.21142578125,
    678.4364624023438,
    -1.0
   ],
   [
    1219.600830078125,
    736.7860107421875,
    -1.0
   ]
  ]
 ],
 "skeleton_percentage": [
  100
 ],
 "angle": [
  73
 ]
}