{
 "frame_index": 482,
 "skeletons": [
  [
   [
    1099.786376953125,
    265.5881652832031,
    0.987
   ],
   [
    1115.012451171875,
    223.37167358398438,
    0.985
   ],
   [
    1077.5694580078125,
    255.34185791015625,
    0.927
   ],
   [
    1193.2939453125,
    204.01815795898438,
    0.933
   ],
   [
    1096.879150390625,
    275.291259765625,
    -1.0
   ],
   [
    1342.9892578125,
    279.11175537109375,
    0.971
   ],
   [
    1159.85498046875,
    441.283447265625,
    0.979
   ],
   [
    1498.933837890625,
    381.1183776855469,
    0.832
   ],
   [
    1202.453369140625,
    670.7509155273438,
    0.846
   ],
   [
    1477.8602294921875,
    501.761474609375,
    0.754
   ],
   [
    1183.5684814453125,
    708.6326904296875,
    0.738
   ],
   [
    1481.6435546875,
    690.053466796875,
    0.825
   ],
   [
    1361.808349609375,
    751.2647094726562,
    0.858
   ],
   [
    1400.46923828125,
    803.4451904296875,
    -1.0
   ],
   [
    1284.81201171875,
    885.7115478515625,
    -1.0
   ],
   [
    1462.49365234375,
    925.6710205078125,
    -1.0
   ],
   [
    1392.970703125,
    980.7958374023438,
    -1.0
   ]
  ],
  [
   [
    1103.1568603515625,
    265.3140869140625,
    0.984
   ],
   [
    1115.0159912109375,
    224.4100799560547,
    0.986
   ],
   [
    1085.0745849609375,
    257.5672607421875,
    0.893
   ],
   [
    1193.52294921875,
    207.9063720703125,
    0.947
   ],
   [
    1111.93212890625,
    275.9845275878906,
    -1.0
   ],
   [
    1353.58203125,
    292.75079345703125,
    0.981
   ],
   [
    1150.964599609375,
    439.53350830078125,
    0.97
   ],
   [
    1506.244140625,
    410.841796875,
    0.872
   ],
   [
    1165.512939453125,
    660.9828491210938,
    0.714
   ],
   [
    1502.4324951171875,
    514.7101440429688,
    0.749
   ],
   [
    1193.7847900390625,
    667.6357421875,
    0.542
   ],
   [
    1458.124267578125,
    669.6824951171875,
    0.711
   ],
   [
    1319.73486328125,
    727.65673828125,
    0.643
   ],
   [
    1433.349365234375,
    655.69970703125,
    -1.0
   ],
   [
    1224.25390625,
    739.9568481445312,
    -1.0
   ],
   [
    1480.0595703125,
    742.7547607421875,
    -1.0
   ],
   [
    1247.1790771484375,
    808.3980102539062,
    -1.0
   ]
  ]
 ],
 "skeleton_percentage": [
  100,
  100
 ],
 "angle": [
  99,
  73
 ]
}