{
 "frame_index": 483,
 "skeletons": [
  [
   [
    1103.5234375,
    264.48748779296875,
    0.984
   ],
   [
    1115.5277099609375,
    223.61695861816406,
    0.986
   ],
   [
    1085.361083984375,
    256.70184326171875,
    0.894
   ],
   [
    1193.8463134765625,
    207.71141052246094,
    0.947
   ],
   [
    1111.85205078125,
    275.5687561035156,
    -1.0
   ],
   [
    1353.764404296875,
    292.7813720703125,
    0.981
   ],
   [
    1151.263671875,
    438.97381591796875,
    0.97
   ],
   [
    1505.1756591796875,
    412.24603271484375,
    0.869
   ],
   [
    1165.722412109375,
    661.47509765625,
    0.712
   ],
   [
    1499.6044921875,
    514.3759765625,
    0.745
   ],
   [
    1195.3577880859375,
    669.5718994140625,
    0.539
   ],
   [
    1460.244140625,
    668.0833740234375,
    0.709
   ],
   [
    1322.013916015625,
    725.8671875,
    0.642
   ],
   [
    1433.93798828125,
    652.3602294921875,
    -1.0
   ],
   [
    1225.391845703125,
    735.9066162109375,
    -1.0
   ],
   [
    1480.7899169921875,
    741.9217529296875,
    -1.0
   ],
   [
    1248.791015625,
    807.0540771484375,
    -1.0
   ]
  ],
  [
   [
    1099.82666015625,
    264.9595947265625,
    0.987
   ],
   [
    1115.2119140625,
    222.81423950195312,
    0.985
   ],
   [
    1077.5179443359375,
    254.85446166992188,
    0.926
   ],
   [
    1193.6337890625,
    203.6593780517578,
    0.932
   ],
   [
    1096.392578125,
    274.8961181640625,
    -1.0
   ],
   [
    1342.745849609375,
    278.5801696777344,
    0.97
   ],
   [
    1159.735107421875,
    439.135498046875,
    0.978
   ],
   [
    1497.0732421875,
    382.8944091796875,
    0.827
   ],
   [
    1202.13037109375,
    668.024658203125,
    0.838
   ],
   [
    1475.132080078125,
    502.5768127441406,
    0.748
   ],
   [
    1184.7156982421875,
    704.93408203125,
    0.729
   ],
   [
    1482.8271484375,
    681.6292724609375,
    0.816
   ],
   [
    1363.635009765625,
    742.3389892578125,
    0.849
   ],
   [
    1399.919921875,
    787.7320556640625,
    -1.0
   ],
   [
    1287.3560791015625,
    869.2989501953125,
    -1.0
   ],
   [
    1463.153564453125,
    907.353515625,
    -1.0
   ],
   [
    1399.6988525390625,
    962.6170654296875,
    -1.0
   ]
  ]
 ],
 "skeleton_percentage": [
  100,
  100
 ],
 "angle": [
  74,
  98
 ]
}