{
 "frame_index": 484,
 "skeletons": [
  [
   [
    1102.3544921875,
    259.6380310058594,
    0.983
   ],
   [
    1115.2449951171875,
    219.17022705078125,
    0.985
   ],
   [
    1085.97412109375,
    253.01673889160156,
    0.891
   ],
   [
    1193.076171875,
    207.3833770751953,
    0.938
   ],
   [
    1111.60498046875,
    276.24383544921875,
    -1.0
   ],
   [
    1344.7525634765625,
    278.60443115234375,
    0.976
   ],
   [
    1153.8182373046875,
    435.2283935546875,
    0.959
   ],
   [
    1472.213134765625,
    378.28936767578125,
    0.841
   ],
   [
    1171.189208984375,
    660.060791015625,
    0.641
   ],
   [
    1425.0550537109375,
    428.47735595703125,
    0.739
   ],
   [
    1206.597900390625,
    671.468505859375,
    -1.0
   ],
   [
    1461.857666015625,
    611.1384887695312,
    0.593
   ],
   [
    1332.79052734375,
    671.4842529296875,
    0.508
   ],
   [
    1389.1260986328125,
    489.56927490234375,
    -1.0
   ],
   [
    1201.139892578125,
    572.345458984375,
    -1.0
   ],
   [
    1436.1524658203125,
    624.089111328125,
    -1.0
   ],
   [
    1245.6304931640625,
    685.1011962890625,
    -1.0
   ]
  ]
 ],
 "skeleton_percentage": [
  100
 ],
 "angle": [
  71
 ]
}