{
 "frame_index": 485,
 "skeletons": [
  [
   [
    1104.80078125,
    257.39862060546875,
    0.984
   ],
   [
    1118.351318359375,
    218.50656127929688,
    0.985
   ],
   [
    1088.241455078125,
    249.9195556640625,
    0.894
   ],
   [
    1197.29638671875,
    206.70144653320312,
    0.948
   ],
   [
    1115.919921875,
    270.60546875,
    -1.0
   ],
   [
    1353.185791015625,
    287.0293273925781,
    0.98
   ],
   [
    1155.68505859375,
    431.9205322265625,
    0.97
   ],
   [
    1484.494873046875,
    403.739501953125,
    0.86
   ],
   [
    1168.661376953125,
    662.132080078125,
    0.717
   ],
   [
    1449.494140625,
    461.7845458984375,
    0.739
   ],
   [
    1200.576416015625,
    674.696044921875,
    0.539
   ],
   [
    1462.349609375,
    655.7689819335938,
    0.699
   ],
   [
    1326.7364501953125,
    711.84228515625,
    0.64
   ],
   [
    1419.3609619140625,
    647.9586181640625,
    -1.0
   ],
   [
    1219.2723388671875,
    724.7552490234375,
    -1.0
   ],
   [
    1459.8353271484375,
    743.9859008789062,
    -1.0
   ],
   [
    1238.5792236328125,
    801.7435913085938,
    -1.0
   ]
  ]
 ],
 "skeleton_percentage": [
  100
 ],
 "angle": [
  71
 ]
}