{
 "frame_index": 486,
 "skeletons": [
  [
   [
    1104.5443115234375,
    257.62567138671875,
    0.984
   ],
   [
    1117.98583984375,
    218.67283630371094,
    0.985
   ],
   [
    1088.25537109375,
    250.23654174804688,
    0.893
   ],
   [
    1197.1920166015625,
    206.62005615234375,
    0.947
   ],
   [
    1116.3524169921875,
    270.8089599609375,
    -1.0
   ],
   [
    1352.648681640625,
    286.0531311035156,
    0.979
   ],
   [
    1155.83056640625,
    432.0147399902344,
    0.97
   ],
   [
    1478.712890625,
    400.45184326171875,
    0.858
   ],
   [
    1169.4117431640625,
    662.2103271484375,
    0.716
   ],
   [
    1440.6331787109375,
    451.4443359375,
    0.737
   ],
   [
    1201.597412109375,
    675.30908203125,
    0.537
   ],
   [
    1462.64794921875,
    652.6261596679688,
    0.698
   ],
   [
    1326.978271484375,
    709.194580078125,
    0.641
   ],
   [
    1418.4384765625,
    636.3267822265625,
    -1.0
   ],
   [
    1216.240234375,
    713.78955078125,
    -1.0
   ],
   [
    1459.544189453125,
    734.7080078125,
    -1.0
   ],
   [
    1237.097900390625,
    793.7862548828125,
    -1.0
   ]
  ]
 ],
 "skeleton_percentage": [
  100
 ],
 "angle": [
  71
 ]
}