{
 "frame_index": 487,
 "skeletons": [
  [
   [
    1106.343017578125,
    254.83213806152344,
    0.982
   ],
   [
    1121.716552734375,
    215.54347229003906,
    0.984
   ],
   [
    1091.8858642578125,
    248.3730010986328,
    0.875
   ],
   [
    1203.0472412109375,
    207.8394012451172,
    0.942
   ],
   [
    1120.99609375,
    273.5834655761719,
    -1.0
   ],
   [
    1351.3646240234375,
    282.30389404296875,
    0.977
   ],
   [
    1158.965087890625,
    437.705810546875,
    0.962
   ],
   [
    1446.961181640625,
    386.72705078125,
    0.849
   ],
   [
    1172.38134765625,
    671.6263427734375,
    0.653
   ],
   [
    1361.0526123046875,
    389.5791015625,
    0.741
   ],
   [
    1198.8277587890625,
    672.6707763671875,
    -1.0
   ],
   [
    1465.8402099609375,
    643.56689453125,
    0.652
   ],
   [
    1333.0921630859375,
    702.81494140625,
    0.571
   ],
   [
    1395.23046875,
    545.2955322265625,
    -1.0
   ],
   [
    1201.2244873046875,
    624.1231689453125,
    -1.0
   ],
   [
    1444.383056640625,
    670.85791015625,
    -1.0
   ],
   [
    1245.60400390625,
    728.9456787109375,
    -1.0
   ]
  ]
 ],
 "skeleton_percentage": [
  100
 ],
 "angle": [
  74
 ]
}