{
 "frame_index": 488,
 "skeletons": [
  [
   [
    1106.001708984375,
    254.511474609375,
    0.982
   ],
   [
    1121.49267578125,
    215.18417358398438,
    0.984
   ],
   [
    1091.3922119140625,
    248.08834838867188,
    0.878
   ],
   [
    1203.0421142578125,
    207.49072265625,
    0.943
   ],
   [
    1120.6583251953125,
    273.2828369140625,
    -1.0
   ],
   [
    1351.9345703125,
    282.7628479003906,
    0.978
   ],
   [
    1158.7254638671875,
    437.6379089355469,
    0.963
   ],
   [
    1454.411865234375,
    388.5945739746094,
    0.853
   ],
   [
    1172.3001708984375,
    671.5960693359375,
    0.66
   ],
   [
    1378.54443359375,
    398.79388427734375,
    0.745
   ],
   [
    1196.0830078125,
    671.6123046875,
    -1.0
   ],
   [
    1464.576171875,
    646.779541015625,
    0.662
   ],
   [
    1331.82373046875,
    705.8428955078125,
    0.582
   ],
   [
    1396.9478759765625,
    554.4578247070312,
    -1.0
   ],
   [
    1203.445556640625,
    633.6871948242188,
    -1.0
   ],
   [
    1446.827880859375,
    678.1256713867188,
    -1.0
   ],
   [
    1247.5301513671875,
    736.5164794921875,
    -1.0
   ]
  ]
 ],
 "skeleton_percentage": [
  100
 ],
 "angle": [
  73
 ]
}