{
 "frame_index": 489,
 "skeletons": [
  [
   [
    1105.44921875,
    250.98165893554688,
    0.984
   ],
   [
    1121.6953125,
    212.63841247558594,
    0.985
   ],
   [
    1091.1142578125,
    244.22821044921875,
    0.89
   ],
   [
    1203.965576171875,
    206.7603759765625,
    0.943
   ],
   [
    1120.00439453125,
    269.26104736328125,
    -1.0
   ],
   [
    1352.505615234375,
    287.131103515625,
    0.978
   ],
   [
    1158.9736328125,
    435.71722412109375,
    0.968
   ],
   [
    1458.193359375,
    394.6965637207031,
    0.854
   ],
   [
    1178.4051513671875,
    664.2107543945312,
    0.706
   ],
   [
    1390.7127685546875,
    415.74188232421875,
    0.752
   ],
   [
    1207.928955078125,
    665.9319458007812,
    0.546
   ],
   [
    1466.2626953125,
    651.2300415039062,
    0.681
   ],
   [
    1332.42724609375,
    707.945556640625,
    0.62
   ],
   [
    1405.8642578125,
    599.708984375,
    -1.0
   ],
   [
    1212.9986572265625,
    675.81689453125,
    -1.0
   ],
   [
    1453.8822021484375,
    706.5464477539062,
    -1.0
   ],
   [
    1252.7332763671875,
    761.3330078125,
    -1.0
   ]
  ]
 ],
 "skeleton_percentage": [
  100
 ],
 "angle": [
  74
 ]
}