{
 "frame_index": 490,
 "skeletons": [
  [
   [
    1107.2442626953125,
    251.9651641845703,
    0.984
   ],
   [
    1126.0423583984375,
    215.24810791015625,
    0.983
   ],
   [
    1086.5762939453125,
    239.66552734375,
    0.899
   ],
   [
    1205.8675537109375,
    200.69354248046875,
    0.941
   ],
   [
    1107.2032470703125,
    254.5225067138672,
    -1.0
   ],
   [
    1329.9071044921875,
    281.0190734863281,
    0.976
   ],
   [
    1176.525634765625,
    402.9678955078125,
    0.976
   ],
   [
    1440.33447265625,
    397.4813232421875,
    0.865
   ],
   [
    1196.6490478515625,
    625.4783935546875,
    0.824
   ],
   [
    1392.8260498046875,
    506.1535949707031,
    0.782
   ],
   [
    1213.9669189453125,
    693.3004760742188,
    0.714
   ],
   [
    1452.2816162109375,
    664.8775634765625,
    0.912
   ],
   [
    1351.6717529296875,
    709.3248291015625,
    0.918
   ],
   [
    1361.58935546875,
    882.947265625,
    -1.0
   ],
   [
    1292.6751708984375,
    938.232177734375,
    0.505
   ],
   [
    1425.43701171875,
    981.0540161132812,
    -1.0
   ],
   [
    1378.09619140625,
    1017.4945678710938,
    -1.0
   ]
  ],
  [
   [
    1108.908447265625,
    249.4644012451172,
    0.984
   ],
   [
    1125.739990234375,
    212.33731079101562,
    0.984
   ],
   [
    1094.714111328125,
    240.72283935546875,
    0.89
   ],
   [
    1206.81787109375,
    205.2415008544922,
    0.946
   ],
   [
    1123.6094970703125,
    261.7687683105469,
    -1.0
   ],
   [
    1348.0848388671875,
    288.71490478515625,
    0.98
   ],
   [
    1162.3726806640625,
    426.4586181640625,
    0.974
   ],
   [
    1440.4161376953125,
    396.25238037109375,
    0.868
   ],
   [
    1181.964599609375,
    653.7595825195312,
    0.752
   ],
   [
    1356.40771484375,
    397.6899719238281,
    0.783
   ],
   [
    1209.13134765625,
    670.5302124023438,
    0.601
   ],
   [
    1447.108642578125,
    662.9786987304688,
    0.765
   ],
   [
    1319.490234375,
    714.458740234375,
    0.724
   ],
   [
    1385.33349609375,
    653.985107421875,
    -1.0
   ],
   [
    1215.7449951171875,
    720.2404174804688,
    -1.0
   ],
   [
    1416.6376953125,
    759.4803466796875,
    -1.0
   ],
   [
    1247.88232421875,
    807.0582275390625,
    -1.0
   ]
  ]
 ],
 "skeleton_percentage": [
  100,
  100
 ],
 "angle": [
  98,
  73
 ]
}