{
 "frame_index": 491,
 "skeletons": [
  [
   [
    1108.880615234375,
    252.65213012695312,
    0.982
   ],
   [
    1125.4822998046875,
    215.30203247070312,
    0.984
   ],
   [
    1096.6650390625,
    243.94711303710938,
    0.862
   ],
   [
    1209.1993408203125,
    205.78558349609375,
    0.945
   ],
   [
    1128.83984375,
    262.71234130859375,
    -1.0
   ],
   [
    1345.868896484375,
    282.1733703613281,
    0.979
   ],
   [
    1170.0185546875,
    425.06414794921875,
    0.959
   ],
   [
    1426.2618408203125,
    387.9725646972656,
    0.879
   ],
   [
    1181.9683837890625,
    656.78515625,
    0.657
   ],
   [
    1317.43896484375,
    378.2724609375,
    0.807
   ],
   [
    1201.2008056640625,
    664.1361694335938,
    0.536
   ],
   [
    1444.8416748046875,
    645.5579223632812,
    0.725
   ],
   [
    1323.240234375,
    698.1994018554688,
    0.631
   ],
   [
    1369.3751220703125,
    597.9713134765625,
    -1.0
   ],
   [
    1206.441162109375,
    665.5999755859375,
    -1.0
   ],
   [
    1416.74755859375,
    719.950927734375,
    -1.0
   ],
   [
    1248.5457763671875,
    764.8049926757812,
    -1.0
   ]
  ]
 ],
 "skeleton_percentage": [
  100
 ],
 "angle": [
  73
 ]
}