{
 "frame_index": 492,
 "skeletons": [
  [
   [
    1106.3377685546875,
    255.18710327148438,
    0.984
   ],
   [
    1124.37255859375,
    219.50454711914062,
    0.985
   ],
   [
    1090.135009765625,
    241.1100311279297,
    0.872
   ],
   [
    1207.73046875,
    201.75003051757812,
    0.953
   ],
   [
    1118.792724609375,
    249.929443359375,
    -1.0
   ],
   [
    1341.4248046875,
    276.29302978515625,
    0.979
   ],
   [
    1192.5570068359375,
    401.8752136230469,
    0.975
   ],
   [
    1451.5933837890625,
    393.92376708984375,
    0.892
   ],
   [
    1210.406982421875,
    635.6497192382812,
    0.821
   ],
   [
    1365.421630859375,
    494.05206298828125,
    0.811
   ],
   [
    1201.68359375,
    698.3897705078125,
    0.705
   ],
   [
    1472.8076171875,
    681.130615234375,
    0.915
   ],
   [
    1371.449951171875,
    722.6112670898438,
    0.915
   ],
   [
    1356.896728515625,
    885.4969482421875,
    -1.0
   ],
   [
    1271.078125,
    932.3768920898438,
    -1.0
   ],
   [
    1431.3663330078125,
    986.4141845703125,
    -1.0
   ],
   [
    1354.0103759765625,
    1001.2091064453125,
    -1.0
   ]
  ],
  [
   [
    1114.658203125,
    259.2540283203125,
    0.973
   ],
   [
    1132.4549560546875,
    222.86256408691406,
    0.977
   ],
   [
    1097.0982666015625,
    242.8142852783203,
    0.808
   ],
   [
    1216.202392578125,
    203.2290802001953,
    0.952
   ],
   [
    1125.721923828125,
    245.64903259277344,
    -1.0
   ],
   [
    1343.4951171875,
    303.61871337890625,
    0.975
   ],
   [
    1214.1744384765625,
    386.9085388183594,
    0.963
   ],
   [
    1439.6573486328125,
    447.1535339355469,
    0.875
   ],
   [
    1216.8211669921875,
    604.601806640625,
    0.756
   ],
   [
    1358.612548828125,
    539.0513916015625,
    0.784
   ],
   [
    1195.659423828125,
    698.2612915039062,
    0.659
   ],
   [
    1481.6778564453125,
    693.3082275390625,
    0.882
   ],
   [
    1393.5899658203125,
    718.5914916992188,
    0.873
   ],
   [
    1389.910888671875,
    899.7882080078125,
    0.511
   ],
   [
    1316.778564453125,
    922.899658203125,
    -1.0
   ],
   [
    1499.41748046875,
    952.56298828125,
    -1.0
   ],
   [
    1411.95556640625,
    967.1240844726562,
    -1.0
   ]
  ]
 ],
 "skeleton_percentage": [
  100,
  100
 ],
 "angle": [
  98,
  96
 ]
}