{
 "frame_index": 493,
 "skeletons": [
  [
   [
    1110.008056640625,
    248.39474487304688,
    0.982
   ],
   [
    1128.7567138671875,
    217.67642211914062,
    0.982
   ],
   [
    1098.3427734375,
    236.69183349609375,
    0.848
   ],
   [
    1211.884033203125,
    207.7071533203125,
    0.942
   ],
   [
    1123.764404296875,
    247.1861114501953,
    -1.0
   ],
   [
    1338.789794921875,
    277.66583251953125,
    0.981
   ],
   [
    1184.521240234375,
    395.2433166503906,
    0.968
   ],
   [
    1440.804443359375,
    346.55328369140625,
    0.937
   ],
   [
    1204.343505859375,
    598.9443359375,
    0.836
   ],
   [
    1346.845458984375,
    447.80206298828125,
    0.891
   ],
   [
    1212.8447265625,
    693.4864501953125,
    0.773
   ],
   [
    1479.740478515625,
    662.9532470703125,
    0.932
   ],
   [
    1364.485107421875,
    701.6302490234375,
    0.916
   ],
   [
    1413.78662109375,
    869.4920654296875,
    0.531
   ],
   [
    1255.638427734375,
    909.5548095703125,
    -1.0
   ],
   [
    1524.170166015625,
    961.2859497070312,
    -1.0
   ],
   [
    1324.8555908203125,
    966.5081787109375,
    -1.0
   ]
  ]
 ],
 "skeleton_percentage": [
  100
 ],
 "angle": [
  98
 ]
}