{
 "frame_index": 494,
 "skeletons": [
  [
   [
    1109.72216796875,
    247.8563232421875,
    0.982
   ],
   [
    1128.162353515625,
    212.0972442626953,
    0.984
   ],
   [
    1099.0174560546875,
    238.29705810546875,
    0.856
   ],
   [
    1212.6846923828125,
    205.36244201660156,
    0.942
   ],
   [
    1132.4268798828125,
    256.22998046875,
    -1.0
   ],
   [
    1342.7919921875,
    280.5478515625,
    0.977
   ],
   [
    1176.846435546875,
    418.8043212890625,
    0.958
   ],
   [
    1417.6937255859375,
    380.55377197265625,
    0.881
   ],
   [
    1193.053466796875,
    647.2569580078125,
    0.678
   ],
   [
    1303.3641357421875,
    360.904052734375,
    0.815
   ],
   [
    1195.337158203125,
    653.39599609375,
    0.563
   ],
   [
    1443.714599609375,
    648.7400512695312,
    0.731
   ],
   [
    1327.204345703125,
    698.6981201171875,
    0.646
   ],
   [
    1370.2913818359375,
    620.8492431640625,
    -1.0
   ],
   [
    1210.8966064453125,
    682.7454833984375,
    -1.0
   ],
   [
    1417.5777587890625,
    734.1500244140625,
    -1.0
   ],
   [
    1248.45458984375,
    769.15576171875,
    -1.0
   ]
  ]
 ],
 "skeleton_percentage": [
  100
 ],
 "angle": [
  71
 ]
}