{
 "frame_index": 495,
 "skeletons": [
  [
   [
    1109.6700439453125,
    247.99746704101562,
    0.981
   ],
   [
    1128.1572265625,
    212.0965576171875,
    0.983
   ],
   [
    1098.7620849609375,
    238.50686645507812,
    0.855
   ],
   [
    1212.989501953125,
    205.19619750976562,
    0.942
   ],
   [
    1132.362548828125,
    256.4942626953125,
    -1.0
   ],
   [
    1343.7265625,
    280.5888366699219,
    0.976
   ],
   [
    1177.1275634765625,
    418.413818359375,
    0.958
   ],
   [
    1421.083251953125,
    380.88848876953125,
    0.879
   ],
   [
    1193.8221435546875,
    646.0447387695312,
    0.673
   ],
   [
    1308.8565673828125,
    364.8820495605469,
    0.81
   ],
   [
    1197.05517578125,
    654.5032958984375,
    0.555
   ],
   [
    1442.0880126953125,
    650.654296875,
    0.729
   ],
   [
    1325.5152587890625,
    700.2787475585938,
    0.643
   ],
   [
    1368.76904296875,
    625.1209106445312,
    -1.0
   ],
   [
    1211.0386962890625,
    686.8922119140625,
    -1.0
   ],
   [
    1413.8438720703125,
    738.1326904296875,
    -1.0
   ],
   [
    1247.3233642578125,
    773.7359619140625,
    -1.0
   ]
  ]
 ],
 "skeleton_percentage": [
  100
 ],
 "angle": [
  71
 ]
}