{
 "frame_index": 496,
 "skeletons": [
  [
   [
    1111.518310546875,
    248.09671020507812,
    0.982
   ],
   [
    1128.8240966796875,
    211.83888244628906,
    0.984
   ],
   [
    1099.2711181640625,
    238.53341674804688,
    0.859
   ],
   [
    1211.7335205078125,
    202.2960662841797,
    0.943
   ],
   [
    1132.6849365234375,
    254.8080596923828,
    -1.0
   ],
   [
    1345.369140625,
    279.3056945800781,
    0.978
   ],
   [
    1180.211181640625,
    413.24041748046875,
    0.961
   ],
   [
    1440.6734619140625,
    387.76116943359375,
    0.879
   ],
   [
    1195.084716796875,
    637.6981201171875,
    0.686
   ],
   [
    1356.034423828125,
    403.81463623046875,
    0.799
   ],
   [
    1189.937744140625,
    640.4666748046875,
    0.559
   ],
   [
    1436.3421630859375,
    654.85595703125,
    0.751
   ],
   [
    1324.244873046875,
    702.6815185546875,
    0.675
   ],
   [
    1363.943359375,
    642.5228881835938,
    -1.0
   ],
   [
    1221.49609375,
    705.094482421875,
    -1.0
   ],
   [
    1397.767822265625,
    752.2462158203125,
    -1.0
   ],
   [
    1252.2117919921875,
    789.9400634765625,
    -1.0
   ]
  ],
  [
   [
    1106.3206787109375,
    249.9833984375,
    0.982
   ],
   [
    1124.8594970703125,
    215.45648193359375,
    0.984
   ],
   [
    1090.1224365234375,
    237.65130615234375,
    0.877
   ],
   [
    1208.579833984375,
    198.3683624267578,
    0.948
   ],
   [
    1117.8330078125,
    246.4694366455078,
    -1.0
   ],
   [
    1334.969482421875,
    272.6128845214844,
    0.976
   ],
   [
    1191.143310546875,
    388.598876953125,
    0.966
   ],
   [
    1459.3768310546875,
    379.1746826171875,
    0.873
   ],
   [
    1208.3973388671875,
    597.1868896484375,
    0.765
   ],
   [
    1396.949951171875,
    501.3980712890625,
    0.796
   ],
   [
    1211.829833984375,
    683.955322265625,
    0.658
   ],
   [
    1453.577880859375,
    648.7896728515625,
    0.903
   ],
   [
    1359.294921875,
    687.9176025390625,
    0.895
   ],
   [
    1352.0560302734375,
    857.2252807617188,
    0.509
   ],
   [
    1290.7991943359375,
    902.1785888671875,
    -1.0
   ],
   [
    1429.091552734375,
    949.676513671875,
    -1.0
   ],
   [
    1381.7618408203125,
    968.7361450195312,
    -1.0
   ]
  ]
 ],
 "skeleton_percentage": [
  100,
  100
 ],
 "angle": [
  71,
  98
 ]
}