{
 "frame_index": 497,
 "skeletons": [
  [
   [
    1111.819580078125,
    248.62326049804688,
    0.982
   ],
   [
    1128.958251953125,
    212.20005798339844,
    0.984
   ],
   [
    1099.57861328125,
    239.2413330078125,
    0.859
   ],
   [
    1211.970458984375,
    202.54385375976562,
    0.943
   ],
   [
    1132.846923828125,
    255.77658081054688,
    -1.0
   ],
   [
    1347.1177978515625,
    278.75750732421875,
    0.978
   ],
   [
    1179.653076171875,
    414.6768493652344,
    0.961
   ],
   [
    1444.396484375,
    385.04168701171875,
    0.88
   ],
   [
    1194.6903076171875,
    639.6112670898438,
    0.687
   ],
   [
    1360.942626953125,
    400.2565612792969,
    0.801
   ],
   [
    1192.262939453125,
    644.916015625,
    0.558
   ],
   [
    1440.082275390625,
    653.6209716796875,
    0.746
   ],
   [
    1326.09716796875,
    702.3704223632812,
    0.669
   ],
   [
    1366.65869140625,
    636.5379638671875,
    -1.0
   ],
   [
    1219.561767578125,
    700.168701171875,
    -1.0
   ],
   [
    1402.6290283203125,
    746.1021728515625,
    -1.0
   ],
   [
    1251.4168701171875,
    784.7249755859375,
    -1.0
   ]
  ],
  [
   [
    1106.8267822265625,
    250.76846313476562,
    0.982
   ],
   [
    1125.123291015625,
    216.21908569335938,
    0.983
   ],
   [
    1090.560791015625,
    238.81448364257812,
    0.877
   ],
   [
    1208.6971435546875,
    198.615234375,
    0.946
   ],
   [
    1118.0938720703125,
    247.60995483398438,
    -1.0
   ],
   [
    1335.606689453125,
    271.5516662597656,
    0.976
   ],
   [
    1191.11181640625,
    389.066162109375,
    0.967
   ],
   [
    1464.7039794921875,
    375.02838134765625,
    0.868
   ],
   [
    1208.6265869140625,
    596.8106689453125,
    0.767
   ],
   [
    1405.483642578125,
    494.57427978515625,
    0.79
   ],
   [
    1211.084228515625,
    684.510986328125,
    0.658
   ],
   [
    1455.212646484375,
    642.1228637695312,
    0.895
   ],
   [
    1360.9493408203125,
    682.0386962890625,
    0.89
   ],
   [
    1356.1572265625,
    842.9527587890625,
    -1.0
   ],
   [
    1295.2900390625,
    888.4759521484375,
    -1.0
   ],
   [
    1436.4296875,
    927.5070190429688,
    -1.0
   ],
   [
    1391.084228515625,
    947.45947265625,
    -1.0
   ]
  ]
 ],
 "skeleton_percentage": [
  100,
  100
 ],
 "angle": [
  71,
  97
 ]
}