{
 "frame_index": 498,
 "skeletons": [
  [
   [
    1112.6414794921875,
    255.18722534179688,
    0.981
   ],
   [
    1125.4720458984375,
    223.11920166015625,
    0.975
   ],
   [
    1102.984375,
    248.1207275390625,
    0.88
   ],
   [
    1205.823486328125,
    206.8627166748047,
    0.92
   ],
   [
    1135.7039794921875,
    259.93994140625,
    -1.0
   ],
   [
    1348.9609375,
    259.52032470703125,
    0.973
   ],
   [
    1181.55859375,
    399.0662841796875,
    0.981
   ],
   [
    1448.9127197265625,
    336.05426025390625,
    0.866
   ],
   [
    1200.95556640625,
    597.4187622070312,
    0.885
   ],
   [
    1363.4346923828125,
    436.1776428222656,
    0.803
   ],
   [
    1217.7330322265625,
    657.6647338867188,
    0.785
   ],
   [
    1469.5146484375,
    594.3488159179688,
    0.865
   ],
   [
    1353.4696044921875,
    642.860595703125,
    0.89
   ],
   [
    1375.14599609375,
    661.4496459960938,
    -1.0
   ],
   [
    1234.961181640625,
    724.0046997070312,
    -1.0
   ],
   [
    1440.498779296875,
    758.378173828125,
    -1.0
   ],
   [
    1320.5452880859375,
    788.173095703125,
    -1.0
   ]
  ]
 ],
 "skeleton_percentage": [
  100
 ],
 "angle": [
  72
 ]
}