{
 "frame_index": 499,
 "skeletons": [
  [
   [
    1120.9591064453125,
    265.57122802734375,
    0.97
   ],
   [
    1132.160400390625,
    226.84716796875,
    0.978
   ],
   [
    1107.786376953125,
    255.234375,
    0.746
   ],
   [
    1210.4959716796875,
    204.6451416015625,
    0.946
   ],
   [
    1140.6058349609375,
    264.1845397949219,
    -1.0
   ],
   [
    1345.6092529296875,
    276.42620849609375,
    0.979
   ],
   [
    1189.7762451171875,
    408.50701904296875,
    0.935
   ],
   [
    1374.6494140625,
    401.1993408203125,
    0.907
   ],
   [
    1190.023193359375,
    641.620361328125,
    0.551
   ],
   [
    1218.1519775390625,
    342.26556396484375,
    0.85
   ],
   [
    1187.6458740234375,
    637.4854736328125,
    -1.0
   ],
   [
    1447.36083984375,
    623.6243896484375,
    0.709
   ],
   [
    1338.8570556640625,
    671.3999633789062,
    0.545
   ],
   [
    1344.8402099609375,
    530.8603515625,
    -1.0
   ],
   [
    1198.9400634765625,
    592.6614379882812,
    -1.0
   ],
   [
    1391.740966796875,
    650.4530029296875,
    -1.0
   ],
   [
    1250.595947265625,
    703.3490600585938,
    -1.0
   ]
  ]
 ],
 "skeleton_percentage": [
  100
 ],
 "angle": [
  72
 ]
}