{
 "frame_index": 500,
 "skeletons": [
  [
   [
    1117.86865234375,
    257.75909423828125,
    0.969
   ],
   [
    1130.8310546875,
    219.4394073486328,
    0.978
   ],
   [
    1107.1923828125,
    248.93032836914062,
    0.721
   ],
   [
    1212.011962890625,
    202.67153930664062,
    0.939
   ],
   [
    1141.189697265625,
    262.3083801269531,
    -1.0
   ],
   [
    1340.024658203125,
    269.986572265625,
    0.978
   ],
   [
    1193.0673828125,
    413.0922546386719,
    0.923
   ],
   [
    1358.9306640625,
    384.7255554199219,
    0.915
   ],
   [
    1197.8983154296875,
    649.93603515625,
    0.515
   ],
   [
    1202.2332763671875,
    335.3629150390625,
    0.867
   ],
   [
    1196.939697265625,
    642.8413696289062,
    -1.0
   ],
   [
    1462.2147216796875,
    602.8818359375,
    0.703
   ],
   [
    1358.7073974609375,
    655.5420532226562,
    0.515
   ],
   [
    1339.3275146484375,
    471.87371826171875,
    -1.0
   ],
   [
    1198.0767822265625,
    541.027587890625,
    -1.0
   ],
   [
    1406.904296875,
    603.0798950195312,
    -1.0
   ],
   [
    1269.8193359375,
    655.2645874023438,
    -1.0
   ]
  ]
 ],
 "skeleton_percentage": [
  100
 ],
 "angle": [
  72
 ]
}