{
 "frame_index": 501,
 "skeletons": [
  [
   [
    1118.23779296875,
    260.461181640625,
    0.968
   ],
   [
    1130.5220947265625,
    221.9275360107422,
    0.977
   ],
   [
    1107.587646484375,
    251.1785888671875,
    0.715
   ],
   [
    1211.494384765625,
    203.38233947753906,
    0.939
   ],
   [
    1142.021728515625,
    262.87054443359375,
    -1.0
   ],
   [
    1341.745849609375,
    270.303466796875,
    0.978
   ],
   [
    1193.20703125,
    413.749755859375,
    0.925
   ],
   [
    1363.61474609375,
    382.5345153808594,
    0.916
   ],
   [
    1196.841552734375,
    649.8094482421875,
    0.526
   ],
   [
    1206.080078125,
    334.57733154296875,
    0.868
   ],
   [
    1200.30126953125,
    647.7918701171875,
    -1.0
   ],
   [
    1463.92626953125,
    606.7047119140625,
    0.704
   ],
   [
    1359.2216796875,
    659.6410522460938,
    0.519
   ],
   [
    1342.761962890625,
    477.1229553222656,
    -1.0
   ],
   [
    1200.3214111328125,
    546.1115112304688,
    -1.0
   ],
   [
    1408.584716796875,
    606.9688720703125,
    -1.0
   ],
   [
    1270.1392822265625,
    658.7551879882812,
    -1.0
   ]
  ]
 ],
 "skeleton_percentage": [
  100
 ],
 "angle": [
  72
 ]
}