{
 "frame_index": 502,
 "skeletons": [
  [
   [
    1119.3973388671875,
    256.296630859375,
    0.942
   ],
   [
    1129.7392578125,
    219.64659118652344,
    0.95
   ],
   [
    1110.44287109375,
    247.84112548828125,
    0.604
   ],
   [
    1206.2354736328125,
    202.96156311035156,
    0.889
   ],
   [
    1144.086181640625,
    261.370361328125,
    -1.0
   ],
   [
    1333.95556640625,
    263.8594970703125,
    0.964
   ],
   [
    1199.799072265625,
    404.8323974609375,
    0.914
   ],
   [
    1354.183837890625,
    366.5373229980469,
    0.898
   ],
   [
    1213.41943359375,
    642.8892211914062,
    0.606
   ],
   [
    1207.7998046875,
    353.96636962890625,
    0.864
   ],
   [
    1208.1278076171875,
    634.6668090820312,
    0.593
   ],
   [
    1467.0469970703125,
    581.312255859375,
    0.756
   ],
   [
    1377.0904541015625,
    629.7782592773438,
    0.646
   ],
   [
    1307.0836181640625,
    474.5939025878906,
    0.517
   ],
   [
    1213.0755615234375,
    540.4901123046875,
    -1.0
   ],
   [
    1369.146728515625,
    607.894775390625,
    -1.0
   ],
   [
    1317.9766845703125,
    652.6286010742188,
    -1.0
   ]
  ]
 ],
 "skeleton_percentage": [
  100
 ],
 "angle": [
  73
 ]
}