{
 "frame_index": 503,
 "skeletons": [
  [
   [
    1117.7091064453125,
    248.2456512451172,
    0.977
   ],
   [
    1131.02001953125,
    211.93702697753906,
    0.976
   ],
   [
    1107.048583984375,
    242.40280151367188,
    0.831
   ],
   [
    1207.7872314453125,
    201.2771759033203,
    0.913
   ],
   [
    1135.230712890625,
    265.4981689453125,
    -1.0
   ],
   [
    1336.6109619140625,
    254.81442260742188,
    0.973
   ],
   [
    1186.7451171875,
    416.07781982421875,
    0.962
   ],
   [
    1376.413330078125,
    319.9263610839844,
    0.909
   ],
   [
    1206.858154296875,
    634.407470703125,
    0.788
   ],
   [
    1213.582275390625,
    346.4396667480469,
    0.874
   ],
   [
    1203.769775390625,
    652.2662353515625,
    0.731
   ],
   [
    1477.3936767578125,
    581.896240234375,
    0.805
   ],
   [
    1371.01416015625,
    637.7488403320312,
    0.775
   ],
   [
    1343.891845703125,
    513.4708862304688,
    -1.0
   ],
   [
    1208.8834228515625,
    584.0901489257812,
    -1.0
   ],
   [
    1432.476806640625,
    645.2989501953125,
    -1.0
   ],
   [
    1326.15283203125,
    684.6521606445312,
    -1.0
   ]
  ]
 ],
 "skeleton_percentage": [
  100
 ],
 "angle": [
  74
 ]
}