{
 "frame_index": 504,
 "skeletons": [
  [
   [
    1117.077880859375,
    247.1648712158203,
    0.98
   ],
   [
    1131.3375244140625,
    211.68359375,
    0.977
   ],
   [
    1104.9736328125,
    241.31924438476562,
    0.869
   ],
   [
    1207.82666015625,
    202.39566040039062,
    0.914
   ],
   [
    1130.9156494140625,
    265.5965881347656,
    -1.0
   ],
   [
    1337.390625,
    256.4656982421875,
    0.971
   ],
   [
    1181.4664306640625,
    419.07574462890625,
    0.973
   ],
   [
    1382.1163330078125,
    312.82757568359375,
    0.891
   ],
   [
    1204.281494140625,
    634.8017578125,
    0.843
   ],
   [
    1218.930419921875,
    339.751953125,
    0.845
   ],
   [
    1204.2314453125,
    666.10205078125,
    0.76
   ],
   [
    1476.389892578125,
    595.63232421875,
    0.815
   ],
   [
    1363.930908203125,
    651.8241577148438,
    0.82
   ],
   [
    1355.4693603515625,
    593.382080078125,
    -1.0
   ],
   [
    1207.56103515625,
    662.0784912109375,
    -1.0
   ],
   [
    1433.7705078125,
    707.0919799804688,
    -1.0
   ],
   [
    1306.005615234375,
    743.587646484375,
    -1.0
   ]
  ]
 ],
 "skeleton_percentage": [
  100
 ],
 "angle": [
  72
 ]
}