{
 "frame_index": 505,
 "skeletons": [
  [
   [
    1119.9742431640625,
    242.37542724609375,
    0.976
   ],
   [
    1135.8284912109375,
    204.26055908203125,
    0.979
   ],
   [
    1105.8387451171875,
    234.2494354248047,
    0.827
   ],
   [
    1213.82373046875,
    199.14710998535156,
    0.937
   ],
   [
    1133.441162109375,
    259.4822998046875,
    -1.0
   ],
   [
    1347.730712890625,
    280.6146545410156,
    0.975
   ],
   [
    1178.6265869140625,
    423.8746032714844,
    0.955
   ],
   [
    1402.1304931640625,
    384.9690856933594,
    0.862
   ],
   [
    1186.1397705078125,
    652.958740234375,
    0.642
   ],
   [
    1263.5455322265625,
    344.19659423828125,
    0.779
   ],
   [
    1191.979736328125,
    660.3060302734375,
    0.513
   ],
   [
    1460.204833984375,
    650.0377807617188,
    0.689
   ],
   [
    1341.8128662109375,
    702.76220703125,
    0.6
   ],
   [
    1370.498779296875,
    582.0408325195312,
    -1.0
   ],
   [
    1204.3702392578125,
    647.914306640625,
    -1.0
   ],
   [
    1415.348876953125,
    702.1350708007812,
    -1.0
   ],
   [
    1244.46728515625,
    751.4089965820312,
    -1.0
   ]
  ],
  [
   [
    1115.337646484375,
    243.58065795898438,
    0.976
   ],
   [
    1134.6634521484375,
    205.96044921875,
    0.977
   ],
   [
    1095.534912109375,
    231.66929626464844,
    0.851
   ],
   [
    1214.511962890625,
    194.3850860595703,
    0.931
   ],
   [
    1117.3355712890625,
    250.23617553710938,
    -1.0
   ],
   [
    1331.035400390625,
    272.6999206542969,
    0.969
   ],
   [
    1193.999267578125,
    402.06854248046875,
    0.965
   ],
   [
    1407.678466796875,
    370.8875732421875,
    0.854
   ],
   [
    1210.1229248046875,
    628.4165649414062,
    0.771
   ],
   [
    1302.93798828125,
    431.37322998046875,
    0.769
   ],
   [
    1208.40576171875,
    681.4777221679688,
    0.664
   ],
   [
    1463.239990234375,
    652.13427734375,
    0.877
   ],
   [
    1371.721435546875,
    696.3474731445312,
    0.881
   ],
   [
    1340.851806640625,
    812.3902587890625,
    0.505
   ],
   [
    1281.0516357421875,
    863.1747436523438,
    -1.0
   ],
   [
    1421.037353515625,
    916.7568969726562,
    -1.0
   ],
   [
    1383.61962890625,
    947.5468139648438,
    -1.0
   ]
  ]
 ],
 "skeleton_percentage": [
  100,
  100
 ],
 "angle": [
  71,
  98
 ]
}