{
 "frame_index": 506,
 "skeletons": [
  [
   [
    1116.709228515625,
    235.6006622314453,
    0.981
   ],
   [
    1135.1278076171875,
    197.6290283203125,
    0.977
   ],
   [
    1105.397705078125,
    231.75169372558594,
    0.894
   ],
   [
    1216.80126953125,
    199.38478088378906,
    0.9
   ],
   [
    1132.8997802734375,
    268.399658203125,
    -1.0
   ],
   [
    1347.188720703125,
    257.46533203125,
    0.96
   ],
   [
    1180.737548828125,
    437.27227783203125,
    0.973
   ],
   [
    1390.30810546875,
    319.25177001953125,
    0.825
   ],
   [
    1206.4625244140625,
    662.9180908203125,
    0.823
   ],
   [
    1225.522705078125,
    343.9869689941406,
    0.786
   ],
   [
    1197.7335205078125,
    644.8313598632812,
    0.75
   ],
   [
    1497.825439453125,
    579.2020263671875,
    0.69
   ],
   [
    1383.2451171875,
    643.6336669921875,
    0.73
   ],
   [
    1375.9786376953125,
    469.5936584472656,
    -1.0
   ],
   [
    1237.7000732421875,
    553.8729248046875,
    -1.0
   ],
   [
    1452.59716796875,
    614.1546020507812,
    -1.0
   ],
   [
    1361.4305419921875,
    659.8538818359375,
    -1.0
   ]
  ]
 ],
 "skeleton_percentage": [
  100
 ],
 "angle": [
  72
 ]
}