{
 "frame_index": 507,
 "skeletons": [
  [
   [
    1116.8974609375,
    236.73779296875,
    0.982
   ],
   [
    1134.923828125,
    198.80526733398438,
    0.978
   ],
   [
    1105.4541015625,
    232.2843017578125,
    0.893
   ],
   [
    1216.314453125,
    199.11570739746094,
    0.904
   ],
   [
    1133.2452392578125,
    267.2384033203125,
    -1.0
   ],
   [
    1347.490966796875,
    257.53692626953125,
    0.962
   ],
   [
    1181.7366943359375,
    436.95904541015625,
    0.974
   ],
   [
    1391.8336181640625,
    319.52874755859375,
    0.83
   ],
   [
    1205.0816650390625,
    664.1259765625,
    0.824
   ],
   [
    1231.262451171875,
    346.02398681640625,
    0.785
   ],
   [
    1198.144287109375,
    645.9590454101562,
    0.746
   ],
   [
    1496.443603515625,
    591.1995849609375,
    0.711
   ],
   [
    1382.24951171875,
    655.148193359375,
    0.748
   ],
   [
    1369.35595703125,
    500.20526123046875,
    -1.0
   ],
   [
    1233.235107421875,
    584.038330078125,
    -1.0
   ],
   [
    1439.516845703125,
    644.3001708984375,
    -1.0
   ],
   [
    1347.911376953125,
    688.900146484375,
    -1.0
   ]
  ]
 ],
 "skeleton_percentage": [
  100
 ],
 "angle": [
  73
 ]
}