{
 "frame_index": 508,
 "skeletons": [
  [
   [
    1118.688232421875,
    237.53631591796875,
    0.986
   ],
   [
    1134.6153564453125,
    199.4154510498047,
    0.985
   ],
   [
    1098.808837890625,
    227.40110778808594,
    0.903
   ],
   [
    1214.25146484375,
    189.1395721435547,
    0.944
   ],
   [
    1116.93017578125,
    249.49703979492188,
    -1.0
   ],
   [
    1354.86669921875,
    282.0615539550781,
    0.98
   ],
   [
    1177.582763671875,
    410.6766357421875,
    0.977
   ],
   [
    1474.4161376953125,
    395.5582580566406,
    0.91
   ],
   [
    1205.9920654296875,
    630.1939086914062,
    0.861
   ],
   [
    1418.05419921875,
    513.5140991210938,
    0.838
   ],
   [
    1206.671142578125,
    687.8046264648438,
    0.767
   ],
   [
    1474.1722412109375,
    706.5579833984375,
    0.918
   ],
   [
    1340.096435546875,
    750.6453857421875,
    0.917
   ],
   [
    1425.43017578125,
    894.60498046875,
    -1.0
   ],
   [
    1202.260498046875,
    954.3555908203125,
    -1.0
   ],
   [
    1527.0255126953125,
    1000.413818359375,
    -1.0
   ],
   [
    1239.3719482421875,
    1042.267578125,
    -1.0
   ]
  ]
 ],
 "skeleton_percentage": [
  100
 ],
 "angle": [
  98
 ]
}