{
 "frame_index": 509,
 "skeletons": [
  [
   [
    1119.368896484375,
    236.6165771484375,
    0.987
   ],
   [
    1135.462890625,
    198.52304077148438,
    0.986
   ],
   [
    1099.3448486328125,
    226.3325958251953,
    0.906
   ],
   [
    1214.336669921875,
    189.54698181152344,
    0.945
   ],
   [
    1116.16943359375,
    249.68307495117188,
    -1.0
   ],
   [
    1356.4244384765625,
    282.46026611328125,
    0.981
   ],
   [
    1176.614501953125,
    412.60552978515625,
    0.977
   ],
   [
    1478.837890625,
    394.15216064453125,
    0.914
   ],
   [
    1206.2593994140625,
    632.1973266601562,
    0.865
   ],
   [
    1415.7664794921875,
    514.251953125,
    0.844
   ],
   [
    1206.592041015625,
    690.1672973632812,
    0.772
   ],
   [
    1477.9202880859375,
    708.0704956054688,
    0.919
   ],
   [
    1340.655029296875,
    752.361572265625,
    0.917
   ],
   [
    1430.0855712890625,
    895.93115234375,
    -1.0
   ],
   [
    1194.54150390625,
    955.1070556640625,
    -1.0
   ],
   [
    1532.26806640625,
    1005.6016845703125,
    -1.0
   ],
   [
    1225.5472412109375,
    1044.42578125,
    -1.0
   ]
  ]
 ],
 "skeleton_percentage": [
  100
 ],
 "angle": [
  98
 ]
}