{
 "frame_index": 510,
 "skeletons": [
  [
   [
    1122.2427978515625,
    231.6683349609375,
    0.985
   ],
   [
    1139.0809326171875,
    194.22161865234375,
    0.984
   ],
   [
    1102.02490234375,
    221.00546264648438,
    0.902
   ],
   [
    1215.628173828125,
    188.2323760986328,
    0.942
   ],
   [
    1116.4931640625,
    246.396240234375,
    -1.0
   ],
   [
    1353.40625,
    282.9381103515625,
    0.98
   ],
   [
    1175.4307861328125,
    414.57733154296875,
    0.978
   ],
   [
    1466.927978515625,
    406.14312744140625,
    0.901
   ],
   [
    1202.69921875,
    642.9927978515625,
    0.865
   ],
   [
    1389.963623046875,
    538.78662109375,
    0.82
   ],
   [
    1208.8248291015625,
    691.0120239257812,
    0.765
   ],
   [
    1474.7091064453125,
    699.2647705078125,
    0.918
   ],
   [
    1342.593994140625,
    743.7947998046875,
    0.921
   ],
   [
    1402.658203125,
    888.21484375,
    -1.0
   ],
   [
    1197.9765625,
    948.0709228515625,
    -1.0
   ],
   [
    1485.28955078125,
    995.6043090820312,
    -1.0
   ],
   [
    1230.0775146484375,
    1029.13525390625,
    -1.0
   ]
  ]
 ],
 "skeleton_percentage": [
  100
 ],
 "angle": [
  98
 ]
}