{
 "frame_index": 511,
 "skeletons": [
  [
   [
    1122.4849853515625,
    233.57345581054688,
    0.984
   ],
   [
    1140.0433349609375,
    194.9227752685547,
    0.984
   ],
   [
    1101.55322265625,
    222.98245239257812,
    0.89
   ],
   [
    1220.2449951171875,
    187.13433837890625,
    0.942
   ],
   [
    1117.1710205078125,
    246.75265502929688,
    -1.0
   ],
   [
    1346.0703125,
    287.2308349609375,
    0.977
   ],
   [
    1186.2313232421875,
    405.45831298828125,
    0.97
   ],
   [
    1431.292724609375,
    420.54986572265625,
    0.882
   ],
   [
    1197.871826171875,
    634.5244140625,
    0.797
   ],
   [
    1355.190673828125,
    521.9249877929688,
    0.785
   ],
   [
    1207.354736328125,
    704.302490234375,
    0.68
   ],
   [
    1475.5413818359375,
    694.9661254882812,
    0.916
   ],
   [
    1357.6236572265625,
    734.86376953125,
    0.91
   ],
   [
    1386.2071533203125,
    875.29541015625,
    0.559
   ],
   [
    1212.5845947265625,
    927.197021484375,
    0.529
   ],
   [
    1499.626708984375,
    976.509765625,
    -1.0
   ],
   [
    1271.416015625,
    1018.759521484375,
    -1.0
   ]
  ]
 ],
 "skeleton_percentage": [
  100
 ],
 "angle": [
  97
 ]
}