{
 "frame_index": 512,
 "skeletons": [
  [
   [
    1122.543701171875,
    234.53292846679688,
    0.985
   ],
   [
    1142.009033203125,
    195.91854858398438,
    0.985
   ],
   [
    1102.14501953125,
    222.1340789794922,
    0.887
   ],
   [
    1221.8804931640625,
    189.18814086914062,
    0.943
   ],
   [
    1116.326904296875,
    245.89068603515625,
    -1.0
   ],
   [
    1353.80810546875,
    283.3068542480469,
    0.98
   ],
   [
    1177.1072998046875,
    422.65704345703125,
    0.972
   ],
   [
    1465.4703369140625,
    398.80926513671875,
    0.9
   ],
   [
    1190.77197265625,
    668.9146728515625,
    0.801
   ],
   [
    1403.3299560546875,
    499.2792663574219,
    0.811
   ],
   [
    1164.525146484375,
    714.3865966796875,
    0.686
   ],
   [
    1481.85791015625,
    707.3936157226562,
    0.912
   ],
   [
    1360.2325439453125,
    754.53173828125,
    0.902
   ],
   [
    1366.9483642578125,
    879.9073486328125,
    -1.0
   ],
   [
    1225.420166015625,
    941.2366333007812,
    -1.0
   ],
   [
    1444.87451171875,
    985.345458984375,
    -1.0
   ],
   [
    1297.4013671875,
    1018.619140625,
    -1.0
   ]
  ]
 ],
 "skeleton_percentage": [
  100
 ],
 "angle": [
  97
 ]
}