{
 "frame_index": 513,
 "skeletons": [
  [
   [
    1122.8345947265625,
    234.54153442382812,
    0.984
   ],
   [
    1142.0738525390625,
    195.77037048339844,
    0.985
   ],
   [
    1102.578125,
    222.62631225585938,
    0.886
   ],
   [
    1222.3251953125,
    188.89920043945312,
    0.941
   ],
   [
    1117.151123046875,
    246.53302001953125,
    -1.0
   ],
   [
    1352.89794921875,
    283.3175048828125,
    0.978
   ],
   [
    1179.109375,
    421.10028076171875,
    0.97
   ],
   [
    1460.962646484375,
    399.4942932128906,
    0.89
   ],
   [
    1192.5076904296875,
    663.8275146484375,
    0.792
   ],
   [
    1394.241943359375,
    499.4621887207031,
    0.798
   ],
   [
    1175.242919921875,
    709.3828735351562,
    0.678
   ],
   [
    1484.02197265625,
    701.8751831054688,
    0.908
   ],
   [
    1364.4501953125,
    748.7385864257812,
    0.899
   ],
   [
    1368.190185546875,
    866.9730834960938,
    0.52
   ],
   [
    1230.6224365234375,
    927.8197631835938,
    -1.0
   ],
   [
    1454.2464599609375,
    973.1971435546875,
    -1.0
   ],
   [
    1309.6429443359375,
    1007.7962036132812,
    -1.0
   ]
  ]
 ],
 "skeleton_percentage": [
  100
 ],
 "angle": [
  97
 ]
}