{
 "frame_index": 514,
 "skeletons": [
  [
   [
    1125.97412109375,
    232.83200073242188,
    0.979
   ],
   [
    1142.1502685546875,
    192.9715118408203,
    0.981
   ],
   [
    1108.359130859375,
    226.25221252441406,
    0.884
   ],
   [
    1218.7642822265625,
    190.27304077148438,
    0.931
   ],
   [
    1129.734619140625,
    257.5247497558594,
    -1.0
   ],
   [
    1363.113037109375,
    281.2997741699219,
    0.968
   ],
   [
    1158.4884033203125,
    432.72601318359375,
    0.955
   ],
   [
    1480.6781005859375,
    396.69036865234375,
    0.75
   ],
   [
    1159.4520263671875,
    663.8768920898438,
    0.548
   ],
   [
    1424.5579833984375,
    410.42047119140625,
    0.574
   ],
   [
    1149.8037109375,
    640.104248046875,
    -1.0
   ],
   [
    1459.461181640625,
    648.6846923828125,
    0.546
   ],
   [
    1320.4395751953125,
    706.1978149414062,
    -1.0
   ],
   [
    1409.4927978515625,
    535.5877075195312,
    -1.0
   ],
   [
    1191.962646484375,
    614.7456665039062,
    -1.0
   ],
   [
    1463.1622314453125,
    639.0936279296875,
    -1.0
   ],
   [
    1233.4283447265625,
    698.450927734375,
    -1.0
   ]
  ]
 ],
 "skeleton_percentage": [
  100
 ],
 "angle": [
  71
 ]
}