{
 "frame_index": 515,
 "skeletons": [
  [
   [
    1128.87841796875,
    233.5469970703125,
    0.977
   ],
   [
    1146.125244140625,
    191.86166381835938,
    0.983
   ],
   [
    1107.0428466796875,
    226.26644897460938,
    0.903
   ],
   [
    1221.8427734375,
    190.2569580078125,
    0.938
   ],
   [
    1124.86474609375,
    259.8970947265625,
    -1.0
   ],
   [
    1358.0174560546875,
    284.7501525878906,
    0.966
   ],
   [
    1159.353759765625,
    421.2100830078125,
    0.953
   ],
   [
    1468.024658203125,
    426.626220703125,
    0.693
   ],
   [
    1145.4632568359375,
    642.9149169921875,
    0.517
   ],
   [
    1452.1790771484375,
    515.2735595703125,
    -1.0
   ],
   [
    1144.5618896484375,
    600.9681396484375,
    -1.0
   ],
   [
    1445.437744140625,
    621.1317138671875,
    -1.0
   ],
   [
    1310.7393798828125,
    674.2613525390625,
    -1.0
   ],
   [
    1419.916015625,
    428.4989013671875,
    -1.0
   ],
   [
    1190.525390625,
    512.1001586914062,
    -1.0
   ],
   [
    1462.1474609375,
    540.3255615234375,
    -1.0
   ],
   [
    1206.9111328125,
    614.929931640625,
    -1.0
   ]
  ]
 ],
 "skeleton_percentage": [
  100
 ],
 "angle": [
  70
 ]
}