{
 "frame_index": 516,
 "skeletons": [
  [
   [
    1126.890869140625,
    237.25924682617188,
    0.983
   ],
   [
    1145.2490234375,
    197.10040283203125,
    0.986
   ],
   [
    1102.3427734375,
    229.0865936279297,
    0.903
   ],
   [
    1219.5142822265625,
    197.0823211669922,
    0.949
   ],
   [
    1115.2132568359375,
    262.9656677246094,
    -1.0
   ],
   [
    1360.557373046875,
    303.08917236328125,
    0.981
   ],
   [
    1148.108154296875,
    423.1588439941406,
    0.96
   ],
   [
    1514.138671875,
    454.2894287109375,
    0.888
   ],
   [
    1125.957763671875,
    640.2320556640625,
    0.685
   ],
   [
    1495.54052734375,
    532.832763671875,
    0.78
   ],
   [
    1129.2520751953125,
    602.99609375,
    0.554
   ],
   [
    1423.1378173828125,
    698.8108520507812,
    0.605
   ],
   [
    1279.207763671875,
    743.7401733398438,
    0.503
   ],
   [
    1422.22412109375,
    638.0924072265625,
    -1.0
   ],
   [
    1200.9259033203125,
    703.3411865234375,
    -1.0
   ],
   [
    1451.139892578125,
    660.7322998046875,
    -1.0
   ],
   [
    1180.5712890625,
    719.9344482421875,
    -1.0
   ]
  ]
 ],
 "skeleton_percentage": [
  100
 ],
 "angle": [
  70
 ]
}