{
 "frame_index": 517,
 "skeletons": [
  [
   [
    1126.7132568359375,
    235.98056030273438,
    0.983
   ],
   [
    1144.340576171875,
    197.44546508789062,
    0.985
   ],
   [
    1104.174560546875,
    230.5101318359375,
    0.917
   ],
   [
    1213.282958984375,
    204.13507080078125,
    0.924
   ],
   [
    1110.096923828125,
    272.2787780761719,
    -1.0
   ],
   [
    1351.641845703125,
    302.2472839355469,
    0.974
   ],
   [
    1122.6251220703125,
    435.48272705078125,
    0.949
   ],
   [
    1498.8828125,
    448.8795166015625,
    0.805
   ],
   [
    1110.583984375,
    655.9458618164062,
    0.54
   ],
   [
    1486.8663330078125,
    537.6148681640625,
    0.617
   ],
   [
    1103.158935546875,
    620.0450439453125,
    -1.0
   ],
   [
    1418.4365234375,
    645.93359375,
    -1.0
   ],
   [
    1262.8924560546875,
    695.700927734375,
    -1.0
   ],
   [
    1400.179443359375,
    462.1463928222656,
    -1.0
   ],
   [
    1132.41064453125,
    535.623779296875,
    -1.0
   ],
   [
    1454.9566650390625,
    546.855224609375,
    -1.0
   ],
   [
    1155.361328125,
    603.5682373046875,
    -1.0
   ]
  ]
 ],
 "skeleton_percentage": [
  100
 ],
 "angle": [
  69
 ]
}