{
 "frame_index": 518,
 "skeletons": [
  [
   [
    1126.571044921875,
    236.38600158691406,
    0.984
   ],
   [
    1144.179443359375,
    198.02587890625,
    0.985
   ],
   [
    1103.9111328125,
    230.8019256591797,
    0.917
   ],
   [
    1213.21240234375,
    204.3292236328125,
    0.928
   ],
   [
    1109.8912353515625,
    271.92840576171875,
    -1.0
   ],
   [
    1351.8331298828125,
    304.22418212890625,
    0.976
   ],
   [
    1122.9051513671875,
    436.5978698730469,
    0.95
   ],
   [
    1503.5057373046875,
    449.6333312988281,
    0.831
   ],
   [
    1109.177001953125,
    655.4488525390625,
    0.563
   ],
   [
    1496.27001953125,
    542.4581298828125,
    0.653
   ],
   [
    1102.3642578125,
    619.1193237304688,
    -1.0
   ],
   [
    1417.799560546875,
    660.5428466796875,
    -1.0
   ],
   [
    1261.4169921875,
    710.075439453125,
    -1.0
   ],
   [
    1404.056884765625,
    512.77880859375,
    -1.0
   ],
   [
    1135.2735595703125,
    585.8834838867188,
    -1.0
   ],
   [
    1459.4278564453125,
    584.8184814453125,
    -1.0
   ],
   [
    1150.369140625,
    640.8750610351562,
    -1.0
   ]
  ]
 ],
 "skeleton_percentage": [
  100
 ],
 "angle": [
  70
 ]
}