{
 "frame_index": 519,
 "skeletons": [
  [
   [
    1122.7158203125,
    247.77499389648438,
    0.98
   ],
   [
    1138.5787353515625,
    207.47845458984375,
    0.982
   ],
   [
    1099.5946044921875,
    240.30294799804688,
    0.9
   ],
   [
    1204.3131103515625,
    203.24359130859375,
    0.924
   ],
   [
    1102.2034912109375,
    273.03753662109375,
    -1.0
   ],
   [
    1325.456298828125,
    291.572998046875,
    0.98
   ],
   [
    1112.927001953125,
    425.0892333984375,
    0.956
   ],
   [
    1422.3997802734375,
    426.04852294921875,
    0.835
   ],
   [
    1109.258056640625,
    627.995361328125,
    0.55
   ],
   [
    1361.758544921875,
    475.5209655761719,
    0.703
   ],
   [
    1123.9022216796875,
    561.946044921875,
    -1.0
   ],
   [
    1391.1800537109375,
    595.142333984375,
    0.734
   ],
   [
    1250.841796875,
    647.2535400390625,
    0.623
   ],
   [
    1360.3294677734375,
    348.05230712890625,
    0.614
   ],
   [
    1145.0384521484375,
    425.57080078125,
    -1.0
   ],
   [
    1408.83251953125,
    474.4945068359375,
    0.571
   ],
   [
    1211.373291015625,
    538.3331298828125,
    0.511
   ]
  ]
 ],
 "skeleton_percentage": [
  100
 ],
 "angle": [
  70
 ]
}