{
 "frame_index": 520,
 "skeletons": [
  [
   [
    1116.4451904296875,
    246.27810668945312,
    0.983
   ],
   [
    1133.0718994140625,
    208.76898193359375,
    0.984
   ],
   [
    1093.04931640625,
    240.25897216796875,
    0.908
   ],
   [
    1198.079833984375,
    212.4718017578125,
    0.929
   ],
   [
    1094.388671875,
    278.570556640625,
    -1.0
   ],
   [
    1320.6097412109375,
    318.3448486328125,
    0.985
   ],
   [
    1096.21630859375,
    441.79779052734375,
    0.958
   ],
   [
    1452.241943359375,
    464.0419921875,
    0.903
   ],
   [
    1076.5040283203125,
    651.0274047851562,
    0.605
   ],
   [
    1478.7615966796875,
    607.1661376953125,
    0.752
   ],
   [
    1078.1258544921875,
    649.3133544921875,
    -1.0
   ],
   [
    1374.32177734375,
    651.362548828125,
    0.717
   ],
   [
    1221.61376953125,
    701.6505126953125,
    0.567
   ],
   [
    1394.029296875,
    525.6019897460938,
    -1.0
   ],
   [
    1134.884521484375,
    604.2360229492188,
    -1.0
   ],
   [
    1465.82861328125,
    577.1229858398438,
    -1.0
   ],
   [
    1175.3775634765625,
    646.7061157226562,
    -1.0
   ]
  ]
 ],
 "skeleton_percentage": [
  100
 ],
 "angle": [
  71
 ]
}