{
 "frame_index": 521,
 "skeletons": [
  [
   [
    1098.740234375,
    264.8155517578125,
    0.98
   ],
   [
    1116.9039306640625,
    228.2156524658203,
    0.983
   ],
   [
    1076.3660888671875,
    253.74346923828125,
    0.905
   ],
   [
    1179.231201171875,
    231.04281616210938,
    0.92
   ],
   [
    1077.945068359375,
    284.2413024902344,
    -1.0
   ],
   [
    1298.8995361328125,
    336.7346496582031,
    0.979
   ],
   [
    1081.3814697265625,
    443.287353515625,
    0.952
   ],
   [
    1422.85693359375,
    492.8321228027344,
    0.856
   ],
   [
    1057.6070556640625,
    657.6240234375,
    0.583
   ],
   [
    1454.20751953125,
    616.9368896484375,
    0.68
   ],
   [
    1029.46044921875,
    660.8436889648438,
    -1.0
   ],
   [
    1353.111572265625,
    656.524169921875,
    0.638
   ],
   [
    1206.499755859375,
    699.86181640625,
    0.512
   ],
   [
    1380.53515625,
    495.8115234375,
    -1.0
   ],
   [
    1126.984619140625,
    562.215576171875,
    -1.0
   ],
   [
    1424.039306640625,
    577.6859130859375,
    -1.0
   ],
   [
    1150.912841796875,
    633.647216796875,
    -1.0
   ]
  ]
 ],
 "skeleton_percentage": [
  100
 ],
 "angle": [
  71
 ]
}