{
 "frame_index": 522,
 "skeletons": [
  [
   [
    1098.564697265625,
    264.50244140625,
    0.982
   ],
   [
    1116.79833984375,
    228.64358520507812,
    0.984
   ],
   [
    1076.4521484375,
    253.28024291992188,
    0.907
   ],
   [
    1179.2440185546875,
    231.60072326660156,
    0.926
   ],
   [
    1078.4085693359375,
    283.10784912109375,
    -1.0
   ],
   [
    1299.122314453125,
    338.479736328125,
    0.981
   ],
   [
    1081.7440185546875,
    444.9163513183594,
    0.955
   ],
   [
    1426.14306640625,
    488.76702880859375,
    0.882
   ],
   [
    1056.874267578125,
    656.8343505859375,
    0.619
   ],
   [
    1457.53466796875,
    606.8204345703125,
    0.728
   ],
   [
    1031.786865234375,
    655.629150390625,
    -1.0
   ],
   [
    1353.292724609375,
    676.6422119140625,
    0.684
   ],
   [
    1204.5435791015625,
    719.9324340820312,
    0.556
   ],
   [
    1386.392333984375,
    574.3768310546875,
    -1.0
   ],
   [
    1127.87158203125,
    639.6593017578125,
    -1.0
   ],
   [
    1431.528564453125,
    637.5474853515625,
    -1.0
   ],
   [
    1138.8223876953125,
    690.7451171875,
    -1.0
   ]
  ]
 ],
 "skeleton_percentage": [
  100
 ],
 "angle": [
  71
 ]
}