{
 "frame_index": 523,
 "skeletons": [
  [
   [
    1074.8592529296875,
    291.6279296875,
    0.983
   ],
   [
    1090.3013916015625,
    256.7569580078125,
    0.985
   ],
   [
    1057.331298828125,
    277.3451843261719,
    0.875
   ],
   [
    1156.4158935546875,
    247.80560302734375,
    0.945
   ],
   [
    1071.33203125,
    294.1639099121094,
    -1.0
   ],
   [
    1284.697509765625,
    361.88311767578125,
    0.983
   ],
   [
    1078.34521484375,
    456.5809020996094,
    0.95
   ],
   [
    1425.092041015625,
    517.790283203125,
    0.916
   ],
   [
    1022.0773315429688,
    659.7947387695312,
    0.624
   ],
   [
    1428.66943359375,
    547.8671875,
    0.844
   ],
   [
    940.36572265625,
    570.7838745117188,
    0.549
   ],
   [
    1293.809814453125,
    751.973876953125,
    0.802
   ],
   [
    1155.37109375,
    780.8582153320312,
    0.681
   ],
   [
    1250.63671875,
    810.4925537109375,
    -1.0
   ],
   [
    1045.3138427734375,
    856.185302734375,
    -1.0
   ],
   [
    1280.6719970703125,
    860.6744384765625,
    -1.0
   ],
   [
    1034.2440185546875,
    890.5237426757812,
    -1.0
   ]
  ]
 ],
 "skeleton_percentage": [
  100
 ],
 "angle": [
  72
 ]
}