{
 "frame_index": 524,
 "skeletons": [
  [
   [
    1055.74267578125,
    312.0877990722656,
    0.981
   ],
   [
    1071.42626953125,
    274.5500183105469,
    0.983
   ],
   [
    1035.263427734375,
    297.1136169433594,
    0.873
   ],
   [
    1135.626220703125,
    262.5898132324219,
    0.934
   ],
   [
    1044.940673828125,
    313.8363037109375,
    -1.0
   ],
   [
    1244.5224609375,
    378.7923583984375,
    0.982
   ],
   [
    1060.6796875,
    466.3587646484375,
    0.951
   ],
   [
    1372.65771484375,
    536.5430297851562,
    0.888
   ],
   [
    981.0909423828125,
    653.3721313476562,
    0.611
   ],
   [
    1382.658203125,
    568.8749389648438,
    0.8
   ],
   [
    872.23095703125,
    552.0206909179688,
    0.533
   ],
   [
    1225.8453369140625,
    725.41259765625,
    0.728
   ],
   [
    1107.7802734375,
    749.0403442382812,
    0.608
   ],
   [
    1151.37744140625,
    667.0147705078125,
    -1.0
   ],
   [
    986.7388916015625,
    710.1040649414062,
    -1.0
   ],
   [
    1170.3115234375,
    696.6089477539062,
    -1.0
   ],
   [
    976.8502807617188,
    734.498291015625,
    -1.0
   ]
  ]
 ],
 "skeleton_percentage": [
  100
 ],
 "angle": [
  70
 ]
}