{
 "frame_index": 525,
 "skeletons": [
  [
   [
    1054.989990234375,
    312.2615661621094,
    0.981
   ],
   [
    1070.5408935546875,
    274.57861328125,
    0.982
   ],
   [
    1034.89306640625,
    297.29144287109375,
    0.867
   ],
   [
    1135.4498291015625,
    261.9212646484375,
    0.933
   ],
   [
    1045.706787109375,
    313.4849548339844,
    -1.0
   ],
   [
    1245.376220703125,
    378.24859619140625,
    0.982
   ],
   [
    1061.31640625,
    465.9237060546875,
    0.951
   ],
   [
    1373.367431640625,
    538.1551513671875,
    0.891
   ],
   [
    976.9515380859375,
    652.5001220703125,
    0.611
   ],
   [
    1382.6160888671875,
    568.3479614257812,
    0.806
   ],
   [
    860.4556884765625,
    540.6533813476562,
    0.538
   ],
   [
    1222.8780517578125,
    724.7803955078125,
    0.72
   ],
   [
    1105.3509521484375,
    747.8983154296875,
    0.595
   ],
   [
    1145.873779296875,
    653.8461303710938,
    -1.0
   ],
   [
    984.466552734375,
    697.1198120117188,
    -1.0
   ],
   [
    1159.8883056640625,
    679.0316772460938,
    -1.0
   ],
   [
    971.4651489257812,
    716.7279663085938,
    -1.0
   ]
  ]
 ],
 "skeleton_percentage": [
  100
 ],
 "angle": [
  70
 ]
}