{
 "frame_index": 526,
 "skeletons": [
  [
   [
    1033.96630859375,
    326.36688232421875,
    0.98
   ],
   [
    1053.1942138671875,
    291.3764953613281,
    0.983
   ],
   [
    1014.4212646484375,
    308.2259521484375,
    0.893
   ],
   [
    1116.817138671875,
    289.20941162109375,
    0.95
   ],
   [
    1023.783447265625,
    323.9724426269531,
    -1.0
   ],
   [
    1231.228515625,
    417.57672119140625,
    0.985
   ],
   [
    1013.6497192382812,
    483.74560546875,
    0.962
   ],
   [
    1363.302734375,
    569.3020629882812,
    0.9
   ],
   [
    941.5867309570312,
    685.498291015625,
    0.663
   ],
   [
    1394.090576171875,
    596.0032348632812,
    0.798
   ],
   [
    933.761474609375,
    674.90185546875,
    0.535
   ],
   [
    1228.0703125,
    780.9530639648438,
    0.67
   ],
   [
    1082.4736328125,
    805.9786376953125,
    0.546
   ],
   [
    1246.6270751953125,
    751.4558715820312,
    -1.0
   ],
   [
    1025.17626953125,
    788.4639892578125,
    -1.0
   ],
   [
    1264.5419921875,
    760.2171630859375,
    -1.0
   ],
   [
    1007.9943237304688,
    800.9178466796875,
    -1.0
   ]
  ]
 ],
 "skeleton_percentage": [
  100
 ],
 "angle": [
  73
 ]
}