{
 "frame_index": 527,
 "skeletons": [
  [
   [
    1014.3491821289062,
    333.3132019042969,
    0.975
   ],
   [
    1032.034912109375,
    301.87054443359375,
    0.972
   ],
   [
    995.1448974609375,
    318.1886901855469,
    0.889
   ],
   [
    1086.2808837890625,
    306.62030029296875,
    0.916
   ],
   [
    1005.6992797851562,
    342.5808410644531,
    -1.0
   ],
   [
    1164.1031494140625,
    426.1670837402344,
    0.974
   ],
   [
    1042.5205078125,
    493.02838134765625,
    0.954
   ],
   [
    1295.6512451171875,
    552.910888671875,
    0.766
   ],
   [
    974.4910888671875,
    675.8399658203125,
    0.587
   ],
   [
    1296.1273193359375,
    577.78759765625,
    0.646
   ],
   [
    912.081298828125,
    679.681396484375,
    -1.0
   ],
   [
    1144.4705810546875,
    762.7208862304688,
    0.68
   ],
   [
    1086.668212890625,
    778.0748291015625,
    0.63
   ],
   [
    1013.315673828125,
    745.7247314453125,
    -1.0
   ],
   [
    1046.7735595703125,
    766.300048828125,
    -1.0
   ],
   [
    973.84765625,
    820.2052001953125,
    -1.0
   ],
   [
    1053.47412109375,
    835.6842041015625,
    -1.0
   ]
  ]
 ],
 "skeleton_percentage": [
  100
 ],
 "angle": [
  80
 ]
}