{
 "frame_index": 528,
 "skeletons": [
  [
   [
    1014.989501953125,
    330.7796630859375,
    0.979
   ],
   [
    1033.16943359375,
    299.09515380859375,
    0.974
   ],
   [
    994.0559692382812,
    315.6356201171875,
    0.908
   ],
   [
    1085.183837890625,
    306.1958312988281,
    0.907
   ],
   [
    997.0944213867188,
    343.5415344238281,
    -1.0
   ],
   [
    1173.1800537109375,
    426.7114562988281,
    0.976
   ],
   [
    1011.749267578125,
    493.05712890625,
    0.964
   ],
   [
    1308.531005859375,
    544.9046630859375,
    0.814
   ],
   [
    925.8153076171875,
    652.456787109375,
    0.699
   ],
   [
    1344.2677001953125,
    560.7161865234375,
    0.734
   ],
   [
    838.9736328125,
    612.7098388671875,
    0.609
   ],
   [
    1148.405029296875,
    750.70703125,
    0.712
   ],
   [
    1061.0552978515625,
    767.5557861328125,
    0.679
   ],
   [
    1036.9002685546875,
    732.1585693359375,
    -1.0
   ],
   [
    1005.1045532226562,
    760.4586181640625,
    -1.0
   ],
   [
    990.0164794921875,
    820.0039672851562,
    -1.0
   ],
   [
    1003.4588012695312,
    845.1573486328125,
    -1.0
   ]
  ]
 ],
 "skeleton_percentage": [
  100
 ],
 "angle": [
  79
 ]
}