{
 "frame_index": 529,
 "skeletons": [
  [
   [
    990.5115966796875,
    342.46966552734375,
    0.987
   ],
   [
    1013.0114135742188,
    312.6393127441406,
    0.984
   ],
   [
    964.9920043945312,
    329.8524169921875,
    0.95
   ],
   [
    1069.491455078125,
    328.058837890625,
    0.922
   ],
   [
    956.4053955078125,
    365.74298095703125,
    0.501
   ],
   [
    1167.65087890625,
    458.96038818359375,
    0.975
   ],
   [
    934.9814453125,
    511.5579528808594,
    0.971
   ],
   [
    1264.52197265625,
    624.9967041015625,
    0.828
   ],
   [
    886.759033203125,
    704.26611328125,
    0.752
   ],
   [
    1279.0286865234375,
    683.7627563476562,
    0.7
   ],
   [
    900.4342041015625,
    769.023193359375,
    0.581
   ],
   [
    1135.901611328125,
    810.4515380859375,
    0.805
   ],
   [
    981.9462890625,
    828.5062866210938,
    0.781
   ],
   [
    1145.420166015625,
    973.951904296875,
    -1.0
   ],
   [
    935.8698120117188,
    1001.3450927734375,
    -1.0
   ],
   [
    1142.041015625,
    1055.522705078125,
    -1.0
   ],
   [
    915.70068359375,
    1080.0,
    -1.0
   ]
  ],
  [
   [
    988.0464477539062,
    344.07171630859375,
    0.987
   ],
   [
    1013.3621826171875,
    314.97015380859375,
    0.981
   ],
   [
    962.4860229492188,
    328.035400390625,
    0.965
   ],
   [
    1071.414306640625,
    328.78497314453125,
    0.917
   ],
   [
    953.1655883789062,
    358.21307373046875,
    0.652
   ],
   [
    1162.12060546875,
    470.0069274902344,
    0.969
   ],
   [
    932.9609985351562,
    510.2652282714844,
    0.983
   ],
   [
    1253.4664306640625,
    635.1170654296875,
    0.667
   ],
   [
    894.764892578125,
    703.223388671875,
    0.821
   ],
   [
    1260.3504638671875,
    693.0269775390625,
    0.517
   ],
   [
    914.644287109375,
    780.783935546875,
    0.624
   ],
   [
    1107.865234375,
    822.8095703125,
    0.811
   ],
   [
    963.5322265625,
    831.9432373046875,
    0.868
   ],
   [
    1058.97705078125,
    1002.0979614257812,
    -1.0
   ],
   [
    916.9982299804688,
    1017.5846557617188,
    -1.0
   ],
   [
    1012.357421875,
    1055.93408203125,
    -1.0
   ],
   [
    922.3493041992188,
    1080.0,
    -1.0
   ]
  ]
 ],
 "skeleton_percentage": [
  100,
  100
 ],
 "angle": [
  67,
  130
 ]
}