{
 "frame_index": 530,
 "skeletons": [
  [
   [
    991.5025634765625,
    341.6885986328125,
    0.987
   ],
   [
    1013.725341796875,
    312.07916259765625,
    0.984
   ],
   [
    965.5330810546875,
    329.3731384277344,
    0.951
   ],
   [
    1069.010986328125,
    328.2818298339844,
    0.921
   ],
   [
    955.9652709960938,
    366.48944091796875,
    0.511
   ],
   [
    1166.8968505859375,
    458.178466796875,
    0.975
   ],
   [
    934.8365478515625,
    512.3389892578125,
    0.971
   ],
   [
    1265.10107421875,
    623.02294921875,
    0.825
   ],
   [
    887.26904296875,
    705.277099609375,
    0.757
   ],
   [
    1279.94677734375,
    680.8168334960938,
    0.696
   ],
   [
    898.4591674804688,
    767.7608642578125,
    0.585
   ],
   [
    1137.2117919921875,
    808.5217895507812,
    0.807
   ],
   [
    983.62060546875,
    827.287109375,
    0.786
   ],
   [
    1147.4697265625,
    970.4595947265625,
    -1.0
   ],
   [
    936.4118041992188,
    998.5030517578125,
    -1.0
   ],
   [
    1143.4658203125,
    1053.1710205078125,
    -1.0
   ],
   [
    914.43701171875,
    1080.0,
    -1.0
   ]
  ],
  [
   [
    989.397216796875,
    343.89739990234375,
    0.989
   ],
   [
    1014.101318359375,
    313.812255859375,
    0.984
   ],
   [
    962.046875,
    328.30169677734375,
    0.968
   ],
   [
    1071.5633544921875,
    330.45794677734375,
    0.925
   ],
   [
    953.64208984375,
    362.8891296386719,
    0.667
   ],
   [
    1165.041259765625,
    473.07513427734375,
    0.974
   ],
   [
    936.099365234375,
    511.968994140625,
    0.986
   ],
   [
    1252.3516845703125,
    640.51025390625,
    0.717
   ],
   [
    882.9921875,
    701.007080078125,
    0.852
   ],
   [
    1272.6925048828125,
    684.6605224609375,
    0.564
   ],
   [
    887.928466796875,
    775.8202514648438,
    0.675
   ],
   [
    1123.8697509765625,
    834.8959350585938,
    0.812
   ],
   [
    977.261962890625,
    848.2630004882812,
    0.87
   ],
   [
    1116.5770263671875,
    974.7687377929688,
    -1.0
   ],
   [
    947.4339599609375,
    996.7366333007812,
    -1.0
   ],
   [
    1081.851806640625,
    1049.9058837890625,
    -1.0
   ],
   [
    953.1102905273438,
    1080.0,
    -1.0
   ]
  ]
 ],
 "skeleton_percentage": [
  100,
  100
 ],
 "angle": [
  67,
  123
 ]
}