{
 "frame_index": 531,
 "skeletons": [
  [
   [
    969.491455078125,
    352.21160888671875,
    0.988
   ],
   [
    991.2291870117188,
    323.36773681640625,
    0.984
   ],
   [
    945.5965576171875,
    336.6559753417969,
    0.951
   ],
   [
    1041.772216796875,
    338.94561767578125,
    0.915
   ],
   [
    932.001953125,
    368.5252685546875,
    0.535
   ],
   [
    1132.2889404296875,
    475.26318359375,
    0.976
   ],
   [
    909.690185546875,
    527.9398803710938,
    0.98
   ],
   [
    1218.949462890625,
    648.9339599609375,
    0.84
   ],
   [
    851.8760986328125,
    727.3583984375,
    0.813
   ],
   [
    1208.7265625,
    767.922607421875,
    0.713
   ],
   [
    853.9747924804688,
    787.03759765625,
    0.659
   ],
   [
    1120.407958984375,
    838.7059936523438,
    0.766
   ],
   [
    972.8258056640625,
    855.5864868164062,
    0.762
   ],
   [
    1089.880859375,
    960.9677734375,
    -1.0
   ],
   [
    893.8375244140625,
    987.1842041015625,
    -1.0
   ],
   [
    1100.3404541015625,
    1029.9088134765625,
    -1.0
   ],
   [
    894.703369140625,
    1055.167236328125,
    -1.0
   ]
  ]
 ],
 "skeleton_percentage": [
  100
 ],
 "angle": [
  61
 ]
}