{
 "frame_index": 532,
 "skeletons": [
  [
   [
    952.4375610351562,
    359.60943603515625,
    0.988
   ],
   [
    971.9353637695312,
    332.9642028808594,
    0.98
   ],
   [
    927.287841796875,
    345.7517395019531,
    0.969
   ],
   [
    1013.9840087890625,
    348.947021484375,
    0.889
   ],
   [
    910.2440185546875,
    378.8943786621094,
    0.696
   ],
   [
    1097.16943359375,
    480.49163818359375,
    0.956
   ],
   [
    884.52734375,
    528.641845703125,
    0.983
   ],
   [
    1170.2398681640625,
    648.719482421875,
    0.666
   ],
   [
    836.6759033203125,
    717.1002197265625,
    0.833
   ],
   [
    1143.989013671875,
    778.75048828125,
    -1.0
   ],
   [
    846.007568359375,
    824.2150268554688,
    0.615
   ],
   [
    1082.220458984375,
    834.3191528320312,
    0.682
   ],
   [
    941.0506591796875,
    850.3970947265625,
    0.763
   ],
   [
    1072.2978515625,
    1008.720703125,
    -1.0
   ],
   [
    883.10205078125,
    1030.078125,
    -1.0
   ],
   [
    1072.5115966796875,
    1074.169677734375,
    -1.0
   ],
   [
    876.5615844726562,
    1080.0,
    -1.0
   ]
  ]
 ],
 "skeleton_percentage": [
  100
 ],
 "angle": [
  40
 ]
}