{
 "frame_index": 533,
 "skeletons": [
  [
   [
    939.7064208984375,
    364.1501770019531,
    0.988
   ],
   [
    958.8555908203125,
    337.1759338378906,
    0.98
   ],
   [
    913.6968994140625,
    350.27850341796875,
    0.964
   ],
   [
    1002.8369750976562,
    353.4638671875,
    0.891
   ],
   [
    897.4512939453125,
    384.7634582519531,
    0.65
   ],
   [
    1083.623046875,
    488.5484619140625,
    0.973
   ],
   [
    879.5303955078125,
    534.694091796875,
    0.979
   ],
   [
    1178.5863037109375,
    658.9114990234375,
    0.814
   ],
   [
    835.7155151367188,
    721.6710205078125,
    0.833
   ],
   [
    1191.718017578125,
    787.115478515625,
    0.673
   ],
   [
    835.9960327148438,
    809.172119140625,
    0.677
   ],
   [
    1068.140625,
    826.7686157226562,
    0.691
   ],
   [
    931.66455078125,
    843.20654296875,
    0.715
   ],
   [
    1080.442138671875,
    971.36279296875,
    -1.0
   ],
   [
    891.7596435546875,
    995.0927734375,
    -1.0
   ],
   [
    1086.257568359375,
    991.061767578125,
    -1.0
   ],
   [
    882.7369995117188,
    1020.4334716796875,
    -1.0
   ]
  ]
 ],
 "skeleton_percentage": [
  100
 ],
 "angle": [
  49
 ]
}