{
 "frame_index": 534,
 "skeletons": [
  [
   [
    930.8201293945312,
    376.38214111328125,
    0.986
   ],
   [
    947.2216796875,
    350.3345947265625,
    0.98
   ],
   [
    905.62353515625,
    364.733154296875,
    0.963
   ],
   [
    985.42822265625,
    365.45477294921875,
    0.896
   ],
   [
    888.1082153320312,
    398.0805358886719,
    0.686
   ],
   [
    1078.8221435546875,
    493.7923583984375,
    0.971
   ],
   [
    859.1976318359375,
    535.2113037109375,
    0.975
   ],
   [
    1170.4273681640625,
    666.4064331054688,
    0.789
   ],
   [
    816.9498291015625,
    712.9768676757812,
    0.776
   ],
   [
    1154.3302001953125,
    744.8340454101562,
    0.629
   ],
   [
    837.0399169921875,
    737.889892578125,
    0.606
   ],
   [
    1064.6719970703125,
    819.187744140625,
    0.593
   ],
   [
    918.5868530273438,
    834.9268798828125,
    0.593
   ],
   [
    1096.863037109375,
    919.0691528320312,
    -1.0
   ],
   [
    885.3482666015625,
    941.883056640625,
    -1.0
   ],
   [
    1104.3365478515625,
    959.28759765625,
    -1.0
   ],
   [
    872.7203369140625,
    992.3666381835938,
    -1.0
   ]
  ]
 ],
 "skeleton_percentage": [
  100
 ],
 "angle": [
  41
 ]
}