{
 "frame_index": 535,
 "skeletons": [
  [
   [
    930.5652465820312,
    378.92156982421875,
    0.986
   ],
   [
    947.6578369140625,
    353.22296142578125,
    0.976
   ],
   [
    906.3297729492188,
    365.9510192871094,
    0.966
   ],
   [
    988.127197265625,
    369.086669921875,
    0.881
   ],
   [
    892.0307006835938,
    399.411865234375,
    0.708
   ],
   [
    1075.2392578125,
    503.17083740234375,
    0.969
   ],
   [
    865.7640380859375,
    541.7743530273438,
    0.981
   ],
   [
    1155.6427001953125,
    668.6508178710938,
    0.749
   ],
   [
    823.5224609375,
    720.9462280273438,
    0.835
   ],
   [
    1163.266357421875,
    753.0970458984375,
    0.584
   ],
   [
    818.082275390625,
    829.080810546875,
    0.644
   ],
   [
    1058.2999267578125,
    815.13037109375,
    0.667
   ],
   [
    916.8533935546875,
    829.4800415039062,
    0.723
   ],
   [
    1080.2464599609375,
    973.5664672851562,
    -1.0
   ],
   [
    872.6517333984375,
    992.792236328125,
    -1.0
   ],
   [
    1083.328369140625,
    1000.493896484375,
    -1.0
   ],
   [
    869.26708984375,
    1036.0771484375,
    -1.0
   ]
  ]
 ],
 "skeleton_percentage": [
  100
 ],
 "angle": [
  38
 ]
}