{
 "frame_index": 536,
 "skeletons": [
  [
   [
    938.0842895507812,
    382.8194274902344,
    0.986
   ],
   [
    954.6522216796875,
    358.50396728515625,
    0.979
   ],
   [
    912.8369750976562,
    370.97296142578125,
    0.967
   ],
   [
    990.2113037109375,
    375.565673828125,
    0.883
   ],
   [
    892.0164794921875,
    404.346923828125,
    0.724
   ],
   [
    1080.004638671875,
    501.392578125,
    0.968
   ],
   [
    860.0592041015625,
    538.8677978515625,
    0.976
   ],
   [
    1166.143310546875,
    668.384521484375,
    0.762
   ],
   [
    823.93212890625,
    711.0448608398438,
    0.785
   ],
   [
    1131.630126953125,
    732.993896484375,
    0.614
   ],
   [
    855.0848388671875,
    737.8572998046875,
    0.622
   ],
   [
    1064.559326171875,
    819.2388916015625,
    0.597
   ],
   [
    919.822509765625,
    833.2933349609375,
    0.614
   ],
   [
    1088.6563720703125,
    924.4000244140625,
    -1.0
   ],
   [
    894.15234375,
    942.4978637695312,
    -1.0
   ],
   [
    1085.088623046875,
    970.11328125,
    -1.0
   ],
   [
    886.2669677734375,
    996.4434814453125,
    -1.0
   ]
  ]
 ],
 "skeleton_percentage": [
  100
 ],
 "angle": [
  44
 ]
}