{
 "frame_index": 537,
 "skeletons": [
  [
   [
    938.2509155273438,
    382.93841552734375,
    0.986
   ],
   [
    954.7421264648438,
    358.5318603515625,
    0.979
   ],
   [
    912.9937744140625,
    371.11614990234375,
    0.967
   ],
   [
    990.269775390625,
    375.3879089355469,
    0.883
   ],
   [
    892.2160034179688,
    404.43511962890625,
    0.724
   ],
   [
    1080.048828125,
    501.20343017578125,
    0.968
   ],
   [
    860.46533203125,
    538.6600341796875,
    0.976
   ],
   [
    1165.89599609375,
    668.448486328125,
    0.763
   ],
   [
    823.856201171875,
    710.6314697265625,
    0.787
   ],
   [
    1130.3250732421875,
    733.6950073242188,
    0.616
   ],
   [
    854.30322265625,
    738.2213134765625,
    0.625
   ],
   [
    1064.447509765625,
    819.3740844726562,
    0.596
   ],
   [
    919.80078125,
    833.3447265625,
    0.613
   ],
   [
    1088.3756103515625,
    924.30078125,
    -1.0
   ],
   [
    893.112060546875,
    942.29150390625,
    -1.0
   ],
   [
    1085.512939453125,
    969.5625,
    -1.0
   ],
   [
    884.9174194335938,
    996.0294799804688,
    -1.0
   ]
  ]
 ],
 "skeleton_percentage": [
  100
 ],
 "angle": [
  44
 ]
}