{
 "frame_index": 538,
 "skeletons": [
  [
   [
    946.91552734375,
    391.8890075683594,
    0.986
   ],
   [
    960.0450439453125,
    367.4894714355469,
    0.974
   ],
   [
    921.4012451171875,
    380.3659973144531,
    0.967
   ],
   [
    989.6947631835938,
    383.26171875,
    0.875
   ],
   [
    901.185546875,
    413.60589599609375,
    0.787
   ],
   [
    1080.502197265625,
    507.8690185546875,
    0.978
   ],
   [
    867.4422607421875,
    541.3230590820312,
    0.983
   ],
   [
    1160.5997314453125,
    675.515380859375,
    0.814
   ],
   [
    829.9881591796875,
    713.109619140625,
    0.842
   ],
   [
    1123.05810546875,
    746.113037109375,
    0.662
   ],
   [
    870.1944580078125,
    752.8515014648438,
    0.684
   ],
   [
    1068.0634765625,
    825.9256591796875,
    0.729
   ],
   [
    925.2884521484375,
    839.5491943359375,
    0.751
   ],
   [
    1104.465087890625,
    939.7369995117188,
    -1.0
   ],
   [
    892.78076171875,
    959.0506591796875,
    -1.0
   ],
   [
    1104.9290771484375,
    997.493896484375,
    -1.0
   ],
   [
    876.7701416015625,
    1031.567138671875,
    -1.0
   ]
  ],
  [
   [
    944.0795288085938,
    392.830810546875,
    0.986
   ],
   [
    959.197265625,
    367.3909912109375,
    0.965
   ],
   [
    919.3515625,
    378.51824951171875,
    0.969
   ],
   [
    993.2374267578125,
    382.48809814453125,
    0.838
   ],
   [
    898.4954223632812,
    410.2469787597656,
    0.807
   ],
   [
    1080.344482421875,
    517.7201538085938,
    0.976
   ],
   [
    866.9376220703125,
    559.3965454101562,
    0.991
   ],
   [
    1158.995361328125,
    674.6278686523438,
    0.773
   ],
   [
    833.3203125,
    734.6109619140625,
    0.92
   ],
   [
    1134.5516357421875,
    742.0703125,
    0.658
   ],
   [
    845.095947265625,
    799.7697143554688,
    0.811
   ],
   [
    1071.434326171875,
    824.237548828125,
    0.79
   ],
   [
    928.9061279296875,
    839.536376953125,
    0.865
   ],
   [
    1079.6588134765625,
    951.0047607421875,
    -1.0
   ],
   [
    889.9278564453125,
    971.4446411132812,
    -1.0
   ],
   [
    1067.45458984375,
    981.2718505859375,
    -1.0
   ],
   [
    898.058837890625,
    1008.7894287109375,
    -1.0
   ]
  ]
 ],
 "skeleton_percentage": [
  100,
  100
 ],
 "angle": [
  52,
  148
 ]
}