{
 "frame_index": 539,
 "skeletons": [
  [
   [
    945.092041015625,
    391.93353271484375,
    0.989
   ],
   [
    959.3326416015625,
    367.2498779296875,
    0.976
   ],
   [
    920.0401611328125,
    380.42376708984375,
    0.975
   ],
   [
    990.582275390625,
    382.8505859375,
    0.851
   ],
   [
    898.2442626953125,
    414.385498046875,
    0.786
   ],
   [
    1083.52099609375,
    509.577880859375,
    0.969
   ],
   [
    863.6134033203125,
    553.514404296875,
    0.987
   ],
   [
    1168.5982666015625,
    675.7686157226562,
    0.735
   ],
   [
    830.3984375,
    732.3480834960938,
    0.871
   ],
   [
    1142.546875,
    753.0803833007812,
    0.578
   ],
   [
    842.578125,
    800.1622924804688,
    0.701
   ],
   [
    1075.5919189453125,
    826.7601928710938,
    0.672
   ],
   [
    930.281494140625,
    843.0595092773438,
    0.748
   ],
   [
    1089.8023681640625,
    966.7181396484375,
    -1.0
   ],
   [
    890.4234008789062,
    986.830810546875,
    -1.0
   ],
   [
    1085.4788818359375,
    1016.85498046875,
    -1.0
   ],
   [
    893.7083129882812,
    1046.347900390625,
    -1.0
   ]
  ]
 ],
 "skeleton_percentage": [
  100
 ],
 "angle": [
  57
 ]
}