{
 "frame_index": 540,
 "skeletons": [
  [
   [
    951.28857421875,
    398.5710754394531,
    0.985
   ],
   [
    969.1583862304688,
    373.0295104980469,
    0.963
   ],
   [
    926.08740234375,
    382.4601745605469,
    0.962
   ],
   [
    1005.2781372070312,
    387.902099609375,
    0.845
   ],
   [
    902.7379760742188,
    410.9120178222656,
    0.772
   ],
   [
    1082.07666015625,
    526.2396850585938,
    0.98
   ],
   [
    877.8726196289062,
    562.3638916015625,
    0.993
   ],
   [
    1162.9813232421875,
    699.8088989257812,
    0.844
   ],
   [
    838.7982788085938,
    744.3648681640625,
    0.945
   ],
   [
    1121.6195068359375,
    834.9761962890625,
    0.76
   ],
   [
    830.9427490234375,
    828.297607421875,
    0.871
   ],
   [
    1065.0693359375,
    855.8461303710938,
    0.867
   ],
   [
    930.7833251953125,
    865.5301513671875,
    0.916
   ],
   [
    1041.3050537109375,
    1011.2794189453125,
    -1.0
   ],
   [
    887.3179931640625,
    1026.117431640625,
    -1.0
   ],
   [
    1029.3447265625,
    1033.2015380859375,
    -1.0
   ],
   [
    894.1416015625,
    1047.287109375,
    -1.0
   ]
  ]
 ],
 "skeleton_percentage": [
  100
 ],
 "angle": [
  159
 ]
}