{
 "frame_index": 541,
 "skeletons": [
  [
   [
    962.6163940429688,
    400.458251953125,
    0.99
   ],
   [
    978.911865234375,
    376.68817138671875,
    0.976
   ],
   [
    936.66015625,
    387.52508544921875,
    0.975
   ],
   [
    1011.390869140625,
    395.9493408203125,
    0.86
   ],
   [
    913.6360473632812,
    423.14569091796875,
    0.783
   ],
   [
    1096.80908203125,
    529.2491455078125,
    0.974
   ],
   [
    885.0306396484375,
    563.6806640625,
    0.991
   ],
   [
    1168.08447265625,
    704.6109008789062,
    0.765
   ],
   [
    840.5595703125,
    744.5780639648438,
    0.914
   ],
   [
    1127.890869140625,
    816.8952026367188,
    0.625
   ],
   [
    837.537841796875,
    849.0718994140625,
    0.778
   ],
   [
    1074.46142578125,
    857.2216186523438,
    0.809
   ],
   [
    938.4298095703125,
    866.1168823242188,
    0.876
   ],
   [
    1046.822509765625,
    1026.6295166015625,
    -1.0
   ],
   [
    890.6075439453125,
    1037.568115234375,
    -1.0
   ],
   [
    1018.2257080078125,
    1080.0,
    -1.0
   ],
   [
    888.8829345703125,
    1080.0,
    -1.0
   ]
  ]
 ],
 "skeleton_percentage": [
  100
 ],
 "angle": [
  148
 ]
}