{
 "frame_index": 542,
 "skeletons": [
  [
   [
    966.9255981445312,
    408.10467529296875,
    0.988
   ],
   [
    983.896484375,
    384.7389221191406,
    0.973
   ],
   [
    943.263427734375,
    393.76226806640625,
    0.975
   ],
   [
    1017.0441284179688,
    401.9202880859375,
    0.827
   ],
   [
    921.2894897460938,
    424.0339050292969,
    0.784
   ],
   [
    1094.2247314453125,
    538.1727294921875,
    0.967
   ],
   [
    888.470458984375,
    564.4443359375,
    0.983
   ],
   [
    1159.8779296875,
    715.23583984375,
    0.697
   ],
   [
    850.0494384765625,
    739.3524169921875,
    0.844
   ],
   [
    1130.5347900390625,
    839.9683837890625,
    0.515
   ],
   [
    839.923828125,
    853.011474609375,
    0.648
   ],
   [
    1063.1968994140625,
    850.3238525390625,
    0.648
   ],
   [
    929.3831176757812,
    856.7559814453125,
    0.73
   ],
   [
    1055.957275390625,
    1003.172607421875,
    -1.0
   ],
   [
    891.2330322265625,
    1012.1500854492188,
    -1.0
   ],
   [
    1029.6075439453125,
    1033.9539794921875,
    -1.0
   ],
   [
    891.5029296875,
    1052.1103515625,
    -1.0
   ]
  ]
 ],
 "skeleton_percentage": [
  100
 ],
 "angle": [
  94
 ]
}