{
 "frame_index": 543,
 "skeletons": [
  [
   [
    967.1246337890625,
    408.04541015625,
    0.988
   ],
   [
    984.0950317382812,
    384.696533203125,
    0.973
   ],
   [
    943.4654541015625,
    393.68475341796875,
    0.975
   ],
   [
    1017.2098388671875,
    401.87725830078125,
    0.827
   ],
   [
    921.2781982421875,
    423.9460144042969,
    0.781
   ],
   [
    1094.1015625,
    538.249267578125,
    0.967
   ],
   [
    888.5216674804688,
    564.3023681640625,
    0.983
   ],
   [
    1159.153076171875,
    715.5279541015625,
    0.703
   ],
   [
    849.9580078125,
    738.304443359375,
    0.843
   ],
   [
    1128.45361328125,
    844.09619140625,
    0.521
   ],
   [
    839.3045654296875,
    851.1113891601562,
    0.649
   ],
   [
    1062.705322265625,
    850.34619140625,
    0.65
   ],
   [
    928.8470458984375,
    856.5833129882812,
    0.729
   ],
   [
    1055.521240234375,
    1003.0958862304688,
    -1.0
   ],
   [
    890.4113159179688,
    1012.1068725585938,
    -1.0
   ],
   [
    1029.371337890625,
    1033.45751953125,
    -1.0
   ],
   [
    890.321533203125,
    1051.236328125,
    -1.0
   ]
  ]
 ],
 "skeleton_percentage": [
  100
 ],
 "angle": [
  91
 ]
}