{
 "frame_index": 544,
 "skeletons": [
  [
   [
    972.3658447265625,
    405.9954528808594,
    0.989
   ],
   [
    990.5482177734375,
    383.03839111328125,
    0.978
   ],
   [
    947.7926025390625,
    391.652587890625,
    0.979
   ],
   [
    1022.4129638671875,
    403.4230041503906,
    0.852
   ],
   [
    923.4417724609375,
    424.51483154296875,
    0.805
   ],
   [
    1105.1949462890625,
    540.8951416015625,
    0.96
   ],
   [
    886.6906127929688,
    566.8006591796875,
    0.986
   ],
   [
    1172.076171875,
    720.5575561523438,
    0.624
   ],
   [
    846.4425659179688,
    742.5018310546875,
    0.84
   ],
   [
    1122.4376220703125,
    826.2182006835938,
    -1.0
   ],
   [
    839.37158203125,
    835.7708129882812,
    0.629
   ],
   [
    1075.5831298828125,
    864.3531494140625,
    0.652
   ],
   [
    935.6647338867188,
    870.49365234375,
    0.753
   ],
   [
    1064.3568115234375,
    1019.0088500976562,
    -1.0
   ],
   [
    899.01904296875,
    1025.191162109375,
    -1.0
   ],
   [
    1039.2559814453125,
    1080.0,
    -1.0
   ],
   [
    906.4008178710938,
    1080.0,
    -1.0
   ]
  ],
  [
   [
    971.1692504882812,
    407.1990051269531,
    0.989
   ],
   [
    989.871826171875,
    383.3258972167969,
    0.972
   ],
   [
    946.2394409179688,
    391.0225524902344,
    0.974
   ],
   [
    1023.477783203125,
    402.6749267578125,
    0.842
   ],
   [
    920.77734375,
    421.88934326171875,
    0.792
   ],
   [
    1102.94580078125,
    544.7930908203125,
    0.974
   ],
   [
    885.8922119140625,
    571.0263671875,
    0.992
   ],
   [
    1166.881591796875,
    730.6852416992188,
    0.779
   ],
   [
    840.639892578125,
    751.6905517578125,
    0.925
   ],
   [
    1119.562744140625,
    885.8717651367188,
    0.645
   ],
   [
    817.492431640625,
    854.1740112304688,
    0.812
   ],
   [
    1077.932861328125,
    882.3729858398438,
    0.829
   ],
   [
    936.0263671875,
    887.613037109375,
    0.892
   ],
   [
    1065.05224609375,
    1064.4830322265625,
    -1.0
   ],
   [
    898.48388671875,
    1073.185546875,
    -1.0
   ],
   [
    1035.707275390625,
    1080.0,
    -1.0
   ],
   [
    898.720703125,
    1080.0,
    -1.0
   ]
  ]
 ],
 "skeleton_percentage": [
  100,
  100
 ],
 "angle": [
  82,
  159
 ]
}