{
 "frame_index": 545,
 "skeletons": [
  [
   [
    971.904296875,
    406.72265625,
    0.987
   ],
   [
    990.78271484375,
    384.0594177246094,
    0.962
   ],
   [
    949.4921875,
    388.732177734375,
    0.969
   ],
   [
    1022.9371948242188,
    403.557373046875,
    0.828
   ],
   [
    924.1821899414062,
    415.95849609375,
    0.809
   ],
   [
    1096.279541015625,
    551.10400390625,
    0.983
   ],
   [
    885.6685180664062,
    563.638427734375,
    0.993
   ],
   [
    1152.6734619140625,
    746.73046875,
    0.855
   ],
   [
    842.228515625,
    741.4825439453125,
    0.95
   ],
   [
    1111.529541015625,
    895.1998291015625,
    0.762
   ],
   [
    826.013427734375,
    850.209716796875,
    0.877
   ],
   [
    1063.088134765625,
    878.6683959960938,
    0.875
   ],
   [
    922.2294921875,
    877.9237060546875,
    0.921
   ],
   [
    1036.756103515625,
    1038.72216796875,
    -1.0
   ],
   [
    858.815185546875,
    1040.5224609375,
    -1.0
   ],
   [
    1022.6494140625,
    1070.122314453125,
    -1.0
   ],
   [
    865.6986083984375,
    1075.1802978515625,
    -1.0
   ]
  ]
 ],
 "skeleton_percentage": [
  100
 ],
 "angle": [
  167
 ]
}