{
 "frame_index": 546,
 "skeletons": [
  [
   [
    971.882568359375,
    406.8683166503906,
    0.987
   ],
   [
    990.7265625,
    384.198486328125,
    0.962
   ],
   [
    949.5098876953125,
    388.8690490722656,
    0.968
   ],
   [
    1022.92822265625,
    403.63690185546875,
    0.828
   ],
   [
    924.2518310546875,
    415.9800109863281,
    0.808
   ],
   [
    1096.7034912109375,
    551.2596435546875,
    0.983
   ],
   [
    885.8572998046875,
    563.59521484375,
    0.993
   ],
   [
    1152.77783203125,
    747.0413818359375,
    0.855
   ],
   [
    842.6767578125,
    741.504150390625,
    0.949
   ],
   [
    1111.7177734375,
    895.5081787109375,
    0.761
   ],
   [
    826.3599853515625,
    851.9613647460938,
    0.875
   ],
   [
    1064.62451171875,
    878.3707275390625,
    0.875
   ],
   [
    923.411376953125,
    877.6400146484375,
    0.921
   ],
   [
    1039.52490234375,
    1038.3895263671875,
    -1.0
   ],
   [
    859.9627075195312,
    1040.087646484375,
    -1.0
   ],
   [
    1025.5533447265625,
    1068.997802734375,
    -1.0
   ],
   [
    866.4424438476562,
    1074.1680908203125,
    -1.0
   ]
  ]
 ],
 "skeleton_percentage": [
  100
 ],
 "angle": [
  167
 ]
}