{
 "frame_index": 547,
 "skeletons": [
  [
   [
    968.13818359375,
    408.2601318359375,
    0.989
   ],
   [
    987.80126953125,
    385.95965576171875,
    0.971
   ],
   [
    944.6427612304688,
    391.075927734375,
    0.976
   ],
   [
    1020.2471923828125,
    407.36749267578125,
    0.827
   ],
   [
    918.2857666015625,
    420.7121887207031,
    0.812
   ],
   [
    1095.489990234375,
    546.6062622070312,
    0.974
   ],
   [
    873.6355590820312,
    569.4278564453125,
    0.992
   ],
   [
    1155.2552490234375,
    732.1446533203125,
    0.767
   ],
   [
    825.8426513671875,
    753.4974975585938,
    0.93
   ],
   [
    1125.1455078125,
    868.0009765625,
    0.637
   ],
   [
    809.8660888671875,
    834.8973388671875,
    0.823
   ],
   [
    1068.432861328125,
    867.090576171875,
    0.837
   ],
   [
    923.6715087890625,
    871.96728515625,
    0.902
   ],
   [
    1058.518310546875,
    1039.06591796875,
    -1.0
   ],
   [
    888.3006591796875,
    1047.8294677734375,
    -1.0
   ],
   [
    1025.5714111328125,
    1080.0,
    -1.0
   ],
   [
    890.657958984375,
    1080.0,
    -1.0
   ]
  ]
 ],
 "skeleton_percentage": [
  100
 ],
 "angle": [
  167
 ]
}