{
 "frame_index": 548,
 "skeletons": [
  [
   [
    958.432861328125,
    406.8099365234375,
    0.988
   ],
   [
    979.05859375,
    384.79730224609375,
    0.973
   ],
   [
    934.8096313476562,
    389.567138671875,
    0.971
   ],
   [
    1014.0948486328125,
    406.9723205566406,
    0.85
   ],
   [
    908.225830078125,
    419.2283935546875,
    0.757
   ],
   [
    1088.7828369140625,
    549.8468017578125,
    0.975
   ],
   [
    863.6588745117188,
    565.3096923828125,
    0.987
   ],
   [
    1148.1275634765625,
    736.6532592773438,
    0.777
   ],
   [
    815.844482421875,
    740.4227294921875,
    0.883
   ],
   [
    1111.8204345703125,
    889.1400146484375,
    0.627
   ],
   [
    826.4197998046875,
    835.6408081054688,
    0.745
   ],
   [
    1057.70849609375,
    871.7404174804688,
    0.833
   ],
   [
    910.9287109375,
    874.2591552734375,
    0.874
   ],
   [
    1057.016357421875,
    1051.57080078125,
    -1.0
   ],
   [
    892.3500366210938,
    1056.578369140625,
    -1.0
   ],
   [
    1027.747314453125,
    1080.0,
    -1.0
   ],
   [
    897.3160400390625,
    1080.0,
    -1.0
   ]
  ],
  [
   [
    959.614013671875,
    406.2345886230469,
    0.988
   ],
   [
    979.3345947265625,
    384.97308349609375,
    0.977
   ],
   [
    935.9581298828125,
    391.20965576171875,
    0.979
   ],
   [
    1012.1460571289062,
    407.54644775390625,
    0.842
   ],
   [
    910.435302734375,
    422.8016357421875,
    0.804
   ],
   [
    1089.15087890625,
    546.282958984375,
    0.95
   ],
   [
    863.1417236328125,
    559.01416015625,
    0.98
   ],
   [
    1149.29296875,
    724.2548828125,
    0.55
   ],
   [
    818.6087036132812,
    720.827392578125,
    0.785
   ],
   [
    1112.5147705078125,
    828.0803833007812,
    -1.0
   ],
   [
    844.6273193359375,
    794.2516479492188,
    0.563
   ],
   [
    1049.418701171875,
    852.0201416015625,
    0.577
   ],
   [
    904.2515258789062,
    854.33203125,
    0.68
   ],
   [
    1056.97509765625,
    1012.564453125,
    -1.0
   ],
   [
    889.0848388671875,
    1015.266845703125,
    -1.0
   ],
   [
    1033.1904296875,
    1080.0,
    -1.0
   ],
   [
    899.57177734375,
    1080.0,
    -1.0
   ]
  ]
 ],
 "skeleton_percentage": [
  100,
  100
 ],
 "angle": [
  168,
  48
 ]
}