{
 "frame_index": 549,
 "skeletons": [
  [
   [
    958.3927001953125,
    406.80718994140625,
    0.988
   ],
   [
    979.018798828125,
    384.7005615234375,
    0.973
   ],
   [
    934.7697143554688,
    389.5117492675781,
    0.971
   ],
   [
    1014.13916015625,
    406.8092041015625,
    0.85
   ],
   [
    908.2877197265625,
    419.15264892578125,
    0.757
   ],
   [
    1089.31298828125,
    550.6143188476562,
    0.975
   ],
   [
    863.1085205078125,
    565.83837890625,
    0.988
   ],
   [
    1146.83203125,
    738.7567749023438,
    0.783
   ],
   [
    815.3721313476562,
    743.2999267578125,
    0.886
   ],
   [
    1111.077880859375,
    891.7833251953125,
    0.634
   ],
   [
    822.660888671875,
    849.5787353515625,
    0.747
   ],
   [
    1057.853271484375,
    872.7843017578125,
    0.833
   ],
   [
    910.3445434570312,
    875.3438720703125,
    0.873
   ],
   [
    1058.3868408203125,
    1051.33740234375,
    -1.0
   ],
   [
    891.927490234375,
    1056.101806640625,
    -1.0
   ],
   [
    1028.308837890625,
    1080.0,
    -1.0
   ],
   [
    898.149658203125,
    1080.0,
    -1.0
   ]
  ],
  [
   [
    959.6060791015625,
    406.16070556640625,
    0.988
   ],
   [
    979.2784423828125,
    384.8667297363281,
    0.977
   ],
   [
    936.0521850585938,
    391.13287353515625,
    0.979
   ],
   [
    1012.060546875,
    407.39337158203125,
    0.842
   ],
   [
    910.6885986328125,
    422.68194580078125,
    0.805
   ],
   [
    1089.63037109375,
    546.4351806640625,
    0.949
   ],
   [
    862.664794921875,
    559.2635498046875,
    0.98
   ],
   [
    1148.984130859375,
    725.61669921875,
    0.548
   ],
   [
    818.2512817382812,
    723.37109375,
    0.785
   ],
   [
    1111.2862548828125,
    831.6776733398438,
    -1.0
   ],
   [
    844.952392578125,
    806.589111328125,
    0.557
   ],
   [
    1049.8319091796875,
    851.6423950195312,
    0.564
   ],
   [
    904.1292724609375,
    854.0872802734375,
    0.67
   ],
   [
    1057.0330810546875,
    1010.2060546875,
    -1.0
   ],
   [
    888.6212768554688,
    1012.724853515625,
    -1.0
   ],
   [
    1032.150390625,
    1078.249267578125,
    -1.0
   ],
   [
    899.9686889648438,
    1080.0,
    -1.0
   ]
  ]
 ],
 "skeleton_percentage": [
  100,
  100
 ],
 "angle": [
  168,
  47
 ]
}