{
 "frame_index": 550,
 "skeletons": [
  [
   [
    954.039794921875,
    405.528076171875,
    0.988
   ],
   [
    972.859130859375,
    384.0555725097656,
    0.963
   ],
   [
    931.30517578125,
    386.9217224121094,
    0.976
   ],
   [
    1002.0401611328125,
    404.29107666015625,
    0.77
   ],
   [
    899.6505126953125,
    411.2091979980469,
    0.835
   ],
   [
    1070.6048583984375,
    543.3295288085938,
    0.978
   ],
   [
    850.6239013671875,
    555.5589599609375,
    0.992
   ],
   [
    1128.87939453125,
    727.835205078125,
    0.813
   ],
   [
    802.9407348632812,
    739.2786254882812,
    0.937
   ],
   [
    1116.8349609375,
    872.492431640625,
    0.692
   ],
   [
    797.9205322265625,
    867.9967041015625,
    0.843
   ],
   [
    1062.001708984375,
    861.759033203125,
    0.864
   ],
   [
    911.498779296875,
    865.2730712890625,
    0.913
   ],
   [
    1071.676513671875,
    1030.5888671875,
    -1.0
   ],
   [
    861.2741088867188,
    1035.398193359375,
    -1.0
   ],
   [
    1066.932861328125,
    1075.0711669921875,
    -1.0
   ],
   [
    859.9163818359375,
    1080.0,
    -1.0
   ]
  ]
 ],
 "skeleton_percentage": [
  100
 ],
 "angle": [
  177
 ]
}