{
 "frame_index": 551,
 "skeletons": [
  [
   [
    953.927734375,
    405.45831298828125,
    0.988
   ],
   [
    972.8265380859375,
    383.8920593261719,
    0.963
   ],
   [
    931.1468505859375,
    386.8341064453125,
    0.976
   ],
   [
    1002.1829833984375,
    404.2121887207031,
    0.771
   ],
   [
    899.6757202148438,
    411.4120788574219,
    0.837
   ],
   [
    1070.8359375,
    543.2957153320312,
    0.977
   ],
   [
    850.5194091796875,
    556.7178344726562,
    0.992
   ],
   [
    1128.8612060546875,
    727.3233642578125,
    0.808
   ],
   [
    802.041259765625,
    741.6468505859375,
    0.939
   ],
   [
    1116.8173828125,
    870.878173828125,
    0.686
   ],
   [
    794.4217529296875,
    870.6820678710938,
    0.845
   ],
   [
    1061.78857421875,
    862.534423828125,
    0.862
   ],
   [
    910.9224853515625,
    866.37353515625,
    0.914
   ],
   [
    1070.677001953125,
    1030.9190673828125,
    -1.0
   ],
   [
    858.2548828125,
    1036.137939453125,
    -1.0
   ],
   [
    1065.8885498046875,
    1075.500244140625,
    -1.0
   ],
   [
    856.102294921875,
    1080.0,
    -1.0
   ]
  ]
 ],
 "skeleton_percentage": [
  100
 ],
 "angle": [
  178
 ]
}