{
 "frame_index": 552,
 "skeletons": [
  [
   [
    942.8274536132812,
    403.11968994140625,
    0.99
   ],
   [
    963.7421875,
    383.10687255859375,
    0.967
   ],
   [
    921.057861328125,
    382.44049072265625,
    0.981
   ],
   [
    991.7704467773438,
    406.88653564453125,
    0.717
   ],
   [
    887.317626953125,
    405.51434326171875,
    0.851
   ],
   [
    1059.88134765625,
    546.8768310546875,
    0.969
   ],
   [
    829.2010498046875,
    555.585205078125,
    0.991
   ],
   [
    1119.955078125,
    717.77734375,
    0.707
   ],
   [
    780.45751953125,
    740.077392578125,
    0.912
   ],
   [
    1086.3701171875,
    810.2169799804688,
    0.568
   ],
   [
    775.7103881835938,
    866.9412841796875,
    0.779
   ],
   [
    1046.358642578125,
    871.404541015625,
    0.827
   ],
   [
    895.6825561523438,
    875.2335205078125,
    0.894
   ],
   [
    1064.60546875,
    1045.3021240234375,
    -1.0
   ],
   [
    892.663330078125,
    1042.96630859375,
    -1.0
   ],
   [
    1030.06787109375,
    1080.0,
    -1.0
   ],
   [
    906.7247314453125,
    1080.0,
    -1.0
   ]
  ]
 ],
 "skeleton_percentage": [
  100
 ],
 "angle": [
  188
 ]
}