{
 "frame_index": 553,
 "skeletons": [
  [
   [
    923.2049560546875,
    399.64593505859375,
    0.988
   ],
   [
    943.489990234375,
    378.71759033203125,
    0.968
   ],
   [
    902.2366333007812,
    380.24957275390625,
    0.974
   ],
   [
    974.4164428710938,
    399.6363830566406,
    0.785
   ],
   [
    874.0162353515625,
    403.5882568359375,
    0.799
   ],
   [
    1043.96240234375,
    540.259765625,
    0.973
   ],
   [
    815.6661987304688,
    547.5474853515625,
    0.989
   ],
   [
    1093.5960693359375,
    715.4492797851562,
    0.762
   ],
   [
    760.589111328125,
    725.1336669921875,
    0.896
   ],
   [
    1059.820068359375,
    815.1150512695312,
    0.621
   ],
   [
    776.8717041015625,
    842.4588623046875,
    0.758
   ],
   [
    1010.6358032226562,
    869.0454711914062,
    0.852
   ],
   [
    860.1219482421875,
    870.821044921875,
    0.894
   ],
   [
    1021.6375732421875,
    1062.060791015625,
    -1.0
   ],
   [
    847.0953369140625,
    1061.4921875,
    -1.0
   ],
   [
    990.0045166015625,
    1080.0,
    -1.0
   ],
   [
    851.667724609375,
    1080.0,
    -1.0
   ]
  ]
 ],
 "skeleton_percentage": [
  100
 ],
 "angle": [
  201
 ]
}