{
 "frame_index": 554,
 "skeletons": [
  [
   [
    908.27783203125,
    389.81463623046875,
    0.989
   ],
   [
    928.3990478515625,
    370.5427551269531,
    0.968
   ],
   [
    887.8397827148438,
    370.66754150390625,
    0.978
   ],
   [
    957.9288330078125,
    394.5865173339844,
    0.774
   ],
   [
    859.197509765625,
    395.59832763671875,
    0.824
   ],
   [
    1020.501953125,
    536.9580078125,
    0.97
   ],
   [
    796.9407348632812,
    540.78125,
    0.989
   ],
   [
    1066.615966796875,
    707.9420776367188,
    0.738
   ],
   [
    742.6246337890625,
    715.1636352539062,
    0.895
   ],
   [
    1045.128173828125,
    814.427978515625,
    0.594
   ],
   [
    776.9830322265625,
    840.3587036132812,
    0.754
   ],
   [
    984.285888671875,
    863.9749145507812,
    0.828
   ],
   [
    836.5843505859375,
    865.4078979492188,
    0.88
   ],
   [
    1002.4635009765625,
    1069.49609375,
    -1.0
   ],
   [
    834.3980712890625,
    1068.5821533203125,
    -1.0
   ],
   [
    974.9571533203125,
    1080.0,
    -1.0
   ],
   [
    839.61474609375,
    1080.0,
    -1.0
   ]
  ]
 ],
 "skeleton_percentage": [
  100
 ],
 "angle": [
  213
 ]
}