{
 "frame_index": 555,
 "skeletons": [
  [
   [
    907.7788696289062,
    389.43798828125,
    0.983
   ],
   [
    927.711181640625,
    369.90435791015625,
    0.955
   ],
   [
    888.11083984375,
    369.56561279296875,
    0.964
   ],
   [
    958.3297119140625,
    393.33245849609375,
    0.779
   ],
   [
    861.8303833007812,
    392.8026123046875,
    0.801
   ],
   [
    1016.0665283203125,
    537.1888427734375,
    0.974
   ],
   [
    803.3818359375,
    538.3438720703125,
    0.989
   ],
   [
    1058.1593017578125,
    710.7753295898438,
    0.793
   ],
   [
    749.7388305664062,
    717.4263916015625,
    0.912
   ],
   [
    1036.798095703125,
    821.7667236328125,
    0.677
   ],
   [
    779.7025146484375,
    847.1431274414062,
    0.804
   ],
   [
    986.1168212890625,
    862.0109252929688,
    0.855
   ],
   [
    840.6448974609375,
    861.808837890625,
    0.897
   ],
   [
    1000.9378051757812,
    1044.547607421875,
    -1.0
   ],
   [
    813.5985717773438,
    1043.23974609375,
    -1.0
   ],
   [
    983.8416137695312,
    1080.0,
    -1.0
   ],
   [
    808.7669677734375,
    1080.0,
    -1.0
   ]
  ]
 ],
 "skeleton_percentage": [
  100
 ],
 "angle": [
  206
 ]
}