{
 "frame_index": 556,
 "skeletons": [
  [
   [
    897.4952392578125,
    388.5092468261719,
    0.98
   ],
   [
    916.1080322265625,
    368.7754211425781,
    0.96
   ],
   [
    876.7156982421875,
    367.8838806152344,
    0.961
   ],
   [
    942.2427978515625,
    390.45703125,
    0.783
   ],
   [
    847.290771484375,
    388.21099853515625,
    0.816
   ],
   [
    1004.9935302734375,
    535.8895263671875,
    0.97
   ],
   [
    773.2679443359375,
    532.7756958007812,
    0.971
   ],
   [
    1059.233154296875,
    711.946044921875,
    0.692
   ],
   [
    718.9988403320312,
    715.677490234375,
    0.68
   ],
   [
    1027.2486572265625,
    758.9628295898438,
    -1.0
   ],
   [
    783.6882934570312,
    744.013427734375,
    -1.0
   ],
   [
    962.4678955078125,
    842.8269653320312,
    0.555
   ],
   [
    808.9664306640625,
    845.8244018554688,
    0.562
   ],
   [
    1017.665283203125,
    911.4500732421875,
    -1.0
   ],
   [
    814.7279663085938,
    917.775390625,
    -1.0
   ],
   [
    996.6929931640625,
    957.1607666015625,
    -1.0
   ],
   [
    826.03857421875,
    968.4190063476562,
    -1.0
   ]
  ],
  [
   [
    894.5205688476562,
    388.8153076171875,
    0.977
   ],
   [
    914.7205810546875,
    367.7170715332031,
    0.945
   ],
   [
    876.1939086914062,
    366.57073974609375,
    0.95
   ],
   [
    945.449462890625,
    386.9229736328125,
    0.776
   ],
   [
    851.5940551757812,
    384.11773681640625,
    0.774
   ],
   [
    1003.2368774414062,
    535.8107299804688,
    0.975
   ],
   [
    788.68701171875,
    536.331298828125,
    0.985
   ],
   [
    1051.028076171875,
    715.103271484375,
    0.791
   ],
   [
    723.884033203125,
    723.3663330078125,
    0.871
   ],
   [
    1021.2698364257812,
    824.6068115234375,
    0.667
   ],
   [
    748.483642578125,
    840.8553466796875,
    0.745
   ],
   [
    960.592529296875,
    879.6004638671875,
    0.841
   ],
   [
    817.9081420898438,
    877.3496704101562,
    0.871
   ],
   [
    946.0784912109375,
    1048.2227783203125,
    -1.0
   ],
   [
    782.453369140625,
    1045.12353515625,
    -1.0
   ],
   [
    912.01806640625,
    1080.0,
    -1.0
   ],
   [
    776.9918212890625,
    1080.0,
    -1.0
   ]
  ]
 ],
 "skeleton_percentage": [
  100,
  100
 ],
 "angle": [
  296,
  207
 ]
}