{
 "frame_index": 557,
 "skeletons": [
  [
   [
    882.6970825195312,
    386.147216796875,
    0.981
   ],
   [
    903.2565307617188,
    366.5672607421875,
    0.95
   ],
   [
    864.8973999023438,
    364.3072814941406,
    0.964
   ],
   [
    932.6716918945312,
    389.11614990234375,
    0.78
   ],
   [
    840.5772705078125,
    384.12396240234375,
    0.822
   ],
   [
    994.5413818359375,
    534.4562377929688,
    0.971
   ],
   [
    770.512451171875,
    535.1077880859375,
    0.989
   ],
   [
    1035.7398681640625,
    717.9451904296875,
    0.731
   ],
   [
    713.3980712890625,
    727.5050659179688,
    0.892
   ],
   [
    1015.2222290039062,
    824.5030517578125,
    0.584
   ],
   [
    746.6109619140625,
    850.507080078125,
    0.749
   ],
   [
    960.0433959960938,
    871.9103393554688,
    0.819
   ],
   [
    812.1699829101562,
    870.4083251953125,
    0.876
   ],
   [
    943.489013671875,
    1059.919921875,
    -1.0
   ],
   [
    776.6460571289062,
    1056.832275390625,
    -1.0
   ],
   [
    903.9900512695312,
    1080.0,
    -1.0
   ],
   [
    783.293701171875,
    1080.0,
    -1.0
   ]
  ]
 ],
 "skeleton_percentage": [
  100
 ],
 "angle": [
  214
 ]
}