{
 "frame_index": 558,
 "skeletons": [
  [
   [
    877.7481079101562,
    377.3528137207031,
    0.977
   ],
   [
    895.97509765625,
    357.0676574707031,
    0.929
   ],
   [
    856.9197998046875,
    354.38726806640625,
    0.952
   ],
   [
    916.3482666015625,
    377.45703125,
    0.655
   ],
   [
    818.4622802734375,
    371.947265625,
    0.818
   ],
   [
    967.0512084960938,
    526.3760375976562,
    0.978
   ],
   [
    747.0802001953125,
    520.4441528320312,
    0.987
   ],
   [
    995.3025512695312,
    703.8001098632812,
    0.831
   ],
   [
    683.5162963867188,
    702.1907958984375,
    0.888
   ],
   [
    969.385009765625,
    816.857177734375,
    0.732
   ],
   [
    726.2823486328125,
    830.86083984375,
    0.793
   ],
   [
    937.3240356445312,
    853.638671875,
    0.883
   ],
   [
    793.5397338867188,
    852.2700805664062,
    0.899
   ],
   [
    913.0850830078125,
    1029.5390625,
    -1.0
   ],
   [
    776.2850341796875,
    1028.39599609375,
    -1.0
   ],
   [
    857.4373779296875,
    1080.0,
    -1.0
   ],
   [
    783.0322265625,
    1080.0,
    -1.0
   ]
  ],
  [
   [
    878.0612182617188,
    376.25213623046875,
    0.989
   ],
   [
    897.6861572265625,
    357.4596862792969,
    0.965
   ],
   [
    857.5449829101562,
    354.48492431640625,
    0.985
   ],
   [
    918.9138793945312,
    379.5142822265625,
    0.655
   ],
   [
    818.9020385742188,
    371.93206787109375,
    0.897
   ],
   [
    971.6531982421875,
    526.3798217773438,
    0.966
   ],
   [
    737.2409057617188,
    510.9346618652344,
    0.982
   ],
   [
    1006.14453125,
    713.3867797851562,
    0.646
   ],
   [
    684.4826049804688,
    686.754638671875,
    0.802
   ],
   [
    968.7889404296875,
    755.959228515625,
    -1.0
   ],
   [
    747.180419921875,
    742.8396606445312,
    0.633
   ],
   [
    914.6314697265625,
    839.1207275390625,
    0.683
   ],
   [
    761.4220581054688,
    835.1416625976562,
    0.737
   ],
   [
    955.2654418945312,
    979.3914184570312,
    -1.0
   ],
   [
    777.7000732421875,
    971.7877807617188,
    -1.0
   ],
   [
    918.8168334960938,
    1050.18505859375,
    -1.0
   ],
   [
    776.166748046875,
    1050.407470703125,
    -1.0
   ]
  ]
 ],
 "skeleton_percentage": [
  100,
  100
 ],
 "angle": [
  223,
  289
 ]
}