{
 "frame_index": 559,
 "skeletons": [
  [
   [
    868.8822021484375,
    372.0042724609375,
    0.989
   ],
   [
    890.087646484375,
    355.4469909667969,
    0.963
   ],
   [
    850.8627319335938,
    349.21337890625,
    0.982
   ],
   [
    914.110107421875,
    381.73736572265625,
    0.626
   ],
   [
    814.4979858398438,
    365.5078125,
    0.871
   ],
   [
    962.331298828125,
    527.0240478515625,
    0.973
   ],
   [
    730.603515625,
    502.21478271484375,
    0.976
   ],
   [
    1000.8643798828125,
    702.5816650390625,
    0.718
   ],
   [
    660.644775390625,
    672.3735961914062,
    0.759
   ],
   [
    981.306640625,
    796.8612060546875,
    0.508
   ],
   [
    704.2120361328125,
    787.3841552734375,
    0.567
   ],
   [
    909.378173828125,
    834.3656005859375,
    0.657
   ],
   [
    756.421630859375,
    826.7236328125,
    0.676
   ],
   [
    943.9282836914062,
    998.6102294921875,
    -1.0
   ],
   [
    758.286865234375,
    987.139404296875,
    -1.0
   ],
   [
    911.34326171875,
    1056.4171142578125,
    -1.0
   ],
   [
    760.37158203125,
    1048.107177734375,
    -1.0
   ]
  ],
  [
   [
    869.8167724609375,
    374.88934326171875,
    0.987
   ],
   [
    890.1736450195312,
    357.2287902832031,
    0.953
   ],
   [
    851.1677856445312,
    351.1092529296875,
    0.976
   ],
   [
    910.8624267578125,
    381.5638732910156,
    0.616
   ],
   [
    812.0333251953125,
    367.1269226074219,
    0.858
   ],
   [
    962.647705078125,
    527.4480590820312,
    0.972
   ],
   [
    732.1600952148438,
    510.2200012207031,
    0.984
   ],
   [
    1002.968017578125,
    705.6735229492188,
    0.753
   ],
   [
    665.3034057617188,
    686.0497436523438,
    0.854
   ],
   [
    981.0677490234375,
    797.2615356445312,
    0.609
   ],
   [
    701.609375,
    806.1119384765625,
    0.716
   ],
   [
    926.3146362304688,
    857.099853515625,
    0.793
   ],
   [
    777.7335205078125,
    850.68408203125,
    0.826
   ],
   [
    914.0220336914062,
    1053.30615234375,
    -1.0
   ],
   [
    776.37548828125,
    1040.322998046875,
    -1.0
   ],
   [
    856.490966796875,
    1080.0,
    -1.0
   ],
   [
    786.46435546875,
    1080.0,
    -1.0
   ]
  ]
 ],
 "skeleton_percentage": [
  100,
  100
 ],
 "angle": [
  289,
  248
 ]
}