{
 "frame_index": 560,
 "skeletons": [
  [
   [
    869.23583984375,
    372.151123046875,
    0.989
   ],
   [
    890.4166259765625,
    355.54351806640625,
    0.963
   ],
   [
    851.2527465820312,
    349.17041015625,
    0.982
   ],
   [
    914.0889892578125,
    381.67376708984375,
    0.616
   ],
   [
    814.3763427734375,
    364.99896240234375,
    0.875
   ],
   [
    962.1810302734375,
    527.3090209960938,
    0.973
   ],
   [
    729.7556762695312,
    502.09173583984375,
    0.976
   ],
   [
    1001.628173828125,
    702.9248046875,
    0.716
   ],
   [
    660.552001953125,
    672.6974487304688,
    0.758
   ],
   [
    981.818603515625,
    796.5265502929688,
    0.506
   ],
   [
    704.5428466796875,
    788.7284545898438,
    0.566
   ],
   [
    908.7781982421875,
    835.577880859375,
    0.66
   ],
   [
    755.551513671875,
    827.7723999023438,
    0.678
   ],
   [
    942.656982421875,
    1001.299072265625,
    -1.0
   ],
   [
    758.052490234375,
    989.4688110351562,
    -1.0
   ],
   [
    909.1686401367188,
    1059.52490234375,
    -1.0
   ],
   [
    760.7896728515625,
    1050.6754150390625,
    -1.0
   ]
  ],
  [
   [
    868.79443359375,
    372.7745361328125,
    0.98
   ],
   [
    888.85205078125,
    353.914306640625,
    0.941
   ],
   [
    850.3009033203125,
    349.0978088378906,
    0.953
   ],
   [
    912.7711181640625,
    375.7445983886719,
    0.687
   ],
   [
    815.6918334960938,
    364.65936279296875,
    0.788
   ],
   [
    959.4365844726562,
    525.3473510742188,
    0.98
   ],
   [
    740.2315063476562,
    511.3977355957031,
    0.985
   ],
   [
    989.8209228515625,
    704.2410888671875,
    0.857
   ],
   [
    667.6529541015625,
    689.603515625,
    0.883
   ],
   [
    968.4530029296875,
    810.1697998046875,
    0.78
   ],
   [
    703.4833374023438,
    815.8668212890625,
    0.804
   ],
   [
    923.3673706054688,
    849.7293090820312,
    0.89
   ],
   [
    782.6817626953125,
    844.8546752929688,
    0.897
   ],
   [
    895.9595947265625,
    1036.27734375,
    -1.0
   ],
   [
    776.417724609375,
    1028.852294921875,
    -1.0
   ],
   [
    837.4473266601562,
    1080.0,
    -1.0
   ],
   [
    788.443115234375,
    1080.0,
    -1.0
   ]
  ]
 ],
 "skeleton_percentage": [
  100,
  100
 ],
 "angle": [
  289,
  225
 ]
}