{
 "frame_index": 561,
 "skeletons": [
  [
   [
    865.291259765625,
    366.08477783203125,
    0.99
   ],
   [
    885.08203125,
    349.6661682128906,
    0.959
   ],
   [
    845.1582641601562,
    344.5291442871094,
    0.985
   ],
   [
    906.240966796875,
    376.86474609375,
    0.57
   ],
   [
    804.519287109375,
    363.68646240234375,
    0.9
   ],
   [
    953.9972534179688,
    521.170654296875,
    0.971
   ],
   [
    724.7677001953125,
    500.3614501953125,
    0.98
   ],
   [
    992.6953125,
    696.146240234375,
    0.693
   ],
   [
    658.9722290039062,
    670.3682250976562,
    0.797
   ],
   [
    972.9107666015625,
    793.9932861328125,
    -1.0
   ],
   [
    699.0407104492188,
    787.0753173828125,
    0.609
   ],
   [
    912.3773803710938,
    827.9609985351562,
    0.687
   ],
   [
    760.5460205078125,
    823.06640625,
    0.73
   ],
   [
    954.8120727539062,
    994.7385864257812,
    -1.0
   ],
   [
    767.9371337890625,
    986.988525390625,
    -1.0
   ],
   [
    929.2415771484375,
    1055.970947265625,
    -1.0
   ],
   [
    771.972900390625,
    1052.618408203125,
    -1.0
   ]
  ],
  [
   [
    865.4196166992188,
    367.72503662109375,
    0.981
   ],
   [
    883.7059936523438,
    348.6459045410156,
    0.932
   ],
   [
    844.7103271484375,
    345.4552001953125,
    0.962
   ],
   [
    903.1799926757812,
    370.2464904785156,
    0.607
   ],
   [
    804.4161987304688,
    362.84344482421875,
    0.839
   ],
   [
    949.579833984375,
    517.0006713867188,
    0.979
   ],
   [
    734.009033203125,
    506.66436767578125,
    0.988
   ],
   [
    981.3043212890625,
    698.27734375,
    0.84
   ],
   [
    666.0943603515625,
    684.2112426757812,
    0.907
   ],
   [
    962.7112426757812,
    821.103515625,
    0.75
   ],
   [
    698.7573852539062,
    811.2630615234375,
    0.827
   ],
   [
    923.338134765625,
    839.1043701171875,
    0.892
   ],
   [
    782.799560546875,
    836.6284790039062,
    0.911
   ],
   [
    909.3575439453125,
    1026.808837890625,
    -1.0
   ],
   [
    775.9319458007812,
    1023.862060546875,
    -1.0
   ],
   [
    858.6275024414062,
    1080.0,
    -1.0
   ],
   [
    779.1549072265625,
    1080.0,
    -1.0
   ]
  ]
 ],
 "skeleton_percentage": [
  100,
  100
 ],
 "angle": [
  289,
  228
 ]
}