{
 "frame_index": 562,
 "skeletons": [
  [
   [
    860.96337890625,
    359.6187744140625,
    0.989
   ],
   [
    880.7564697265625,
    343.5657958984375,
    0.957
   ],
   [
    839.5626220703125,
    338.6712341308594,
    0.981
   ],
   [
    901.6954345703125,
    372.2628479003906,
    0.591
   ],
   [
    797.753662109375,
    360.3100891113281,
    0.888
   ],
   [
    947.5299072265625,
    519.5909423828125,
    0.974
   ],
   [
    718.162353515625,
    494.71478271484375,
    0.979
   ],
   [
    979.56640625,
    704.7322998046875,
    0.728
   ],
   [
    651.012939453125,
    662.302978515625,
    0.796
   ],
   [
    957.68212890625,
    795.893310546875,
    0.533
   ],
   [
    718.748046875,
    711.2627563476562,
    0.641
   ],
   [
    897.8040161132812,
    828.3261108398438,
    0.674
   ],
   [
    747.1590576171875,
    821.284423828125,
    0.707
   ],
   [
    927.814453125,
    976.391357421875,
    -1.0
   ],
   [
    755.7097778320312,
    971.1128540039062,
    -1.0
   ],
   [
    891.2197265625,
    1023.831298828125,
    -1.0
   ],
   [
    755.9310302734375,
    1022.8626708984375,
    -1.0
   ]
  ]
 ],
 "skeleton_percentage": [
  100
 ],
 "angle": [
  289
 ]
}