{
 "frame_index": 563,
 "skeletons": [
  [
   [
    856.72021484375,
    355.70843505859375,
    0.989
   ],
   [
    878.6680908203125,
    339.9701843261719,
    0.96
   ],
   [
    836.470703125,
    332.9419860839844,
    0.981
   ],
   [
    901.84033203125,
    369.58782958984375,
    0.614
   ],
   [
    795.818603515625,
    352.3362121582031,
    0.883
   ],
   [
    942.560546875,
    518.9713745117188,
    0.975
   ],
   [
    709.8836669921875,
    489.62530517578125,
    0.98
   ],
   [
    972.507568359375,
    712.0755615234375,
    0.725
   ],
   [
    630.8556518554688,
    670.58740234375,
    0.799
   ],
   [
    947.0902099609375,
    798.6696166992188,
    0.53
   ],
   [
    709.55810546875,
    729.1246337890625,
    0.639
   ],
   [
    887.5171508789062,
    827.0743408203125,
    0.63
   ],
   [
    735.1492919921875,
    818.5380249023438,
    0.67
   ],
   [
    915.322509765625,
    956.503662109375,
    -1.0
   ],
   [
    742.1505126953125,
    946.9930419921875,
    -1.0
   ],
   [
    876.6151123046875,
    998.2537841796875,
    -1.0
   ],
   [
    741.3868408203125,
    989.9793090820312,
    -1.0
   ]
  ]
 ],
 "skeleton_percentage": [
  100
 ],
 "angle": [
  288
 ]
}