{
 "frame_index": 564,
 "skeletons": [
  [
   [
    859.2376098632812,
    356.4179992675781,
    0.99
   ],
   [
    879.9876708984375,
    340.334228515625,
    0.957
   ],
   [
    838.9158325195312,
    333.45440673828125,
    0.983
   ],
   [
    900.6586303710938,
    369.0017395019531,
    0.571
   ],
   [
    796.7063598632812,
    352.1944885253906,
    0.901
   ],
   [
    942.0375366210938,
    518.2264404296875,
    0.977
   ],
   [
    711.1875,
    490.2106018066406,
    0.984
   ],
   [
    973.20263671875,
    708.5897216796875,
    0.752
   ],
   [
    627.8327026367188,
    673.8910522460938,
    0.834
   ],
   [
    952.760498046875,
    802.2930908203125,
    0.555
   ],
   [
    678.10791015625,
    778.32861328125,
    0.668
   ],
   [
    887.6104736328125,
    829.8568725585938,
    0.683
   ],
   [
    735.3108520507812,
    821.6307373046875,
    0.725
   ],
   [
    915.7232666015625,
    970.41259765625,
    -1.0
   ],
   [
    732.0319213867188,
    959.697509765625,
    -1.0
   ],
   [
    878.8699951171875,
    1015.7530517578125,
    -1.0
   ],
   [
    725.000732421875,
    1009.5460205078125,
    -1.0
   ]
  ]
 ],
 "skeleton_percentage": [
  100
 ],
 "angle": [
  287
 ]
}