{
 "frame_index": 565,
 "skeletons": [
  [
   [
    856.6419677734375,
    351.4757080078125,
    0.991
   ],
   [
    876.5930786132812,
    335.03411865234375,
    0.957
   ],
   [
    835.4903564453125,
    328.9285888671875,
    0.985
   ],
   [
    895.4522094726562,
    362.9593505859375,
    0.534
   ],
   [
    790.2109375,
    347.7916564941406,
    0.914
   ],
   [
    936.6395874023438,
    513.43310546875,
    0.976
   ],
   [
    701.2973022460938,
    488.472900390625,
    0.984
   ],
   [
    966.239501953125,
    708.400634765625,
    0.729
   ],
   [
    618.2288208007812,
    670.2659912109375,
    0.831
   ],
   [
    943.9821166992188,
    798.5183715820312,
    0.541
   ],
   [
    683.2275390625,
    711.423828125,
    0.69
   ],
   [
    886.4246826171875,
    825.248291015625,
    0.64
   ],
   [
    732.2274169921875,
    819.3081665039062,
    0.694
   ],
   [
    917.0114135742188,
    955.0450439453125,
    -1.0
   ],
   [
    740.1967163085938,
    951.4039306640625,
    -1.0
   ],
   [
    874.2030029296875,
    996.663818359375,
    -1.0
   ],
   [
    735.672607421875,
    993.1580200195312,
    -1.0
   ]
  ]
 ],
 "skeleton_percentage": [
  100
 ],
 "angle": [
  288
 ]
}