{
 "frame_index": 566,
 "skeletons": [
  [
   [
    853.135009765625,
    345.1017150878906,
    0.99
   ],
   [
    873.0611572265625,
    329.79278564453125,
    0.955
   ],
   [
    833.7069091796875,
    321.64410400390625,
    0.984
   ],
   [
    891.115478515625,
    359.12347412109375,
    0.526
   ],
   [
    789.688232421875,
    338.97772216796875,
    0.913
   ],
   [
    927.9852905273438,
    508.00921630859375,
    0.98
   ],
   [
    697.173583984375,
    480.89910888671875,
    0.984
   ],
   [
    961.0775756835938,
    694.8724365234375,
    0.793
   ],
   [
    618.0972290039062,
    667.2221069335938,
    0.844
   ],
   [
    950.8330078125,
    784.5653076171875,
    0.629
   ],
   [
    697.426513671875,
    744.1375732421875,
    0.718
   ],
   [
    883.1358642578125,
    821.7057495117188,
    0.727
   ],
   [
    730.9366455078125,
    816.8875122070312,
    0.752
   ],
   [
    924.4044799804688,
    968.504150390625,
    -1.0
   ],
   [
    747.1873779296875,
    963.17529296875,
    -1.0
   ],
   [
    890.9335327148438,
    1022.42138671875,
    -1.0
   ],
   [
    748.5327758789062,
    1015.582763671875,
    -1.0
   ]
  ]
 ],
 "skeleton_percentage": [
  100
 ],
 "angle": [
  288
 ]
}