{
 "frame_index": 567,
 "skeletons": [
  [
   [
    853.1839599609375,
    345.1846923828125,
    0.991
   ],
   [
    873.1490478515625,
    329.8664855957031,
    0.955
   ],
   [
    833.6961669921875,
    321.6979675292969,
    0.984
   ],
   [
    891.0611572265625,
    359.29046630859375,
    0.522
   ],
   [
    789.4520263671875,
    339.0876159667969,
    0.914
   ],
   [
    928.1629028320312,
    508.2169189453125,
    0.98
   ],
   [
    696.591552734375,
    481.415771484375,
    0.984
   ],
   [
    961.6658935546875,
    695.7945556640625,
    0.787
   ],
   [
    617.5748291015625,
    669.1558837890625,
    0.841
   ],
   [
    951.5052490234375,
    786.5590209960938,
    0.618
   ],
   [
    694.9989013671875,
    748.8444213867188,
    0.71
   ],
   [
    882.7471923828125,
    822.8651733398438,
    0.72
   ],
   [
    730.2242431640625,
    818.0745849609375,
    0.747
   ],
   [
    923.105224609375,
    969.973388671875,
    -1.0
   ],
   [
    745.8294677734375,
    964.617919921875,
    -1.0
   ],
   [
    888.1190185546875,
    1024.1744384765625,
    -1.0
   ],
   [
    746.7666015625,
    1017.2217407226562,
    -1.0
   ]
  ]
 ],
 "skeleton_percentage": [
  100
 ],
 "angle": [
  288
 ]
}