{
 "frame_index": 568,
 "skeletons": [
  [
   [
    850.089599609375,
    342.6401062011719,
    0.99
   ],
   [
    869.4510498046875,
    326.7177734375,
    0.952
   ],
   [
    831.5909423828125,
    318.8524475097656,
    0.984
   ],
   [
    886.3331298828125,
    353.4767761230469,
    0.517
   ],
   [
    787.9689331054688,
    333.330322265625,
    0.918
   ],
   [
    924.3907470703125,
    501.6370849609375,
    0.983
   ],
   [
    692.2450561523438,
    473.69091796875,
    0.986
   ],
   [
    956.8493041992188,
    690.26318359375,
    0.814
   ],
   [
    611.8521728515625,
    660.8399047851562,
    0.856
   ],
   [
    944.8529663085938,
    780.3853759765625,
    0.656
   ],
   [
    685.548828125,
    748.7279663085938,
    0.733
   ],
   [
    881.260009765625,
    817.708740234375,
    0.788
   ],
   [
    728.744873046875,
    812.9658203125,
    0.807
   ],
   [
    920.0945434570312,
    974.8163452148438,
    -1.0
   ],
   [
    744.39111328125,
    969.4890747070312,
    -1.0
   ],
   [
    889.6363525390625,
    1039.289306640625,
    -1.0
   ],
   [
    754.629638671875,
    1033.717041015625,
    -1.0
   ]
  ]
 ],
 "skeleton_percentage": [
  100
 ],
 "angle": [
  287
 ]
}