{
 "frame_index": 569,
 "skeletons": [
  [
   [
    835.5767822265625,
    333.1993408203125,
    0.99
   ],
   [
    858.2660522460938,
    317.27752685546875,
    0.965
   ],
   [
    817.0477294921875,
    309.202392578125,
    0.98
   ],
   [
    883.716064453125,
    346.873046875,
    0.671
   ],
   [
    780.86865234375,
    326.97772216796875,
    0.875
   ],
   [
    922.1572265625,
    496.88922119140625,
    0.982
   ],
   [
    689.1765747070312,
    471.6903991699219,
    0.985
   ],
   [
    954.6309814453125,
    683.494140625,
    0.827
   ],
   [
    608.377197265625,
    664.9122924804688,
    0.853
   ],
   [
    960.0675659179688,
    769.490234375,
    0.683
   ],
   [
    690.4876098632812,
    765.9234008789062,
    0.728
   ],
   [
    876.5294189453125,
    815.5030517578125,
    0.781
   ],
   [
    722.6068115234375,
    812.38916015625,
    0.796
   ],
   [
    924.6725463867188,
    971.4021606445312,
    -1.0
   ],
   [
    739.6841430664062,
    966.7125244140625,
    -1.0
   ],
   [
    900.1693725585938,
    1033.5443115234375,
    -1.0
   ],
   [
    750.3639526367188,
    1029.5,
    -1.0
   ]
  ]
 ],
 "skeleton_percentage": [
  100
 ],
 "angle": [
  288
 ]
}