{
 "frame_index": 570,
 "skeletons": [
  [
   [
    834.8603515625,
    333.1392822265625,
    0.99
   ],
   [
    857.7042236328125,
    317.09124755859375,
    0.966
   ],
   [
    816.105712890625,
    309.252685546875,
    0.98
   ],
   [
    883.6507568359375,
    346.7391357421875,
    0.68
   ],
   [
    780.10546875,
    327.4617919921875,
    0.871
   ],
   [
    922.3764038085938,
    497.09124755859375,
    0.982
   ],
   [
    689.3428955078125,
    472.19342041015625,
    0.985
   ],
   [
    954.7527465820312,
    684.4337158203125,
    0.826
   ],
   [
    608.9140014648438,
    665.2320556640625,
    0.85
   ],
   [
    959.54541015625,
    772.6036376953125,
    0.681
   ],
   [
    690.5469360351562,
    766.1346435546875,
    0.723
   ],
   [
    876.1328125,
    817.8563232421875,
    0.783
   ],
   [
    722.1904296875,
    814.7162475585938,
    0.797
   ],
   [
    923.7001953125,
    975.5023193359375,
    -1.0
   ],
   [
    738.928466796875,
    971.0234375,
    -1.0
   ],
   [
    900.0205078125,
    1039.506103515625,
    -1.0
   ],
   [
    749.9501953125,
    1036.0247802734375,
    -1.0
   ]
  ]
 ],
 "skeleton_percentage": [
  100
 ],
 "angle": [
  288
 ]
}