{
 "frame_index": 571,
 "skeletons": [
  [
   [
    841.311767578125,
    325.49005126953125,
    0.991
   ],
   [
    862.0380859375,
    310.099609375,
    0.961
   ],
   [
    819.5780639648438,
    302.7171936035156,
    0.984
   ],
   [
    882.194091796875,
    341.39959716796875,
    0.58
   ],
   [
    774.3785400390625,
    324.03082275390625,
    0.909
   ],
   [
    918.2883911132812,
    492.65423583984375,
    0.98
   ],
   [
    684.4351196289062,
    469.70111083984375,
    0.986
   ],
   [
    947.4259033203125,
    675.9764404296875,
    0.799
   ],
   [
    605.392578125,
    657.4806518554688,
    0.862
   ],
   [
    947.7200317382812,
    773.3331298828125,
    0.649
   ],
   [
    700.9298095703125,
    745.4196166992188,
    0.745
   ],
   [
    877.003173828125,
    812.4615478515625,
    0.762
   ],
   [
    722.1504516601562,
    810.8544921875,
    0.794
   ],
   [
    920.443359375,
    966.75048828125,
    -1.0
   ],
   [
    738.857177734375,
    966.63134765625,
    -1.0
   ],
   [
    892.4237060546875,
    1023.6275024414062,
    -1.0
   ],
   [
    743.4229736328125,
    1024.696044921875,
    -1.0
   ]
  ]
 ],
 "skeleton_percentage": [
  100
 ],
 "angle": [
  289
 ]
}