{
 "frame_index": 572,
 "skeletons": [
  [
   [
    841.2757568359375,
    325.5431213378906,
    0.991
   ],
   [
    862.03759765625,
    310.1829528808594,
    0.961
   ],
   [
    819.6116943359375,
    302.6488952636719,
    0.984
   ],
   [
    882.2118530273438,
    341.5740051269531,
    0.578
   ],
   [
    774.464599609375,
    323.83892822265625,
    0.909
   ],
   [
    918.2867431640625,
    492.85626220703125,
    0.98
   ],
   [
    684.5280151367188,
    469.72369384765625,
    0.986
   ],
   [
    947.8969116210938,
    675.5393676757812,
    0.801
   ],
   [
    604.9304809570312,
    657.0458984375,
    0.863
   ],
   [
    949.4293212890625,
    770.8306274414062,
    0.654
   ],
   [
    699.7548828125,
    743.151123046875,
    0.748
   ],
   [
    877.9246826171875,
    811.7830810546875,
    0.757
   ],
   [
    723.1272583007812,
    810.2096557617188,
    0.79
   ],
   [
    922.2982177734375,
    964.745361328125,
    -1.0
   ],
   [
    740.6953735351562,
    964.4896240234375,
    -1.0
   ],
   [
    894.26953125,
    1020.0677490234375,
    -1.0
   ],
   [
    744.9954833984375,
    1020.7139892578125,
    -1.0
   ]
  ]
 ],
 "skeleton_percentage": [
  100
 ],
 "angle": [
  289
 ]
}