{
 "frame_index": 573,
 "skeletons": [
  [
   [
    836.0,
    317.75048828125,
    0.989
   ],
   [
    856.1846923828125,
    299.257568359375,
    0.952
   ],
   [
    813.7757568359375,
    293.4481506347656,
    0.979
   ],
   [
    876.8541870117188,
    326.5329895019531,
    0.618
   ],
   [
    771.287109375,
    312.7347717285156,
    0.904
   ],
   [
    916.1019287109375,
    488.1819763183594,
    0.983
   ],
   [
    680.461669921875,
    462.78887939453125,
    0.989
   ],
   [
    935.7284545898438,
    682.4537353515625,
    0.833
   ],
   [
    582.8659057617188,
    647.5987548828125,
    0.899
   ],
   [
    952.9696655273438,
    780.4345092773438,
    0.708
   ],
   [
    665.6292724609375,
    724.7418212890625,
    0.812
   ],
   [
    868.021728515625,
    815.369873046875,
    0.797
   ],
   [
    712.4384155273438,
    813.2957153320312,
    0.834
   ],
   [
    906.4014892578125,
    956.2062377929688,
    -1.0
   ],
   [
    724.69384765625,
    959.932861328125,
    -1.0
   ],
   [
    866.1031494140625,
    1000.4935913085938,
    -1.0
   ],
   [
    722.77294921875,
    1012.812744140625,
    -1.0
   ]
  ]
 ],
 "skeleton_percentage": [
  100
 ],
 "angle": [
  289
 ]
}