{
 "frame_index": 574,
 "skeletons": [
  [
   [
    837.894287109375,
    310.19134521484375,
    0.992
   ],
   [
    858.667724609375,
    292.99615478515625,
    0.964
   ],
   [
    814.6788940429688,
    286.6452941894531,
    0.986
   ],
   [
    879.1305541992188,
    323.033447265625,
    0.586
   ],
   [
    767.6988525390625,
    307.776611328125,
    0.917
   ],
   [
    916.543212890625,
    481.80780029296875,
    0.983
   ],
   [
    673.6583862304688,
    457.5255126953125,
    0.99
   ],
   [
    939.3453369140625,
    676.6397705078125,
    0.829
   ],
   [
    593.0612182617188,
    646.8883666992188,
    0.902
   ],
   [
    949.4063720703125,
    758.058349609375,
    0.725
   ],
   [
    711.76318359375,
    677.7947998046875,
    0.834
   ],
   [
    879.376953125,
    809.8751220703125,
    0.829
   ],
   [
    719.1524047851562,
    809.9677734375,
    0.864
   ],
   [
    932.126220703125,
    964.4488525390625,
    -1.0
   ],
   [
    749.8876953125,
    970.5492553710938,
    -1.0
   ],
   [
    905.7734985351562,
    1035.259521484375,
    -1.0
   ],
   [
    761.8870239257812,
    1044.806884765625,
    -1.0
   ]
  ]
 ],
 "skeleton_percentage": [
  100
 ],
 "angle": [
  289
 ]
}