{
 "frame_index": 575,
 "skeletons": [
  [
   [
    833.905029296875,
    305.3595886230469,
    0.991
   ],
   [
    856.8744506835938,
    288.54010009765625,
    0.962
   ],
   [
    811.6089477539062,
    280.530517578125,
    0.983
   ],
   [
    881.8558349609375,
    321.1277160644531,
    0.627
   ],
   [
    768.665771484375,
    302.03680419921875,
    0.898
   ],
   [
    914.9049682617188,
    480.9610595703125,
    0.982
   ],
   [
    679.0944213867188,
    454.5531005859375,
    0.989
   ],
   [
    932.0509033203125,
    674.0556640625,
    0.842
   ],
   [
    592.629638671875,
    635.7673950195312,
    0.916
   ],
   [
    949.1163940429688,
    767.39306640625,
    0.759
   ],
   [
    711.98095703125,
    658.6310424804688,
    0.866
   ],
   [
    881.614013671875,
    799.7634887695312,
    0.815
   ],
   [
    724.1596069335938,
    799.9112548828125,
    0.855
   ],
   [
    947.0462036132812,
    946.30517578125,
    -1.0
   ],
   [
    764.7837524414062,
    952.830322265625,
    -1.0
   ],
   [
    912.247802734375,
    1004.8328857421875,
    -1.0
   ],
   [
    761.9483032226562,
    1009.2665405273438,
    -1.0
   ]
  ]
 ],
 "skeleton_percentage": [
  100
 ],
 "angle": [
  290
 ]
}