{
 "frame_index": 576,
 "skeletons": [
  [
   [
    834.0866088867188,
    306.20941162109375,
    0.991
   ],
   [
    856.9588623046875,
    289.14825439453125,
    0.962
   ],
   [
    811.3900146484375,
    281.1806945800781,
    0.984
   ],
   [
    881.2315673828125,
    321.2857666015625,
    0.607
   ],
   [
    767.2030029296875,
    302.1765441894531,
    0.905
   ],
   [
    913.9532470703125,
    481.0953369140625,
    0.982
   ],
   [
    678.1029052734375,
    453.7473449707031,
    0.99
   ],
   [
    932.1654052734375,
    675.7349853515625,
    0.834
   ],
   [
    592.931640625,
    636.2117309570312,
    0.917
   ],
   [
    948.3477783203125,
    763.2742309570312,
    0.751
   ],
   [
    711.9713134765625,
    657.8736572265625,
    0.867
   ],
   [
    878.90771484375,
    802.3524169921875,
    0.824
   ],
   [
    721.490478515625,
    801.8300170898438,
    0.865
   ],
   [
    942.133056640625,
    951.097412109375,
    -1.0
   ],
   [
    759.9758911132812,
    956.5206298828125,
    -1.0
   ],
   [
    905.9091796875,
    1015.62451171875,
    -1.0
   ],
   [
    754.6953125,
    1019.860107421875,
    -1.0
   ]
  ]
 ],
 "skeleton_percentage": [
  100
 ],
 "angle": [
  287
 ]
}