{
 "frame_index": 577,
 "skeletons": [
  [
   [
    836.2188720703125,
    307.6730041503906,
    0.992
   ],
   [
    857.5599975585938,
    290.3558349609375,
    0.962
   ],
   [
    814.3317260742188,
    283.3481140136719,
    0.988
   ],
   [
    876.5626831054688,
    319.8309326171875,
    0.549
   ],
   [
    766.9327392578125,
    304.2171325683594,
    0.913
   ],
   [
    912.9228515625,
    473.230224609375,
    0.972
   ],
   [
    677.0662841796875,
    454.537353515625,
    0.989
   ],
   [
    937.0761108398438,
    668.2310791015625,
    0.739
   ],
   [
    610.19091796875,
    636.2473754882812,
    0.901
   ],
   [
    949.7550048828125,
    765.5172729492188,
    0.614
   ],
   [
    713.3980102539062,
    654.2974243164062,
    0.817
   ],
   [
    880.1517333984375,
    803.9306640625,
    0.83
   ],
   [
    724.9402465820312,
    802.361572265625,
    0.879
   ],
   [
    920.5350341796875,
    1013.0423583984375,
    -1.0
   ],
   [
    766.9296875,
    1013.8932495117188,
    -1.0
   ],
   [
    894.7600708007812,
    1080.0,
    -1.0
   ],
   [
    779.7969360351562,
    1080.0,
    -1.0
   ]
  ]
 ],
 "skeleton_percentage": [
  100
 ],
 "angle": [
  284
 ]
}