{
 "frame_index": 578,
 "skeletons": [
  [
   [
    834.1034545898438,
    305.04962158203125,
    0.991
   ],
   [
    856.1400146484375,
    287.9835510253906,
    0.96
   ],
   [
    812.4951782226562,
    279.9624938964844,
    0.984
   ],
   [
    879.0609130859375,
    318.3267517089844,
    0.59
   ],
   [
    768.421875,
    298.80865478515625,
    0.909
   ],
   [
    913.953125,
    475.89093017578125,
    0.984
   ],
   [
    676.7408447265625,
    449.3134460449219,
    0.99
   ],
   [
    933.6329345703125,
    667.3709106445312,
    0.85
   ],
   [
    594.8300170898438,
    631.183349609375,
    0.922
   ],
   [
    952.3734741210938,
    759.4729614257812,
    0.767
   ],
   [
    711.276611328125,
    660.66845703125,
    0.872
   ],
   [
    875.85693359375,
    791.0165405273438,
    0.855
   ],
   [
    717.8623657226562,
    790.246826171875,
    0.888
   ],
   [
    930.8780517578125,
    949.3991088867188,
    -1.0
   ],
   [
    748.9346313476562,
    955.3634033203125,
    -1.0
   ],
   [
    888.99951171875,
    1021.2654418945312,
    -1.0
   ],
   [
    744.68212890625,
    1025.696044921875,
    -1.0
   ]
  ]
 ],
 "skeleton_percentage": [
  100
 ],
 "angle": [
  283
 ]
}