{
 "frame_index": 579,
 "skeletons": [
  [
   [
    834.0606689453125,
    304.8291015625,
    0.991
   ],
   [
    856.1735229492188,
    287.860107421875,
    0.961
   ],
   [
    812.4981079101562,
    279.7645568847656,
    0.984
   ],
   [
    879.031494140625,
    318.3179626464844,
    0.593
   ],
   [
    768.3240966796875,
    298.65777587890625,
    0.909
   ],
   [
    913.8175048828125,
    476.0728759765625,
    0.984
   ],
   [
    676.68994140625,
    449.637451171875,
    0.99
   ],
   [
    934.030029296875,
    668.13134765625,
    0.849
   ],
   [
    595.1722412109375,
    631.5859375,
    0.921
   ],
   [
    952.1365966796875,
    762.8431396484375,
    0.766
   ],
   [
    709.9864501953125,
    660.9054565429688,
    0.871
   ],
   [
    876.090087890625,
    792.1759643554688,
    0.858
   ],
   [
    718.8794555664062,
    791.3099365234375,
    0.891
   ],
   [
    927.2781372070312,
    952.6371459960938,
    -1.0
   ],
   [
    750.29052734375,
    958.4766845703125,
    -1.0
   ],
   [
    885.1792602539062,
    1025.8397216796875,
    -1.0
   ],
   [
    749.4419555664062,
    1029.4287109375,
    -1.0
   ]
  ]
 ],
 "skeleton_percentage": [
  100
 ],
 "angle": [
  281
 ]
}