{
 "frame_index": 580,
 "skeletons": [
  [
   [
    828.7293090820312,
    307.3504943847656,
    0.991
   ],
   [
    851.7119750976562,
    289.2005920410156,
    0.962
   ],
   [
    806.521240234375,
    282.0089111328125,
    0.983
   ],
   [
    877.7110595703125,
    318.8661804199219,
    0.612
   ],
   [
    763.6893310546875,
    300.896484375,
    0.899
   ],
   [
    913.2640380859375,
    476.1695556640625,
    0.984
   ],
   [
    674.0457763671875,
    453.51123046875,
    0.99
   ],
   [
    937.1705322265625,
    671.6069946289062,
    0.857
   ],
   [
    593.9089965820312,
    640.664306640625,
    0.92
   ],
   [
    953.8255615234375,
    765.9490966796875,
    0.776
   ],
   [
    714.578369140625,
    661.5931396484375,
    0.872
   ],
   [
    883.0442504882812,
    791.5565185546875,
    0.829
   ],
   [
    721.20556640625,
    794.1705322265625,
    0.862
   ],
   [
    972.6517333984375,
    923.3516235351562,
    -1.0
   ],
   [
    771.8597412109375,
    932.8372802734375,
    -1.0
   ],
   [
    940.66357421875,
    981.4197998046875,
    -1.0
   ],
   [
    763.9725952148438,
    987.3861083984375,
    -1.0
   ]
  ]
 ],
 "skeleton_percentage": [
  100
 ],
 "angle": [
  291
 ]
}