{
 "frame_index": 581,
 "skeletons": [
  [
   [
    829.0550537109375,
    306.3282470703125,
    0.992
   ],
   [
    852.0406494140625,
    288.9386901855469,
    0.967
   ],
   [
    806.2686767578125,
    281.9330139160156,
    0.985
   ],
   [
    876.7545776367188,
    319.2322998046875,
    0.617
   ],
   [
    761.38818359375,
    301.77978515625,
    0.902
   ],
   [
    913.4769287109375,
    475.0858154296875,
    0.985
   ],
   [
    670.0924072265625,
    448.526611328125,
    0.989
   ],
   [
    940.1412353515625,
    672.9701538085938,
    0.853
   ],
   [
    593.514892578125,
    639.3585205078125,
    0.904
   ],
   [
    950.7182006835938,
    758.9745483398438,
    0.754
   ],
   [
    710.42822265625,
    671.294921875,
    0.84
   ],
   [
    876.9168090820312,
    795.66015625,
    0.827
   ],
   [
    713.6873779296875,
    795.2261352539062,
    0.853
   ],
   [
    955.9366455078125,
    927.5616455078125,
    -1.0
   ],
   [
    754.64599609375,
    931.9246826171875,
    -1.0
   ],
   [
    932.3814697265625,
    992.3848876953125,
    -1.0
   ],
   [
    757.6810302734375,
    998.0150756835938,
    -1.0
   ]
  ]
 ],
 "skeleton_percentage": [
  100
 ],
 "angle": [
  292
 ]
}