{
 "frame_index": 582,
 "skeletons": [
  [
   [
    828.9151611328125,
    306.5999755859375,
    0.991
   ],
   [
    851.9844970703125,
    288.50177001953125,
    0.96
   ],
   [
    806.6883544921875,
    280.66046142578125,
    0.983
   ],
   [
    877.3126220703125,
    317.8299560546875,
    0.603
   ],
   [
    762.966796875,
    298.5557861328125,
    0.896
   ],
   [
    912.3433227539062,
    475.616455078125,
    0.983
   ],
   [
    674.597412109375,
    450.53155517578125,
    0.989
   ],
   [
    937.336669921875,
    671.2095947265625,
    0.852
   ],
   [
    597.9324951171875,
    636.9055786132812,
    0.912
   ],
   [
    954.0657348632812,
    764.2520141601562,
    0.769
   ],
   [
    716.496826171875,
    662.0088500976562,
    0.862
   ],
   [
    878.7030029296875,
    788.4526977539062,
    0.808
   ],
   [
    719.52880859375,
    789.0615234375,
    0.841
   ],
   [
    951.63525390625,
    907.6094970703125,
    -1.0
   ],
   [
    763.686279296875,
    914.3827514648438,
    -1.0
   ],
   [
    912.256591796875,
    963.2440795898438,
    -1.0
   ],
   [
    760.6032104492188,
    966.7282104492188,
    -1.0
   ]
  ]
 ],
 "skeleton_percentage": [
  100
 ],
 "angle": [
  290
 ]
}