{
 "frame_index": 583,
 "skeletons": [
  [
   [
    827.884765625,
    304.01409912109375,
    0.992
   ],
   [
    850.984130859375,
    286.56201171875,
    0.964
   ],
   [
    804.9171752929688,
    278.9201354980469,
    0.984
   ],
   [
    875.22900390625,
    317.3008728027344,
    0.592
   ],
   [
    758.750732421875,
    298.2152099609375,
    0.901
   ],
   [
    914.6627197265625,
    473.9387512207031,
    0.985
   ],
   [
    667.78857421875,
    447.349365234375,
    0.988
   ],
   [
    943.2365112304688,
    672.9248046875,
    0.85
   ],
   [
    600.34912109375,
    641.588134765625,
    0.884
   ],
   [
    950.86962890625,
    762.4180908203125,
    0.741
   ],
   [
    717.7857666015625,
    685.6609497070312,
    0.812
   ],
   [
    884.3880615234375,
    794.9818115234375,
    0.812
   ],
   [
    720.3617553710938,
    795.274169921875,
    0.829
   ],
   [
    967.3629150390625,
    914.2966918945312,
    -1.0
   ],
   [
    775.3204345703125,
    918.487060546875,
    -1.0
   ],
   [
    933.857177734375,
    979.6025390625,
    -1.0
   ],
   [
    784.6756591796875,
    983.669677734375,
    -1.0
   ]
  ]
 ],
 "skeleton_percentage": [
  100
 ],
 "angle": [
  293
 ]
}