{
 "frame_index": 584,
 "skeletons": [
  [
   [
    828.3275146484375,
    295.51629638671875,
    0.992
   ],
   [
    851.863525390625,
    278.9608154296875,
    0.967
   ],
   [
    804.5462646484375,
    271.0,
    0.984
   ],
   [
    877.03173828125,
    313.74456787109375,
    0.629
   ],
   [
    758.7760009765625,
    294.95428466796875,
    0.897
   ],
   [
    918.3162231445312,
    473.31005859375,
    0.985
   ],
   [
    666.4473876953125,
    448.0325927734375,
    0.988
   ],
   [
    950.4578247070312,
    674.6199951171875,
    0.852
   ],
   [
    596.1370239257812,
    651.1173706054688,
    0.887
   ],
   [
    957.724609375,
    769.0294189453125,
    0.74
   ],
   [
    723.9140014648438,
    712.7103271484375,
    0.808
   ],
   [
    881.30224609375,
    807.7664794921875,
    0.796
   ],
   [
    713.7711181640625,
    807.912353515625,
    0.816
   ],
   [
    957.1598510742188,
    932.1209716796875,
    -1.0
   ],
   [
    759.5394897460938,
    935.0584716796875,
    -1.0
   ],
   [
    924.4224243164062,
    998.6925659179688,
    -1.0
   ],
   [
    765.3614501953125,
    1001.8126220703125,
    -1.0
   ]
  ]
 ],
 "skeleton_percentage": [
  100
 ],
 "angle": [
  293
 ]
}