{
 "frame_index": 585,
 "skeletons": [
  [
   [
    828.6784057617188,
    295.4563903808594,
    0.992
   ],
   [
    852.2760009765625,
    278.86041259765625,
    0.967
   ],
   [
    804.6671142578125,
    270.89227294921875,
    0.985
   ],
   [
    877.3365478515625,
    313.81591796875,
    0.624
   ],
   [
    758.403564453125,
    295.04730224609375,
    0.899
   ],
   [
    918.3997802734375,
    473.50689697265625,
    0.985
   ],
   [
    665.50927734375,
    448.599853515625,
    0.988
   ],
   [
    950.462158203125,
    675.79345703125,
    0.848
   ],
   [
    594.8011474609375,
    653.2900390625,
    0.888
   ],
   [
    957.58251953125,
    768.6399536132812,
    0.735
   ],
   [
    724.4906005859375,
    711.4271850585938,
    0.808
   ],
   [
    881.07421875,
    808.5751953125,
    0.794
   ],
   [
    712.8360595703125,
    808.988525390625,
    0.816
   ],
   [
    958.1193237304688,
    931.30126953125,
    -1.0
   ],
   [
    759.2181396484375,
    934.686279296875,
    -1.0
   ],
   [
    924.70703125,
    999.2076416015625,
    -1.0
   ],
   [
    763.8079223632812,
    1002.510009765625,
    -1.0
   ]
  ]
 ],
 "skeleton_percentage": [
  100
 ],
 "angle": [
  293
 ]
}