{
 "frame_index": 586,
 "skeletons": [
  [
   [
    823.7876586914062,
    295.4564208984375,
    0.992
   ],
   [
    848.8411865234375,
    278.9851989746094,
    0.972
   ],
   [
    801.4861450195312,
    270.47894287109375,
    0.983
   ],
   [
    877.3848266601562,
    313.6234436035156,
    0.69
   ],
   [
    759.6786499023438,
    293.5283508300781,
    0.878
   ],
   [
    919.00439453125,
    470.6593017578125,
    0.986
   ],
   [
    667.6284790039062,
    447.0231628417969,
    0.989
   ],
   [
    952.842041015625,
    669.3775024414062,
    0.865
   ],
   [
    585.60107421875,
    646.7984008789062,
    0.894
   ],
   [
    959.77294921875,
    771.3389282226562,
    0.759
   ],
   [
    693.495849609375,
    702.7508544921875,
    0.819
   ],
   [
    882.5906982421875,
    802.5753173828125,
    0.827
   ],
   [
    714.9554443359375,
    802.5087890625,
    0.845
   ],
   [
    958.1341552734375,
    931.6539916992188,
    -1.0
   ],
   [
    752.905517578125,
    933.9031982421875,
    -1.0
   ],
   [
    930.3539428710938,
    1006.7906494140625,
    -1.0
   ],
   [
    755.489013671875,
    1004.2505493164062,
    -1.0
   ]
  ]
 ],
 "skeleton_percentage": [
  100
 ],
 "angle": [
  293
 ]
}