{
 "frame_index": 587,
 "skeletons": [
  [
   [
    830.1025390625,
    293.76934814453125,
    0.993
   ],
   [
    854.2266845703125,
    277.7308349609375,
    0.968
   ],
   [
    807.18603515625,
    268.9718017578125,
    0.986
   ],
   [
    878.8778686523438,
    311.8477478027344,
    0.601
   ],
   [
    759.646484375,
    290.79339599609375,
    0.904
   ],
   [
    918.575927734375,
    466.33978271484375,
    0.986
   ],
   [
    667.2669067382812,
    442.7581787109375,
    0.989
   ],
   [
    954.302001953125,
    663.8714599609375,
    0.861
   ],
   [
    595.5717163085938,
    637.1300659179688,
    0.899
   ],
   [
    958.5242919921875,
    772.528076171875,
    0.758
   ],
   [
    707.4927368164062,
    671.09814453125,
    0.834
   ],
   [
    888.6123046875,
    796.2409057617188,
    0.852
   ],
   [
    722.467041015625,
    796.5422973632812,
    0.87
   ],
   [
    958.982666015625,
    949.0633544921875,
    -1.0
   ],
   [
    770.9615478515625,
    953.3421630859375,
    -1.0
   ],
   [
    927.9837646484375,
    1029.447021484375,
    -1.0
   ],
   [
    780.81005859375,
    1025.4053955078125,
    -1.0
   ]
  ]
 ],
 "skeleton_percentage": [
  100
 ],
 "angle": [
  294
 ]
}