{
 "frame_index": 588,
 "skeletons": [
  [
   [
    830.4227294921875,
    297.0540771484375,
    0.991
   ],
   [
    854.402099609375,
    279.15631103515625,
    0.967
   ],
   [
    807.6669921875,
    271.8373107910156,
    0.987
   ],
   [
    877.3486328125,
    310.7774658203125,
    0.607
   ],
   [
    760.569091796875,
    294.9520568847656,
    0.896
   ],
   [
    920.37890625,
    466.3822021484375,
    0.969
   ],
   [
    669.1240844726562,
    455.8537902832031,
    0.986
   ],
   [
    958.705078125,
    671.0150756835938,
    0.697
   ],
   [
    614.3314208984375,
    661.4308471679688,
    0.856
   ],
   [
    953.0810546875,
    748.9707641601562,
    0.535
   ],
   [
    711.0076904296875,
    695.0316162109375,
    0.719
   ],
   [
    882.6688232421875,
    810.0732421875,
    0.72
   ],
   [
    715.4676513671875,
    811.64990234375,
    0.776
   ],
   [
    944.19775390625,
    962.7841186523438,
    -1.0
   ],
   [
    753.4015502929688,
    962.2333374023438,
    -1.0
   ],
   [
    922.044189453125,
    1034.8779296875,
    -1.0
   ],
   [
    762.5599365234375,
    1025.923095703125,
    -1.0
   ]
  ]
 ],
 "skeleton_percentage": [
  100
 ],
 "angle": [
  293
 ]
}