{
 "frame_index": 589,
 "skeletons": [
  [
   [
    828.340576171875,
    293.9078063964844,
    0.993
   ],
   [
    852.1400756835938,
    277.4403991699219,
    0.969
   ],
   [
    805.1954956054688,
    269.1486511230469,
    0.986
   ],
   [
    876.9356689453125,
    310.42669677734375,
    0.614
   ],
   [
    757.8104248046875,
    290.80377197265625,
    0.901
   ],
   [
    918.1251220703125,
    463.54736328125,
    0.987
   ],
   [
    667.357666015625,
    442.2285461425781,
    0.99
   ],
   [
    956.981689453125,
    656.0167846679688,
    0.876
   ],
   [
    591.53662109375,
    634.0841674804688,
    0.914
   ],
   [
    964.798828125,
    770.1500244140625,
    0.788
   ],
   [
    711.3432006835938,
    663.5191650390625,
    0.859
   ],
   [
    884.380615234375,
    796.68798828125,
    0.861
   ],
   [
    719.1151123046875,
    796.4653930664062,
    0.881
   ],
   [
    929.755859375,
    960.85107421875,
    -1.0
   ],
   [
    748.2738037109375,
    965.7530517578125,
    -1.0
   ],
   [
    894.2708129882812,
    1038.31396484375,
    -1.0
   ],
   [
    753.129150390625,
    1034.5302734375,
    -1.0
   ]
  ]
 ],
 "skeleton_percentage": [
  100
 ],
 "angle": [
  294
 ]
}