{
 "frame_index": 590,
 "skeletons": [
  [
   [
    830.75439453125,
    293.7249450683594,
    0.994
   ],
   [
    852.8724365234375,
    276.3320007324219,
    0.968
   ],
   [
    807.34423828125,
    269.2843322753906,
    0.988
   ],
   [
    876.2352294921875,
    307.36407470703125,
    0.586
   ],
   [
    759.068359375,
    290.1427917480469,
    0.914
   ],
   [
    921.42919921875,
    463.8322448730469,
    0.987
   ],
   [
    670.2979736328125,
    441.2381591796875,
    0.991
   ],
   [
    962.615234375,
    660.6500244140625,
    0.871
   ],
   [
    594.5177001953125,
    630.8174438476562,
    0.921
   ],
   [
    963.8685302734375,
    780.035888671875,
    0.777
   ],
   [
    712.455078125,
    664.0241088867188,
    0.865
   ],
   [
    892.220703125,
    799.08837890625,
    0.88
   ],
   [
    725.6257934570312,
    798.400634765625,
    0.902
   ],
   [
    945.25048828125,
    970.0896606445312,
    -1.0
   ],
   [
    755.2734375,
    974.4765625,
    -1.0
   ],
   [
    915.1461181640625,
    1049.753173828125,
    -1.0
   ],
   [
    757.0166015625,
    1048.1888427734375,
    -1.0
   ]
  ],
  [
   [
    830.9295654296875,
    292.8869934082031,
    0.992
   ],
   [
    852.3121337890625,
    274.671630859375,
    0.96
   ],
   [
    808.5108642578125,
    268.26123046875,
    0.985
   ],
   [
    875.3051147460938,
    304.6905517578125,
    0.595
   ],
   [
    763.109375,
    289.5505065917969,
    0.904
   ],
   [
    919.7113037109375,
    460.5059509277344,
    0.982
   ],
   [
    681.2030639648438,
    450.3386535644531,
    0.992
   ],
   [
    958.2310791015625,
    656.9208984375,
    0.84
   ],
   [
    610.0039672851562,
    636.1982421875,
    0.943
   ],
   [
    959.80224609375,
    783.2039794921875,
    0.771
   ],
   [
    725.3494873046875,
    651.7266845703125,
    0.901
   ],
   [
    897.3645629882812,
    792.2034912109375,
    0.888
   ],
   [
    741.365234375,
    793.8408203125,
    0.925
   ],
   [
    899.812744140625,
    1007.9095458984375,
    -1.0
   ],
   [
    752.051025390625,
    1015.767822265625,
    -1.0
   ],
   [
    850.934326171875,
    1080.0,
    -1.0
   ],
   [
    745.25537109375,
    1076.7864990234375,
    -1.0
   ]
  ]
 ],
 "skeleton_percentage": [
  100,
  100
 ],
 "angle": [
  295,
  260
 ]
}