{
 "frame_index": 591,
 "skeletons": [
  [
   [
    828.84375,
    294.8529052734375,
    0.993
   ],
   [
    850.9423828125,
    275.432373046875,
    0.971
   ],
   [
    804.5392456054688,
    271.561279296875,
    0.987
   ],
   [
    875.1838989257812,
    304.12615966796875,
    0.667
   ],
   [
    759.1759643554688,
    296.43316650390625,
    0.89
   ],
   [
    924.6976318359375,
    457.0484619140625,
    0.976
   ],
   [
    680.25244140625,
    454.34716796875,
    0.991
   ],
   [
    965.2939453125,
    654.1907348632812,
    0.757
   ],
   [
    611.654541015625,
    646.9623413085938,
    0.907
   ],
   [
    967.162841796875,
    778.5858764648438,
    0.613
   ],
   [
    709.4337158203125,
    675.6295166015625,
    0.808
   ],
   [
    901.962646484375,
    802.6323852539062,
    0.872
   ],
   [
    742.1708984375,
    806.0406494140625,
    0.91
   ],
   [
    929.1263427734375,
    1027.9471435546875,
    -1.0
   ],
   [
    771.8074951171875,
    1034.682861328125,
    -1.0
   ],
   [
    904.5274658203125,
    1080.0,
    -1.0
   ],
   [
    780.8331298828125,
    1080.0,
    -1.0
   ]
  ]
 ],
 "skeleton_percentage": [
  100
 ],
 "angle": [
  284
 ]
}