{
 "frame_index": 592,
 "skeletons": [
  [
   [
    826.5350341796875,
    298.420166015625,
    0.991
   ],
   [
    849.57421875,
    278.88287353515625,
    0.967
   ],
   [
    804.20361328125,
    273.64990234375,
    0.98
   ],
   [
    879.494384765625,
    306.9308166503906,
    0.69
   ],
   [
    764.721923828125,
    293.9819641113281,
    0.868
   ],
   [
    927.4901733398438,
    464.2832336425781,
    0.987
   ],
   [
    683.385498046875,
    450.8196716308594,
    0.989
   ],
   [
    969.2548828125,
    656.7880859375,
    0.883
   ],
   [
    595.603759765625,
    641.1654663085938,
    0.91
   ],
   [
    979.8081665039062,
    784.1539306640625,
    0.789
   ],
   [
    696.8941650390625,
    689.5369873046875,
    0.848
   ],
   [
    893.4735107421875,
    786.3963623046875,
    0.87
   ],
   [
    729.5891723632812,
    788.5147705078125,
    0.884
   ],
   [
    947.18115234375,
    960.7686767578125,
    -1.0
   ],
   [
    747.908203125,
    969.3104248046875,
    -1.0
   ],
   [
    910.7889404296875,
    1011.655029296875,
    -1.0
   ],
   [
    728.2857666015625,
    1013.980712890625,
    -1.0
   ]
  ]
 ],
 "skeleton_percentage": [
  100
 ],
 "angle": [
  296
 ]
}