{
 "frame_index": 593,
 "skeletons": [
  [
   [
    835.0743408203125,
    299.8067626953125,
    0.992
   ],
   [
    854.38623046875,
    277.8485412597656,
    0.967
   ],
   [
    810.2195434570312,
    277.1031494140625,
    0.985
   ],
   [
    878.0809326171875,
    302.42529296875,
    0.66
   ],
   [
    766.5863037109375,
    301.5642395019531,
    0.889
   ],
   [
    934.626708984375,
    460.0322265625,
    0.978
   ],
   [
    690.0694580078125,
    460.2838134765625,
    0.991
   ],
   [
    983.135009765625,
    658.13525390625,
    0.797
   ],
   [
    614.36181640625,
    662.2150268554688,
    0.921
   ],
   [
    987.14794921875,
    787.9004516601562,
    0.657
   ],
   [
    710.891357421875,
    768.519287109375,
    0.817
   ],
   [
    910.0750732421875,
    808.4473876953125,
    0.85
   ],
   [
    746.626953125,
    813.8309326171875,
    0.891
   ],
   [
    951.3031005859375,
    1021.001953125,
    -1.0
   ],
   [
    765.129150390625,
    1027.473876953125,
    -1.0
   ],
   [
    937.149169921875,
    1080.0,
    -1.0
   ],
   [
    761.4036254882812,
    1080.0,
    -1.0
   ]
  ]
 ],
 "skeleton_percentage": [
  100
 ],
 "angle": [
  294
 ]
}