{
 "frame_index": 594,
 "skeletons": [
  [
   [
    835.3405151367188,
    299.5737609863281,
    0.992
   ],
   [
    854.7042236328125,
    277.774169921875,
    0.968
   ],
   [
    810.5286254882812,
    276.79730224609375,
    0.986
   ],
   [
    878.1146850585938,
    302.4779052734375,
    0.657
   ],
   [
    766.5894775390625,
    301.1275939941406,
    0.892
   ],
   [
    934.4719848632812,
    459.8988037109375,
    0.979
   ],
   [
    690.00927734375,
    460.13385009765625,
    0.992
   ],
   [
    983.2271728515625,
    656.8046264648438,
    0.798
   ],
   [
    614.631103515625,
    661.4241333007812,
    0.923
   ],
   [
    986.9097290039062,
    786.5121459960938,
    0.66
   ],
   [
    707.0618896484375,
    769.8275756835938,
    0.821
   ],
   [
    910.0852661132812,
    807.6242065429688,
    0.861
   ],
   [
    747.3961791992188,
    812.9002685546875,
    0.9
   ],
   [
    948.5150756835938,
    1022.97216796875,
    -1.0
   ],
   [
    766.50244140625,
    1029.110595703125,
    -1.0
   ],
   [
    932.8720703125,
    1080.0,
    -1.0
   ],
   [
    765.19580078125,
    1080.0,
    -1.0
   ]
  ]
 ],
 "skeleton_percentage": [
  100
 ],
 "angle": [
  292
 ]
}