{
 "frame_index": 595,
 "skeletons": [
  [
   [
    834.7362060546875,
    300.9498291015625,
    0.992
   ],
   [
    856.625,
    279.7901916503906,
    0.97
   ],
   [
    810.6353759765625,
    276.80816650390625,
    0.981
   ],
   [
    886.781494140625,
    307.38360595703125,
    0.711
   ],
   [
    771.5965576171875,
    300.4361572265625,
    0.868
   ],
   [
    938.89306640625,
    468.265625,
    0.986
   ],
   [
    696.349609375,
    463.49017333984375,
    0.99
   ],
   [
    985.6966552734375,
    663.5403442382812,
    0.879
   ],
   [
    604.0787353515625,
    667.5325927734375,
    0.915
   ],
   [
    994.443603515625,
    785.93408203125,
    0.778
   ],
   [
    682.0244750976562,
    761.5330810546875,
    0.842
   ],
   [
    914.6493530273438,
    797.6998901367188,
    0.854
   ],
   [
    750.1568603515625,
    804.1287231445312,
    0.873
   ],
   [
    989.5045166015625,
    942.8392333984375,
    -1.0
   ],
   [
    771.6177978515625,
    952.554931640625,
    -1.0
   ],
   [
    970.8316040039062,
    987.8783569335938,
    -1.0
   ],
   [
    751.5096435546875,
    996.65234375,
    -1.0
   ]
  ]
 ],
 "skeleton_percentage": [
  100
 ],
 "angle": [
  296
 ]
}