{
 "frame_index": 596,
 "skeletons": [
  [
   [
    848.0267944335938,
    306.4902648925781,
    0.99
   ],
   [
    868.4547729492188,
    284.3298645019531,
    0.964
   ],
   [
    822.1998291015625,
    283.04229736328125,
    0.984
   ],
   [
    890.6396484375,
    310.92266845703125,
    0.624
   ],
   [
    776.0765991210938,
    309.0594482421875,
    0.879
   ],
   [
    949.6881103515625,
    473.0505065917969,
    0.964
   ],
   [
    700.4495849609375,
    475.01129150390625,
    0.986
   ],
   [
    1003.9664306640625,
    686.29345703125,
    0.65
   ],
   [
    629.9710083007812,
    687.4284057617188,
    0.838
   ],
   [
    984.67529296875,
    745.2057495117188,
    -1.0
   ],
   [
    678.76708984375,
    717.6002197265625,
    0.683
   ],
   [
    929.41796875,
    821.7666015625,
    0.602
   ],
   [
    765.6725463867188,
    827.7833251953125,
    0.683
   ],
   [
    985.414306640625,
    921.9830932617188,
    -1.0
   ],
   [
    790.4979858398438,
    925.7982177734375,
    -1.0
   ],
   [
    975.443359375,
    971.555419921875,
    -1.0
   ],
   [
    804.7021484375,
    975.086669921875,
    -1.0
   ]
  ]
 ],
 "skeleton_percentage": [
  100
 ],
 "angle": [
  299
 ]
}