{
 "frame_index": 597,
 "skeletons": [
  [
   [
    848.445556640625,
    306.3446044921875,
    0.99
   ],
   [
    868.78173828125,
    284.15667724609375,
    0.964
   ],
   [
    822.5322875976562,
    282.89739990234375,
    0.984
   ],
   [
    890.8405151367188,
    310.6749572753906,
    0.622
   ],
   [
    776.149658203125,
    308.9247131347656,
    0.881
   ],
   [
    949.4928588867188,
    472.72064208984375,
    0.964
   ],
   [
    700.3499755859375,
    475.2047119140625,
    0.986
   ],
   [
    1003.4544677734375,
    685.734375,
    0.649
   ],
   [
    630.1158447265625,
    688.7133178710938,
    0.841
   ],
   [
    984.7840576171875,
    745.6187744140625,
    -1.0
   ],
   [
    682.644287109375,
    722.1124267578125,
    0.685
   ],
   [
    929.77880859375,
    820.1976928710938,
    0.607
   ],
   [
    765.994384765625,
    826.6554565429688,
    0.689
   ],
   [
    986.31884765625,
    921.1488647460938,
    -1.0
   ],
   [
    791.44970703125,
    925.4139404296875,
    -1.0
   ],
   [
    976.5655517578125,
    971.0731201171875,
    -1.0
   ],
   [
    805.2738647460938,
    975.1484985351562,
    -1.0
   ]
  ]
 ],
 "skeleton_percentage": [
  100
 ],
 "angle": [
  299
 ]
}