{
 "frame_index": 598,
 "skeletons": [
  [
   [
    852.6428833007812,
    315.40802001953125,
    0.989
   ],
   [
    873.405029296875,
    292.60614013671875,
    0.965
   ],
   [
    827.6466064453125,
    291.57720947265625,
    0.983
   ],
   [
    897.5167236328125,
    316.072021484375,
    0.662
   ],
   [
    783.635009765625,
    314.19293212890625,
    0.88
   ],
   [
    960.745849609375,
    475.98944091796875,
    0.964
   ],
   [
    708.5123291015625,
    479.666015625,
    0.986
   ],
   [
    1021.511474609375,
    675.1481323242188,
    0.635
   ],
   [
    648.4000244140625,
    682.890869140625,
    0.83
   ],
   [
    1008.257080078125,
    737.506591796875,
    -1.0
   ],
   [
    700.8997192382812,
    734.6788330078125,
    0.655
   ],
   [
    939.0908203125,
    815.7747802734375,
    0.644
   ],
   [
    773.7655029296875,
    822.0703125,
    0.721
   ],
   [
    985.5640869140625,
    937.8519287109375,
    -1.0
   ],
   [
    792.05322265625,
    941.954833984375,
    -1.0
   ],
   [
    968.8998413085938,
    987.0433959960938,
    -1.0
   ],
   [
    811.052978515625,
    991.4283447265625,
    -1.0
   ]
  ]
 ],
 "skeleton_percentage": [
  100
 ],
 "angle": [
  301
 ]
}