{
 "frame_index": 599,
 "skeletons": [
  [
   [
    864.7703857421875,
    318.886962890625,
    0.992
   ],
   [
    885.444580078125,
    298.7162780761719,
    0.969
   ],
   [
    839.936279296875,
    295.6243591308594,
    0.989
   ],
   [
    907.7510986328125,
    325.3124084472656,
    0.586
   ],
   [
    792.1163330078125,
    318.1225891113281,
    0.904
   ],
   [
    969.958740234375,
    478.45355224609375,
    0.971
   ],
   [
    714.1004638671875,
    480.6719970703125,
    0.983
   ],
   [
    1033.33837890625,
    673.0742797851562,
    0.684
   ],
   [
    669.6314086914062,
    686.9794921875,
    0.809
   ],
   [
    1036.3369140625,
    748.3225708007812,
    -1.0
   ],
   [
    726.6033325195312,
    750.625732421875,
    0.634
   ],
   [
    953.3388061523438,
    800.913818359375,
    0.617
   ],
   [
    784.3892211914062,
    807.53271484375,
    0.665
   ],
   [
    1016.3179321289062,
    940.9942016601562,
    -1.0
   ],
   [
    807.9725341796875,
    946.0145874023438,
    -1.0
   ],
   [
    995.7821044921875,
    988.772705078125,
    -1.0
   ],
   [
    815.723388671875,
    990.093017578125,
    -1.0
   ]
  ]
 ],
 "skeleton_percentage": [
  100
 ],
 "angle": [
  306
 ]
}