{
 "frame_index": 600,
 "skeletons": [
  [
   [
    863.9232788085938,
    318.5943603515625,
    0.992
   ],
   [
    884.2095336914062,
    297.74505615234375,
    0.967
   ],
   [
    838.98046875,
    295.1734619140625,
    0.986
   ],
   [
    908.067138671875,
    323.8050842285156,
    0.601
   ],
   [
    793.3782348632812,
    316.80133056640625,
    0.895
   ],
   [
    969.1435546875,
    480.8917236328125,
    0.977
   ],
   [
    716.2035522460938,
    478.652587890625,
    0.983
   ],
   [
    1030.8416748046875,
    679.6813354492188,
    0.753
   ],
   [
    671.7010498046875,
    689.2575073242188,
    0.812
   ],
   [
    1031.47265625,
    759.4022827148438,
    0.571
   ],
   [
    743.001220703125,
    752.8704833984375,
    0.656
   ],
   [
    953.2298583984375,
    797.2391357421875,
    0.612
   ],
   [
    783.529541015625,
    803.9423828125,
    0.64
   ],
   [
    1040.25732421875,
    899.8998413085938,
    -1.0
   ],
   [
    810.443603515625,
    907.1121826171875,
    -1.0
   ],
   [
    1026.2166748046875,
    931.9971313476562,
    -1.0
   ],
   [
    814.1138916015625,
    938.9088134765625,
    -1.0
   ]
  ]
 ],
 "skeleton_percentage": [
  100
 ],
 "angle": [
  305
 ]
}