{
 "frame_index": 601,
 "skeletons": [
  [
   [
    881.60498046875,
    331.854736328125,
    0.992
   ],
   [
    901.244384765625,
    308.3337707519531,
    0.961
   ],
   [
    857.1132202148438,
    305.71759033203125,
    0.986
   ],
   [
    923.6449584960938,
    328.4718017578125,
    0.538
   ],
   [
    808.9634399414062,
    320.0633239746094,
    0.917
   ],
   [
    985.4031982421875,
    485.4657897949219,
    0.982
   ],
   [
    728.9222412109375,
    484.1254577636719,
    0.987
   ],
   [
    1050.9853515625,
    674.80810546875,
    0.787
   ],
   [
    677.3132934570312,
    689.6671752929688,
    0.858
   ],
   [
    1043.45361328125,
    779.173828125,
    0.625
   ],
   [
    746.2047729492188,
    776.4837646484375,
    0.734
   ],
   [
    976.9934692382812,
    824.8870239257812,
    0.755
   ],
   [
    805.6748046875,
    833.4457397460938,
    0.792
   ],
   [
    1046.561279296875,
    959.7125244140625,
    -1.0
   ],
   [
    829.9403076171875,
    972.169189453125,
    -1.0
   ],
   [
    1013.180908203125,
    1016.7731323242188,
    -1.0
   ],
   [
    841.160400390625,
    1025.87939453125,
    -1.0
   ]
  ]
 ],
 "skeleton_percentage": [
  100
 ],
 "angle": [
  310
 ]
}