{
 "frame_index": 602,
 "skeletons": [
  [
   [
    881.8833618164062,
    332.04180908203125,
    0.992
   ],
   [
    901.4012451171875,
    308.46380615234375,
    0.96
   ],
   [
    857.2769165039062,
    305.90997314453125,
    0.986
   ],
   [
    923.613525390625,
    328.63287353515625,
    0.532
   ],
   [
    808.8768310546875,
    320.3529357910156,
    0.917
   ],
   [
    985.5311279296875,
    485.8173522949219,
    0.982
   ],
   [
    728.819580078125,
    484.2653503417969,
    0.987
   ],
   [
    1050.706298828125,
    675.5789794921875,
    0.785
   ],
   [
    677.9171142578125,
    689.789306640625,
    0.857
   ],
   [
    1042.87841796875,
    780.0877075195312,
    0.622
   ],
   [
    748.3709716796875,
    776.307861328125,
    0.732
   ],
   [
    977.7125244140625,
    824.2425537109375,
    0.748
   ],
   [
    806.0048217773438,
    832.8876953125,
    0.785
   ],
   [
    1049.74658203125,
    954.55615234375,
    -1.0
   ],
   [
    831.3314208984375,
    967.2176513671875,
    -1.0
   ],
   [
    1016.1791381835938,
    1010.412109375,
    -1.0
   ],
   [
    841.96337890625,
    1020.0360107421875,
    -1.0
   ]
  ]
 ],
 "skeleton_percentage": [
  100
 ],
 "angle": [
  310
 ]
}