{
 "frame_index": 603,
 "skeletons": [
  [
   [
    892.33740234375,
    345.8829345703125,
    0.991
   ],
   [
    912.0966796875,
    322.6871643066406,
    0.965
   ],
   [
    870.4176025390625,
    320.59832763671875,
    0.985
   ],
   [
    937.387939453125,
    340.63421630859375,
    0.614
   ],
   [
    830.0575561523438,
    333.139892578125,
    0.902
   ],
   [
    1001.80615234375,
    493.39306640625,
    0.981
   ],
   [
    747.1188354492188,
    493.7093505859375,
    0.987
   ],
   [
    1069.9716796875,
    673.7387084960938,
    0.782
   ],
   [
    683.314208984375,
    691.3897094726562,
    0.857
   ],
   [
    1071.87548828125,
    760.5712280273438,
    0.627
   ],
   [
    749.4136962890625,
    765.1016235351562,
    0.732
   ],
   [
    989.672607421875,
    824.29248046875,
    0.753
   ],
   [
    820.3265991210938,
    833.0306396484375,
    0.792
   ],
   [
    1057.33203125,
    970.3207397460938,
    -1.0
   ],
   [
    841.8565673828125,
    981.84912109375,
    -1.0
   ],
   [
    1034.517822265625,
    1023.2276000976562,
    -1.0
   ],
   [
    857.7327880859375,
    1031.6533203125,
    -1.0
   ]
  ]
 ],
 "skeleton_percentage": [
  100
 ],
 "angle": [
  312
 ]
}