{
 "frame_index": 604,
 "skeletons": [
  [
   [
    906.024658203125,
    348.24810791015625,
    0.989
   ],
   [
    926.8958129882812,
    325.6773986816406,
    0.968
   ],
   [
    885.239990234375,
    324.99432373046875,
    0.978
   ],
   [
    956.8114013671875,
    346.1776428222656,
    0.714
   ],
   [
    852.544677734375,
    343.9425048828125,
    0.826
   ],
   [
    1021.8543090820312,
    493.78143310546875,
    0.97
   ],
   [
    780.2642211914062,
    507.4678955078125,
    0.979
   ],
   [
    1086.3424072265625,
    679.42041015625,
    0.727
   ],
   [
    708.9256591796875,
    695.607421875,
    0.805
   ],
   [
    1087.822509765625,
    752.7390747070312,
    0.555
   ],
   [
    735.1013793945312,
    655.1878662109375,
    0.669
   ],
   [
    997.4430541992188,
    833.318359375,
    0.716
   ],
   [
    833.259765625,
    841.2498779296875,
    0.748
   ],
   [
    1046.322998046875,
    1025.1923828125,
    -1.0
   ],
   [
    824.9417724609375,
    1040.745361328125,
    -1.0
   ],
   [
    1026.544677734375,
    1078.802978515625,
    -1.0
   ],
   [
    801.316650390625,
    1078.775390625,
    -1.0
   ]
  ]
 ],
 "skeleton_percentage": [
  100
 ],
 "angle": [
  317
 ]
}