{
 "frame_index": 605,
 "skeletons": [
  [
   [
    935.1714477539062,
    355.5487976074219,
    0.989
   ],
   [
    954.58935546875,
    332.25799560546875,
    0.961
   ],
   [
    912.802001953125,
    333.36041259765625,
    0.981
   ],
   [
    986.2030029296875,
    348.8130798339844,
    0.727
   ],
   [
    880.8433227539062,
    350.43603515625,
    0.887
   ],
   [
    1051.6568603515625,
    494.18206787109375,
    0.981
   ],
   [
    816.4471435546875,
    501.83197021484375,
    0.994
   ],
   [
    1116.486572265625,
    663.8460083007812,
    0.789
   ],
   [
    737.4149169921875,
    686.293212890625,
    0.948
   ],
   [
    1098.12255859375,
    716.0843505859375,
    0.698
   ],
   [
    827.4039916992188,
    732.0025634765625,
    0.883
   ],
   [
    1038.26904296875,
    814.75830078125,
    0.9
   ],
   [
    877.0281372070312,
    822.0140380859375,
    0.945
   ],
   [
    1078.594970703125,
    966.90283203125,
    -1.0
   ],
   [
    854.837890625,
    973.5238037109375,
    0.526
   ],
   [
    1074.462890625,
    1016.931884765625,
    -1.0
   ],
   [
    839.2559814453125,
    1022.1068115234375,
    -1.0
   ]
  ]
 ],
 "skeleton_percentage": [
  100
 ],
 "angle": [
  208
 ]
}