{
 "frame_index": 606,
 "skeletons": [
  [
   [
    935.001220703125,
    355.3651123046875,
    0.989
   ],
   [
    954.401123046875,
    332.1162109375,
    0.961
   ],
   [
    912.6536865234375,
    333.3100891113281,
    0.981
   ],
   [
    985.9422607421875,
    348.6866455078125,
    0.729
   ],
   [
    880.6627197265625,
    350.6307678222656,
    0.885
   ],
   [
    1051.475830078125,
    493.883544921875,
    0.982
   ],
   [
    816.3448486328125,
    501.8683776855469,
    0.994
   ],
   [
    1114.8897705078125,
    664.1226806640625,
    0.797
   ],
   [
    738.285888671875,
    685.7913818359375,
    0.949
   ],
   [
    1096.408447265625,
    716.033203125,
    0.708
   ],
   [
    822.090087890625,
    729.5972290039062,
    0.885
   ],
   [
    1036.8404541015625,
    810.6824340820312,
    0.906
   ],
   [
    875.991455078125,
    817.8983154296875,
    0.947
   ],
   [
    1076.5592041015625,
    961.107177734375,
    -1.0
   ],
   [
    854.3092041015625,
    968.1359252929688,
    0.549
   ],
   [
    1070.3560791015625,
    1012.2705688476562,
    -1.0
   ],
   [
    839.855224609375,
    1018.0057373046875,
    -1.0
   ]
  ]
 ],
 "skeleton_percentage": [
  100
 ],
 "angle": [
  209
 ]
}