{
 "frame_index": 607,
 "skeletons": [
  [
   [
    959.349609375,
    356.3416442871094,
    0.988
   ],
   [
    979.4306640625,
    334.64849853515625,
    0.957
   ],
   [
    936.8963012695312,
    335.0810852050781,
    0.977
   ],
   [
    1010.8642578125,
    352.94293212890625,
    0.734
   ],
   [
    905.0404052734375,
    353.92657470703125,
    0.866
   ],
   [
    1074.759765625,
    493.715087890625,
    0.983
   ],
   [
    852.9996337890625,
    501.82318115234375,
    0.994
   ],
   [
    1145.455078125,
    657.1097412109375,
    0.834
   ],
   [
    782.720458984375,
    694.6005859375,
    0.952
   ],
   [
    1124.15380859375,
    711.7267456054688,
    0.773
   ],
   [
    843.95166015625,
    794.7299194335938,
    0.898
   ],
   [
    1057.059326171875,
    811.3958740234375,
    0.902
   ],
   [
    911.975341796875,
    814.2109375,
    0.942
   ],
   [
    1040.12646484375,
    975.6636962890625,
    -1.0
   ],
   [
    881.264404296875,
    972.8719482421875,
    0.534
   ],
   [
    1013.81689453125,
    1020.0406494140625,
    -1.0
   ],
   [
    876.1680908203125,
    1017.877197265625,
    -1.0
   ]
  ]
 ],
 "skeleton_percentage": [
  100
 ],
 "angle": [
  182
 ]
}