{
 "frame_index": 608,
 "skeletons": [
  [
   [
    986.3908081054688,
    353.9971923828125,
    0.993
   ],
   [
    1009.5498046875,
    332.23577880859375,
    0.98
   ],
   [
    961.375,
    334.1096496582031,
    0.985
   ],
   [
    1046.473876953125,
    356.1453552246094,
    0.841
   ],
   [
    931.8197021484375,
    361.5704345703125,
    0.846
   ],
   [
    1112.6005859375,
    501.85845947265625,
    0.98
   ],
   [
    880.7135009765625,
    505.1974182128906,
    0.994
   ],
   [
    1188.221435546875,
    680.4271850585938,
    0.796
   ],
   [
    806.2415771484375,
    676.8380737304688,
    0.947
   ],
   [
    1189.12451171875,
    778.4608154296875,
    0.715
   ],
   [
    872.911865234375,
    716.8601684570312,
    0.882
   ],
   [
    1065.8975830078125,
    830.053466796875,
    0.906
   ],
   [
    915.1728515625,
    828.877685546875,
    0.948
   ],
   [
    1058.454345703125,
    1016.5455322265625,
    -1.0
   ],
   [
    885.1437377929688,
    1015.96142578125,
    -1.0
   ],
   [
    1033.628173828125,
    1080.0,
    -1.0
   ],
   [
    867.3894653320312,
    1080.0,
    -1.0
   ]
  ]
 ],
 "skeleton_percentage": [
  100
 ],
 "angle": [
  144
 ]
}