{
 "frame_index": 609,
 "skeletons": [
  [
   [
    1039.31201171875,
    355.64227294921875,
    0.984
   ],
   [
    1058.401123046875,
    328.099853515625,
    0.958
   ],
   [
    1010.0047607421875,
    336.89678955078125,
    0.958
   ],
   [
    1094.091064453125,
    345.0382080078125,
    0.803
   ],
   [
    979.55322265625,
    366.1095886230469,
    0.77
   ],
   [
    1171.414306640625,
    510.1227722167969,
    0.983
   ],
   [
    944.384521484375,
    507.7523193359375,
    0.99
   ],
   [
    1211.694580078125,
    731.2261962890625,
    0.834
   ],
   [
    898.1339111328125,
    684.4232788085938,
    0.922
   ],
   [
    1187.1708984375,
    849.7908935546875,
    0.724
   ],
   [
    913.692138671875,
    742.79296875,
    0.838
   ],
   [
    1113.329833984375,
    863.70654296875,
    0.873
   ],
   [
    969.1148071289062,
    860.2285766601562,
    0.915
   ],
   [
    1077.447265625,
    987.7421264648438,
    -1.0
   ],
   [
    936.7470703125,
    997.9722900390625,
    -1.0
   ],
   [
    1009.3621215820312,
    1040.63427734375,
    -1.0
   ],
   [
    948.7564086914062,
    1079.604248046875,
    -1.0
   ]
  ]
 ],
 "skeleton_percentage": [
  100
 ],
 "angle": [
  121
 ]
}