{
 "frame_index": 610,
 "skeletons": [
  [
   [
    1055.4407958984375,
    353.70294189453125,
    0.988
   ],
   [
    1076.399658203125,
    329.22332763671875,
    0.975
   ],
   [
    1031.42236328125,
    335.564697265625,
    0.97
   ],
   [
    1115.598876953125,
    348.46978759765625,
    0.864
   ],
   [
    1009.67822265625,
    364.7016906738281,
    0.74
   ],
   [
    1195.9979248046875,
    498.1220703125,
    0.971
   ],
   [
    967.43896484375,
    512.8172607421875,
    0.986
   ],
   [
    1236.62255859375,
    692.0693359375,
    0.736
   ],
   [
    930.7124633789062,
    696.7515869140625,
    0.869
   ],
   [
    1208.6302490234375,
    803.7526245117188,
    0.594
   ],
   [
    948.3828735351562,
    791.9386596679688,
    0.718
   ],
   [
    1147.1982421875,
    815.5061645507812,
    0.69
   ],
   [
    999.4469604492188,
    816.8525390625,
    0.769
   ],
   [
    1120.436767578125,
    935.2005615234375,
    -1.0
   ],
   [
    952.9002685546875,
    942.1927490234375,
    -1.0
   ],
   [
    1064.39404296875,
    986.315185546875,
    -1.0
   ],
   [
    960.58349609375,
    1006.607666015625,
    -1.0
   ]
  ],
  [
   [
    408.45306396484375,
    66.13943481445312,
    -1.0
   ],
   [
    406.71881103515625,
    51.071502685546875,
    -1.0
   ],
   [
    403.77972412109375,
    42.18365478515625,
    -1.0
   ],
   [
    348.442626953125,
    64.37187194824219,
    -1.0
   ],
   [
    338.1336669921875,
    41.19671630859375,
    0.591
   ],
   [
    309.4422302246094,
    183.43771362304688,
    0.806
   ],
   [
    191.4086456298828,
    122.25975036621094,
    0.712
   ],
   [
    328.8662109375,
    334.0531311035156,
    0.661
   ],
   [
    72.38603210449219,
    157.3563995361328,
    0.603
   ],
   [
    430.7608642578125,
    399.66058349609375,
    0.528
   ],
   [
    140.07525634765625,
    105.54180908203125,
    0.536
   ],
   [
    183.5846405029297,
    530.8873291015625,
    0.924
   ],
   [
    105.0944595336914,
    519.3935546875,
    0.9
   ],
   [
    222.8525390625,
    799.3751220703125,
    0.641
   ],
   [
    123.36688232421875,
    805.3092041015625,
    0.563
   ],
   [
    176.61981201171875,
    1005.1631469726562,
    -1.0
   ],
   [
    66.17724609375,
    1022.8853759765625,
    -1.0
   ]
  ]
 ],
 "skeleton_percentage": [
  100,
  0
 ],
 "angle": [
  77,
  270
 ]
}