{
 "frame_index": 611,
 "skeletons": [
  [
   [
    1055.28173828125,
    353.66180419921875,
    0.988
   ],
   [
    1076.3526611328125,
    329.12890625,
    0.975
   ],
   [
    1031.17333984375,
    335.5036926269531,
    0.97
   ],
   [
    1115.77783203125,
    348.3243408203125,
    0.864
   ],
   [
    1009.4716796875,
    364.637451171875,
    0.739
   ],
   [
    1195.291015625,
    497.75531005859375,
    0.971
   ],
   [
    967.498046875,
    512.635986328125,
    0.986
   ],
   [
    1234.610107421875,
    691.5474853515625,
    0.739
   ],
   [
    930.477783203125,
    696.8289184570312,
    0.871
   ],
   [
    1207.74609375,
    804.7440185546875,
    0.599
   ],
   [
    949.23876953125,
    793.490234375,
    0.723
   ],
   [
    1146.721923828125,
    815.5603637695312,
    0.693
   ],
   [
    999.4564208984375,
    817.13671875,
    0.772
   ],
   [
    1120.110107421875,
    934.5752563476562,
    -1.0
   ],
   [
    953.326171875,
    942.0084228515625,
    -1.0
   ],
   [
    1064.4410400390625,
    986.0169067382812,
    -1.0
   ],
   [
    961.17333984375,
    1006.9383544921875,
    -1.0
   ]
  ]
 ],
 "skeleton_percentage": [
  100
 ],
 "angle": [
  77
 ]
}