{
 "frame_index": 612,
 "skeletons": [
  [
   [
    1082.6236572265625,
    359.2202453613281,
    0.987
   ],
   [
    1098.6669921875,
    331.93695068359375,
    0.965
   ],
   [
    1053.7537841796875,
    341.3580322265625,
    0.975
   ],
   [
    1129.2431640625,
    348.8404541015625,
    0.751
   ],
   [
    1019.7837524414062,
    372.79693603515625,
    0.822
   ],
   [
    1219.722900390625,
    499.4979248046875,
    0.972
   ],
   [
    981.7867431640625,
    531.92919921875,
    0.983
   ],
   [
    1310.970947265625,
    682.6865234375,
    0.678
   ],
   [
    953.2857666015625,
    721.3702392578125,
    0.816
   ],
   [
    1274.38671875,
    758.5081787109375,
    -1.0
   ],
   [
    950.907958984375,
    777.28271484375,
    0.629
   ],
   [
    1194.3695068359375,
    827.51904296875,
    0.577
   ],
   [
    1039.39892578125,
    837.892822265625,
    0.659
   ],
   [
    1189.6470947265625,
    882.9425048828125,
    -1.0
   ],
   [
    996.9644165039062,
    897.9292602539062,
    -1.0
   ],
   [
    1139.105224609375,
    895.8223876953125,
    -1.0
   ],
   [
    1000.75244140625,
    916.5913696289062,
    -1.0
   ]
  ]
 ],
 "skeleton_percentage": [
  100
 ],
 "angle": [
  76
 ]
}