{
 "frame_index": 613,
 "skeletons": [
  [
   [
    1092.1456298828125,
    358.8946838378906,
    0.987
   ],
   [
    1106.473388671875,
    331.681396484375,
    0.974
   ],
   [
    1061.7900390625,
    342.8789367675781,
    0.97
   ],
   [
    1135.4434814453125,
    350.10064697265625,
    0.808
   ],
   [
    1032.876220703125,
    377.6597900390625,
    0.771
   ],
   [
    1225.8837890625,
    486.6357421875,
    0.972
   ],
   [
    1000.4357299804688,
    527.2144165039062,
    0.973
   ],
   [
    1325.9381103515625,
    651.5093994140625,
    0.751
   ],
   [
    980.535888671875,
    730.967529296875,
    0.742
   ],
   [
    1361.402099609375,
    619.85400390625,
    0.604
   ],
   [
    1012.7735595703125,
    749.237060546875,
    0.573
   ],
   [
    1225.43701171875,
    812.4852294921875,
    0.536
   ],
   [
    1075.490234375,
    832.4290771484375,
    0.539
   ],
   [
    1262.3369140625,
    847.75244140625,
    -1.0
   ],
   [
    1037.011474609375,
    872.38720703125,
    -1.0
   ],
   [
    1242.331298828125,
    889.3011474609375,
    -1.0
   ],
   [
    1022.2454223632812,
    933.3532104492188,
    -1.0
   ]
  ]
 ],
 "skeleton_percentage": [
  100
 ],
 "angle": [
  77
 ]
}