{
 "frame_index": 614,
 "skeletons": [
  [
   [
    1099.9215087890625,
    364.2453918457031,
    0.988
   ],
   [
    1114.749267578125,
    338.72821044921875,
    0.975
   ],
   [
    1069.881103515625,
    349.2931823730469,
    0.977
   ],
   [
    1144.4755859375,
    359.2837829589844,
    0.787
   ],
   [
    1039.1446533203125,
    385.1393737792969,
    0.805
   ],
   [
    1239.099853515625,
    489.1205749511719,
    0.962
   ],
   [
    1011.4008178710938,
    534.159912109375,
    0.973
   ],
   [
    1341.0718994140625,
    655.1248779296875,
    0.655
   ],
   [
    1002.05517578125,
    731.3968505859375,
    0.741
   ],
   [
    1328.8514404296875,
    697.53271484375,
    -1.0
   ],
   [
    1051.548095703125,
    751.5867919921875,
    0.551
   ],
   [
    1255.140625,
    817.1845092773438,
    -1.0
   ],
   [
    1103.303955078125,
    837.652099609375,
    0.529
   ],
   [
    1295.94189453125,
    885.13134765625,
    -1.0
   ],
   [
    1078.08203125,
    910.0519409179688,
    -1.0
   ],
   [
    1265.28173828125,
    938.9287109375,
    -1.0
   ],
   [
    1053.89208984375,
    967.23974609375,
    -1.0
   ]
  ]
 ],
 "skeleton_percentage": [
  100
 ],
 "angle": [
  78
 ]
}