{
 "frame_index": 615,
 "skeletons": [
  [
   [
    1099.581787109375,
    364.144287109375,
    0.988
   ],
   [
    1114.379150390625,
    338.64544677734375,
    0.975
   ],
   [
    1069.5552978515625,
    349.30206298828125,
    0.976
   ],
   [
    1144.21875,
    359.2061462402344,
    0.79
   ],
   [
    1039.0509033203125,
    385.2463073730469,
    0.803
   ],
   [
    1239.04638671875,
    489.1143798828125,
    0.962
   ],
   [
    1011.6256103515625,
    533.6358642578125,
    0.972
   ],
   [
    1341.1461181640625,
    654.9908447265625,
    0.658
   ],
   [
    1002.6355590820312,
    730.069580078125,
    0.74
   ],
   [
    1329.4091796875,
    696.8803100585938,
    -1.0
   ],
   [
    1052.974365234375,
    751.3946533203125,
    0.55
   ],
   [
    1254.7418212890625,
    816.3004150390625,
    -1.0
   ],
   [
    1103.0838623046875,
    836.5367431640625,
    0.527
   ],
   [
    1295.49658203125,
    884.6060791015625,
    -1.0
   ],
   [
    1077.96875,
    909.219482421875,
    -1.0
   ],
   [
    1265.2430419921875,
    936.947021484375,
    -1.0
   ],
   [
    1054.21337890625,
    965.6552124023438,
    -1.0
   ]
  ]
 ],
 "skeleton_percentage": [
  100
 ],
 "angle": [
  78
 ]
}