{
 "frame_index": 616,
 "skeletons": [
  [
   [
    1100.58642578125,
    372.9375,
    0.981
   ],
   [
    1116.75634765625,
    346.95672607421875,
    0.974
   ],
   [
    1071.614501953125,
    358.2327880859375,
    0.956
   ],
   [
    1152.5028076171875,
    366.46929931640625,
    0.856
   ],
   [
    1046.27783203125,
    392.788330078125,
    0.709
   ],
   [
    1248.05224609375,
    499.4183349609375,
    0.969
   ],
   [
    1025.06103515625,
    543.9443969726562,
    0.964
   ],
   [
    1350.00927734375,
    669.2230224609375,
    0.774
   ],
   [
    1003.0601806640625,
    742.38671875,
    0.696
   ],
   [
    1327.3961181640625,
    706.678466796875,
    0.624
   ],
   [
    1025.4892578125,
    758.2007446289062,
    0.543
   ],
   [
    1267.5003662109375,
    825.8570556640625,
    -1.0
   ],
   [
    1119.44970703125,
    846.689208984375,
    -1.0
   ],
   [
    1315.2215576171875,
    847.567138671875,
    -1.0
   ],
   [
    1103.882568359375,
    872.9595947265625,
    -1.0
   ],
   [
    1308.372314453125,
    872.455078125,
    -1.0
   ],
   [
    1092.049072265625,
    903.2825927734375,
    -1.0
   ]
  ]
 ],
 "skeleton_percentage": [
  100
 ],
 "angle": [
  78
 ]
}