{
 "frame_index": 617,
 "skeletons": [
  [
   [
    1107.1177978515625,
    375.6884765625,
    0.982
   ],
   [
    1123.4503173828125,
    349.650146484375,
    0.976
   ],
   [
    1078.123779296875,
    362.1134033203125,
    0.954
   ],
   [
    1161.3228759765625,
    369.86773681640625,
    0.883
   ],
   [
    1055.3189697265625,
    398.73931884765625,
    0.699
   ],
   [
    1258.8487548828125,
    503.6580810546875,
    0.971
   ],
   [
    1035.53125,
    549.230224609375,
    0.966
   ],
   [
    1357.8248291015625,
    670.8433837890625,
    0.78
   ],
   [
    1008.028564453125,
    742.6572875976562,
    0.686
   ],
   [
    1334.4090576171875,
    697.5562744140625,
    0.63
   ],
   [
    1031.3863525390625,
    746.401611328125,
    0.533
   ],
   [
    1276.17529296875,
    824.0242309570312,
    0.508
   ],
   [
    1129.0428466796875,
    844.9700927734375,
    -1.0
   ],
   [
    1317.759033203125,
    837.1546630859375,
    -1.0
   ],
   [
    1110.4930419921875,
    863.6275634765625,
    -1.0
   ],
   [
    1314.083740234375,
    858.359130859375,
    -1.0
   ],
   [
    1103.1455078125,
    892.9310302734375,
    -1.0
   ]
  ]
 ],
 "skeleton_percentage": [
  100
 ],
 "angle": [
  80
 ]
}