{
 "frame_index": 618,
 "skeletons": [
  [
   [
    1107.3525390625,
    375.6936950683594,
    0.982
   ],
   [
    1123.476806640625,
    349.6172790527344,
    0.976
   ],
   [
    1078.150146484375,
    362.2237243652344,
    0.955
   ],
   [
    1161.00537109375,
    369.7991638183594,
    0.882
   ],
   [
    1055.02880859375,
    399.0837707519531,
    0.701
   ],
   [
    1258.546142578125,
    503.517578125,
    0.971
   ],
   [
    1035.5048828125,
    549.3663330078125,
    0.965
   ],
   [
    1358.4088134765625,
    669.610107421875,
    0.78
   ],
   [
    1007.7837524414062,
    741.7740478515625,
    0.685
   ],
   [
    1337.9102783203125,
    696.9249267578125,
    0.629
   ],
   [
    1030.182861328125,
    745.90576171875,
    0.531
   ],
   [
    1275.923828125,
    823.595947265625,
    0.508
   ],
   [
    1128.9322509765625,
    844.7314453125,
    -1.0
   ],
   [
    1318.12158203125,
    837.1137084960938,
    -1.0
   ],
   [
    1110.0765380859375,
    864.0287475585938,
    -1.0
   ],
   [
    1314.7353515625,
    857.99951171875,
    -1.0
   ],
   [
    1102.055908203125,
    893.484130859375,
    -1.0
   ]
  ]
 ],
 "skeleton_percentage": [
  100
 ],
 "angle": [
  80
 ]
}