{
 "frame_index": 619,
 "skeletons": [
  [
   [
    1105.165771484375,
    388.14990234375,
    0.985
   ],
   [
    1123.76953125,
    360.620849609375,
    0.977
   ],
   [
    1081.076416015625,
    372.97137451171875,
    0.964
   ],
   [
    1167.7340087890625,
    375.3858947753906,
    0.882
   ],
   [
    1067.478515625,
    404.1209716796875,
    0.669
   ],
   [
    1275.1629638671875,
    507.8174743652344,
    0.953
   ],
   [
    1045.103271484375,
    563.27587890625,
    0.972
   ],
   [
    1373.903564453125,
    671.9095458984375,
    0.59
   ],
   [
    1023.53466796875,
    757.1214599609375,
    0.722
   ],
   [
    1354.357666015625,
    738.039306640625,
    -1.0
   ],
   [
    1020.84619140625,
    815.3684692382812,
    -1.0
   ],
   [
    1291.7520751953125,
    851.101318359375,
    -1.0
   ],
   [
    1139.4674072265625,
    871.8262939453125,
    0.549
   ],
   [
    1302.81396484375,
    967.3980712890625,
    -1.0
   ],
   [
    1099.673095703125,
    991.5113525390625,
    -1.0
   ],
   [
    1279.06005859375,
    998.7540893554688,
    -1.0
   ],
   [
    1104.5889892578125,
    1021.0988159179688,
    -1.0
   ]
  ]
 ],
 "skeleton_percentage": [
  100
 ],
 "angle": [
  82
 ]
}