{
 "frame_index": 620,
 "skeletons": [
  [
   [
    1121.6663818359375,
    391.1986999511719,
    0.987
   ],
   [
    1139.546142578125,
    364.22076416015625,
    0.976
   ],
   [
    1094.380859375,
    375.817138671875,
    0.975
   ],
   [
    1177.225830078125,
    381.2853698730469,
    0.825
   ],
   [
    1071.776611328125,
    409.1523742675781,
    0.753
   ],
   [
    1274.725830078125,
    515.2744140625,
    0.938
   ],
   [
    1050.10546875,
    566.214599609375,
    0.967
   ],
   [
    1374.1578369140625,
    678.78466796875,
    -1.0
   ],
   [
    1033.17822265625,
    766.1715087890625,
    0.666
   ],
   [
    1356.82763671875,
    715.2349853515625,
    -1.0
   ],
   [
    1014.4850463867188,
    859.8460693359375,
    -1.0
   ],
   [
    1287.8125,
    862.9154052734375,
    -1.0
   ],
   [
    1141.7139892578125,
    881.318603515625,
    -1.0
   ],
   [
    1282.449951171875,
    980.8306884765625,
    -1.0
   ],
   [
    1095.01708984375,
    997.188720703125,
    -1.0
   ],
   [
    1253.09912109375,
    1011.5379638671875,
    -1.0
   ],
   [
    1101.908447265625,
    1032.514892578125,
    -1.0
   ]
  ]
 ],
 "skeleton_percentage": [
  100
 ],
 "angle": [
  82
 ]
}