{
 "frame_index": 621,
 "skeletons": [
  [
   [
    1121.7900390625,
    391.271240234375,
    0.987
   ],
   [
    1139.626220703125,
    364.23992919921875,
    0.976
   ],
   [
    1094.48291015625,
    375.875244140625,
    0.975
   ],
   [
    1177.240234375,
    381.2507629394531,
    0.826
   ],
   [
    1071.7281494140625,
    409.24755859375,
    0.751
   ],
   [
    1275.128173828125,
    515.775146484375,
    0.938
   ],
   [
    1050.042236328125,
    566.5732421875,
    0.967
   ],
   [
    1373.329833984375,
    682.574462890625,
    -1.0
   ],
   [
    1033.237060546875,
    767.7667236328125,
    0.666
   ],
   [
    1351.622802734375,
    722.9678344726562,
    -1.0
   ],
   [
    1014.4725341796875,
    859.353759765625,
    -1.0
   ],
   [
    1287.86181640625,
    864.1437377929688,
    -1.0
   ],
   [
    1141.4500732421875,
    882.2711791992188,
    -1.0
   ],
   [
    1281.521728515625,
    978.049072265625,
    -1.0
   ],
   [
    1093.9180908203125,
    994.278076171875,
    -1.0
   ],
   [
    1251.08447265625,
    1007.189208984375,
    -1.0
   ],
   [
    1100.4849853515625,
    1027.466796875,
    -1.0
   ]
  ]
 ],
 "skeleton_percentage": [
  100
 ],
 "angle": [
  82
 ]
}