{
 "frame_index": 622,
 "skeletons": [
  [
   [
    1127.109130859375,
    398.5068054199219,
    0.986
   ],
   [
    1142.6202392578125,
    370.761474609375,
    0.981
   ],
   [
    1099.1207275390625,
    384.8555908203125,
    0.97
   ],
   [
    1179.473388671875,
    386.3066711425781,
    0.88
   ],
   [
    1080.3037109375,
    418.724365234375,
    0.73
   ],
   [
    1283.5162353515625,
    514.1848754882812,
    0.954
   ],
   [
    1054.5303955078125,
    565.6766967773438,
    0.966
   ],
   [
    1376.8756103515625,
    667.8406372070312,
    0.631
   ],
   [
    1040.0462646484375,
    756.1146240234375,
    0.689
   ],
   [
    1384.478271484375,
    640.385986328125,
    -1.0
   ],
   [
    1075.5697021484375,
    770.8185424804688,
    0.501
   ],
   [
    1303.6591796875,
    839.5478515625,
    -1.0
   ],
   [
    1153.3353271484375,
    863.2575073242188,
    -1.0
   ],
   [
    1331.452392578125,
    904.8701171875,
    -1.0
   ],
   [
    1117.7208251953125,
    932.680908203125,
    -1.0
   ],
   [
    1311.4007568359375,
    958.4144287109375,
    -1.0
   ],
   [
    1112.0638427734375,
    1001.974365234375,
    -1.0
   ]
  ]
 ],
 "skeleton_percentage": [
  100
 ],
 "angle": [
  84
 ]
}