{
 "frame_index": 623,
 "skeletons": [
  [
   [
    1126.847900390625,
    398.60064697265625,
    0.986
   ],
   [
    1142.3955078125,
    370.8668518066406,
    0.98
   ],
   [
    1099.06689453125,
    384.9538879394531,
    0.97
   ],
   [
    1179.36181640625,
    386.26275634765625,
    0.88
   ],
   [
    1080.489501953125,
    418.53662109375,
    0.728
   ],
   [
    1283.78564453125,
    513.921142578125,
    0.953
   ],
   [
    1054.482177734375,
    565.6298828125,
    0.966
   ],
   [
    1378.330322265625,
    667.6843872070312,
    0.625
   ],
   [
    1040.274658203125,
    755.79052734375,
    0.683
   ],
   [
    1385.14990234375,
    643.4830322265625,
    -1.0
   ],
   [
    1077.5390625,
    769.3431396484375,
    -1.0
   ],
   [
    1305.10791015625,
    838.363037109375,
    -1.0
   ],
   [
    1154.6192626953125,
    862.3121337890625,
    -1.0
   ],
   [
    1335.424560546875,
    904.8465576171875,
    -1.0
   ],
   [
    1122.12548828125,
    932.8897705078125,
    -1.0
   ],
   [
    1316.767333984375,
    958.0894775390625,
    -1.0
   ],
   [
    1117.946533203125,
    1001.0452880859375,
    -1.0
   ]
  ]
 ],
 "skeleton_percentage": [
  100
 ],
 "angle": [
  83
 ]
}