{
 "frame_index": 624,
 "skeletons": [
  [
   [
    1120.79052734375,
    417.04412841796875,
    0.984
   ],
   [
    1139.75927734375,
    388.24542236328125,
    0.982
   ],
   [
    1094.85888671875,
    402.8689270019531,
    0.966
   ],
   [
    1185.361083984375,
    398.697998046875,
    0.907
   ],
   [
    1078.210205078125,
    430.4239501953125,
    0.671
   ],
   [
    1290.8587646484375,
    529.233642578125,
    0.942
   ],
   [
    1053.967041015625,
    578.1988525390625,
    0.96
   ],
   [
    1386.200439453125,
    684.1390991210938,
    0.543
   ],
   [
    1043.360595703125,
    749.74072265625,
    0.607
   ],
   [
    1341.497314453125,
    701.2377319335938,
    -1.0
   ],
   [
    1079.55615234375,
    750.8497924804688,
    -1.0
   ],
   [
    1286.9898681640625,
    852.4920043945312,
    -1.0
   ],
   [
    1135.4259033203125,
    870.247802734375,
    -1.0
   ],
   [
    1285.6097412109375,
    906.94970703125,
    -1.0
   ],
   [
    1103.595947265625,
    928.785400390625,
    -1.0
   ],
   [
    1257.8734130859375,
    955.7230224609375,
    -1.0
   ],
   [
    1114.073486328125,
    983.9251098632812,
    -1.0
   ]
  ],
  [
   [
    1120.35888671875,
    416.58984375,
    0.98
   ],
   [
    1140.494873046875,
    386.830078125,
    0.974
   ],
   [
    1095.1728515625,
    399.1022644042969,
    0.941
   ],
   [
    1187.8466796875,
    393.9667053222656,
    0.903
   ],
   [
    1079.724853515625,
    422.76947021484375,
    0.56
   ],
   [
    1284.81494140625,
    532.69970703125,
    0.967
   ],
   [
    1059.3843994140625,
    577.2225952148438,
    0.971
   ],
   [
    1383.822509765625,
    695.4837646484375,
    0.729
   ],
   [
    1030.9415283203125,
    769.388427734375,
    0.722
   ],
   [
    1334.49267578125,
    767.4742431640625,
    0.575
   ],
   [
    991.7763061523438,
    875.958251953125,
    0.523
   ],
   [
    1260.14453125,
    907.4967041015625,
    0.746
   ],
   [
    1114.63232421875,
    916.6845703125,
    0.757
   ],
   [
    1212.020751953125,
    1045.167724609375,
    -1.0
   ],
   [
    1045.3984375,
    1054.5333251953125,
    -1.0
   ],
   [
    1194.097412109375,
    1080.0,
    -1.0
   ],
   [
    1068.521484375,
    1080.0,
    -1.0
   ]
  ]
 ],
 "skeleton_percentage": [
  100,
  100
 ],
 "angle": [
  87,
  121
 ]
}