{
 "frame_index": 625,
 "skeletons": [
  [
   [
    1123.928955078125,
    435.4966735839844,
    0.976
   ],
   [
    1143.7459716796875,
    406.4420166015625,
    0.965
   ],
   [
    1100.70458984375,
    418.7156066894531,
    0.935
   ],
   [
    1193.797119140625,
    413.0609436035156,
    0.894
   ],
   [
    1092.2723388671875,
    440.8827209472656,
    0.612
   ],
   [
    1297.9423828125,
    544.50830078125,
    0.962
   ],
   [
    1068.5306396484375,
    597.1327514648438,
    0.977
   ],
   [
    1403.772216796875,
    680.7203369140625,
    0.682
   ],
   [
    1046.966064453125,
    786.959228515625,
    0.773
   ],
   [
    1366.398681640625,
    735.994384765625,
    0.54
   ],
   [
    1035.2451171875,
    908.345703125,
    0.572
   ],
   [
    1285.600341796875,
    906.3832397460938,
    0.715
   ],
   [
    1140.5601806640625,
    922.916259765625,
    0.762
   ],
   [
    1274.626953125,
    1052.9344482421875,
    -1.0
   ],
   [
    1130.5093994140625,
    1069.83984375,
    -1.0
   ],
   [
    1240.636474609375,
    1080.0,
    -1.0
   ],
   [
    1164.396240234375,
    1080.0,
    -1.0
   ]
  ],
  [
   [
    1121.7999267578125,
    432.3280334472656,
    0.982
   ],
   [
    1142.0264892578125,
    404.7007141113281,
    0.981
   ],
   [
    1098.3641357421875,
    418.4990234375,
    0.958
   ],
   [
    1192.989990234375,
    417.0548400878906,
    0.918
   ],
   [
    1086.924072265625,
    445.54583740234375,
    0.638
   ],
   [
    1298.451171875,
    543.1533203125,
    0.945
   ],
   [
    1062.9337158203125,
    593.207763671875,
    0.957
   ],
   [
    1396.71728515625,
    686.6973876953125,
    0.57
   ],
   [
    1059.7877197265625,
    762.3088989257812,
    0.601
   ],
   [
    1352.356689453125,
    695.6605834960938,
    -1.0
   ],
   [
    1136.9263916015625,
    756.7337646484375,
    -1.0
   ],
   [
    1292.978271484375,
    863.2662963867188,
    -1.0
   ],
   [
    1140.307861328125,
    881.9761962890625,
    -1.0
   ],
   [
    1297.769775390625,
    922.852294921875,
    -1.0
   ],
   [
    1117.8204345703125,
    945.7695922851562,
    -1.0
   ],
   [
    1273.189697265625,
    977.1058349609375,
    -1.0
   ],
   [
    1121.3455810546875,
    1002.708251953125,
    -1.0
   ]
  ]
 ],
 "skeleton_percentage": [
  100,
  100
 ],
 "angle": [
  122,
  88
 ]
}