{
 "frame_index": 626,
 "skeletons": [
  [
   [
    1139.064453125,
    448.94976806640625,
    0.982
   ],
   [
    1156.45361328125,
    421.40203857421875,
    0.978
   ],
   [
    1112.585205078125,
    436.23394775390625,
    0.962
   ],
   [
    1198.613525390625,
    434.66046142578125,
    0.878
   ],
   [
    1094.4827880859375,
    468.23004150390625,
    0.664
   ],
   [
    1296.408935546875,
    554.5426025390625,
    0.938
   ],
   [
    1069.553466796875,
    616.59765625,
    0.954
   ],
   [
    1406.9259033203125,
    666.4225463867188,
    0.543
   ],
   [
    1063.0948486328125,
    783.2550048828125,
    0.597
   ],
   [
    1396.5030517578125,
    606.6484985351562,
    -1.0
   ],
   [
    1136.1297607421875,
    774.6516723632812,
    -1.0
   ],
   [
    1300.758056640625,
    877.6153564453125,
    -1.0
   ],
   [
    1154.14453125,
    903.8759765625,
    -1.0
   ],
   [
    1309.5479736328125,
    985.7828979492188,
    -1.0
   ],
   [
    1139.90087890625,
    1014.5091552734375,
    -1.0
   ],
   [
    1283.8487548828125,
    1048.667236328125,
    -1.0
   ],
   [
    1139.6072998046875,
    1080.0,
    -1.0
   ]
  ],
  [
   [
    1141.3485107421875,
    446.239501953125,
    0.979
   ],
   [
    1159.298095703125,
    418.873779296875,
    0.963
   ],
   [
    1115.523681640625,
    429.615966796875,
    0.952
   ],
   [
    1198.9072265625,
    430.05615234375,
    0.816
   ],
   [
    1095.7601318359375,
    456.39996337890625,
    0.661
   ],
   [
    1281.605712890625,
    556.1219482421875,
    0.964
   ],
   [
    1080.371826171875,
    608.3104248046875,
    0.959
   ],
   [
    1396.290771484375,
    637.6312866210938,
    0.71
   ],
   [
    1047.20263671875,
    797.177734375,
    0.681
   ],
   [
    1410.3531494140625,
    601.55615234375,
    0.557
   ],
   [
    1021.9786376953125,
    918.1844482421875,
    0.508
   ],
   [
    1269.246337890625,
    902.6954956054688,
    0.667
   ],
   [
    1143.163818359375,
    917.81298828125,
    0.668
   ],
   [
    1250.80908203125,
    1021.5558471679688,
    -1.0
   ],
   [
    1124.02099609375,
    1030.669921875,
    -1.0
   ],
   [
    1211.9803466796875,
    1066.8206787109375,
    -1.0
   ],
   [
    1128.064208984375,
    1080.0,
    -1.0
   ]
  ]
 ],
 "skeleton_percentage": [
  100,
  100
 ],
 "angle": [
  93,
  123
 ]
}