{
 "frame_index": 627,
 "skeletons": [
  [
   [
    1139.256103515625,
    448.90606689453125,
    0.983
   ],
   [
    1156.567138671875,
    421.2717590332031,
    0.978
   ],
   [
    1112.6751708984375,
    436.1585693359375,
    0.962
   ],
   [
    1198.7647705078125,
    434.39703369140625,
    0.878
   ],
   [
    1094.44677734375,
    468.04876708984375,
    0.663
   ],
   [
    1296.56787109375,
    554.120849609375,
    0.939
   ],
   [
    1069.74658203125,
    615.76708984375,
    0.955
   ],
   [
    1407.32763671875,
    667.146484375,
    0.551
   ],
   [
    1065.25830078125,
    783.4078369140625,
    0.606
   ],
   [
    1398.09765625,
    604.682373046875,
    -1.0
   ],
   [
    1144.196044921875,
    773.3915405273438,
    -1.0
   ],
   [
    1302.06103515625,
    878.08740234375,
    -1.0
   ],
   [
    1154.9652099609375,
    904.4337158203125,
    -1.0
   ],
   [
    1312.8319091796875,
    986.07568359375,
    -1.0
   ],
   [
    1141.4415283203125,
    1014.7754516601562,
    -1.0
   ],
   [
    1288.0657958984375,
    1049.04931640625,
    -1.0
   ],
   [
    1140.046630859375,
    1080.0,
    -1.0
   ]
  ],
  [
   [
    1141.491455078125,
    446.13299560546875,
    0.979
   ],
   [
    1159.4935302734375,
    418.4709777832031,
    0.963
   ],
   [
    1115.38818359375,
    429.29974365234375,
    0.952
   ],
   [
    1199.3065185546875,
    429.37188720703125,
    0.814
   ],
   [
    1095.4876708984375,
    455.8905944824219,
    0.662
   ],
   [
    1281.6903076171875,
    555.9083862304688,
    0.964
   ],
   [
    1081.02587890625,
    608.27734375,
    0.959
   ],
   [
    1396.858642578125,
    636.68994140625,
    0.71
   ],
   [
    1047.726318359375,
    799.2103271484375,
    0.683
   ],
   [
    1413.7152099609375,
    596.4567260742188,
    0.555
   ],
   [
    1022.23583984375,
    924.3697509765625,
    0.507
   ],
   [
    1271.2724609375,
    906.5762329101562,
    0.663
   ],
   [
    1145.2596435546875,
    921.919189453125,
    0.664
   ],
   [
    1254.35205078125,
    1024.2001953125,
    -1.0
   ],
   [
    1125.8983154296875,
    1033.03759765625,
    -1.0
   ],
   [
    1217.6109619140625,
    1066.7081298828125,
    -1.0
   ],
   [
    1129.73779296875,
    1080.0,
    -1.0
   ]
  ]
 ],
 "skeleton_percentage": [
  100,
  100
 ],
 "angle": [
  93,
  123
 ]
}