{
 "frame_index": 628,
 "skeletons": [
  [
   [
    1143.882080078125,
    478.7591857910156,
    0.977
   ],
   [
    1161.3548583984375,
    449.8607482910156,
    0.975
   ],
   [
    1120.194091796875,
    462.7181396484375,
    0.955
   ],
   [
    1204.2489013671875,
    455.09979248046875,
    0.864
   ],
   [
    1101.6982421875,
    483.9185791015625,
    0.628
   ],
   [
    1295.942138671875,
    570.7845458984375,
    0.902
   ],
   [
    1075.122314453125,
    640.682861328125,
    0.922
   ],
   [
    1402.23095703125,
    648.7198486328125,
    -1.0
   ],
   [
    1069.3760986328125,
    779.4548950195312,
    -1.0
   ],
   [
    1367.0899658203125,
    599.6239013671875,
    -1.0
   ],
   [
    1143.99462890625,
    723.0602416992188,
    -1.0
   ],
   [
    1301.2991943359375,
    860.6112060546875,
    -1.0
   ],
   [
    1158.193115234375,
    889.2910766601562,
    -1.0
   ],
   [
    1300.27685546875,
    919.7360229492188,
    -1.0
   ],
   [
    1142.2745361328125,
    954.120849609375,
    -1.0
   ],
   [
    1270.674560546875,
    961.0133056640625,
    -1.0
   ],
   [
    1151.0283203125,
    986.1007080078125,
    -1.0
   ]
  ]
 ],
 "skeleton_percentage": [
  100
 ],
 "angle": [
  89
 ]
}