{
 "frame_index": 629,
 "skeletons": [
  [
   [
    1156.448486328125,
    503.22589111328125,
    0.985
   ],
   [
    1169.871826171875,
    474.1700439453125,
    0.985
   ],
   [
    1130.400146484375,
    487.4290466308594,
    0.982
   ],
   [
    1211.775146484375,
    477.51641845703125,
    0.766
   ],
   [
    1107.95556640625,
    511.7843017578125,
    0.713
   ],
   [
    1310.604248046875,
    602.5316162109375,
    0.91
   ],
   [
    1080.4801025390625,
    649.3062744140625,
    0.913
   ],
   [
    1384.459716796875,
    707.0592041015625,
    -1.0
   ],
   [
    1052.1502685546875,
    776.1417236328125,
    -1.0
   ],
   [
    1314.4051513671875,
    671.301513671875,
    -1.0
   ],
   [
    1130.2314453125,
    730.72021484375,
    -1.0
   ],
   [
    1300.337158203125,
    862.026123046875,
    -1.0
   ],
   [
    1149.10009765625,
    880.0257568359375,
    -1.0
   ],
   [
    1324.1080322265625,
    807.7930908203125,
    -1.0
   ],
   [
    1136.96533203125,
    819.85009765625,
    -1.0
   ],
   [
    1299.06494140625,
    870.6560668945312,
    -1.0
   ],
   [
    1161.3094482421875,
    896.6863403320312,
    -1.0
   ]
  ]
 ],
 "skeleton_percentage": [
  100
 ],
 "angle": [
  92
 ]
}