{
 "frame_index": 630,
 "skeletons": [
  [
   [
    1155.081787109375,
    502.57421875,
    0.985
   ],
   [
    1168.7296142578125,
    473.616943359375,
    0.985
   ],
   [
    1129.3975830078125,
    486.85308837890625,
    0.981
   ],
   [
    1211.680419921875,
    477.35406494140625,
    0.77
   ],
   [
    1108.1922607421875,
    511.5804748535156,
    0.699
   ],
   [
    1310.8336181640625,
    602.093505859375,
    0.91
   ],
   [
    1081.2420654296875,
    648.759033203125,
    0.913
   ],
   [
    1384.742919921875,
    705.3883666992188,
    -1.0
   ],
   [
    1051.34814453125,
    774.4588623046875,
    -1.0
   ],
   [
    1315.057373046875,
    666.4480590820312,
    -1.0
   ],
   [
    1126.4156494140625,
    727.3572998046875,
    -1.0
   ],
   [
    1300.664306640625,
    860.736328125,
    -1.0
   ],
   [
    1149.662353515625,
    878.5369873046875,
    -1.0
   ],
   [
    1323.085693359375,
    804.388916015625,
    -1.0
   ],
   [
    1136.470703125,
    816.2451782226562,
    -1.0
   ],
   [
    1298.715576171875,
    866.126708984375,
    -1.0
   ],
   [
    1161.134521484375,
    891.9666137695312,
    -1.0
   ]
  ]
 ],
 "skeleton_percentage": [
  100
 ],
 "angle": [
  92
 ]
}