{
 "frame_index": 631,
 "skeletons": [
  [
   [
    1157.3707275390625,
    537.6475219726562,
    0.981
   ],
   [
    1173.611328125,
    507.87652587890625,
    0.985
   ],
   [
    1133.570556640625,
    519.8560180664062,
    0.97
   ],
   [
    1219.751708984375,
    513.6101684570312,
    0.858
   ],
   [
    1111.2135009765625,
    545.0349731445312,
    0.609
   ],
   [
    1318.880615234375,
    639.2710571289062,
    0.869
   ],
   [
    1081.296630859375,
    683.7973022460938,
    0.849
   ],
   [
    1397.0533447265625,
    710.9002685546875,
    -1.0
   ],
   [
    1048.607421875,
    774.9671630859375,
    -1.0
   ],
   [
    1313.237548828125,
    644.1827392578125,
    -1.0
   ],
   [
    1111.365234375,
    703.24267578125,
    -1.0
   ],
   [
    1305.5107421875,
    851.281005859375,
    -1.0
   ],
   [
    1146.8944091796875,
    868.7477416992188,
    -1.0
   ],
   [
    1350.8719482421875,
    686.2568359375,
    -1.0
   ],
   [
    1122.7225341796875,
    695.1857299804688,
    -1.0
   ],
   [
    1343.452392578125,
    701.0884399414062,
    -1.0
   ],
   [
    1161.7225341796875,
    726.2944946289062,
    -1.0
   ]
  ]
 ],
 "skeleton_percentage": [
  100
 ],
 "angle": [
  95
 ]
}