{
 "frame_index": 632,
 "skeletons": [
  [
   [
    1148.38232421875,
    454.6784362792969,
    -1.0
   ],
   [
    1148.721923828125,
    447.0513610839844,
    -1.0
   ],
   [
    1151.06298828125,
    443.4971923828125,
    -1.0
   ],
   [
    1131.8260498046875,
    455.2100830078125,
    -1.0
   ],
   [
    1178.37255859375,
    446.71136474609375,
    0.74
   ],
   [
    1123.9510498046875,
    514.1885986328125,
    0.978
   ],
   [
    1207.753662109375,
    500.4458312988281,
    0.992
   ],
   [
    1115.2490234375,
    594.5156860351562,
    0.816
   ],
   [
    1258.26025390625,
    575.9865112304688,
    0.966
   ],
   [
    1127.304931640625,
    647.58349609375,
    -1.0
   ],
   [
    1275.736328125,
    633.039306640625,
    0.774
   ],
   [
    1169.5814208984375,
    648.2852783203125,
    0.988
   ],
   [
    1221.1239013671875,
    643.697509765625,
    0.993
   ],
   [
    1197.2335205078125,
    747.8296508789062,
    0.853
   ],
   [
    1221.6212158203125,
    743.0601196289062,
    0.916
   ],
   [
    1221.3876953125,
    829.802490234375,
    0.509
   ],
   [
    1221.2508544921875,
    819.9849243164062,
    0.626
   ]
  ]
 ],
 "skeleton_percentage": [
  0
 ],
 "angle": [
  106
 ]
}