{
 "frame_index": 676,
 "skeletons": [
  [
   [
    1255.490234375,
    587.7832641601562,
    0.981
   ],
   [
    1273.173095703125,
    540.1360473632812,
    0.973
   ],
   [
    1223.9376220703125,
    565.120361328125,
    0.924
   ],
   [
    1342.66796875,
    524.6947631835938,
    0.859
   ],
   [
    1215.89404296875,
    584.47607421875,
    -1.0
   ],
   [
    1483.115966796875,
    666.8319702148438,
    0.926
   ],
   [
    1208.5711669921875,
    721.4241333007812,
    0.958
   ],
   [
    1548.1072998046875,
    728.7969970703125,
    0.589
   ],
   [
    1000.33251953125,
    813.625732421875,
    0.791
   ],
   [
    1429.613037109375,
    567.7798461914062,
    0.607
   ],
   [
    862.6390380859375,
    795.431396484375,
    0.743
   ],
   [
    1403.7523193359375,
    1013.4488525390625,
    -1.0
   ],
   [
    1228.365478515625,
    1015.3240966796875,
    -1.0
   ],
   [
    1295.194091796875,
    807.74853515625,
    -1.0
   ],
   [
    1071.0118408203125,
    810.1979370117188,
    -1.0
   ],
   [
    1146.3505859375,
    852.8164672851562,
    -1.0
   ],
   [
    949.0467529296875,
    903.1934814453125,
    -1.0
   ]
  ]
 ],
 "skeleton_percentage": [
  100
 ],
 "angle": [
  136
 ]
}