{
 "frame_index": 678,
 "skeletons": [
  [
   [
    1259.109130859375,
    475.58489990234375,
    0.957
   ],
   [
    1275.78662109375,
    439.92425537109375,
    0.953
   ],
   [
    1232.2518310546875,
    464.2001037597656,
    0.926
   ],
   [
    1330.50830078125,
    441.7978820800781,
    0.771
   ],
   [
    1217.447998046875,
    493.68743896484375,
    0.503
   ],
   [
    1436.740478515625,
    559.1508178710938,
    0.727
   ],
   [
    1211.194580078125,
    641.413330078125,
    0.891
   ],
   [
    1511.40869140625,
    639.5516357421875,
    -1.0
   ],
   [
    1169.6248779296875,
    768.4127197265625,
    -1.0
   ],
   [
    1422.49169921875,
    519.6202392578125,
    -1.0
   ],
   [
    1222.624267578125,
    654.8035278320312,
    -1.0
   ],
   [
    1463.0521240234375,
    839.9134521484375,
    -1.0
   ],
   [
    1315.955322265625,
    869.703125,
    -1.0
   ],
   [
    1412.942626953125,
    822.5806884765625,
    -1.0
   ],
   [
    1237.813720703125,
    861.1365966796875,
    -1.0
   ],
   [
    1394.031982421875,
    854.1136474609375,
    -1.0
   ],
   [
    1242.6546630859375,
    902.6372680664062,
    -1.0
   ]
  ]
 ],
 "skeleton_percentage": [
  100
 ],
 "angle": [
  90
 ]
}