{
 "frame_index": 679,
 "skeletons": [
  [
   [
    1254.478271484375,
    448.0643005371094,
    0.975
   ],
   [
    1267.70458984375,
    413.3799133300781,
    0.979
   ],
   [
    1224.699951171875,
    439.64495849609375,
    0.952
   ],
   [
    1318.2701416015625,
    418.13043212890625,
    0.887
   ],
   [
    1213.984375,
    477.4501647949219,
    0.583
   ],
   [
    1446.448974609375,
    524.859130859375,
    0.846
   ],
   [
    1215.9888916015625,
    627.0673217773438,
    0.907
   ],
   [
    1536.667724609375,
    591.924560546875,
    -1.0
   ],
   [
    1175.8336181640625,
    758.838134765625,
    -1.0
   ],
   [
    1456.088134765625,
    511.8150634765625,
    -1.0
   ],
   [
    1143.1259765625,
    721.4102172851562,
    -1.0
   ],
   [
    1488.5140380859375,
    824.2681274414062,
    -1.0
   ],
   [
    1336.204345703125,
    862.6605834960938,
    -1.0
   ],
   [
    1476.6494140625,
    828.6710815429688,
    -1.0
   ],
   [
    1248.514404296875,
    876.1404418945312,
    -1.0
   ],
   [
    1436.0721435546875,
    866.8173828125,
    -1.0
   ],
   [
    1210.1951904296875,
    924.322998046875,
    -1.0
   ]
  ]
 ],
 "skeleton_percentage": [
  100
 ],
 "angle": [
  86
 ]
}