{
 "frame_index": 680,
 "skeletons": [
  [
   [
    1223.829833984375,
    425.0177307128906,
    0.973
   ],
   [
    1239.93603515625,
    389.9776611328125,
    0.977
   ],
   [
    1200.099609375,
    412.8175048828125,
    0.934
   ],
   [
    1297.00537109375,
    394.48065185546875,
    0.924
   ],
   [
    1204.145263671875,
    444.51068115234375,
    0.547
   ],
   [
    1447.0174560546875,
    507.9505920410156,
    0.902
   ],
   [
    1210.8935546875,
    608.7559814453125,
    0.947
   ],
   [
    1549.360107421875,
    627.4849243164062,
    -1.0
   ],
   [
    1184.3531494140625,
    783.0540161132812,
    0.53
   ],
   [
    1498.7841796875,
    645.9580078125,
    -1.0
   ],
   [
    1135.8504638671875,
    761.9778442382812,
    -1.0
   ],
   [
    1520.68017578125,
    835.0427856445312,
    -1.0
   ],
   [
    1361.54736328125,
    872.6380004882812,
    -1.0
   ],
   [
    1515.262451171875,
    856.8594970703125,
    -1.0
   ],
   [
    1267.8253173828125,
    907.5418701171875,
    -1.0
   ],
   [
    1488.902099609375,
    907.69140625,
    -1.0
   ],
   [
    1252.0115966796875,
    954.7008056640625,
    -1.0
   ]
  ]
 ],
 "skeleton_percentage": [
  100
 ],
 "angle": [
  85
 ]
}