{
 "frame_index": 681,
 "skeletons": [
  [
   [
    1225.798828125,
    424.64459228515625,
    0.973
   ],
   [
    1241.6552734375,
    389.7266845703125,
    0.977
   ],
   [
    1201.239501953125,
    412.84222412109375,
    0.937
   ],
   [
    1297.6343994140625,
    394.8822021484375,
    0.921
   ],
   [
    1203.9132080078125,
    445.88653564453125,
    0.559
   ],
   [
    1445.586669921875,
    507.61407470703125,
    0.902
   ],
   [
    1210.8919677734375,
    609.33251953125,
    0.948
   ],
   [
    1547.7908935546875,
    622.9840087890625,
    -1.0
   ],
   [
    1183.7362060546875,
    781.5120849609375,
    0.536
   ],
   [
    1500.19482421875,
    633.9871826171875,
    -1.0
   ],
   [
    1132.80859375,
    761.237060546875,
    -1.0
   ],
   [
    1519.2879638671875,
    834.0845947265625,
    -1.0
   ],
   [
    1361.138671875,
    872.5792236328125,
    -1.0
   ],
   [
    1518.859619140625,
    860.6605224609375,
    -1.0
   ],
   [
    1272.09033203125,
    912.0238037109375,
    -1.0
   ],
   [
    1492.7890625,
    911.56494140625,
    -1.0
   ],
   [
    1254.48828125,
    960.7604370117188,
    -1.0
   ]
  ]
 ],
 "skeleton_percentage": [
  100
 ],
 "angle": [
  85
 ]
}