{
 "frame_index": 682,
 "skeletons": [
  [
   [
    1243.786865234375,
    405.3591613769531,
    0.981
   ],
   [
    1257.64404296875,
    369.43603515625,
    0.981
   ],
   [
    1211.2509765625,
    397.21014404296875,
    0.96
   ],
   [
    1305.471923828125,
    373.9926452636719,
    0.893
   ],
   [
    1195.2811279296875,
    435.690673828125,
    0.636
   ],
   [
    1437.44873046875,
    491.9136962890625,
    0.899
   ],
   [
    1199.3663330078125,
    587.1220092773438,
    0.945
   ],
   [
    1559.13037109375,
    589.8680419921875,
    -1.0
   ],
   [
    1179.29931640625,
    736.7213745117188,
    0.504
   ],
   [
    1510.215576171875,
    522.6380004882812,
    -1.0
   ],
   [
    1126.544189453125,
    707.1630859375,
    -1.0
   ],
   [
    1487.91357421875,
    800.2454223632812,
    -1.0
   ],
   [
    1340.1392822265625,
    837.628662109375,
    -1.0
   ],
   [
    1471.4068603515625,
    840.1080322265625,
    -1.0
   ],
   [
    1288.834228515625,
    885.8607177734375,
    -1.0
   ],
   [
    1449.033447265625,
    887.9756469726562,
    -1.0
   ],
   [
    1313.9490966796875,
    948.9636840820312,
    -1.0
   ]
  ]
 ],
 "skeleton_percentage": [
  100
 ],
 "angle": [
  85
 ]
}