{
 "frame_index": 683,
 "skeletons": [
  [
   [
    1242.616455078125,
    405.74505615234375,
    0.981
   ],
   [
    1256.7740478515625,
    369.85205078125,
    0.981
   ],
   [
    1210.514404296875,
    397.3532409667969,
    0.959
   ],
   [
    1305.1119384765625,
    374.56072998046875,
    0.894
   ],
   [
    1195.0360107421875,
    435.43072509765625,
    0.625
   ],
   [
    1438.6043701171875,
    492.1603088378906,
    0.897
   ],
   [
    1199.3548583984375,
    587.238525390625,
    0.944
   ],
   [
    1560.0985107421875,
    590.4480590820312,
    -1.0
   ],
   [
    1179.0218505859375,
    737.2593383789062,
    0.503
   ],
   [
    1507.7218017578125,
    519.4675903320312,
    -1.0
   ],
   [
    1122.3681640625,
    705.0208740234375,
    -1.0
   ],
   [
    1491.6517333984375,
    799.466552734375,
    -1.0
   ],
   [
    1342.974609375,
    836.5248413085938,
    -1.0
   ],
   [
    1472.5855712890625,
    835.1643676757812,
    -1.0
   ],
   [
    1287.89111328125,
    880.0545043945312,
    -1.0
   ],
   [
    1451.068603515625,
    883.9345092773438,
    -1.0
   ],
   [
    1314.5478515625,
    942.99365234375,
    -1.0
   ]
  ]
 ],
 "skeleton_percentage": [
  100
 ],
 "angle": [
  85
 ]
}