{
 "frame_index": 684,
 "skeletons": [
  [
   [
    1224.211181640625,
    389.6800231933594,
    0.979
   ],
   [
    1238.378662109375,
    354.37994384765625,
    0.981
   ],
   [
    1198.515869140625,
    381.90765380859375,
    0.945
   ],
   [
    1292.1654052734375,
    360.78790283203125,
    0.913
   ],
   [
    1197.1971435546875,
    420.7506103515625,
    0.507
   ],
   [
    1433.6180419921875,
    472.3122253417969,
    0.913
   ],
   [
    1201.1539306640625,
    582.2552490234375,
    0.94
   ],
   [
    1549.3905029296875,
    582.309326171875,
    -1.0
   ],
   [
    1172.08544921875,
    760.2930908203125,
    0.509
   ],
   [
    1518.7431640625,
    546.7373657226562,
    -1.0
   ],
   [
    1114.2166748046875,
    748.9432983398438,
    -1.0
   ],
   [
    1502.9072265625,
    805.4029541015625,
    -1.0
   ],
   [
    1348.6971435546875,
    848.083251953125,
    -1.0
   ],
   [
    1503.2281494140625,
    839.6490478515625,
    -1.0
   ],
   [
    1260.3756103515625,
    892.767333984375,
    -1.0
   ],
   [
    1500.689697265625,
    886.4328002929688,
    -1.0
   ],
   [
    1252.3114013671875,
    944.7042846679688,
    -1.0
   ]
  ]
 ],
 "skeleton_percentage": [
  100
 ],
 "angle": [
  83
 ]
}