{
 "frame_index": 685,
 "skeletons": [
  [
   [
    1216.2752685546875,
    372.77325439453125,
    0.976
   ],
   [
    1232.169921875,
    337.63470458984375,
    0.977
   ],
   [
    1190.6622314453125,
    366.6394958496094,
    0.931
   ],
   [
    1290.2294921875,
    347.64794921875,
    0.911
   ],
   [
    1190.062744140625,
    407.784912109375,
    -1.0
   ],
   [
    1437.6253662109375,
    469.22259521484375,
    0.926
   ],
   [
    1192.560791015625,
    565.408935546875,
    0.944
   ],
   [
    1565.1419677734375,
    594.76953125,
    -1.0
   ],
   [
    1186.0262451171875,
    738.6605224609375,
    0.502
   ],
   [
    1515.4788818359375,
    549.4341430664062,
    -1.0
   ],
   [
    1165.5535888671875,
    695.8408203125,
    -1.0
   ],
   [
    1488.575439453125,
    809.4571533203125,
    -1.0
   ],
   [
    1331.96533203125,
    845.8906860351562,
    -1.0
   ],
   [
    1484.0968017578125,
    813.5994873046875,
    -1.0
   ],
   [
    1276.8370361328125,
    861.1657104492188,
    -1.0
   ],
   [
    1479.626708984375,
    870.8162841796875,
    -1.0
   ],
   [
    1305.30419921875,
    928.472412109375,
    -1.0
   ]
  ]
 ],
 "skeleton_percentage": [
  100
 ],
 "angle": [
  83
 ]
}