{
 "frame_index": 686,
 "skeletons": [
  [
   [
    1218.2919921875,
    356.298095703125,
    0.981
   ],
   [
    1232.101806640625,
    320.6938781738281,
    0.98
   ],
   [
    1187.3009033203125,
    348.58135986328125,
    0.955
   ],
   [
    1281.1805419921875,
    331.6280822753906,
    0.892
   ],
   [
    1176.511474609375,
    392.8851318359375,
    0.604
   ],
   [
    1426.396240234375,
    457.2430419921875,
    0.895
   ],
   [
    1187.178466796875,
    559.760009765625,
    0.952
   ],
   [
    1570.247802734375,
    575.110595703125,
    -1.0
   ],
   [
    1187.018798828125,
    735.7840576171875,
    0.546
   ],
   [
    1519.948486328125,
    540.0177612304688,
    -1.0
   ],
   [
    1139.1575927734375,
    717.7613525390625,
    -1.0
   ],
   [
    1496.871337890625,
    800.57958984375,
    -1.0
   ],
   [
    1344.615966796875,
    839.9976196289062,
    -1.0
   ],
   [
    1490.313720703125,
    838.8242797851562,
    -1.0
   ],
   [
    1281.9700927734375,
    884.9388427734375,
    -1.0
   ],
   [
    1481.8221435546875,
    889.2039794921875,
    -1.0
   ],
   [
    1303.8453369140625,
    940.58349609375,
    -1.0
   ]
  ]
 ],
 "skeleton_percentage": [
  100
 ],
 "angle": [
  81
 ]
}