{
 "frame_index": 687,
 "skeletons": [
  [
   [
    1217.9136962890625,
    354.6037902832031,
    0.981
   ],
   [
    1232.051025390625,
    319.5915222167969,
    0.98
   ],
   [
    1187.2021484375,
    346.8101806640625,
    0.955
   ],
   [
    1280.988037109375,
    331.4166259765625,
    0.891
   ],
   [
    1176.25830078125,
    391.27972412109375,
    0.601
   ],
   [
    1424.281494140625,
    456.09735107421875,
    0.895
   ],
   [
    1187.2857666015625,
    558.4781494140625,
    0.952
   ],
   [
    1568.7996826171875,
    571.0469970703125,
    -1.0
   ],
   [
    1188.169677734375,
    734.0313720703125,
    0.554
   ],
   [
    1518.10595703125,
    534.0663452148438,
    -1.0
   ],
   [
    1136.874755859375,
    716.8661499023438,
    -1.0
   ],
   [
    1493.88525390625,
    800.1300048828125,
    -1.0
   ],
   [
    1342.50830078125,
    839.1474609375,
    -1.0
   ],
   [
    1486.864990234375,
    841.06884765625,
    -1.0
   ],
   [
    1277.263671875,
    886.052734375,
    -1.0
   ],
   [
    1479.970947265625,
    890.5885009765625,
    -1.0
   ],
   [
    1297.326416015625,
    939.2259521484375,
    -1.0
   ]
  ]
 ],
 "skeleton_percentage": [
  100
 ],
 "angle": [
  81
 ]
}