{
 "frame_index": 688,
 "skeletons": [
  [
   [
    1201.835205078125,
    333.36956787109375,
    0.977
   ],
   [
    1213.816162109375,
    305.8388366699219,
    0.97
   ],
   [
    1176.697509765625,
    327.5073547363281,
    0.923
   ],
   [
    1259.86328125,
    328.0091552734375,
    0.877
   ],
   [
    1167.391845703125,
    380.2744445800781,
    -1.0
   ],
   [
    1393.8966064453125,
    439.89422607421875,
    0.942
   ],
   [
    1173.491455078125,
    552.4910888671875,
    0.956
   ],
   [
    1505.317626953125,
    516.3641357421875,
    0.672
   ],
   [
    1166.72998046875,
    729.060546875,
    0.694
   ],
   [
    1410.2127685546875,
    413.45379638671875,
    0.58
   ],
   [
    1143.5013427734375,
    719.57177734375,
    0.548
   ],
   [
    1493.74755859375,
    755.31201171875,
    -1.0
   ],
   [
    1345.6307373046875,
    799.4203491210938,
    -1.0
   ],
   [
    1494.5400390625,
    761.2998046875,
    -1.0
   ],
   [
    1289.0933837890625,
    802.5140380859375,
    -1.0
   ],
   [
    1509.7830810546875,
    778.8109130859375,
    -1.0
   ],
   [
    1325.654541015625,
    811.5822143554688,
    -1.0
   ]
  ]
 ],
 "skeleton_percentage": [
  100
 ],
 "angle": [
  79
 ]
}