{
 "frame_index": 689,
 "skeletons": [
  [
   [
    1190.065185546875,
    324.21026611328125,
    0.982
   ],
   [
    1204.0186767578125,
    297.31475830078125,
    0.978
   ],
   [
    1165.809326171875,
    315.72125244140625,
    0.938
   ],
   [
    1250.2330322265625,
    318.94903564453125,
    0.895
   ],
   [
    1153.8563232421875,
    363.77642822265625,
    -1.0
   ],
   [
    1376.77978515625,
    429.5453796386719,
    0.956
   ],
   [
    1161.93359375,
    537.0983276367188,
    0.966
   ],
   [
    1481.006591796875,
    515.3492431640625,
    0.719
   ],
   [
    1162.4937744140625,
    721.0025024414062,
    0.726
   ],
   [
    1396.7738037109375,
    416.6174011230469,
    0.636
   ],
   [
    1141.0294189453125,
    695.2407836914062,
    0.595
   ],
   [
    1490.251953125,
    723.60400390625,
    -1.0
   ],
   [
    1345.048095703125,
    765.4765625,
    -1.0
   ],
   [
    1467.8397216796875,
    689.82373046875,
    -1.0
   ],
   [
    1261.9578857421875,
    728.400146484375,
    -1.0
   ],
   [
    1499.3323974609375,
    699.6705322265625,
    -1.0
   ],
   [
    1319.90966796875,
    722.88623046875,
    -1.0
   ]
  ]
 ],
 "skeleton_percentage": [
  100
 ],
 "angle": [
  78
 ]
}