{
 "frame_index": 690,
 "skeletons": [
  [
   [
    1190.158935546875,
    324.591064453125,
    0.982
   ],
   [
    1204.039794921875,
    297.88232421875,
    0.978
   ],
   [
    1166.0865478515625,
    315.96307373046875,
    0.938
   ],
   [
    1249.8607177734375,
    319.13385009765625,
    0.894
   ],
   [
    1153.8167724609375,
    363.3208923339844,
    -1.0
   ],
   [
    1375.298828125,
    428.0820007324219,
    0.955
   ],
   [
    1162.4697265625,
    535.4642333984375,
    0.966
   ],
   [
    1480.4840087890625,
    512.9928588867188,
    0.709
   ],
   [
    1163.36083984375,
    717.6690673828125,
    0.723
   ],
   [
    1394.7894287109375,
    420.911376953125,
    0.621
   ],
   [
    1139.166015625,
    694.4622192382812,
    0.586
   ],
   [
    1489.39306640625,
    718.2672119140625,
    -1.0
   ],
   [
    1344.978759765625,
    759.78955078125,
    -1.0
   ],
   [
    1465.925537109375,
    672.2530517578125,
    -1.0
   ],
   [
    1256.337646484375,
    710.1973876953125,
    -1.0
   ],
   [
    1501.4417724609375,
    681.809814453125,
    -1.0
   ],
   [
    1315.4521484375,
    702.8054809570312,
    -1.0
   ]
  ]
 ],
 "skeleton_percentage": [
  100
 ],
 "angle": [
  78
 ]
}