{
 "frame_index": 691,
 "skeletons": [
  [
   [
    1186.056884765625,
    322.7772521972656,
    0.979
   ],
   [
    1197.8406982421875,
    291.39935302734375,
    0.976
   ],
   [
    1157.421630859375,
    316.0966796875,
    0.925
   ],
   [
    1245.675048828125,
    306.0788269042969,
    0.892
   ],
   [
    1142.859619140625,
    363.85626220703125,
    -1.0
   ],
   [
    1380.994384765625,
    413.9039611816406,
    0.947
   ],
   [
    1153.36279296875,
    527.2721557617188,
    0.955
   ],
   [
    1482.0933837890625,
    497.91412353515625,
    0.694
   ],
   [
    1141.52734375,
    695.8450927734375,
    0.666
   ],
   [
    1341.1588134765625,
    416.7086181640625,
    0.614
   ],
   [
    1146.9853515625,
    687.8720703125,
    0.545
   ],
   [
    1485.727294921875,
    714.1356201171875,
    -1.0
   ],
   [
    1333.075439453125,
    760.2147216796875,
    -1.0
   ],
   [
    1486.392822265625,
    690.8552856445312,
    -1.0
   ],
   [
    1274.6485595703125,
    735.406982421875,
    -1.0
   ],
   [
    1505.472412109375,
    734.0084228515625,
    -1.0
   ],
   [
    1307.601806640625,
    772.1607055664062,
    -1.0
   ]
  ]
 ],
 "skeleton_percentage": [
  100
 ],
 "angle": [
  77
 ]
}