{
 "frame_index": 692,
 "skeletons": [
  [
   [
    1173.720703125,
    311.8355712890625,
    0.982
   ],
   [
    1187.6038818359375,
    279.4298095703125,
    0.982
   ],
   [
    1144.9344482421875,
    303.73956298828125,
    0.937
   ],
   [
    1237.205810546875,
    295.7353515625,
    0.917
   ],
   [
    1133.728271484375,
    352.79559326171875,
    -1.0
   ],
   [
    1377.4404296875,
    404.6576843261719,
    0.953
   ],
   [
    1149.003662109375,
    515.740966796875,
    0.962
   ],
   [
    1452.64599609375,
    547.1093139648438,
    0.647
   ],
   [
    1158.0927734375,
    720.4365844726562,
    0.652
   ],
   [
    1317.0166015625,
    501.30181884765625,
    0.51
   ],
   [
    1173.107666015625,
    694.8245849609375,
    -1.0
   ],
   [
    1499.6026611328125,
    730.8722534179688,
    -1.0
   ],
   [
    1345.164794921875,
    774.8208618164062,
    -1.0
   ],
   [
    1465.46630859375,
    649.6686401367188,
    -1.0
   ],
   [
    1242.844970703125,
    696.274169921875,
    -1.0
   ],
   [
    1466.0052490234375,
    703.1314086914062,
    -1.0
   ],
   [
    1280.0111083984375,
    741.2113037109375,
    -1.0
   ]
  ]
 ],
 "skeleton_percentage": [
  100
 ],
 "angle": [
  77
 ]
}