{
 "frame_index": 693,
 "skeletons": [
  [
   [
    1173.568115234375,
    311.94158935546875,
    0.982
   ],
   [
    1187.2998046875,
    279.4641418457031,
    0.982
   ],
   [
    1144.9150390625,
    303.9231262207031,
    0.933
   ],
   [
    1236.9090576171875,
    295.625244140625,
    0.918
   ],
   [
    1133.778564453125,
    353.2559814453125,
    -1.0
   ],
   [
    1376.81787109375,
    403.2880554199219,
    0.956
   ],
   [
    1149.41552734375,
    516.5704956054688,
    0.961
   ],
   [
    1446.200439453125,
    542.3076171875,
    0.677
   ],
   [
    1157.8870849609375,
    721.813720703125,
    0.649
   ],
   [
    1295.9742431640625,
    478.976806640625,
    0.553
   ],
   [
    1172.314208984375,
    685.9481811523438,
    -1.0
   ],
   [
    1500.5372314453125,
    729.211669921875,
    -1.0
   ],
   [
    1346.5782470703125,
    773.7387084960938,
    -1.0
   ],
   [
    1462.0616455078125,
    638.0480346679688,
    -1.0
   ],
   [
    1242.012939453125,
    684.4825439453125,
    -1.0
   ],
   [
    1462.4202880859375,
    693.2195434570312,
    -1.0
   ],
   [
    1280.982177734375,
    730.34765625,
    -1.0
   ]
  ]
 ],
 "skeleton_percentage": [
  100
 ],
 "angle": [
  77
 ]
}