{
 "frame_index": 694,
 "skeletons": [
  [
   [
    1168.753662109375,
    307.25469970703125,
    0.984
   ],
   [
    1180.1451416015625,
    274.2366027832031,
    0.981
   ],
   [
    1137.592529296875,
    298.5396423339844,
    0.948
   ],
   [
    1224.2159423828125,
    285.50177001953125,
    0.909
   ],
   [
    1124.21875,
    341.537109375,
    0.609
   ],
   [
    1358.86767578125,
    400.15399169921875,
    0.971
   ],
   [
    1137.9921875,
    504.224853515625,
    0.975
   ],
   [
    1493.549560546875,
    542.134521484375,
    0.79
   ],
   [
    1147.84619140625,
    699.1096801757812,
    0.775
   ],
   [
    1490.390625,
    662.3436279296875,
    0.614
   ],
   [
    1172.2042236328125,
    710.4204711914062,
    0.597
   ],
   [
    1458.8673095703125,
    739.0826416015625,
    0.51
   ],
   [
    1310.609130859375,
    784.71484375,
    0.522
   ],
   [
    1494.400390625,
    730.7548217773438,
    -1.0
   ],
   [
    1266.36767578125,
    792.3607177734375,
    -1.0
   ],
   [
    1500.9542236328125,
    758.0597534179688,
    -1.0
   ],
   [
    1270.1328125,
    812.8441162109375,
    -1.0
   ]
  ]
 ],
 "skeleton_percentage": [
  100
 ],
 "angle": [
  76
 ]
}