{
 "frame_index": 695,
 "skeletons": [
  [
   [
    1169.08740234375,
    307.2528076171875,
    0.984
   ],
   [
    1180.3331298828125,
    274.212158203125,
    0.981
   ],
   [
    1137.7816162109375,
    298.55059814453125,
    0.949
   ],
   [
    1224.0540771484375,
    285.3536682128906,
    0.908
   ],
   [
    1124.066162109375,
    341.5481872558594,
    0.614
   ],
   [
    1358.274169921875,
    399.98895263671875,
    0.971
   ],
   [
    1137.921875,
    504.2769470214844,
    0.975
   ],
   [
    1492.858642578125,
    541.4061889648438,
    0.792
   ],
   [
    1148.093994140625,
    698.661376953125,
    0.78
   ],
   [
    1490.760986328125,
    662.20458984375,
    0.619
   ],
   [
    1172.7034912109375,
    709.4328002929688,
    0.605
   ],
   [
    1459.0966796875,
    738.7142944335938,
    0.519
   ],
   [
    1311.27587890625,
    784.6239624023438,
    0.532
   ],
   [
    1495.0020751953125,
    734.368896484375,
    -1.0
   ],
   [
    1268.3499755859375,
    796.46630859375,
    -1.0
   ],
   [
    1502.273681640625,
    762.6209106445312,
    -1.0
   ],
   [
    1273.1109619140625,
    817.9730224609375,
    -1.0
   ]
  ]
 ],
 "skeleton_percentage": [
  100
 ],
 "angle": [
  76
 ]
}