{
 "frame_index": 696,
 "skeletons": [
  [
   [
    1145.42236328125,
    299.39581298828125,
    0.983
   ],
   [
    1156.238037109375,
    267.09283447265625,
    0.978
   ],
   [
    1112.641357421875,
    291.40509033203125,
    0.936
   ],
   [
    1199.1158447265625,
    280.7274475097656,
    0.895
   ],
   [
    1096.363037109375,
    338.6068115234375,
    0.52
   ],
   [
    1319.669921875,
    387.28424072265625,
    0.977
   ],
   [
    1121.76513671875,
    493.20465087890625,
    0.975
   ],
   [
    1477.244140625,
    502.4095458984375,
    0.865
   ],
   [
    1115.0660400390625,
    678.354736328125,
    0.806
   ],
   [
    1480.74072265625,
    509.6220703125,
    0.784
   ],
   [
    1104.501220703125,
    670.082763671875,
    0.697
   ],
   [
    1418.16162109375,
    704.1522216796875,
    0.626
   ],
   [
    1285.081787109375,
    749.810546875,
    0.603
   ],
   [
    1445.583740234375,
    604.1917114257812,
    -1.0
   ],
   [
    1227.989013671875,
    656.7940673828125,
    -1.0
   ],
   [
    1489.65478515625,
    619.5166625976562,
    -1.0
   ],
   [
    1240.8236083984375,
    670.2167358398438,
    -1.0
   ]
  ]
 ],
 "skeleton_percentage": [
  100
 ],
 "angle": [
  76
 ]
}