{
 "frame_index": 697,
 "skeletons": [
  [
   [
    1132.66943359375,
    297.9563293457031,
    0.985
   ],
   [
    1144.6470947265625,
    264.7498779296875,
    0.982
   ],
   [
    1100.6849365234375,
    291.8059387207031,
    0.935
   ],
   [
    1193.7470703125,
    278.87603759765625,
    0.918
   ],
   [
    1091.6990966796875,
    341.22357177734375,
    -1.0
   ],
   [
    1316.7545166015625,
    385.6904296875,
    0.983
   ],
   [
    1122.3837890625,
    486.7415771484375,
    0.978
   ],
   [
    1466.0357666015625,
    496.56256103515625,
    0.909
   ],
   [
    1120.1788330078125,
    663.0337524414062,
    0.845
   ],
   [
    1476.127685546875,
    459.6973876953125,
    0.862
   ],
   [
    1114.3016357421875,
    655.4189453125,
    0.767
   ],
   [
    1404.62109375,
    703.8682250976562,
    0.736
   ],
   [
    1272.6807861328125,
    747.71630859375,
    0.702
   ],
   [
    1446.50732421875,
    631.7001953125,
    -1.0
   ],
   [
    1229.0540771484375,
    682.7869262695312,
    -1.0
   ],
   [
    1489.591064453125,
    651.9954223632812,
    -1.0
   ],
   [
    1235.768798828125,
    715.7969970703125,
    -1.0
   ]
  ]
 ],
 "skeleton_percentage": [
  100
 ],
 "angle": [
  75
 ]
}