{
 "frame_index": 698,
 "skeletons": [
  [
   [
    1131.232666015625,
    298.402587890625,
    0.99
   ],
   [
    1140.189208984375,
    262.56719970703125,
    0.982
   ],
   [
    1098.1478271484375,
    294.7272033691406,
    0.959
   ],
   [
    1187.322509765625,
    269.0469055175781,
    0.897
   ],
   [
    1085.81640625,
    343.08612060546875,
    0.599
   ],
   [
    1313.509521484375,
    375.362548828125,
    0.983
   ],
   [
    1116.5052490234375,
    489.8193359375,
    0.991
   ],
   [
    1450.6654052734375,
    490.3778076171875,
    0.898
   ],
   [
    1130.0771484375,
    681.371826171875,
    0.936
   ],
   [
    1460.6578369140625,
    453.9383239746094,
    0.862
   ],
   [
    1104.680908203125,
    715.8214111328125,
    0.875
   ],
   [
    1430.97021484375,
    673.5090942382812,
    0.807
   ],
   [
    1300.168701171875,
    723.0005493164062,
    0.85
   ],
   [
    1437.2406005859375,
    683.7251586914062,
    -1.0
   ],
   [
    1232.53759765625,
    741.85546875,
    -1.0
   ],
   [
    1483.98974609375,
    707.0435791015625,
    -1.0
   ],
   [
    1281.64501953125,
    782.080078125,
    -1.0
   ]
  ]
 ],
 "skeleton_percentage": [
  100
 ],
 "angle": [
  75
 ]
}