{
 "frame_index": 699,
 "skeletons": [
  [
   [
    1131.4405517578125,
    298.3011474609375,
    0.99
   ],
   [
    1140.2926025390625,
    262.5374755859375,
    0.982
   ],
   [
    1098.2529296875,
    294.5914001464844,
    0.959
   ],
   [
    1187.088623046875,
    269.1242980957031,
    0.896
   ],
   [
    1085.6864013671875,
    343.0079345703125,
    0.601
   ],
   [
    1312.763916015625,
    375.29254150390625,
    0.983
   ],
   [
    1116.753173828125,
    489.2974853515625,
    0.991
   ],
   [
    1449.7564697265625,
    491.623291015625,
    0.898
   ],
   [
    1130.5546875,
    682.1397705078125,
    0.937
   ],
   [
    1459.676025390625,
    452.5207214355469,
    0.863
   ],
   [
    1108.478515625,
    713.8433227539062,
    0.878
   ],
   [
    1430.8385009765625,
    671.6422119140625,
    0.808
   ],
   [
    1300.784423828125,
    721.012939453125,
    0.851
   ],
   [
    1436.28759765625,
    679.248291015625,
    -1.0
   ],
   [
    1232.99462890625,
    737.0501708984375,
    -1.0
   ],
   [
    1482.627197265625,
    703.1683349609375,
    -1.0
   ],
   [
    1281.222412109375,
    777.8626708984375,
    -1.0
   ]
  ]
 ],
 "skeleton_percentage": [
  100
 ],
 "angle": [
  75
 ]
}