{
 "frame_index": 700,
 "skeletons": [
  [
   [
    1126.60205078125,
    301.3310852050781,
    0.979
   ],
   [
    1135.198974609375,
    265.6665344238281,
    0.974
   ],
   [
    1092.33935546875,
    293.010009765625,
    0.913
   ],
   [
    1178.300048828125,
    271.7853698730469,
    0.903
   ],
   [
    1077.9617919921875,
    336.0426025390625,
    -1.0
   ],
   [
    1311.7564697265625,
    377.3797302246094,
    0.984
   ],
   [
    1114.2080078125,
    474.53924560546875,
    0.98
   ],
   [
    1454.8634033203125,
    497.33331298828125,
    0.909
   ],
   [
    1117.1517333984375,
    655.3255615234375,
    0.859
   ],
   [
    1476.770751953125,
    466.0145263671875,
    0.851
   ],
   [
    1135.7052001953125,
    650.1094360351562,
    0.773
   ],
   [
    1415.738037109375,
    679.5100708007812,
    0.855
   ],
   [
    1282.3006591796875,
    721.8607788085938,
    0.84
   ],
   [
    1419.628662109375,
    671.9902954101562,
    -1.0
   ],
   [
    1206.8350830078125,
    724.0993041992188,
    -1.0
   ],
   [
    1446.1783447265625,
    722.0034790039062,
    -1.0
   ],
   [
    1205.71337890625,
    793.9414672851562,
    -1.0
   ]
  ]
 ],
 "skeleton_percentage": [
  100
 ],
 "angle": [
  83
 ]
}