{
 "frame_index": 701,
 "skeletons": [
  [
   [
    1112.64453125,
    292.2918701171875,
    0.982
   ],
   [
    1124.1627197265625,
    259.19757080078125,
    0.969
   ],
   [
    1083.5087890625,
    288.34429931640625,
    0.926
   ],
   [
    1174.6826171875,
    266.71282958984375,
    0.87
   ],
   [
    1072.715087890625,
    333.17828369140625,
    0.515
   ],
   [
    1295.5283203125,
    355.2435607910156,
    0.981
   ],
   [
    1107.30078125,
    487.3435363769531,
    0.988
   ],
   [
    1447.851318359375,
    433.05120849609375,
    0.915
   ],
   [
    1141.522705078125,
    671.4627685546875,
    0.936
   ],
   [
    1464.2103271484375,
    502.044677734375,
    0.877
   ],
   [
    1129.9373779296875,
    704.4951782226562,
    0.885
   ],
   [
    1422.702880859375,
    630.8447265625,
    0.9
   ],
   [
    1296.8995361328125,
    686.9610595703125,
    0.92
   ],
   [
    1431.3072509765625,
    719.6148681640625,
    -1.0
   ],
   [
    1256.4638671875,
    791.9725341796875,
    -1.0
   ],
   [
    1478.177978515625,
    754.4080810546875,
    -1.0
   ],
   [
    1313.139404296875,
    815.7916259765625,
    -1.0
   ]
  ]
 ],
 "skeleton_percentage": [
  100
 ],
 "angle": [
  82
 ]
}