{
 "frame_index": 702,
 "skeletons": [
  [
   [
    1112.7984619140625,
    291.5469970703125,
    0.983
   ],
   [
    1124.7471923828125,
    258.3497009277344,
    0.97
   ],
   [
    1083.291015625,
    287.55047607421875,
    0.928
   ],
   [
    1175.6500244140625,
    266.2090759277344,
    0.874
   ],
   [
    1072.3563232421875,
    332.8547058105469,
    0.514
   ],
   [
    1296.272705078125,
    356.32342529296875,
    0.981
   ],
   [
    1107.8831787109375,
    487.19970703125,
    0.988
   ],
   [
    1447.8658447265625,
    434.9808349609375,
    0.916
   ],
   [
    1142.4295654296875,
    672.0496826171875,
    0.934
   ],
   [
    1463.7584228515625,
    495.16351318359375,
    0.878
   ],
   [
    1125.3194580078125,
    705.3153076171875,
    0.881
   ],
   [
    1419.619873046875,
    637.2470703125,
    0.898
   ],
   [
    1294.1015625,
    692.049560546875,
    0.917
   ],
   [
    1421.20556640625,
    735.3198852539062,
    -1.0
   ],
   [
    1248.9144287109375,
    805.7227783203125,
    -1.0
   ],
   [
    1463.942138671875,
    766.8063354492188,
    -1.0
   ],
   [
    1303.237060546875,
    827.970458984375,
    -1.0
   ]
  ]
 ],
 "skeleton_percentage": [
  100
 ],
 "angle": [
  81
 ]
}