{
 "frame_index": 703,
 "skeletons": [
  [
   [
    1114.2999267578125,
    285.9625244140625,
    0.983
   ],
   [
    1120.7529296875,
    253.32376098632812,
    0.974
   ],
   [
    1083.327880859375,
    283.9084167480469,
    0.937
   ],
   [
    1163.9481201171875,
    263.4681396484375,
    0.86
   ],
   [
    1071.5535888671875,
    334.63677978515625,
    0.555
   ],
   [
    1285.160400390625,
    341.2395935058594,
    0.976
   ],
   [
    1119.759765625,
    470.27642822265625,
    0.987
   ],
   [
    1420.900634765625,
    437.39617919921875,
    0.854
   ],
   [
    1156.0538330078125,
    659.321533203125,
    0.906
   ],
   [
    1467.04150390625,
    477.08172607421875,
    0.807
   ],
   [
    1133.658935546875,
    668.0086669921875,
    0.834
   ],
   [
    1423.81591796875,
    559.6876220703125,
    0.855
   ],
   [
    1315.5728759765625,
    613.3724365234375,
    0.889
   ],
   [
    1374.3677978515625,
    433.81256103515625,
    0.633
   ],
   [
    1185.890869140625,
    507.4043884277344,
    0.695
   ],
   [
    1413.973388671875,
    528.2142944335938,
    -1.0
   ],
   [
    1234.25830078125,
    599.5577392578125,
    0.54
   ]
  ]
 ],
 "skeleton_percentage": [
  100
 ],
 "angle": [
  74
 ]
}