{
 "frame_index": 704,
 "skeletons": [
  [
   [
    1112.247314453125,
    286.30450439453125,
    0.982
   ],
   [
    1119.9339599609375,
    253.70187377929688,
    0.982
   ],
   [
    1081.236083984375,
    283.1988525390625,
    0.921
   ],
   [
    1166.029296875,
    261.3326110839844,
    0.915
   ],
   [
    1069.400146484375,
    329.5069885253906,
    -1.0
   ],
   [
    1291.5089111328125,
    340.4095764160156,
    0.983
   ],
   [
    1110.875,
    473.81268310546875,
    0.976
   ],
   [
    1434.25048828125,
    429.6757507324219,
    0.881
   ],
   [
    1132.0662841796875,
    662.028076171875,
    0.76
   ],
   [
    1483.140869140625,
    482.40899658203125,
    0.767
   ],
   [
    1134.3470458984375,
    681.9329223632812,
    0.603
   ],
   [
    1431.081298828125,
    562.8092041015625,
    0.852
   ],
   [
    1309.897216796875,
    621.0938720703125,
    0.814
   ],
   [
    1419.116455078125,
    455.4685363769531,
    0.635
   ],
   [
    1198.628173828125,
    532.1069946289062,
    0.574
   ],
   [
    1471.025634765625,
    538.12841796875,
    -1.0
   ],
   [
    1225.8553466796875,
    608.7924194335938,
    -1.0
   ]
  ]
 ],
 "skeleton_percentage": [
  100
 ],
 "angle": [
  74
 ]
}