{
 "frame_index": 705,
 "skeletons": [
  [
   [
    1108.7452392578125,
    281.2785339355469,
    0.986
   ],
   [
    1116.0067138671875,
    244.11273193359375,
    0.976
   ],
   [
    1076.3291015625,
    281.9585266113281,
    0.954
   ],
   [
    1167.1453857421875,
    253.82240295410156,
    0.85
   ],
   [
    1068.356689453125,
    339.50164794921875,
    0.629
   ],
   [
    1297.2288818359375,
    328.51531982421875,
    0.965
   ],
   [
    1119.205322265625,
    482.04058837890625,
    0.989
   ],
   [
    1428.880859375,
    413.581787109375,
    0.764
   ],
   [
    1161.381103515625,
    679.3995361328125,
    0.911
   ],
   [
    1461.50634765625,
    438.6993713378906,
    0.723
   ],
   [
    1150.656494140625,
    678.8243408203125,
    0.831
   ],
   [
    1444.8544921875,
    561.077880859375,
    0.764
   ],
   [
    1329.338134765625,
    624.284912109375,
    0.852
   ],
   [
    1381.087890625,
    394.24591064453125,
    0.538
   ],
   [
    1186.975830078125,
    483.0135498046875,
    0.663
   ],
   [
    1429.146240234375,
    515.7908325195312,
    -1.0
   ],
   [
    1258.984619140625,
    605.9093017578125,
    0.54
   ]
  ]
 ],
 "skeleton_percentage": [
  100
 ],
 "angle": [
  72
 ]
}