{
 "frame_index": 706,
 "skeletons": [
  [
   [
    1102.100830078125,
    279.43890380859375,
    0.985
   ],
   [
    1110.666015625,
    242.19879150390625,
    0.976
   ],
   [
    1071.01416015625,
    281.6215515136719,
    0.954
   ],
   [
    1164.9359130859375,
    247.6995849609375,
    0.847
   ],
   [
    1064.220947265625,
    334.1900634765625,
    0.643
   ],
   [
    1282.2235107421875,
    309.89837646484375,
    0.962
   ],
   [
    1127.23974609375,
    469.50518798828125,
    0.989
   ],
   [
    1423.47021484375,
    378.48895263671875,
    0.765
   ],
   [
    1164.030029296875,
    654.2490844726562,
    0.913
   ],
   [
    1470.078857421875,
    452.32025146484375,
    0.727
   ],
   [
    1181.501708984375,
    675.0213012695312,
    0.839
   ],
   [
    1465.21435546875,
    511.97296142578125,
    0.773
   ],
   [
    1369.3580322265625,
    580.5763549804688,
    0.861
   ],
   [
    1380.3387451171875,
    427.0198974609375,
    -1.0
   ],
   [
    1251.783935546875,
    521.0800170898438,
    0.625
   ],
   [
    1470.7415771484375,
    515.64404296875,
    -1.0
   ],
   [
    1366.648193359375,
    604.908935546875,
    -1.0
   ]
  ]
 ],
 "skeleton_percentage": [
  100
 ],
 "angle": [
  72
 ]
}