{
 "frame_index": 707,
 "skeletons": [
  [
   [
    1096.9700927734375,
    278.9004821777344,
    0.982
   ],
   [
    1107.614501953125,
    242.21786499023438,
    0.975
   ],
   [
    1066.13916015625,
    276.4737548828125,
    0.924
   ],
   [
    1160.118896484375,
    248.23800659179688,
    0.877
   ],
   [
    1059.0889892578125,
    323.25408935546875,
    0.518
   ],
   [
    1266.588623046875,
    318.3643798828125,
    0.966
   ],
   [
    1143.6805419921875,
    449.1292419433594,
    0.981
   ],
   [
    1348.751220703125,
    422.1968994140625,
    0.755
   ],
   [
    1199.872802734375,
    624.551513671875,
    0.837
   ],
   [
    1368.2994384765625,
    540.5623779296875,
    0.67
   ],
   [
    1226.900146484375,
    642.698974609375,
    0.738
   ],
   [
    1450.763916015625,
    528.558837890625,
    0.786
   ],
   [
    1386.98681640625,
    581.9638671875,
    0.841
   ],
   [
    1262.498779296875,
    420.1319274902344,
    0.646
   ],
   [
    1257.7906494140625,
    499.8140869140625,
    0.702
   ],
   [
    1302.0145263671875,
    550.41259765625,
    0.527
   ],
   [
    1404.68212890625,
    628.869140625,
    0.593
   ]
  ]
 ],
 "skeleton_percentage": [
  100
 ],
 "angle": [
  72
 ]
}