{
 "frame_index": 708,
 "skeletons": [
  [
   [
    1097.12353515625,
    278.6637268066406,
    0.982
   ],
   [
    1107.5535888671875,
    241.5150146484375,
    0.976
   ],
   [
    1067.1136474609375,
    276.918212890625,
    0.929
   ],
   [
    1160.208251953125,
    246.0970916748047,
    0.871
   ],
   [
    1060.292236328125,
    323.3367614746094,
    0.534
   ],
   [
    1264.701171875,
    313.2580261230469,
    0.966
   ],
   [
    1136.4091796875,
    454.42779541015625,
    0.982
   ],
   [
    1353.8671875,
    401.79962158203125,
    0.773
   ],
   [
    1183.739501953125,
    630.8988037109375,
    0.842
   ],
   [
    1379.833984375,
    507.5201110839844,
    0.703
   ],
   [
    1196.02783203125,
    648.2832641601562,
    0.753
   ],
   [
    1455.287109375,
    525.6861572265625,
    0.795
   ],
   [
    1386.169921875,
    585.6207275390625,
    0.845
   ],
   [
    1296.9716796875,
    409.48480224609375,
    0.653
   ],
   [
    1268.6484375,
    496.55059814453125,
    0.704
   ],
   [
    1366.467041015625,
    532.5518798828125,
    0.538
   ],
   [
    1433.04150390625,
    615.9922485351562,
    0.6
   ]
  ]
 ],
 "skeleton_percentage": [
  100
 ],
 "angle": [
  72
 ]
}