{
 "frame_index": 709,
 "skeletons": [
  [
   [
    1103.640625,
    286.05908203125,
    0.963
   ],
   [
    1111.6080322265625,
    249.70948791503906,
    0.968
   ],
   [
    1068.138671875,
    276.5157165527344,
    0.819
   ],
   [
    1151.9990234375,
    245.93551635742188,
    0.918
   ],
   [
    1055.9915771484375,
    306.28692626953125,
    -1.0
   ],
   [
    1224.4520263671875,
    338.135498046875,
    0.974
   ],
   [
    1204.123046875,
    396.039306640625,
    0.953
   ],
   [
    1273.72412109375,
    491.509521484375,
    0.778
   ],
   [
    1351.7474365234375,
    534.9129638671875,
    0.623
   ],
   [
    1271.2947998046875,
    602.4832763671875,
    0.614
   ],
   [
    1450.1064453125,
    583.0731201171875,
    -1.0
   ],
   [
    1436.64501953125,
    553.94189453125,
    0.809
   ],
   [
    1442.021240234375,
    578.2376708984375,
    0.787
   ],
   [
    1230.123046875,
    478.8706970214844,
    0.715
   ],
   [
    1378.1695556640625,
    513.0245971679688,
    0.675
   ],
   [
    1268.6192626953125,
    558.9039306640625,
    0.6
   ],
   [
    1540.03369140625,
    622.3855590820312,
    0.594
   ]
  ]
 ],
 "skeleton_percentage": [
  100
 ],
 "angle": [
  73
 ]
}