{
 "frame_index": 710,
 "skeletons": [
  [
   [
    1104.111328125,
    280.5455322265625,
    0.962
   ],
   [
    1111.774658203125,
    243.17372131347656,
    0.963
   ],
   [
    1066.1083984375,
    265.3976135253906,
    0.777
   ],
   [
    1150.115234375,
    239.85195922851562,
    0.914
   ],
   [
    1057.4129638671875,
    286.83740234375,
    -1.0
   ],
   [
    1208.6900634765625,
    369.07830810546875,
    0.975
   ],
   [
    1267.129150390625,
    358.52972412109375,
    0.95
   ],
   [
    1234.138671875,
    568.1283569335938,
    0.817
   ],
   [
    1444.8729248046875,
    464.9458923339844,
    0.695
   ],
   [
    1232.58447265625,
    671.6678466796875,
    0.672
   ],
   [
    1482.766357421875,
    509.0704650878906,
    0.604
   ],
   [
    1433.76806640625,
    611.8800659179688,
    0.819
   ],
   [
    1484.314208984375,
    604.932861328125,
    0.808
   ],
   [
    1246.88720703125,
    641.8944091796875,
    -1.0
   ],
   [
    1426.63525390625,
    636.3935546875,
    -1.0
   ],
   [
    1272.853271484375,
    664.4151000976562,
    -1.0
   ],
   [
    1518.2423095703125,
    716.174072265625,
    -1.0
   ]
  ]
 ],
 "skeleton_percentage": [
  100
 ],
 "angle": [
  76
 ]
}