{
 "frame_index": 711,
 "skeletons": [
  [
   [
    1104.244873046875,
    280.74468994140625,
    0.962
   ],
   [
    1111.98486328125,
    243.34547424316406,
    0.962
   ],
   [
    1065.7684326171875,
    264.41107177734375,
    0.765
   ],
   [
    1149.383056640625,
    240.80662536621094,
    0.912
   ],
   [
    1057.552490234375,
    284.5951232910156,
    -1.0
   ],
   [
    1201.682861328125,
    375.6594543457031,
    0.977
   ],
   [
    1280.434814453125,
    351.3717041015625,
    0.95
   ],
   [
    1222.625732421875,
    580.8291015625,
    0.834
   ],
   [
    1457.833984375,
    451.98028564453125,
    0.712
   ],
   [
    1219.2734375,
    678.29638671875,
    0.701
   ],
   [
    1483.264404296875,
    500.2724609375,
    0.635
   ],
   [
    1428.4962158203125,
    621.291015625,
    0.84
   ],
   [
    1492.286865234375,
    608.106689453125,
    0.83
   ],
   [
    1239.6783447265625,
    663.1260986328125,
    0.512
   ],
   [
    1436.11865234375,
    648.6869506835938,
    -1.0
   ],
   [
    1265.8619384765625,
    684.4459228515625,
    -1.0
   ],
   [
    1515.31640625,
    732.6185302734375,
    -1.0
   ]
  ]
 ],
 "skeleton_percentage": [
  100
 ],
 "angle": [
  77
 ]
}