{
 "frame_index": 712,
 "skeletons": [
  [
   [
    1112.36083984375,
    274.132080078125,
    0.972
   ],
   [
    1120.0482177734375,
    235.42276000976562,
    0.973
   ],
   [
    1072.35595703125,
    260.3868713378906,
    0.803
   ],
   [
    1160.4794921875,
    233.40097045898438,
    0.924
   ],
   [
    1059.7607421875,
    288.8755187988281,
    -1.0
   ],
   [
    1226.169921875,
    348.63458251953125,
    0.981
   ],
   [
    1258.5723876953125,
    363.984619140625,
    0.961
   ],
   [
    1247.5487060546875,
    540.8036499023438,
    0.867
   ],
   [
    1423.7872314453125,
    486.30633544921875,
    0.749
   ],
   [
    1237.5595703125,
    659.1575927734375,
    0.763
   ],
   [
    1492.2640380859375,
    519.4935913085938,
    0.683
   ],
   [
    1453.71240234375,
    585.400390625,
    0.889
   ],
   [
    1489.3780517578125,
    588.8878173828125,
    0.876
   ],
   [
    1229.2479248046875,
    554.2332763671875,
    0.763
   ],
   [
    1398.5050048828125,
    565.0355224609375,
    0.732
   ],
   [
    1242.51318359375,
    656.9440307617188,
    0.555
   ],
   [
    1495.7943115234375,
    715.6051025390625,
    0.556
   ]
  ]
 ],
 "skeleton_percentage": [
  100
 ],
 "angle": [
  80
 ]
}