{
 "frame_index": 713,
 "skeletons": [
  [
   [
    1114.583740234375,
    254.04734802246094,
    0.965
   ],
   [
    1125.0501708984375,
    215.90744018554688,
    0.968
   ],
   [
    1079.4012451171875,
    245.02674865722656,
    0.775
   ],
   [
    1174.387451171875,
    216.5331573486328,
    0.901
   ],
   [
    1077.388427734375,
    277.41455078125,
    -1.0
   ],
   [
    1226.0313720703125,
    326.8772277832031,
    0.974
   ],
   [
    1277.1063232421875,
    349.76348876953125,
    0.917
   ],
   [
    1258.117431640625,
    520.6860961914062,
    0.894
   ],
   [
    1465.1455078125,
    456.9921875,
    0.675
   ],
   [
    1261.6123046875,
    657.3990478515625,
    0.836
   ],
   [
    1503.760009765625,
    463.6300964355469,
    0.676
   ],
   [
    1439.1011962890625,
    562.8781127929688,
    0.853
   ],
   [
    1473.85693359375,
    571.4464111328125,
    0.807
   ],
   [
    1296.9722900390625,
    608.4639892578125,
    0.644
   ],
   [
    1402.9576416015625,
    631.4833984375,
    0.567
   ],
   [
    1363.440185546875,
    668.6194458007812,
    -1.0
   ],
   [
    1490.7901611328125,
    733.5921630859375,
    -1.0
   ]
  ]
 ],
 "skeleton_percentage": [
  100
 ],
 "angle": [
  78
 ]
}