{
 "frame_index": 714,
 "skeletons": [
  [
   [
    1122.338623046875,
    244.307373046875,
    0.974
   ],
   [
    1133.5419921875,
    205.34246826171875,
    0.98
   ],
   [
    1092.181640625,
    240.3259735107422,
    0.849
   ],
   [
    1187.994873046875,
    206.85629272460938,
    0.922
   ],
   [
    1086.35107421875,
    284.2945861816406,
    -1.0
   ],
   [
    1297.168701171875,
    267.8728942871094,
    0.974
   ],
   [
    1159.83251953125,
    422.93609619140625,
    0.935
   ],
   [
    1362.15869140625,
    356.30487060546875,
    0.816
   ],
   [
    1222.691650390625,
    627.28369140625,
    -1.0
   ],
   [
    1302.107177734375,
    383.99462890625,
    0.685
   ],
   [
    1289.974609375,
    656.095703125,
    -1.0
   ],
   [
    1475.478515625,
    521.2130126953125,
    0.765
   ],
   [
    1397.830078125,
    584.5966796875,
    0.654
   ],
   [
    1276.8916015625,
    392.76617431640625,
    0.706
   ],
   [
    1248.86181640625,
    475.452392578125,
    0.559
   ],
   [
    1313.4188232421875,
    584.6542358398438,
    0.594
   ],
   [
    1379.4208984375,
    658.4913330078125,
    0.516
   ]
  ]
 ],
 "skeleton_percentage": [
  100
 ],
 "angle": [
  73
 ]
}