{
 "frame_index": 715,
 "skeletons": [
  [
   [
    1127.521484375,
    247.34307861328125,
    0.971
   ],
   [
    1136.6181640625,
    207.50930786132812,
    0.976
   ],
   [
    1095.871826171875,
    243.09388732910156,
    0.844
   ],
   [
    1188.774169921875,
    205.51560974121094,
    0.918
   ],
   [
    1092.9993896484375,
    283.538330078125,
    -1.0
   ],
   [
    1296.902587890625,
    279.6868591308594,
    0.964
   ],
   [
    1189.004638671875,
    416.21099853515625,
    0.938
   ],
   [
    1345.117919921875,
    384.4311218261719,
    0.741
   ],
   [
    1280.2684326171875,
    605.3668212890625,
    -1.0
   ],
   [
    1268.81787109375,
    376.99603271484375,
    0.585
   ],
   [
    1322.125,
    602.46923828125,
    -1.0
   ],
   [
    1490.6334228515625,
    555.6929321289062,
    0.666
   ],
   [
    1431.253662109375,
    611.7037353515625,
    0.593
   ],
   [
    1312.722412109375,
    455.29864501953125,
    -1.0
   ],
   [
    1311.302001953125,
    527.15576171875,
    -1.0
   ],
   [
    1343.668701171875,
    593.975341796875,
    -1.0
   ],
   [
    1440.1427001953125,
    669.6151123046875,
    -1.0
   ]
  ]
 ],
 "skeleton_percentage": [
  100
 ],
 "angle": [
  73
 ]
}