{
 "frame_index": 716,
 "skeletons": [
  [
   [
    1127.3421630859375,
    246.77426147460938,
    0.969
   ],
   [
    1137.663818359375,
    205.68206787109375,
    0.974
   ],
   [
    1096.172607421875,
    240.07012939453125,
    0.84
   ],
   [
    1190.877685546875,
    199.43458557128906,
    0.898
   ],
   [
    1096.59423828125,
    277.83367919921875,
    -1.0
   ],
   [
    1290.250732421875,
    268.04840087890625,
    0.956
   ],
   [
    1196.475341796875,
    409.585205078125,
    0.929
   ],
   [
    1344.178466796875,
    344.2927551269531,
    0.803
   ],
   [
    1241.2843017578125,
    566.7779541015625,
    0.582
   ],
   [
    1243.338134765625,
    358.37713623046875,
    0.69
   ],
   [
    1217.1142578125,
    462.746337890625,
    0.524
   ],
   [
    1481.53857421875,
    562.2569580078125,
    0.706
   ],
   [
    1421.868896484375,
    618.1497802734375,
    0.669
   ],
   [
    1361.792724609375,
    507.5279846191406,
    -1.0
   ],
   [
    1325.6004638671875,
    580.153564453125,
    -1.0
   ],
   [
    1431.16796875,
    603.3075561523438,
    -1.0
   ],
   [
    1441.7760009765625,
    662.4046630859375,
    -1.0
   ]
  ]
 ],
 "skeleton_percentage": [
  100
 ],
 "angle": [
  78
 ]
}