{
 "frame_index": 717,
 "skeletons": [
  [
   [
    1127.0093994140625,
    247.53005981445312,
    0.969
   ],
   [
    1137.552490234375,
    206.45550537109375,
    0.975
   ],
   [
    1095.9515380859375,
    240.3560791015625,
    0.843
   ],
   [
    1191.06787109375,
    199.6402130126953,
    0.899
   ],
   [
    1096.2578125,
    276.8773193359375,
    -1.0
   ],
   [
    1289.331298828125,
    268.3999938964844,
    0.956
   ],
   [
    1196.767578125,
    409.58154296875,
    0.927
   ],
   [
    1345.729736328125,
    346.12896728515625,
    0.801
   ],
   [
    1246.2144775390625,
    573.1968994140625,
    0.569
   ],
   [
    1251.2352294921875,
    363.12396240234375,
    0.681
   ],
   [
    1224.666015625,
    486.53936767578125,
    0.503
   ],
   [
    1481.817138671875,
    563.434326171875,
    0.708
   ],
   [
    1422.129150390625,
    619.4849853515625,
    0.667
   ],
   [
    1366.6392822265625,
    512.0319213867188,
    -1.0
   ],
   [
    1325.5875244140625,
    583.8666381835938,
    -1.0
   ],
   [
    1440.44384765625,
    604.5279541015625,
    -1.0
   ],
   [
    1442.057861328125,
    663.2861328125,
    -1.0
   ]
  ]
 ],
 "skeleton_percentage": [
  100
 ],
 "angle": [
  78
 ]
}