{
 "frame_index": 718,
 "skeletons": [
  [
   [
    1124.471435546875,
    251.12196350097656,
    0.978
   ],
   [
    1133.637939453125,
    212.46389770507812,
    0.979
   ],
   [
    1103.5091552734375,
    247.0345001220703,
    0.862
   ],
   [
    1194.072021484375,
    207.06991577148438,
    0.92
   ],
   [
    1115.7451171875,
    283.17095947265625,
    -1.0
   ],
   [
    1321.2037353515625,
    266.533203125,
    0.971
   ],
   [
    1183.003173828125,
    398.01300048828125,
    0.963
   ],
   [
    1349.373779296875,
    364.9737548828125,
    0.896
   ],
   [
    1191.1224365234375,
    553.4016723632812,
    0.8
   ],
   [
    1194.227294921875,
    351.290283203125,
    0.86
   ],
   [
    1170.908447265625,
    408.4862365722656,
    0.782
   ],
   [
    1476.0029296875,
    520.19580078125,
    0.795
   ],
   [
    1376.74072265625,
    566.428955078125,
    0.778
   ],
   [
    1358.3184814453125,
    408.39776611328125,
    0.578
   ],
   [
    1198.6439208984375,
    475.1319580078125,
    0.529
   ],
   [
    1433.842041015625,
    562.046875,
    -1.0
   ],
   [
    1276.8143310546875,
    616.7330322265625,
    -1.0
   ]
  ]
 ],
 "skeleton_percentage": [
  100
 ],
 "angle": [
  71
 ]
}