{
 "frame_index": 719,
 "skeletons": [
  [
   [
    1130.99658203125,
    238.77529907226562,
    0.978
   ],
   [
    1141.21630859375,
    202.03724670410156,
    0.976
   ],
   [
    1109.375244140625,
    235.9281005859375,
    0.867
   ],
   [
    1200.6544189453125,
    204.47671508789062,
    0.904
   ],
   [
    1120.617431640625,
    277.8107604980469,
    -1.0
   ],
   [
    1317.77978515625,
    269.94354248046875,
    0.973
   ],
   [
    1190.96142578125,
    386.7303771972656,
    0.969
   ],
   [
    1321.0850830078125,
    388.4299621582031,
    0.906
   ],
   [
    1206.919677734375,
    547.430908203125,
    0.852
   ],
   [
    1201.54736328125,
    346.9897155761719,
    0.885
   ],
   [
    1195.912841796875,
    383.78125,
    0.844
   ],
   [
    1468.38818359375,
    494.03521728515625,
    0.825
   ],
   [
    1376.94873046875,
    535.8073120117188,
    0.823
   ],
   [
    1349.6473388671875,
    384.2800598144531,
    0.625
   ],
   [
    1198.8486328125,
    449.68359375,
    0.6
   ],
   [
    1405.29150390625,
    527.538330078125,
    -1.0
   ],
   [
    1257.92822265625,
    592.8026733398438,
    -1.0
   ]
  ]
 ],
 "skeleton_percentage": [
  100
 ],
 "angle": [
  70
 ]
}