{
 "frame_index": 720,
 "skeletons": [
  [
   [
    1130.4271240234375,
    241.01577758789062,
    0.978
   ],
   [
    1140.767578125,
    203.39158630371094,
    0.977
   ],
   [
    1107.797119140625,
    237.58645629882812,
    0.858
   ],
   [
    1200.37109375,
    204.51429748535156,
    0.91
   ],
   [
    1117.4912109375,
    279.1478271484375,
    -1.0
   ],
   [
    1321.9375,
    271.83087158203125,
    0.972
   ],
   [
    1191.9599609375,
    390.97735595703125,
    0.966
   ],
   [
    1332.189453125,
    396.02581787109375,
    0.905
   ],
   [
    1209.515380859375,
    557.8197021484375,
    0.831
   ],
   [
    1205.3125,
    345.32781982421875,
    0.883
   ],
   [
    1182.259521484375,
    389.67626953125,
    0.825
   ],
   [
    1477.642333984375,
    505.5112609863281,
    0.817
   ],
   [
    1385.517822265625,
    546.5792236328125,
    0.807
   ],
   [
    1337.3067626953125,
    399.87860107421875,
    0.622
   ],
   [
    1190.63720703125,
    462.8297424316406,
    0.581
   ],
   [
    1394.474365234375,
    542.1876220703125,
    -1.0
   ],
   [
    1257.071533203125,
    603.697509765625,
    -1.0
   ]
  ]
 ],
 "skeleton_percentage": [
  100
 ],
 "angle": [
  70
 ]
}