{
 "frame_index": 721,
 "skeletons": [
  [
   [
    1129.4254150390625,
    246.03932189941406,
    0.983
   ],
   [
    1140.3001708984375,
    206.97097778320312,
    0.979
   ],
   [
    1108.475341796875,
    244.4971923828125,
    0.923
   ],
   [
    1204.7882080078125,
    203.57870483398438,
    0.892
   ],
   [
    1122.0404052734375,
    285.02374267578125,
    -1.0
   ],
   [
    1322.592529296875,
    258.33514404296875,
    0.949
   ],
   [
    1193.004638671875,
    414.77484130859375,
    0.974
   ],
   [
    1396.4237060546875,
    332.944091796875,
    0.778
   ],
   [
    1210.28369140625,
    574.1886596679688,
    0.848
   ],
   [
    1288.7591552734375,
    349.6202392578125,
    0.73
   ],
   [
    1150.447021484375,
    437.65045166015625,
    0.791
   ],
   [
    1478.9879150390625,
    517.04248046875,
    0.699
   ],
   [
    1384.268798828125,
    574.2786254882812,
    0.77
   ],
   [
    1405.53125,
    426.33197021484375,
    -1.0
   ],
   [
    1229.693115234375,
    508.053955078125,
    -1.0
   ],
   [
    1518.43701171875,
    557.2620849609375,
    -1.0
   ],
   [
    1314.31591796875,
    616.52099609375,
    -1.0
   ]
  ]
 ],
 "skeleton_percentage": [
  100
 ],
 "angle": [
  71
 ]
}