{
 "frame_index": 722,
 "skeletons": [
  [
   [
    1138.726806640625,
    237.46559143066406,
    0.97
   ],
   [
    1147.0377197265625,
    200.7015838623047,
    0.97
   ],
   [
    1115.7259521484375,
    237.93869018554688,
    0.831
   ],
   [
    1205.73583984375,
    202.66452026367188,
    0.884
   ],
   [
    1121.838623046875,
    282.7081298828125,
    -1.0
   ],
   [
    1327.681884765625,
    265.65826416015625,
    0.96
   ],
   [
    1190.030517578125,
    396.0811767578125,
    0.958
   ],
   [
    1358.1083984375,
    376.029296875,
    0.848
   ],
   [
    1215.11962890625,
    547.8809204101562,
    0.771
   ],
   [
    1221.8206787109375,
    323.0372619628906,
    0.797
   ],
   [
    1193.6727294921875,
    357.9031677246094,
    0.74
   ],
   [
    1493.270263671875,
    509.6172180175781,
    0.748
   ],
   [
    1389.3111572265625,
    558.6151123046875,
    0.735
   ],
   [
    1414.49072265625,
    342.6712646484375,
    0.503
   ],
   [
    1201.0244140625,
    415.87603759765625,
    -1.0
   ],
   [
    1516.36572265625,
    462.56072998046875,
    -1.0
   ],
   [
    1264.486328125,
    529.6775512695312,
    -1.0
   ]
  ]
 ],
 "skeleton_percentage": [
  100
 ],
 "angle": [
  70
 ]
}