{
 "frame_index": 723,
 "skeletons": [
  [
   [
    1138.750244140625,
    237.78921508789062,
    0.972
   ],
   [
    1147.078857421875,
    200.89306640625,
    0.971
   ],
   [
    1115.3406982421875,
    238.12559509277344,
    0.842
   ],
   [
    1205.538818359375,
    203.10348510742188,
    0.886
   ],
   [
    1121.2457275390625,
    283.2481689453125,
    -1.0
   ],
   [
    1328.582275390625,
    266.5210876464844,
    0.959
   ],
   [
    1189.4029541015625,
    396.83917236328125,
    0.959
   ],
   [
    1369.7120361328125,
    377.37628173828125,
    0.834
   ],
   [
    1212.68505859375,
    548.3077392578125,
    0.766
   ],
   [
    1237.493896484375,
    329.7464599609375,
    0.78
   ],
   [
    1193.4083251953125,
    359.4743957519531,
    0.731
   ],
   [
    1491.2154541015625,
    511.37127685546875,
    0.733
   ],
   [
    1387.1927490234375,
    560.2392578125,
    0.725
   ],
   [
    1414.979736328125,
    344.69573974609375,
    -1.0
   ],
   [
    1203.373779296875,
    417.27008056640625,
    -1.0
   ],
   [
    1514.739013671875,
    471.2011413574219,
    -1.0
   ],
   [
    1263.1990966796875,
    536.607666015625,
    -1.0
   ]
  ]
 ],
 "skeleton_percentage": [
  100
 ],
 "angle": [
  70
 ]
}