{
 "frame_index": 724,
 "skeletons": [
  [
   [
    1137.37451171875,
    244.8145751953125,
    0.965
   ],
   [
    1147.8394775390625,
    209.2932586669922,
    0.966
   ],
   [
    1114.5714111328125,
    242.02784729003906,
    0.765
   ],
   [
    1204.4464111328125,
    209.88221740722656,
    0.882
   ],
   [
    1116.988525390625,
    280.2303466796875,
    -1.0
   ],
   [
    1313.3231201171875,
    274.478515625,
    0.97
   ],
   [
    1189.1580810546875,
    394.76214599609375,
    0.95
   ],
   [
    1315.72509765625,
    387.8916015625,
    0.906
   ],
   [
    1224.5130615234375,
    552.5892944335938,
    0.748
   ],
   [
    1196.1712646484375,
    315.1905517578125,
    0.871
   ],
   [
    1194.2830810546875,
    358.2625732421875,
    0.748
   ],
   [
    1482.08447265625,
    526.8787841796875,
    0.817
   ],
   [
    1393.3486328125,
    570.778564453125,
    0.766
   ],
   [
    1337.4395751953125,
    372.3204345703125,
    0.59
   ],
   [
    1190.84521484375,
    439.85992431640625,
    -1.0
   ],
   [
    1412.292236328125,
    469.62615966796875,
    -1.0
   ],
   [
    1277.09375,
    531.326416015625,
    -1.0
   ]
  ]
 ],
 "skeleton_percentage": [
  100
 ],
 "angle": [
  71
 ]
}