{
 "frame_index": 725,
 "skeletons": [
  [
   [
    1137.174072265625,
    244.79660034179688,
    0.965
   ],
   [
    1147.738037109375,
    209.44679260253906,
    0.966
   ],
   [
    1114.614013671875,
    241.74044799804688,
    0.753
   ],
   [
    1204.244873046875,
    209.91128540039062,
    0.884
   ],
   [
    1117.2548828125,
    279.2259216308594,
    -1.0
   ],
   [
    1312.668701171875,
    274.6419677734375,
    0.972
   ],
   [
    1190.1041259765625,
    393.6015930175781,
    0.949
   ],
   [
    1311.597412109375,
    388.20263671875,
    0.914
   ],
   [
    1226.4993896484375,
    552.0529174804688,
    0.742
   ],
   [
    1196.1240234375,
    314.3465576171875,
    0.881
   ],
   [
    1195.344482421875,
    358.5963134765625,
    0.745
   ],
   [
    1480.3311767578125,
    527.5772705078125,
    0.83
   ],
   [
    1393.4342041015625,
    570.6455078125,
    0.773
   ],
   [
    1326.21630859375,
    373.6829833984375,
    0.614
   ],
   [
    1187.0693359375,
    440.8289794921875,
    -1.0
   ],
   [
    1393.86328125,
    471.00714111328125,
    -1.0
   ],
   [
    1272.2735595703125,
    532.8217163085938,
    -1.0
   ]
  ]
 ],
 "skeleton_percentage": [
  100
 ],
 "angle": [
  71
 ]
}