{
 "frame_index": 726,
 "skeletons": [
  [
   [
    1132.05322265625,
    258.1868591308594,
    0.976
   ],
   [
    1144.57958984375,
    220.36972045898438,
    0.977
   ],
   [
    1104.0037841796875,
    250.2220916748047,
    0.882
   ],
   [
    1200.6673583984375,
    211.0162353515625,
    0.907
   ],
   [
    1103.417236328125,
    279.94073486328125,
    -1.0
   ],
   [
    1312.90869140625,
    275.7984619140625,
    0.961
   ],
   [
    1191.14013671875,
    412.21490478515625,
    0.954
   ],
   [
    1482.98828125,
    363.6678771972656,
    0.79
   ],
   [
    1219.0068359375,
    563.45556640625,
    0.706
   ],
   [
    1488.698974609375,
    439.0950622558594,
    0.676
   ],
   [
    1161.910888671875,
    447.10040283203125,
    0.605
   ],
   [
    1468.6728515625,
    574.2970581054688,
    0.812
   ],
   [
    1393.9599609375,
    624.6815185546875,
    0.814
   ],
   [
    1355.022216796875,
    630.2950439453125,
    -1.0
   ],
   [
    1291.3807373046875,
    698.514892578125,
    -1.0
   ],
   [
    1434.134521484375,
    698.5645751953125,
    -1.0
   ],
   [
    1378.32421875,
    736.76953125,
    -1.0
   ]
  ]
 ],
 "skeleton_percentage": [
  100
 ],
 "angle": [
  79
 ]
}