{
 "frame_index": 727,
 "skeletons": [
  [
   [
    1132.84814453125,
    263.55194091796875,
    0.977
   ],
   [
    1146.1796875,
    227.83016967773438,
    0.974
   ],
   [
    1106.83056640625,
    258.53729248046875,
    0.899
   ],
   [
    1202.0936279296875,
    225.64059448242188,
    0.891
   ],
   [
    1102.558349609375,
    293.6383056640625,
    -1.0
   ],
   [
    1309.606689453125,
    286.9827575683594,
    0.97
   ],
   [
    1168.728759765625,
    445.629638671875,
    0.967
   ],
   [
    1491.7401123046875,
    356.587646484375,
    0.83
   ],
   [
    1242.238525390625,
    636.351806640625,
    0.743
   ],
   [
    1491.7017822265625,
    454.2972412109375,
    0.735
   ],
   [
    1267.7552490234375,
    595.46240234375,
    0.635
   ],
   [
    1479.73193359375,
    564.115478515625,
    0.836
   ],
   [
    1391.3353271484375,
    628.833740234375,
    0.828
   ],
   [
    1415.914794921875,
    574.3850708007812,
    0.531
   ],
   [
    1330.6082763671875,
    655.5921630859375,
    0.514
   ],
   [
    1520.2239990234375,
    626.0733032226562,
    -1.0
   ],
   [
    1458.2340087890625,
    666.354248046875,
    -1.0
   ]
  ]
 ],
 "skeleton_percentage": [
  100
 ],
 "angle": [
  75
 ]
}