{
 "frame_index": 728,
 "skeletons": [
  [
   [
    1130.890869140625,
    267.88580322265625,
    0.973
   ],
   [
    1140.6739501953125,
    230.61181640625,
    0.967
   ],
   [
    1106.0064697265625,
    266.83642578125,
    0.883
   ],
   [
    1195.2064208984375,
    229.58999633789062,
    0.865
   ],
   [
    1107.8463134765625,
    309.78778076171875,
    -1.0
   ],
   [
    1301.150634765625,
    293.96051025390625,
    0.964
   ],
   [
    1168.031494140625,
    447.3419189453125,
    0.964
   ],
   [
    1461.248291015625,
    352.98583984375,
    0.852
   ],
   [
    1207.635009765625,
    566.5687255859375,
    0.797
   ],
   [
    1497.0498046875,
    446.259765625,
    0.816
   ],
   [
    1184.51123046875,
    408.59747314453125,
    0.776
   ],
   [
    1452.754638671875,
    565.3324584960938,
    0.805
   ],
   [
    1369.4080810546875,
    631.0789184570312,
    0.808
   ],
   [
    1411.017578125,
    479.866455078125,
    0.572
   ],
   [
    1324.7481689453125,
    580.336181640625,
    0.567
   ],
   [
    1534.42529296875,
    577.790283203125,
    -1.0
   ],
   [
    1480.85107421875,
    652.1666870117188,
    -1.0
   ]
  ]
 ],
 "skeleton_percentage": [
  100
 ],
 "angle": [
  78
 ]
}