{
 "frame_index": 729,
 "skeletons": [
  [
   [
    1131.713134765625,
    266.53192138671875,
    0.973
   ],
   [
    1141.32958984375,
    229.41000366210938,
    0.967
   ],
   [
    1105.87939453125,
    265.5941467285156,
    0.887
   ],
   [
    1194.7425537109375,
    229.01564025878906,
    0.868
   ],
   [
    1106.1416015625,
    309.7843933105469,
    -1.0
   ],
   [
    1300.5572509765625,
    293.9488220214844,
    0.965
   ],
   [
    1167.0987548828125,
    448.74908447265625,
    0.967
   ],
   [
    1460.38818359375,
    353.135986328125,
    0.854
   ],
   [
    1206.9234619140625,
    569.9576416015625,
    0.806
   ],
   [
    1493.80517578125,
    446.4308166503906,
    0.814
   ],
   [
    1183.637939453125,
    412.5202331542969,
    0.78
   ],
   [
    1455.947509765625,
    565.6353149414062,
    0.822
   ],
   [
    1372.4423828125,
    632.0728759765625,
    0.827
   ],
   [
    1414.2139892578125,
    495.6448059082031,
    0.587
   ],
   [
    1328.6488037109375,
    596.1236572265625,
    0.587
   ],
   [
    1535.875732421875,
    590.842041015625,
    -1.0
   ],
   [
    1482.210693359375,
    664.5633544921875,
    -1.0
   ]
  ]
 ],
 "skeleton_percentage": [
  100
 ],
 "angle": [
  80
 ]
}