{
 "frame_index": 730,
 "skeletons": [
  [
   [
    1132.407470703125,
    274.7642822265625,
    0.969
   ],
   [
    1143.191650390625,
    235.1221160888672,
    0.959
   ],
   [
    1106.2406005859375,
    275.54742431640625,
    0.894
   ],
   [
    1200.0975341796875,
    237.47250366210938,
    0.811
   ],
   [
    1104.4765625,
    324.4510192871094,
    -1.0
   ],
   [
    1297.63916015625,
    305.61187744140625,
    0.939
   ],
   [
    1148.261962890625,
    466.0924072265625,
    0.964
   ],
   [
    1417.6187744140625,
    388.65985107421875,
    0.714
   ],
   [
    1208.4951171875,
    627.2728271484375,
    0.745
   ],
   [
    1412.257568359375,
    428.9766845703125,
    0.682
   ],
   [
    1203.5618896484375,
    469.30242919921875,
    0.692
   ],
   [
    1420.8673095703125,
    548.830078125,
    0.74
   ],
   [
    1328.09375,
    615.6036376953125,
    0.772
   ],
   [
    1358.9146728515625,
    363.4104309082031,
    0.674
   ],
   [
    1243.8876953125,
    467.8136901855469,
    0.7
   ],
   [
    1489.2259521484375,
    506.02362060546875,
    0.632
   ],
   [
    1416.6688232421875,
    593.3834228515625,
    0.668
   ]
  ]
 ],
 "skeleton_percentage": [
  100
 ],
 "angle": [
  74
 ]
}