{
 "frame_index": 731,
 "skeletons": [
  [
   [
    1116.8583984375,
    290.9520263671875,
    0.941
   ],
   [
    1129.0562744140625,
    253.9514923095703,
    0.937
   ],
   [
    1091.82958984375,
    285.7566833496094,
    0.82
   ],
   [
    1183.573486328125,
    255.27772521972656,
    0.803
   ],
   [
    1090.9959716796875,
    322.9371337890625,
    -1.0
   ],
   [
    1283.9505615234375,
    326.90887451171875,
    0.919
   ],
   [
    1138.4517822265625,
    450.29425048828125,
    0.924
   ],
   [
    1419.4984130859375,
    425.40093994140625,
    0.656
   ],
   [
    1175.0352783203125,
    591.1568603515625,
    0.619
   ],
   [
    1402.502197265625,
    483.9280700683594,
    0.594
   ],
   [
    1193.414794921875,
    441.4146423339844,
    0.564
   ],
   [
    1387.7833251953125,
    579.4635009765625,
    0.698
   ],
   [
    1300.4404296875,
    631.1240844726562,
    0.703
   ],
   [
    1347.095458984375,
    446.3221435546875,
    0.611
   ],
   [
    1267.447998046875,
    526.4449462890625,
    0.622
   ],
   [
    1402.0205078125,
    572.8389282226562,
    0.59
   ],
   [
    1363.185546875,
    632.042236328125,
    0.615
   ]
  ]
 ],
 "skeleton_percentage": [
  100
 ],
 "angle": [
  82
 ]
}