{
 "frame_index": 732,
 "skeletons": [
  [
   [
    1110.22900390625,
    290.04425048828125,
    0.947
   ],
   [
    1123.162109375,
    254.75340270996094,
    0.946
   ],
   [
    1090.8118896484375,
    287.1132507324219,
    0.808
   ],
   [
    1182.6973876953125,
    256.01007080078125,
    0.828
   ],
   [
    1097.14501953125,
    323.0082702636719,
    -1.0
   ],
   [
    1292.602783203125,
    325.1673583984375,
    0.94
   ],
   [
    1132.73974609375,
    451.1695556640625,
    0.929
   ],
   [
    1426.153076171875,
    416.62115478515625,
    0.708
   ],
   [
    1164.17333984375,
    587.8133544921875,
    0.58
   ],
   [
    1414.50048828125,
    468.0385437011719,
    0.633
   ],
   [
    1166.1865234375,
    428.67578125,
    0.527
   ],
   [
    1387.6474609375,
    570.624755859375,
    0.736
   ],
   [
    1292.238037109375,
    620.48291015625,
    0.711
   ],
   [
    1321.175048828125,
    388.8567810058594,
    0.681
   ],
   [
    1232.553955078125,
    468.63720703125,
    0.654
   ],
   [
    1393.028076171875,
    511.9285583496094,
    0.668
   ],
   [
    1362.479248046875,
    569.4559936523438,
    0.668
   ]
  ]
 ],
 "skeleton_percentage": [
  100
 ],
 "angle": [
  76
 ]
}