{
 "frame_index": 733,
 "skeletons": [
  [
   [
    1099.7803955078125,
    303.0212097167969,
    0.947
   ],
   [
    1112.052490234375,
    270.2457275390625,
    0.945
   ],
   [
    1079.6353759765625,
    300.9749755859375,
    0.819
   ],
   [
    1167.380126953125,
    272.1840515136719,
    0.837
   ],
   [
    1081.434326171875,
    337.29241943359375,
    -1.0
   ],
   [
    1245.85498046875,
    347.9183349609375,
    0.945
   ],
   [
    1121.921875,
    453.0596923828125,
    0.937
   ],
   [
    1316.5948486328125,
    442.344482421875,
    0.725
   ],
   [
    1157.689697265625,
    571.740234375,
    0.605
   ],
   [
    1255.83447265625,
    439.7901611328125,
    0.654
   ],
   [
    1186.0460205078125,
    416.46588134765625,
    0.555
   ],
   [
    1334.71240234375,
    554.84716796875,
    0.824
   ],
   [
    1256.067138671875,
    597.6190795898438,
    0.804
   ],
   [
    1288.731201171875,
    418.0785827636719,
    0.803
   ],
   [
    1209.4658203125,
    483.8948974609375,
    0.778
   ],
   [
    1407.5216064453125,
    494.9034118652344,
    0.792
   ],
   [
    1358.133544921875,
    554.6934814453125,
    0.789
   ]
  ]
 ],
 "skeleton_percentage": [
  100
 ],
 "angle": [
  75
 ]
}