{
 "frame_index": 734,
 "skeletons": [
  [
   [
    1072.2843017578125,
    334.8982238769531,
    0.752
   ],
   [
    1088.33056640625,
    308.9100036621094,
    0.777
   ],
   [
    1060.781982421875,
    325.37652587890625,
    -1.0
   ],
   [
    1142.7864990234375,
    324.53668212890625,
    0.714
   ],
   [
    1070.2552490234375,
    355.71417236328125,
    -1.0
   ],
   [
    1206.6287841796875,
    425.158447265625,
    0.89
   ],
   [
    1104.2470703125,
    480.60821533203125,
    0.782
   ],
   [
    1232.5186767578125,
    506.9600830078125,
    0.691
   ],
   [
    1091.7237548828125,
    592.5977172851562,
    -1.0
   ],
   [
    1142.68701171875,
    401.0854797363281,
    0.62
   ],
   [
    1129.94775390625,
    433.6544189453125,
    -1.0
   ],
   [
    1268.9127197265625,
    633.9381103515625,
    0.693
   ],
   [
    1199.51416015625,
    654.4315795898438,
    0.601
   ],
   [
    1232.11328125,
    515.7252807617188,
    0.588
   ],
   [
    1171.97509765625,
    542.953369140625,
    -1.0
   ],
   [
    1297.6121826171875,
    510.95782470703125,
    0.572
   ],
   [
    1240.5513916015625,
    534.654296875,
    0.524
   ]
  ]
 ],
 "skeleton_percentage": [
  0
 ],
 "angle": [
  78
 ]
}