{
 "frame_index": 735,
 "skeletons": [
  [
   [
    1063.580078125,
    343.0963134765625,
    0.898
   ],
   [
    1076.6357421875,
    317.42059326171875,
    0.894
   ],
   [
    1043.591796875,
    339.3648986816406,
    0.78
   ],
   [
    1122.639892578125,
    334.085205078125,
    0.73
   ],
   [
    1034.11328125,
    382.57989501953125,
    -1.0
   ],
   [
    1182.3082275390625,
    421.9903564453125,
    0.868
   ],
   [
    1051.3291015625,
    510.794677734375,
    0.881
   ],
   [
    1208.4752197265625,
    506.80657958984375,
    -1.0
   ],
   [
    1074.865478515625,
    652.95166015625,
    -1.0
   ],
   [
    1117.71630859375,
    465.70751953125,
    -1.0
   ],
   [
    1106.1636962890625,
    569.09912109375,
    -1.0
   ],
   [
    1236.7568359375,
    617.3604736328125,
    0.662
   ],
   [
    1146.7630615234375,
    652.3892822265625,
    0.656
   ],
   [
    1221.3651123046875,
    458.76324462890625,
    0.664
   ],
   [
    1097.12060546875,
    507.3148498535156,
    0.653
   ],
   [
    1301.815673828125,
    500.2848815917969,
    0.769
   ],
   [
    1190.687255859375,
    546.0155029296875,
    0.772
   ]
  ]
 ],
 "skeleton_percentage": [
  100
 ],
 "angle": [
  80
 ]
}