{
 "frame_index": 736,
 "skeletons": [
  [
   [
    1059.922607421875,
    353.7175598144531,
    0.945
   ],
   [
    1070.3033447265625,
    326.9521484375,
    0.934
   ],
   [
    1035.2589111328125,
    350.783935546875,
    0.871
   ],
   [
    1110.946533203125,
    342.07122802734375,
    0.787
   ],
   [
    1021.9766235351562,
    398.3782958984375,
    -1.0
   ],
   [
    1179.8966064453125,
    427.5650634765625,
    0.916
   ],
   [
    1045.182373046875,
    526.5841064453125,
    0.947
   ],
   [
    1216.4222412109375,
    513.35400390625,
    0.591
   ],
   [
    1050.4544677734375,
    688.6572265625,
    0.647
   ],
   [
    1116.260986328125,
    464.9378356933594,
    0.531
   ],
   [
    1037.5770263671875,
    658.3812255859375,
    0.553
   ],
   [
    1253.6488037109375,
    612.635498046875,
    0.724
   ],
   [
    1167.1240234375,
    651.6502685546875,
    0.757
   ],
   [
    1224.650146484375,
    464.7490234375,
    0.695
   ],
   [
    1113.685791015625,
    511.6214904785156,
    0.719
   ],
   [
    1302.170654296875,
    524.2236328125,
    0.747
   ],
   [
    1219.56640625,
    573.4190673828125,
    0.774
   ]
  ]
 ],
 "skeleton_percentage": [
  100
 ],
 "angle": [
  85
 ]
}