{
 "frame_index": 737,
 "skeletons": [
  [
   [
    1047.455078125,
    360.5008544921875,
    0.982
   ],
   [
    1059.7003173828125,
    331.2496337890625,
    0.98
   ],
   [
    1020.3045043945312,
    354.20428466796875,
    0.929
   ],
   [
    1103.7342529296875,
    345.72845458984375,
    0.903
   ],
   [
    1009.2485961914062,
    397.6219482421875,
    -1.0
   ],
   [
    1230.57080078125,
    440.41278076171875,
    0.97
   ],
   [
    1024.457763671875,
    538.6846923828125,
    0.966
   ],
   [
    1373.5306396484375,
    581.52734375,
    0.844
   ],
   [
    1019.668701171875,
    734.6060791015625,
    0.764
   ],
   [
    1380.893310546875,
    646.7288208007812,
    0.72
   ],
   [
    1023.5564575195312,
    722.7716674804688,
    0.622
   ],
   [
    1330.489990234375,
    730.3419799804688,
    0.57
   ],
   [
    1191.08544921875,
    771.2843017578125,
    0.537
   ],
   [
    1340.3499755859375,
    726.44384765625,
    -1.0
   ],
   [
    1106.94775390625,
    777.4639892578125,
    -1.0
   ],
   [
    1381.99267578125,
    785.2717895507812,
    -1.0
   ],
   [
    1111.27978515625,
    826.027587890625,
    -1.0
   ]
  ]
 ],
 "skeleton_percentage": [
  100
 ],
 "angle": [
  80
 ]
}