{
 "frame_index": 738,
 "skeletons": [
  [
   [
    1047.5501708984375,
    360.8931884765625,
    0.982
   ],
   [
    1059.7354736328125,
    331.670654296875,
    0.98
   ],
   [
    1020.4550170898438,
    354.58428955078125,
    0.931
   ],
   [
    1103.563720703125,
    346.02301025390625,
    0.903
   ],
   [
    1009.2757568359375,
    397.89959716796875,
    -1.0
   ],
   [
    1229.8677978515625,
    440.06103515625,
    0.97
   ],
   [
    1024.928955078125,
    538.5609130859375,
    0.967
   ],
   [
    1372.54736328125,
    581.708251953125,
    0.838
   ],
   [
    1020.2056884765625,
    734.802978515625,
    0.765
   ],
   [
    1378.236572265625,
    648.407470703125,
    0.713
   ],
   [
    1024.750244140625,
    722.6724243164062,
    0.623
   ],
   [
    1330.205322265625,
    724.8350219726562,
    0.555
   ],
   [
    1192.1629638671875,
    765.5429077148438,
    0.528
   ],
   [
    1333.4937744140625,
    708.6822509765625,
    -1.0
   ],
   [
    1103.5245361328125,
    759.342041015625,
    -1.0
   ],
   [
    1375.2398681640625,
    769.1295776367188,
    -1.0
   ],
   [
    1111.14794921875,
    808.79443359375,
    -1.0
   ]
  ]
 ],
 "skeleton_percentage": [
  100
 ],
 "angle": [
  80
 ]
}