{
 "frame_index": 739,
 "skeletons": [
  [
   [
    1047.1865234375,
    364.9439392089844,
    0.985
   ],
   [
    1061.8553466796875,
    335.2022705078125,
    0.978
   ],
   [
    1019.5733642578125,
    358.4358215332031,
    0.95
   ],
   [
    1108.7491455078125,
    350.81488037109375,
    0.897
   ],
   [
    1009.05517578125,
    404.1091003417969,
    0.552
   ],
   [
    1229.533935546875,
    451.8498229980469,
    0.968
   ],
   [
    1027.781494140625,
    533.2821044921875,
    0.981
   ],
   [
    1371.28515625,
    605.3662109375,
    0.774
   ],
   [
    1024.4730224609375,
    724.2242431640625,
    0.855
   ],
   [
    1338.944580078125,
    627.8628540039062,
    0.693
   ],
   [
    1004.5691528320312,
    726.0386352539062,
    0.738
   ],
   [
    1283.523681640625,
    722.3482055664062,
    0.592
   ],
   [
    1154.1749267578125,
    748.1951293945312,
    0.667
   ],
   [
    1227.34814453125,
    705.27734375,
    -1.0
   ],
   [
    1048.320068359375,
    734.7855834960938,
    -1.0
   ],
   [
    1237.6534423828125,
    766.2861328125,
    -1.0
   ],
   [
    1071.2760009765625,
    796.0263061523438,
    -1.0
   ]
  ]
 ],
 "skeleton_percentage": [
  100
 ],
 "angle": [
  81
 ]
}