{
 "frame_index": 740,
 "skeletons": [
  [
   [
    1047.761962890625,
    365.859375,
    0.986
   ],
   [
    1061.89794921875,
    336.7557678222656,
    0.979
   ],
   [
    1019.6741943359375,
    359.6047668457031,
    0.95
   ],
   [
    1107.056640625,
    351.5523376464844,
    0.898
   ],
   [
    1007.8614501953125,
    404.33154296875,
    0.557
   ],
   [
    1222.222900390625,
    451.75616455078125,
    0.973
   ],
   [
    1026.657958984375,
    534.1024169921875,
    0.983
   ],
   [
    1365.765625,
    591.0159912109375,
    0.826
   ],
   [
    1020.115966796875,
    714.77197265625,
    0.876
   ],
   [
    1360.8056640625,
    626.2113037109375,
    0.751
   ],
   [
    1004.0678100585938,
    725.98388671875,
    0.774
   ],
   [
    1283.4483642578125,
    732.728515625,
    0.699
   ],
   [
    1159.5975341796875,
    761.2637329101562,
    0.752
   ],
   [
    1229.531982421875,
    777.400146484375,
    -1.0
   ],
   [
    1072.59765625,
    811.4395751953125,
    -1.0
   ],
   [
    1243.2763671875,
    836.835205078125,
    -1.0
   ],
   [
    1101.533447265625,
    871.7371826171875,
    -1.0
   ]
  ]
 ],
 "skeleton_percentage": [
  100
 ],
 "angle": [
  85
 ]
}