{
 "frame_index": 741,
 "skeletons": [
  [
   [
    1047.614990234375,
    366.19317626953125,
    0.986
   ],
   [
    1061.6878662109375,
    336.98785400390625,
    0.979
   ],
   [
    1019.6710205078125,
    359.88848876953125,
    0.951
   ],
   [
    1107.296875,
    351.8127136230469,
    0.899
   ],
   [
    1008.0639038085938,
    404.62579345703125,
    0.556
   ],
   [
    1225.134033203125,
    451.94366455078125,
    0.972
   ],
   [
    1027.08251953125,
    533.454833984375,
    0.983
   ],
   [
    1366.94091796875,
    596.02685546875,
    0.817
   ],
   [
    1020.2872314453125,
    716.4413452148438,
    0.876
   ],
   [
    1353.188720703125,
    629.2108154296875,
    0.74
   ],
   [
    1008.1864013671875,
    722.301025390625,
    0.773
   ],
   [
    1288.4769287109375,
    730.5682373046875,
    0.673
   ],
   [
    1161.4017333984375,
    758.36279296875,
    0.732
   ],
   [
    1236.7392578125,
    763.0078125,
    -1.0
   ],
   [
    1066.708984375,
    795.7197265625,
    -1.0
   ],
   [
    1252.5712890625,
    820.948974609375,
    -1.0
   ],
   [
    1091.2012939453125,
    854.167236328125,
    -1.0
   ]
  ]
 ],
 "skeleton_percentage": [
  100
 ],
 "angle": [
  82
 ]
}