{
 "frame_index": 742,
 "skeletons": [
  [
   [
    1054.8697509765625,
    366.3197937011719,
    0.984
   ],
   [
    1067.1624755859375,
    337.4833984375,
    0.975
   ],
   [
    1026.4530029296875,
    359.87750244140625,
    0.949
   ],
   [
    1107.9002685546875,
    352.3773193359375,
    0.878
   ],
   [
    1013.007568359375,
    405.3614501953125,
    0.587
   ],
   [
    1225.662353515625,
    449.5533447265625,
    0.96
   ],
   [
    1030.7452392578125,
    546.205322265625,
    0.98
   ],
   [
    1365.85205078125,
    577.6512451171875,
    0.753
   ],
   [
    1023.89794921875,
    725.7075805664062,
    0.86
   ],
   [
    1343.6905517578125,
    657.5840454101562,
    0.648
   ],
   [
    1008.5467529296875,
    725.0945434570312,
    0.737
   ],
   [
    1300.9039306640625,
    758.1182861328125,
    0.628
   ],
   [
    1176.5321044921875,
    793.1672973632812,
    0.714
   ],
   [
    1247.46337890625,
    852.2545166015625,
    -1.0
   ],
   [
    1093.3896484375,
    896.75830078125,
    -1.0
   ],
   [
    1249.085205078125,
    929.211181640625,
    -1.0
   ],
   [
    1108.7880859375,
    961.0001220703125,
    -1.0
   ]
  ]
 ],
 "skeleton_percentage": [
  100
 ],
 "angle": [
  86
 ]
}