{
 "frame_index": 743,
 "skeletons": [
  [
   [
    1061.2408447265625,
    363.5950012207031,
    0.976
   ],
   [
    1073.998291015625,
    337.64208984375,
    0.975
   ],
   [
    1035.449951171875,
    356.66357421875,
    0.888
   ],
   [
    1116.2384033203125,
    358.234130859375,
    0.896
   ],
   [
    1020.20849609375,
    405.08563232421875,
    -1.0
   ],
   [
    1215.1138916015625,
    445.78363037109375,
    0.973
   ],
   [
    1029.83935546875,
    555.7582397460938,
    0.957
   ],
   [
    1225.45654296875,
    547.5586547851562,
    0.867
   ],
   [
    1035.221435546875,
    747.4932861328125,
    0.677
   ],
   [
    1096.630859375,
    446.67608642578125,
    0.822
   ],
   [
    1047.6339111328125,
    682.6341552734375,
    0.626
   ],
   [
    1316.35595703125,
    710.47265625,
    0.606
   ],
   [
    1193.823974609375,
    754.47802734375,
    0.518
   ],
   [
    1225.4259033203125,
    524.9237060546875,
    -1.0
   ],
   [
    1066.1771240234375,
    577.6902465820312,
    -1.0
   ],
   [
    1228.11474609375,
    622.154296875,
    -1.0
   ],
   [
    1124.8609619140625,
    662.8253173828125,
    -1.0
   ]
  ]
 ],
 "skeleton_percentage": [
  100
 ],
 "angle": [
  90
 ]
}