{
 "frame_index": 744,
 "skeletons": [
  [
   [
    1059.28271484375,
    364.9102478027344,
    0.977
   ],
   [
    1072.362548828125,
    337.31524658203125,
    0.977
   ],
   [
    1033.774169921875,
    358.0400390625,
    0.901
   ],
   [
    1116.057373046875,
    355.97564697265625,
    0.9
   ],
   [
    1020.14453125,
    406.3818054199219,
    -1.0
   ],
   [
    1221.725341796875,
    441.8721923828125,
    0.966
   ],
   [
    1030.7005615234375,
    562.1671142578125,
    0.955
   ],
   [
    1250.3280029296875,
    550.1461791992188,
    0.819
   ],
   [
    1023.033447265625,
    760.9165649414062,
    0.642
   ],
   [
    1098.9534912109375,
    446.91192626953125,
    0.758
   ],
   [
    991.2242431640625,
    672.0843505859375,
    0.573
   ],
   [
    1325.9237060546875,
    711.946044921875,
    -1.0
   ],
   [
    1196.566162109375,
    758.4561767578125,
    -1.0
   ],
   [
    1257.479248046875,
    509.49432373046875,
    -1.0
   ],
   [
    1058.068603515625,
    563.2222290039062,
    -1.0
   ],
   [
    1273.5703125,
    599.2775268554688,
    -1.0
   ],
   [
    1100.065673828125,
    632.5165405273438,
    -1.0
   ]
  ]
 ],
 "skeleton_percentage": [
  100
 ],
 "angle": [
  87
 ]
}