{
 "frame_index": 745,
 "skeletons": [
  [
   [
    1064.0943603515625,
    369.00091552734375,
    0.972
   ],
   [
    1077.0516357421875,
    339.4824523925781,
    0.975
   ],
   [
    1039.253662109375,
    363.06768798828125,
    0.899
   ],
   [
    1122.6485595703125,
    351.19525146484375,
    0.905
   ],
   [
    1030.164794921875,
    406.1025390625,
    -1.0
   ],
   [
    1221.204345703125,
    429.25067138671875,
    0.97
   ],
   [
    1040.450439453125,
    542.656982421875,
    0.949
   ],
   [
    1261.8936767578125,
    544.848388671875,
    0.787
   ],
   [
    1040.217041015625,
    737.8339233398438,
    0.551
   ],
   [
    1130.637939453125,
    480.8387145996094,
    0.694
   ],
   [
    1038.611572265625,
    692.7973022460938,
    -1.0
   ],
   [
    1292.8079833984375,
    651.982177734375,
    0.679
   ],
   [
    1173.73876953125,
    697.5626220703125,
    0.588
   ],
   [
    1268.8056640625,
    449.46063232421875,
    0.6
   ],
   [
    1087.2255859375,
    504.822998046875,
    0.504
   ],
   [
    1272.3162841796875,
    589.526123046875,
    0.544
   ],
   [
    1117.302490234375,
    634.6104736328125,
    0.504
   ]
  ]
 ],
 "skeleton_percentage": [
  100
 ],
 "angle": [
  82
 ]
}