{
 "frame_index": 746,
 "skeletons": [
  [
   [
    1064.37939453125,
    368.66912841796875,
    0.972
   ],
   [
    1077.27001953125,
    339.76202392578125,
    0.974
   ],
   [
    1039.583251953125,
    362.85113525390625,
    0.897
   ],
   [
    1122.164306640625,
    352.1531982421875,
    0.903
   ],
   [
    1029.8526611328125,
    406.2615051269531,
    -1.0
   ],
   [
    1216.032958984375,
    429.39959716796875,
    0.971
   ],
   [
    1040.76318359375,
    542.118408203125,
    0.951
   ],
   [
    1249.1180419921875,
    541.9793701171875,
    0.796
   ],
   [
    1042.410400390625,
    734.6218872070312,
    0.567
   ],
   [
    1116.958251953125,
    473.6357116699219,
    0.711
   ],
   [
    1043.12158203125,
    683.9356079101562,
    -1.0
   ],
   [
    1288.904541015625,
    647.6063842773438,
    0.719
   ],
   [
    1173.2281494140625,
    693.25048828125,
    0.634
   ],
   [
    1263.54833984375,
    447.62274169921875,
    0.665
   ],
   [
    1088.02880859375,
    503.3885498046875,
    0.574
   ],
   [
    1272.16162109375,
    592.1552734375,
    0.612
   ],
   [
    1123.4674072265625,
    637.552490234375,
    0.574
   ]
  ]
 ],
 "skeleton_percentage": [
  100
 ],
 "angle": [
  83
 ]
}