{
 "frame_index": 747,
 "skeletons": [
  [
   [
    1075.93701171875,
    365.6084289550781,
    0.977
   ],
   [
    1088.741943359375,
    335.6864013671875,
    0.978
   ],
   [
    1048.90087890625,
    357.3747253417969,
    0.915
   ],
   [
    1129.699462890625,
    349.58831787109375,
    0.9
   ],
   [
    1035.0037841796875,
    400.01654052734375,
    -1.0
   ],
   [
    1246.557373046875,
    439.9309387207031,
    0.969
   ],
   [
    1041.91064453125,
    539.34423828125,
    0.945
   ],
   [
    1386.657958984375,
    580.25439453125,
    0.807
   ],
   [
    1054.24755859375,
    738.4978637695312,
    0.57
   ],
   [
    1376.910888671875,
    604.4315185546875,
    0.697
   ],
   [
    1043.59716796875,
    676.626708984375,
    -1.0
   ],
   [
    1305.8975830078125,
    691.9708251953125,
    -1.0
   ],
   [
    1174.5302734375,
    729.7740478515625,
    -1.0
   ],
   [
    1278.1773681640625,
    495.5400695800781,
    -1.0
   ],
   [
    1069.8787841796875,
    546.31982421875,
    -1.0
   ],
   [
    1297.93798828125,
    626.8138427734375,
    -1.0
   ],
   [
    1105.3394775390625,
    662.13037109375,
    -1.0
   ]
  ]
 ],
 "skeleton_percentage": [
  100
 ],
 "angle": [
  82
 ]
}