{
 "frame_index": 748,
 "skeletons": [
  [
   [
    1079.612060546875,
    363.49603271484375,
    0.977
   ],
   [
    1094.928466796875,
    335.1083679199219,
    0.97
   ],
   [
    1055.114013671875,
    355.5735168457031,
    0.905
   ],
   [
    1140.6734619140625,
    348.6182861328125,
    0.883
   ],
   [
    1044.63037109375,
    395.2259216308594,
    -1.0
   ],
   [
    1241.70751953125,
    441.05859375,
    0.97
   ],
   [
    1066.143798828125,
    522.1331787109375,
    0.969
   ],
   [
    1342.5050048828125,
    564.5536499023438,
    0.847
   ],
   [
    1058.7314453125,
    707.059326171875,
    0.792
   ],
   [
    1300.732177734375,
    535.4132080078125,
    0.816
   ],
   [
    1029.484375,
    705.2182006835938,
    0.728
   ],
   [
    1300.07421875,
    685.59521484375,
    0.71
   ],
   [
    1194.432861328125,
    711.2539672851562,
    0.704
   ],
   [
    1180.827880859375,
    640.04931640625,
    -1.0
   ],
   [
    1081.3853759765625,
    669.97802734375,
    -1.0
   ],
   [
    1189.658935546875,
    720.6723022460938,
    -1.0
   ],
   [
    1146.9598388671875,
    751.4010009765625,
    -1.0
   ]
  ]
 ],
 "skeleton_percentage": [
  100
 ],
 "angle": [
  85
 ]
}