{
 "frame_index": 749,
 "skeletons": [
  [
   [
    1083.9212646484375,
    372.09930419921875,
    0.974
   ],
   [
    1099.663330078125,
    341.13262939453125,
    0.972
   ],
   [
    1056.78173828125,
    360.9542541503906,
    0.889
   ],
   [
    1145.716552734375,
    354.28143310546875,
    0.901
   ],
   [
    1047.9688720703125,
    400.97186279296875,
    -1.0
   ],
   [
    1251.3974609375,
    458.3918151855469,
    0.973
   ],
   [
    1066.51220703125,
    537.864990234375,
    0.951
   ],
   [
    1387.60302734375,
    591.9747314453125,
    0.872
   ],
   [
    1055.0936279296875,
    719.3154296875,
    0.707
   ],
   [
    1385.60791015625,
    589.7080078125,
    0.813
   ],
   [
    1037.249755859375,
    690.9012451171875,
    0.639
   ],
   [
    1288.54052734375,
    755.2274780273438,
    0.619
   ],
   [
    1168.0328369140625,
    784.6202392578125,
    0.545
   ],
   [
    1268.2254638671875,
    686.56689453125,
    -1.0
   ],
   [
    1103.6099853515625,
    724.0732421875,
    -1.0
   ],
   [
    1285.2218017578125,
    754.6268310546875,
    -1.0
   ],
   [
    1120.416748046875,
    795.184814453125,
    -1.0
   ]
  ]
 ],
 "skeleton_percentage": [
  100
 ],
 "angle": [
  82
 ]
}