{
 "frame_index": 750,
 "skeletons": [
  [
   [
    1083.933349609375,
    372.0025634765625,
    0.974
   ],
   [
    1099.64990234375,
    341.17718505859375,
    0.973
   ],
   [
    1056.8634033203125,
    360.907470703125,
    0.891
   ],
   [
    1145.76904296875,
    354.3483581542969,
    0.902
   ],
   [
    1047.8369140625,
    400.8302307128906,
    -1.0
   ],
   [
    1252.533447265625,
    458.75933837890625,
    0.973
   ],
   [
    1066.3175048828125,
    537.7682495117188,
    0.951
   ],
   [
    1389.2261962890625,
    592.9400024414062,
    0.871
   ],
   [
    1056.255126953125,
    717.0587158203125,
    0.706
   ],
   [
    1382.9462890625,
    598.005126953125,
    0.809
   ],
   [
    1038.757080078125,
    687.0957641601562,
    0.636
   ],
   [
    1291.5418701171875,
    755.06298828125,
    0.607
   ],
   [
    1169.451904296875,
    784.1939697265625,
    0.533
   ],
   [
    1274.8455810546875,
    686.9794921875,
    -1.0
   ],
   [
    1105.1751708984375,
    724.2588500976562,
    -1.0
   ],
   [
    1293.53076171875,
    751.0658569335938,
    -1.0
   ],
   [
    1122.095703125,
    790.154296875,
    -1.0
   ]
  ]
 ],
 "skeleton_percentage": [
  100
 ],
 "angle": [
  81
 ]
}