{
 "frame_index": 751,
 "skeletons": [
  [
   [
    1088.498291015625,
    368.8340148925781,
    0.973
   ],
   [
    1104.4334716796875,
    339.2764892578125,
    0.972
   ],
   [
    1061.350830078125,
    358.0853576660156,
    0.891
   ],
   [
    1149.54443359375,
    352.9942626953125,
    0.905
   ],
   [
    1050.710205078125,
    397.4100036621094,
    -1.0
   ],
   [
    1255.1534423828125,
    458.27264404296875,
    0.975
   ],
   [
    1066.5491943359375,
    530.8600463867188,
    0.949
   ],
   [
    1393.513671875,
    590.5890502929688,
    0.879
   ],
   [
    1059.79541015625,
    699.3082275390625,
    0.692
   ],
   [
    1385.1610107421875,
    637.573974609375,
    0.792
   ],
   [
    1042.28564453125,
    704.323486328125,
    0.593
   ],
   [
    1292.5567626953125,
    764.7984619140625,
    0.618
   ],
   [
    1166.81689453125,
    791.9474487304688,
    0.53
   ],
   [
    1297.6090087890625,
    731.9327392578125,
    -1.0
   ],
   [
    1117.4266357421875,
    766.3449096679688,
    -1.0
   ],
   [
    1321.787841796875,
    771.1638793945312,
    -1.0
   ],
   [
    1133.7032470703125,
    807.7380981445312,
    -1.0
   ]
  ]
 ],
 "skeleton_percentage": [
  100
 ],
 "angle": [
  81
 ]
}