{
 "frame_index": 752,
 "skeletons": [
  [
   [
    1087.594482421875,
    368.4240417480469,
    0.984
   ],
   [
    1103.755615234375,
    339.9012451171875,
    0.977
   ],
   [
    1062.25048828125,
    360.02880859375,
    0.942
   ],
   [
    1150.7696533203125,
    351.67852783203125,
    0.9
   ],
   [
    1053.810546875,
    399.1474914550781,
    0.52
   ],
   [
    1246.097412109375,
    449.8158874511719,
    0.974
   ],
   [
    1074.836181640625,
    529.4988403320312,
    0.978
   ],
   [
    1374.0430908203125,
    569.9100341796875,
    0.82
   ],
   [
    1067.99072265625,
    704.0634765625,
    0.83
   ],
   [
    1369.0316162109375,
    572.9715576171875,
    0.762
   ],
   [
    1039.908203125,
    718.4500732421875,
    0.728
   ],
   [
    1275.8653564453125,
    709.5020751953125,
    0.775
   ],
   [
    1171.136474609375,
    734.2440185546875,
    0.799
   ],
   [
    1190.8414306640625,
    745.3485107421875,
    -1.0
   ],
   [
    1083.1629638671875,
    774.30224609375,
    -1.0
   ],
   [
    1202.06982421875,
    811.8920288085938,
    -1.0
   ],
   [
    1127.6383056640625,
    842.2017822265625,
    -1.0
   ]
  ]
 ],
 "skeleton_percentage": [
  100
 ],
 "angle": [
  89
 ]
}