{
 "frame_index": 753,
 "skeletons": [
  [
   [
    1087.75146484375,
    365.9326171875,
    0.983
   ],
   [
    1104.725830078125,
    337.974609375,
    0.977
   ],
   [
    1063.222900390625,
    355.92523193359375,
    0.935
   ],
   [
    1152.727783203125,
    351.81414794921875,
    0.901
   ],
   [
    1054.242431640625,
    393.42669677734375,
    -1.0
   ],
   [
    1253.8441162109375,
    458.3255615234375,
    0.975
   ],
   [
    1067.08642578125,
    528.3218383789062,
    0.969
   ],
   [
    1384.285888671875,
    591.5553588867188,
    0.854
   ],
   [
    1061.4874267578125,
    700.436279296875,
    0.792
   ],
   [
    1379.6707763671875,
    624.9269409179688,
    0.774
   ],
   [
    1036.250244140625,
    729.0364379882812,
    0.682
   ],
   [
    1289.7039794921875,
    751.3187255859375,
    0.691
   ],
   [
    1166.308349609375,
    775.3919677734375,
    0.674
   ],
   [
    1272.4599609375,
    780.8300170898438,
    -1.0
   ],
   [
    1102.30810546875,
    808.241943359375,
    -1.0
   ],
   [
    1291.971435546875,
    818.1630859375,
    -1.0
   ],
   [
    1124.9798583984375,
    844.522705078125,
    -1.0
   ]
  ]
 ],
 "skeleton_percentage": [
  100
 ],
 "angle": [
  82
 ]
}