{
 "frame_index": 754,
 "skeletons": [
  [
   [
    1086.0306396484375,
    366.4190368652344,
    0.985
   ],
   [
    1104.017578125,
    337.91375732421875,
    0.978
   ],
   [
    1060.302734375,
    356.3497009277344,
    0.943
   ],
   [
    1154.202392578125,
    352.5520935058594,
    0.895
   ],
   [
    1050.4202880859375,
    394.466796875,
    -1.0
   ],
   [
    1248.5186767578125,
    457.263916015625,
    0.975
   ],
   [
    1070.13916015625,
    526.0751342773438,
    0.977
   ],
   [
    1383.305908203125,
    601.6488037109375,
    0.851
   ],
   [
    1059.7374267578125,
    705.3787841796875,
    0.846
   ],
   [
    1383.0589599609375,
    611.3106689453125,
    0.789
   ],
   [
    1065.2486572265625,
    679.1406860351562,
    0.766
   ],
   [
    1302.47802734375,
    739.7704467773438,
    0.749
   ],
   [
    1183.1318359375,
    765.70947265625,
    0.762
   ],
   [
    1305.634033203125,
    767.4447021484375,
    -1.0
   ],
   [
    1134.9627685546875,
    796.1325073242188,
    -1.0
   ],
   [
    1354.5167236328125,
    803.4912109375,
    -1.0
   ],
   [
    1157.47998046875,
    829.0482788085938,
    -1.0
   ]
  ]
 ],
 "skeleton_percentage": [
  100
 ],
 "angle": [
  84
 ]
}