{
 "frame_index": 755,
 "skeletons": [
  [
   [
    1086.328369140625,
    366.2476501464844,
    0.985
   ],
   [
    1104.549560546875,
    338.01751708984375,
    0.978
   ],
   [
    1060.4521484375,
    355.84002685546875,
    0.943
   ],
   [
    1154.36376953125,
    353.1030578613281,
    0.897
   ],
   [
    1049.94140625,
    393.85015869140625,
    -1.0
   ],
   [
    1249.542236328125,
    459.2751159667969,
    0.975
   ],
   [
    1069.2584228515625,
    525.670654296875,
    0.976
   ],
   [
    1385.1463623046875,
    603.5978393554688,
    0.854
   ],
   [
    1059.0770263671875,
    704.5875244140625,
    0.843
   ],
   [
    1384.143798828125,
    615.5206298828125,
    0.788
   ],
   [
    1062.388671875,
    690.5879516601562,
    0.757
   ],
   [
    1300.4732666015625,
    748.614501953125,
    0.747
   ],
   [
    1179.5994873046875,
    773.0007934570312,
    0.757
   ],
   [
    1300.3773193359375,
    792.3519287109375,
    -1.0
   ],
   [
    1128.12841796875,
    818.247314453125,
    -1.0
   ],
   [
    1344.5152587890625,
    825.3150634765625,
    -1.0
   ],
   [
    1145.9617919921875,
    848.9042358398438,
    -1.0
   ]
  ]
 ],
 "skeleton_percentage": [
  100
 ],
 "angle": [
  83
 ]
}