{
 "frame_index": 756,
 "skeletons": [
  [
   [
    1084.0631103515625,
    363.6257629394531,
    0.985
   ],
   [
    1101.6661376953125,
    336.4794921875,
    0.979
   ],
   [
    1058.911376953125,
    353.6768798828125,
    0.947
   ],
   [
    1150.482666015625,
    354.249755859375,
    0.895
   ],
   [
    1048.3028564453125,
    393.333984375,
    0.525
   ],
   [
    1248.36669921875,
    460.13726806640625,
    0.975
   ],
   [
    1057.2886962890625,
    524.3233032226562,
    0.975
   ],
   [
    1384.5592041015625,
    602.5621948242188,
    0.848
   ],
   [
    1044.3438720703125,
    703.75634765625,
    0.832
   ],
   [
    1380.2110595703125,
    623.8768310546875,
    0.784
   ],
   [
    1086.064453125,
    702.1787719726562,
    0.751
   ],
   [
    1297.4674072265625,
    737.9254760742188,
    0.657
   ],
   [
    1170.2236328125,
    763.896240234375,
    0.664
   ],
   [
    1317.563232421875,
    722.1350708007812,
    -1.0
   ],
   [
    1140.6837158203125,
    749.6451416015625,
    -1.0
   ],
   [
    1355.2430419921875,
    757.445068359375,
    -1.0
   ],
   [
    1164.8309326171875,
    782.5250244140625,
    -1.0
   ]
  ]
 ],
 "skeleton_percentage": [
  100
 ],
 "angle": [
  82
 ]
}