{
 "frame_index": 757,
 "skeletons": [
  [
   [
    1086.764892578125,
    364.1152038574219,
    0.98
   ],
   [
    1103.8709716796875,
    335.72802734375,
    0.976
   ],
   [
    1058.340576171875,
    352.2177734375,
    0.927
   ],
   [
    1147.3095703125,
    352.84814453125,
    0.899
   ],
   [
    1044.1439208984375,
    391.4512939453125,
    0.505
   ],
   [
    1248.5596923828125,
    462.28753662109375,
    0.979
   ],
   [
    1044.017822265625,
    523.6728515625,
    0.967
   ],
   [
    1371.8536376953125,
    595.63525390625,
    0.888
   ],
   [
    1032.8145751953125,
    696.2931518554688,
    0.785
   ],
   [
    1405.1358642578125,
    606.9820556640625,
    0.813
   ],
   [
    1058.4422607421875,
    689.671630859375,
    0.696
   ],
   [
    1287.3414306640625,
    768.4996337890625,
    0.701
   ],
   [
    1148.999755859375,
    796.8001708984375,
    0.653
   ],
   [
    1333.31494140625,
    770.0553588867188,
    -1.0
   ],
   [
    1126.2689208984375,
    807.0646362304688,
    -1.0
   ],
   [
    1349.439697265625,
    817.117919921875,
    -1.0
   ],
   [
    1132.6593017578125,
    864.9669799804688,
    -1.0
   ]
  ]
 ],
 "skeleton_percentage": [
  100
 ],
 "angle": [
  80
 ]
}