{
 "frame_index": 758,
 "skeletons": [
  [
   [
    1077.5087890625,
    367.5767822265625,
    0.981
   ],
   [
    1093.3931884765625,
    338.26312255859375,
    0.98
   ],
   [
    1050.4129638671875,
    357.05194091796875,
    0.93
   ],
   [
    1140.0233154296875,
    350.3671875,
    0.922
   ],
   [
    1041.5986328125,
    391.93817138671875,
    0.532
   ],
   [
    1241.0654296875,
    460.3109130859375,
    0.98
   ],
   [
    1042.6943359375,
    520.621337890625,
    0.965
   ],
   [
    1351.667724609375,
    594.9335327148438,
    0.89
   ],
   [
    1005.2607421875,
    689.7939453125,
    0.747
   ],
   [
    1381.6385498046875,
    602.197998046875,
    0.797
   ],
   [
    1012.2850341796875,
    673.7433471679688,
    0.638
   ],
   [
    1264.09423828125,
    760.221435546875,
    0.676
   ],
   [
    1129.75390625,
    786.5797119140625,
    0.598
   ],
   [
    1306.751708984375,
    753.562255859375,
    -1.0
   ],
   [
    1088.34814453125,
    791.2276611328125,
    -1.0
   ],
   [
    1327.3294677734375,
    779.9044189453125,
    -1.0
   ],
   [
    1065.6326904296875,
    834.9815673828125,
    -1.0
   ]
  ]
 ],
 "skeleton_percentage": [
  100
 ],
 "angle": [
  80
 ]
}