{
 "frame_index": 759,
 "skeletons": [
  [
   [
    1077.46533203125,
    367.80328369140625,
    0.98
   ],
   [
    1093.3009033203125,
    338.421630859375,
    0.98
   ],
   [
    1050.37841796875,
    357.24755859375,
    0.929
   ],
   [
    1139.9552001953125,
    350.300537109375,
    0.922
   ],
   [
    1041.6016845703125,
    391.94488525390625,
    0.528
   ],
   [
    1241.314453125,
    459.99920654296875,
    0.98
   ],
   [
    1042.8660888671875,
    520.2003173828125,
    0.964
   ],
   [
    1351.98095703125,
    594.5406494140625,
    0.889
   ],
   [
    1005.1500244140625,
    688.7532958984375,
    0.743
   ],
   [
    1381.2041015625,
    603.2819213867188,
    0.795
   ],
   [
    1011.7034912109375,
    672.6978759765625,
    0.633
   ],
   [
    1264.5208740234375,
    760.2418212890625,
    0.677
   ],
   [
    1129.92529296875,
    786.5185546875,
    0.597
   ],
   [
    1307.95263671875,
    754.4053344726562,
    -1.0
   ],
   [
    1088.12890625,
    792.0441284179688,
    -1.0
   ],
   [
    1328.80859375,
    781.1856079101562,
    -1.0
   ],
   [
    1064.52001953125,
    836.19677734375,
    -1.0
   ]
  ]
 ],
 "skeleton_percentage": [
  100
 ],
 "angle": [
  80
 ]
}