{
 "frame_index": 760,
 "skeletons": [
  [
   [
    1073.7205810546875,
    363.57470703125,
    0.984
   ],
   [
    1088.93896484375,
    337.5797119140625,
    0.974
   ],
   [
    1050.01025390625,
    352.56243896484375,
    0.944
   ],
   [
    1130.54833984375,
    350.47674560546875,
    0.879
   ],
   [
    1036.1488037109375,
    385.5896301269531,
    0.57
   ],
   [
    1225.873291015625,
    459.3467102050781,
    0.978
   ],
   [
    1019.2142333984375,
    518.2955932617188,
    0.978
   ],
   [
    1348.699951171875,
    594.5391845703125,
    0.872
   ],
   [
    1002.6302490234375,
    693.137939453125,
    0.849
   ],
   [
    1360.986572265625,
    615.8067016601562,
    0.813
   ],
   [
    1039.9227294921875,
    687.7276000976562,
    0.766
   ],
   [
    1231.5390625,
    741.28662109375,
    0.705
   ],
   [
    1095.029052734375,
    763.0325317382812,
    0.701
   ],
   [
    1229.32177734375,
    768.7979736328125,
    -1.0
   ],
   [
    1046.829345703125,
    798.0662841796875,
    -1.0
   ],
   [
    1226.53173828125,
    810.7124633789062,
    -1.0
   ],
   [
    1051.7919921875,
    840.3140869140625,
    -1.0
   ]
  ]
 ],
 "skeleton_percentage": [
  100
 ],
 "angle": [
  80
 ]
}