{
 "frame_index": 761,
 "skeletons": [
  [
   [
    1063.328857421875,
    358.027587890625,
    0.984
   ],
   [
    1081.93212890625,
    335.1383972167969,
    0.977
   ],
   [
    1040.833251953125,
    346.2120056152344,
    0.932
   ],
   [
    1123.64990234375,
    352.9767150878906,
    0.908
   ],
   [
    1026.769287109375,
    380.0466613769531,
    -1.0
   ],
   [
    1209.2498779296875,
    463.8619079589844,
    0.988
   ],
   [
    1008.9453125,
    507.7459716796875,
    0.976
   ],
   [
    1315.982666015625,
    589.4371337890625,
    0.933
   ],
   [
    983.4620361328125,
    676.2818603515625,
    0.834
   ],
   [
    1349.34423828125,
    597.0458984375,
    0.889
   ],
   [
    976.0881958007812,
    738.3193359375,
    0.746
   ],
   [
    1180.51513671875,
    731.4152221679688,
    0.899
   ],
   [
    1054.3406982421875,
    743.4451904296875,
    0.863
   ],
   [
    1124.845703125,
    864.6875,
    -1.0
   ],
   [
    989.676513671875,
    880.8463134765625,
    -1.0
   ],
   [
    1091.5948486328125,
    925.747314453125,
    -1.0
   ],
   [
    991.0052490234375,
    952.382568359375,
    -1.0
   ]
  ]
 ],
 "skeleton_percentage": [
  100
 ],
 "angle": [
  84
 ]
}