{
 "frame_index": 762,
 "skeletons": [
  [
   [
    1063.4945068359375,
    357.9945068359375,
    0.985
   ],
   [
    1082.116943359375,
    335.306396484375,
    0.977
   ],
   [
    1041.29638671875,
    346.25238037109375,
    0.933
   ],
   [
    1123.92431640625,
    353.2845153808594,
    0.907
   ],
   [
    1027.255615234375,
    380.02825927734375,
    -1.0
   ],
   [
    1209.865478515625,
    463.6981201171875,
    0.988
   ],
   [
    1008.5556640625,
    507.56658935546875,
    0.978
   ],
   [
    1316.9007568359375,
    589.7360229492188,
    0.933
   ],
   [
    982.168212890625,
    675.6661376953125,
    0.848
   ],
   [
    1347.088134765625,
    598.954833984375,
    0.89
   ],
   [
    972.6754760742188,
    738.6331787109375,
    0.76
   ],
   [
    1183.0535888671875,
    730.2467651367188,
    0.892
   ],
   [
    1055.1829833984375,
    742.2449340820312,
    0.86
   ],
   [
    1130.9356689453125,
    850.3269653320312,
    -1.0
   ],
   [
    987.3942260742188,
    865.8760986328125,
    -1.0
   ],
   [
    1103.393310546875,
    904.5913696289062,
    -1.0
   ],
   [
    990.908935546875,
    929.6876220703125,
    -1.0
   ]
  ]
 ],
 "skeleton_percentage": [
  100
 ],
 "angle": [
  83
 ]
}