{
 "frame_index": 763,
 "skeletons": [
  [
   [
    1052.620849609375,
    358.35443115234375,
    0.987
   ],
   [
    1069.0699462890625,
    335.34381103515625,
    0.976
   ],
   [
    1029.3555908203125,
    345.85504150390625,
    0.948
   ],
   [
    1106.5445556640625,
    351.7131042480469,
    0.884
   ],
   [
    1011.498046875,
    377.6004638671875,
    0.579
   ],
   [
    1190.388671875,
    466.37286376953125,
    0.989
   ],
   [
    990.8477783203125,
    500.14678955078125,
    0.984
   ],
   [
    1291.03857421875,
    589.4473266601562,
    0.943
   ],
   [
    966.025390625,
    653.1489868164062,
    0.9
   ],
   [
    1357.451416015625,
    606.0481567382812,
    0.904
   ],
   [
    943.5733642578125,
    737.2000732421875,
    0.828
   ],
   [
    1175.116943359375,
    733.9658203125,
    0.913
   ],
   [
    1043.097412109375,
    745.1600341796875,
    0.896
   ],
   [
    1158.87109375,
    834.7235107421875,
    -1.0
   ],
   [
    974.2879028320312,
    850.9210205078125,
    -1.0
   ],
   [
    1147.786376953125,
    885.7963256835938,
    -1.0
   ],
   [
    976.76611328125,
    921.0752563476562,
    -1.0
   ]
  ]
 ],
 "skeleton_percentage": [
  100
 ],
 "angle": [
  85
 ]
}