{
 "frame_index": 764,
 "skeletons": [
  [
   [
    1037.91259765625,
    358.364501953125,
    0.989
   ],
   [
    1056.9615478515625,
    336.40509033203125,
    0.98
   ],
   [
    1015.3541259765625,
    342.2229309082031,
    0.95
   ],
   [
    1094.606201171875,
    355.5552978515625,
    0.889
   ],
   [
    994.6002197265625,
    370.2349853515625,
    0.565
   ],
   [
    1174.6553955078125,
    471.4878845214844,
    0.989
   ],
   [
    966.043701171875,
    499.4599914550781,
    0.981
   ],
   [
    1285.98388671875,
    580.955322265625,
    0.942
   ],
   [
    926.732421875,
    645.265869140625,
    0.864
   ],
   [
    1346.3470458984375,
    612.9393920898438,
    0.907
   ],
   [
    956.393798828125,
    697.5831909179688,
    0.804
   ],
   [
    1146.4696044921875,
    758.5900268554688,
    0.93
   ],
   [
    1012.56005859375,
    767.5706176757812,
    0.904
   ],
   [
    1114.2696533203125,
    910.9290771484375,
    -1.0
   ],
   [
    963.861083984375,
    924.4383544921875,
    -1.0
   ],
   [
    1085.65087890625,
    1017.4091796875,
    -1.0
   ],
   [
    950.8433837890625,
    1037.257568359375,
    -1.0
   ]
  ],
  [
   [
    1037.85107421875,
    359.138916015625,
    0.987
   ],
   [
    1058.502685546875,
    337.87255859375,
    0.975
   ],
   [
    1016.004638671875,
    343.05291748046875,
    0.948
   ],
   [
    1098.2451171875,
    355.65667724609375,
    0.882
   ],
   [
    995.6424560546875,
    368.1561584472656,
    0.595
   ],
   [
    1171.8631591796875,
    479.0796203613281,
    0.991
   ],
   [
    967.7603759765625,
    491.441162109375,
    0.985
   ],
   [
    1268.7164306640625,
    601.318359375,
    0.941
   ],
   [
    930.8250732421875,
    642.4359130859375,
    0.893
   ],
   [
    1345.383056640625,
    607.4573974609375,
    0.907
   ],
   [
    958.6301879882812,
    705.359130859375,
    0.834
   ],
   [
    1128.9638671875,
    748.7924194335938,
    0.961
   ],
   [
    999.015380859375,
    748.52880859375,
    0.952
   ],
   [
    1058.6300048828125,
    931.3500366210938,
    0.674
   ],
   [
    920.2476196289062,
    934.2821044921875,
    0.628
   ],
   [
    1018.430908203125,
    1002.4371337890625,
    -1.0
   ],
   [
    910.44287109375,
    1022.7442016601562,
    -1.0
   ]
  ]
 ],
 "skeleton_percentage": [
  100,
  100
 ],
 "angle": [
  84,
  120
 ]
}