{
 "frame_index": 765,
 "skeletons": [
  [
   [
    1037.760986328125,
    358.2781677246094,
    0.988
   ],
   [
    1056.537353515625,
    336.42791748046875,
    0.98
   ],
   [
    1015.528564453125,
    342.1649169921875,
    0.949
   ],
   [
    1094.001220703125,
    355.8049621582031,
    0.884
   ],
   [
    994.3837890625,
    370.1466064453125,
    0.556
   ],
   [
    1174.6328125,
    470.9548645019531,
    0.988
   ],
   [
    964.6865844726562,
    500.81036376953125,
    0.979
   ],
   [
    1287.7574462890625,
    581.59375,
    0.94
   ],
   [
    925.92431640625,
    648.7515258789062,
    0.854
   ],
   [
    1343.4903564453125,
    613.984619140625,
    0.901
   ],
   [
    953.3919067382812,
    697.5828857421875,
    0.79
   ],
   [
    1156.198486328125,
    756.3110961914062,
    0.911
   ],
   [
    1018.2890625,
    767.1781005859375,
    0.875
   ],
   [
    1146.104736328125,
    883.3009033203125,
    -1.0
   ],
   [
    971.998779296875,
    897.93603515625,
    -1.0
   ],
   [
    1131.666015625,
    977.9552001953125,
    -1.0
   ],
   [
    959.364013671875,
    996.0529174804688,
    -1.0
   ]
  ]
 ],
 "skeleton_percentage": [
  100
 ],
 "angle": [
  85
 ]
}