{
 "frame_index": 766,
 "skeletons": [
  [
   [
    1009.926025390625,
    353.8389892578125,
    0.987
   ],
   [
    1034.3214111328125,
    333.654052734375,
    0.978
   ],
   [
    988.3321533203125,
    337.42010498046875,
    0.938
   ],
   [
    1074.78857421875,
    358.8609924316406,
    0.905
   ],
   [
    968.6685791015625,
    369.5760498046875,
    0.511
   ],
   [
    1145.2393798828125,
    466.0124816894531,
    0.989
   ],
   [
    945.271484375,
    498.61444091796875,
    0.987
   ],
   [
    1244.826904296875,
    584.98681640625,
    0.946
   ],
   [
    884.3319091796875,
    627.7214965820312,
    0.918
   ],
   [
    1298.5572509765625,
    624.8751220703125,
    0.92
   ],
   [
    819.964111328125,
    562.4512329101562,
    0.88
   ],
   [
    1115.086181640625,
    733.3580932617188,
    0.957
   ],
   [
    991.693603515625,
    738.88818359375,
    0.952
   ],
   [
    1028.4677734375,
    868.7865600585938,
    0.601
   ],
   [
    908.2821044921875,
    885.1834716796875,
    0.565
   ],
   [
    984.0609130859375,
    980.0110473632812,
    -1.0
   ],
   [
    898.04931640625,
    982.4558715820312,
    -1.0
   ]
  ]
 ],
 "skeleton_percentage": [
  100
 ],
 "angle": [
  125
 ]
}