{
 "frame_index": 767,
 "skeletons": [
  [
   [
    1010.58837890625,
    352.8265686035156,
    0.986
   ],
   [
    1034.919189453125,
    332.84539794921875,
    0.977
   ],
   [
    988.5547485351562,
    336.7551574707031,
    0.932
   ],
   [
    1075.2781982421875,
    358.80303955078125,
    0.903
   ],
   [
    968.2369384765625,
    369.8912353515625,
    -1.0
   ],
   [
    1144.8912353515625,
    466.4971923828125,
    0.989
   ],
   [
    945.295166015625,
    497.96624755859375,
    0.986
   ],
   [
    1242.0625,
    586.7198486328125,
    0.947
   ],
   [
    884.5743408203125,
    628.308349609375,
    0.907
   ],
   [
    1300.136474609375,
    623.0804443359375,
    0.92
   ],
   [
    823.9840087890625,
    565.4613037109375,
    0.867
   ],
   [
    1114.7635498046875,
    732.4808349609375,
    0.956
   ],
   [
    992.1986083984375,
    737.9886474609375,
    0.948
   ],
   [
    1027.2757568359375,
    873.3440551757812,
    0.595
   ],
   [
    912.7000732421875,
    889.9532470703125,
    0.544
   ],
   [
    981.207763671875,
    981.060546875,
    -1.0
   ],
   [
    903.0343017578125,
    986.1282958984375,
    -1.0
   ]
  ],
  [
   [
    1011.6046142578125,
    352.609130859375,
    0.988
   ],
   [
    1035.364990234375,
    332.4248962402344,
    0.981
   ],
   [
    989.8575439453125,
    336.42926025390625,
    0.937
   ],
   [
    1076.3248291015625,
    358.6469421386719,
    0.909
   ],
   [
    971.6964111328125,
    370.2137145996094,
    -1.0
   ],
   [
    1150.6512451171875,
    464.876220703125,
    0.989
   ],
   [
    946.7591552734375,
    499.34649658203125,
    0.982
   ],
   [
    1248.181396484375,
    582.1533203125,
    0.949
   ],
   [
    882.24755859375,
    632.8468017578125,
    0.878
   ],
   [
    1310.157470703125,
    621.3836669921875,
    0.91
   ],
   [
    807.6121215820312,
    564.0633544921875,
    0.831
   ],
   [
    1121.622802734375,
    744.1751708984375,
    0.945
   ],
   [
    989.6358642578125,
    752.3060302734375,
    0.926
   ],
   [
    1091.08544921875,
    862.40087890625,
    -1.0
   ],
   [
    916.774658203125,
    882.1544189453125,
    -1.0
   ],
   [
    1065.9661865234375,
    989.076416015625,
    -1.0
   ],
   [
    887.9232788085938,
    996.9095458984375,
    -1.0
   ]
  ]
 ],
 "skeleton_percentage": [
  100,
  100
 ],
 "angle": [
  121,
  79
 ]
}