{
 "frame_index": 768,
 "skeletons": [
  [
   [
    988.8245849609375,
    352.1924743652344,
    0.986
   ],
   [
    1011.9219360351562,
    336.2456359863281,
    0.973
   ],
   [
    969.0703125,
    334.5531005859375,
    0.955
   ],
   [
    1047.447021484375,
    366.30126953125,
    0.834
   ],
   [
    943.4366455078125,
    363.7015686035156,
    0.642
   ],
   [
    1108.5401611328125,
    477.05218505859375,
    0.982
   ],
   [
    901.8696899414062,
    499.43011474609375,
    0.987
   ],
   [
    1198.259521484375,
    589.501953125,
    0.899
   ],
   [
    854.3292846679688,
    653.6043701171875,
    0.908
   ],
   [
    1255.558837890625,
    668.8187866210938,
    0.836
   ],
   [
    837.9591064453125,
    721.6881713867188,
    0.832
   ],
   [
    1108.50927734375,
    748.8511962890625,
    0.944
   ],
   [
    970.799072265625,
    757.4212646484375,
    0.947
   ],
   [
    1108.5330810546875,
    904.045166015625,
    0.54
   ],
   [
    922.2588500976562,
    913.9605102539062,
    0.553
   ],
   [
    1098.538330078125,
    1010.9320678710938,
    -1.0
   ],
   [
    918.680908203125,
    1006.12060546875,
    -1.0
   ]
  ]
 ],
 "skeleton_percentage": [
  100
 ],
 "angle": [
  128
 ]
}