{
 "frame_index": 769,
 "skeletons": [
  [
   [
    955.3555297851562,
    348.0616149902344,
    0.987
   ],
   [
    977.7947998046875,
    328.61798095703125,
    0.978
   ],
   [
    937.928955078125,
    330.0264587402344,
    0.952
   ],
   [
    1018.667724609375,
    354.85821533203125,
    0.865
   ],
   [
    921.71142578125,
    358.0278625488281,
    0.575
   ],
   [
    1086.4871826171875,
    474.28985595703125,
    0.979
   ],
   [
    874.5693359375,
    504.3900146484375,
    0.983
   ],
   [
    1180.489013671875,
    603.775390625,
    0.891
   ],
   [
    809.9398193359375,
    678.132568359375,
    0.884
   ],
   [
    1247.796142578125,
    668.113525390625,
    0.815
   ],
   [
    806.7577514648438,
    740.4957275390625,
    0.788
   ],
   [
    1090.495849609375,
    755.677001953125,
    0.853
   ],
   [
    945.4202270507812,
    770.9508056640625,
    0.852
   ],
   [
    1140.3170166015625,
    868.41796875,
    -1.0
   ],
   [
    913.2255249023438,
    885.4393310546875,
    -1.0
   ],
   [
    1173.0706787109375,
    952.5027465820312,
    -1.0
   ],
   [
    916.9178466796875,
    958.972412109375,
    -1.0
   ]
  ]
 ],
 "skeleton_percentage": [
  100
 ],
 "angle": [
  50
 ]
}