{
 "frame_index": 770,
 "skeletons": [
  [
   [
    928.404296875,
    350.4969482421875,
    0.989
   ],
   [
    951.080810546875,
    331.0853271484375,
    0.97
   ],
   [
    909.4740600585938,
    330.7602233886719,
    0.968
   ],
   [
    988.181884765625,
    354.1983642578125,
    0.826
   ],
   [
    887.8390502929688,
    353.7212219238281,
    0.745
   ],
   [
    1058.7764892578125,
    480.66339111328125,
    0.987
   ],
   [
    840.5117797851562,
    498.9007873535156,
    0.993
   ],
   [
    1145.7427978515625,
    625.1385498046875,
    0.904
   ],
   [
    782.3140869140625,
    680.69140625,
    0.946
   ],
   [
    1176.95654296875,
    701.9545288085938,
    0.842
   ],
   [
    773.1888427734375,
    838.78173828125,
    0.872
   ],
   [
    1052.2958984375,
    780.55859375,
    0.966
   ],
   [
    910.234619140625,
    789.0863037109375,
    0.974
   ],
   [
    1058.7615966796875,
    994.0405883789062,
    0.603
   ],
   [
    887.6732177734375,
    996.1527099609375,
    0.655
   ],
   [
    1047.2724609375,
    1080.0,
    -1.0
   ],
   [
    898.3475341796875,
    1080.0,
    -1.0
   ]
  ]
 ],
 "skeleton_percentage": [
  100
 ],
 "angle": [
  174
 ]
}