{
 "frame_index": 771,
 "skeletons": [
  [
   [
    928.449462890625,
    350.26153564453125,
    0.989
   ],
   [
    951.1805419921875,
    330.973876953125,
    0.97
   ],
   [
    909.5869140625,
    330.5032653808594,
    0.969
   ],
   [
    988.33837890625,
    354.5303955078125,
    0.826
   ],
   [
    887.8987426757812,
    353.706787109375,
    0.747
   ],
   [
    1059.663330078125,
    481.3187255859375,
    0.987
   ],
   [
    839.8619384765625,
    498.81396484375,
    0.993
   ],
   [
    1146.6971435546875,
    626.9589233398438,
    0.903
   ],
   [
    781.866943359375,
    680.50732421875,
    0.947
   ],
   [
    1175.35986328125,
    703.2443237304688,
    0.84
   ],
   [
    772.8777465820312,
    837.7122802734375,
    0.873
   ],
   [
    1053.576171875,
    780.4327392578125,
    0.964
   ],
   [
    910.001953125,
    788.7471923828125,
    0.973
   ],
   [
    1064.736328125,
    987.9541625976562,
    0.593
   ],
   [
    888.6875610351562,
    989.4992065429688,
    0.649
   ],
   [
    1054.1409912109375,
    1077.3431396484375,
    -1.0
   ],
   [
    899.045166015625,
    1075.2286376953125,
    -1.0
   ]
  ]
 ],
 "skeleton_percentage": [
  100
 ],
 "angle": [
  174
 ]
}