{
 "frame_index": 772,
 "skeletons": [
  [
   [
    908.5440673828125,
    340.5099792480469,
    0.99
   ],
   [
    928.466064453125,
    322.67279052734375,
    0.975
   ],
   [
    890.4410400390625,
    322.4784851074219,
    0.972
   ],
   [
    961.3404541015625,
    348.369140625,
    0.855
   ],
   [
    868.29541015625,
    348.6566162109375,
    0.782
   ],
   [
    1037.234619140625,
    472.1366271972656,
    0.99
   ],
   [
    808.1090698242188,
    491.6834716796875,
    0.994
   ],
   [
    1107.892333984375,
    621.845947265625,
    0.921
   ],
   [
    744.4808349609375,
    660.3656616210938,
    0.956
   ],
   [
    1133.3544921875,
    724.0125122070312,
    0.859
   ],
   [
    784.412109375,
    708.2268676757812,
    0.905
   ],
   [
    1042.6031494140625,
    766.82666015625,
    0.966
   ],
   [
    888.6083984375,
    778.47705078125,
    0.973
   ],
   [
    1088.095458984375,
    962.25732421875,
    0.537
   ],
   [
    883.0380249023438,
    978.0517578125,
    0.599
   ],
   [
    1081.90966796875,
    1074.8184814453125,
    -1.0
   ],
   [
    881.4808959960938,
    1078.5128173828125,
    -1.0
   ]
  ]
 ],
 "skeleton_percentage": [
  100
 ],
 "angle": [
  203
 ]
}