{
 "frame_index": 773,
 "skeletons": [
  [
   [
    894.818359375,
    341.7864990234375,
    0.989
   ],
   [
    914.96435546875,
    322.6725769042969,
    0.965
   ],
   [
    877.0248413085938,
    320.77191162109375,
    0.975
   ],
   [
    945.6552734375,
    345.5006103515625,
    0.781
   ],
   [
    850.828369140625,
    341.3194580078125,
    0.836
   ],
   [
    1009.8729248046875,
    472.8348388671875,
    0.985
   ],
   [
    788.22119140625,
    488.2090759277344,
    0.993
   ],
   [
    1078.461669921875,
    631.1060180664062,
    0.877
   ],
   [
    720.8848876953125,
    667.1533203125,
    0.952
   ],
   [
    1084.78271484375,
    734.7218017578125,
    0.803
   ],
   [
    756.846923828125,
    725.3358154296875,
    0.897
   ],
   [
    1003.6968994140625,
    767.1220092773438,
    0.923
   ],
   [
    849.2239379882812,
    775.405517578125,
    0.948
   ],
   [
    1040.0899658203125,
    942.3034057617188,
    -1.0
   ],
   [
    808.499755859375,
    953.1238403320312,
    -1.0
   ],
   [
    1042.5517578125,
    1040.4063720703125,
    -1.0
   ],
   [
    789.217529296875,
    1034.82275390625,
    -1.0
   ]
  ]
 ],
 "skeleton_percentage": [
  100
 ],
 "angle": [
  239
 ]
}