{
 "frame_index": 774,
 "skeletons": [
  [
   [
    874.8123779296875,
    338.5555725097656,
    0.991
   ],
   [
    894.0196533203125,
    318.4327087402344,
    0.969
   ],
   [
    854.6900634765625,
    317.15020751953125,
    0.977
   ],
   [
    921.3570556640625,
    340.6485595703125,
    0.762
   ],
   [
    824.343017578125,
    336.73126220703125,
    0.852
   ],
   [
    986.81787109375,
    479.19879150390625,
    0.989
   ],
   [
    752.08349609375,
    477.1246032714844,
    0.993
   ],
   [
    1054.8974609375,
    647.4716796875,
    0.907
   ],
   [
    665.993408203125,
    647.520263671875,
    0.936
   ],
   [
    1084.609619140625,
    755.8020629882812,
    0.817
   ],
   [
    690.39599609375,
    722.146728515625,
    0.869
   ],
   [
    978.2722778320312,
    783.4656372070312,
    0.906
   ],
   [
    820.2390747070312,
    790.3408203125,
    0.921
   ],
   [
    1053.8704833984375,
    907.7752075195312,
    -1.0
   ],
   [
    826.5882568359375,
    918.81591796875,
    -1.0
   ],
   [
    1057.601318359375,
    982.9080810546875,
    -1.0
   ],
   [
    838.9649658203125,
    994.7199096679688,
    -1.0
   ]
  ]
 ],
 "skeleton_percentage": [
  100
 ],
 "angle": [
  303
 ]
}