{
 "frame_index": 775,
 "skeletons": [
  [
   [
    860.0462036132812,
    330.0540771484375,
    0.99
   ],
   [
    881.7349853515625,
    311.3374328613281,
    0.978
   ],
   [
    839.4882202148438,
    310.91558837890625,
    0.975
   ],
   [
    912.9310913085938,
    336.7685852050781,
    0.822
   ],
   [
    809.6207885742188,
    336.03118896484375,
    0.769
   ],
   [
    980.1092529296875,
    472.5162353515625,
    0.98
   ],
   [
    743.728515625,
    474.0508117675781,
    0.984
   ],
   [
    1041.07958984375,
    651.36669921875,
    0.841
   ],
   [
    668.5922241210938,
    646.12451171875,
    0.848
   ],
   [
    1052.1513671875,
    751.2379150390625,
    0.678
   ],
   [
    683.5980224609375,
    697.701904296875,
    0.701
   ],
   [
    953.630859375,
    781.1427612304688,
    0.79
   ],
   [
    793.725341796875,
    783.7897338867188,
    0.791
   ],
   [
    1014.3121948242188,
    909.5811767578125,
    -1.0
   ],
   [
    781.0123901367188,
    912.7520141601562,
    -1.0
   ],
   [
    1023.652587890625,
    968.24951171875,
    -1.0
   ],
   [
    776.2674560546875,
    971.0930786132812,
    -1.0
   ]
  ]
 ],
 "skeleton_percentage": [
  100
 ],
 "angle": [
  303
 ]
}