{
 "frame_index": 776,
 "skeletons": [
  [
   [
    860.1124267578125,
    331.3948059082031,
    0.99
   ],
   [
    881.2014770507812,
    311.6893615722656,
    0.972
   ],
   [
    838.8770141601562,
    311.00439453125,
    0.973
   ],
   [
    913.3948974609375,
    336.6163024902344,
    0.807
   ],
   [
    810.233642578125,
    334.5464172363281,
    0.811
   ],
   [
    976.442626953125,
    476.53271484375,
    0.987
   ],
   [
    741.2532348632812,
    474.9923400878906,
    0.99
   ],
   [
    1040.38134765625,
    641.4059448242188,
    0.892
   ],
   [
    658.1121215820312,
    638.49267578125,
    0.918
   ],
   [
    1063.5794677734375,
    743.4376220703125,
    0.798
   ],
   [
    695.5213012695312,
    690.3572998046875,
    0.845
   ],
   [
    958.5372314453125,
    779.6702270507812,
    0.849
   ],
   [
    799.087646484375,
    786.338623046875,
    0.87
   ],
   [
    1039.4097900390625,
    879.647705078125,
    -1.0
   ],
   [
    808.3018798828125,
    892.060546875,
    -1.0
   ],
   [
    1038.98681640625,
    932.7584838867188,
    -1.0
   ],
   [
    815.79931640625,
    946.493896484375,
    -1.0
   ]
  ]
 ],
 "skeleton_percentage": [
  100
 ],
 "angle": [
  304
 ]
}