{
 "frame_index": 777,
 "skeletons": [
  [
   [
    857.3010864257812,
    330.8800048828125,
    0.991
   ],
   [
    878.775634765625,
    311.97003173828125,
    0.971
   ],
   [
    835.1720581054688,
    309.5047607421875,
    0.978
   ],
   [
    908.5076904296875,
    338.9775390625,
    0.751
   ],
   [
    800.189208984375,
    332.6646423339844,
    0.837
   ],
   [
    968.718994140625,
    483.1626892089844,
    0.984
   ],
   [
    732.115478515625,
    474.6754150390625,
    0.988
   ],
   [
    1038.0263671875,
    654.4415283203125,
    0.859
   ],
   [
    655.1486206054688,
    634.903076171875,
    0.899
   ],
   [
    1045.67529296875,
    765.3316040039062,
    0.747
   ],
   [
    685.5552978515625,
    669.3175048828125,
    0.819
   ],
   [
    946.9056396484375,
    801.2452392578125,
    0.816
   ],
   [
    787.1976318359375,
    803.1992797851562,
    0.844
   ],
   [
    1012.845458984375,
    928.661865234375,
    -1.0
   ],
   [
    791.732177734375,
    935.5970458984375,
    -1.0
   ],
   [
    1002.9462890625,
    985.0259399414062,
    -1.0
   ],
   [
    794.1567993164062,
    988.5324096679688,
    -1.0
   ]
  ]
 ],
 "skeleton_percentage": [
  100
 ],
 "angle": [
  304
 ]
}