{
 "frame_index": 778,
 "skeletons": [
  [
   [
    859.131103515625,
    329.03216552734375,
    0.991
   ],
   [
    878.9617919921875,
    311.52459716796875,
    0.966
   ],
   [
    837.5631103515625,
    308.36785888671875,
    0.983
   ],
   [
    905.234619140625,
    340.14630126953125,
    0.659
   ],
   [
    799.397705078125,
    332.25439453125,
    0.869
   ],
   [
    963.1849365234375,
    482.751708984375,
    0.981
   ],
   [
    730.2208251953125,
    472.29144287109375,
    0.987
   ],
   [
    1021.2225952148438,
    657.7241821289062,
    0.84
   ],
   [
    648.3487548828125,
    633.57958984375,
    0.9
   ],
   [
    1040.41650390625,
    774.3123779296875,
    0.703
   ],
   [
    686.5219116210938,
    682.58349609375,
    0.809
   ],
   [
    946.7484741210938,
    784.711669921875,
    0.821
   ],
   [
    785.0218505859375,
    785.43359375,
    0.848
   ],
   [
    1018.333984375,
    942.7062377929688,
    -1.0
   ],
   [
    778.3428955078125,
    946.30517578125,
    -1.0
   ],
   [
    1014.521240234375,
    990.353271484375,
    -1.0
   ],
   [
    751.0150146484375,
    990.2008056640625,
    -1.0
   ]
  ]
 ],
 "skeleton_percentage": [
  100
 ],
 "angle": [
  299
 ]
}