{
 "frame_index": 779,
 "skeletons": [
  [
   [
    861.2373046875,
    330.27410888671875,
    0.991
   ],
   [
    879.998046875,
    313.5096435546875,
    0.962
   ],
   [
    839.5391235351562,
    309.90301513671875,
    0.982
   ],
   [
    902.82666015625,
    342.4160461425781,
    0.606
   ],
   [
    798.8944702148438,
    333.4447021484375,
    0.879
   ],
   [
    956.72509765625,
    484.554931640625,
    0.984
   ],
   [
    726.9580078125,
    471.8835754394531,
    0.987
   ],
   [
    1011.59521484375,
    659.3759765625,
    0.865
   ],
   [
    650.2406005859375,
    633.507568359375,
    0.901
   ],
   [
    1039.697021484375,
    772.5005493164062,
    0.747
   ],
   [
    700.024169921875,
    671.99951171875,
    0.824
   ],
   [
    935.7617797851562,
    789.8641357421875,
    0.833
   ],
   [
    778.6810302734375,
    790.134765625,
    0.85
   ],
   [
    993.9654541015625,
    949.78857421875,
    -1.0
   ],
   [
    778.2491455078125,
    954.8410034179688,
    -1.0
   ],
   [
    977.7750244140625,
    992.8905029296875,
    -1.0
   ],
   [
    755.1101684570312,
    995.2027587890625,
    -1.0
   ]
  ]
 ],
 "skeleton_percentage": [
  100
 ],
 "angle": [
  298
 ]
}