{
 "frame_index": 780,
 "skeletons": [
  [
   [
    862.4351806640625,
    330.65142822265625,
    0.991
   ],
   [
    881.5924072265625,
    314.24365234375,
    0.969
   ],
   [
    839.9708251953125,
    310.59033203125,
    0.983
   ],
   [
    903.769287109375,
    343.5736999511719,
    0.666
   ],
   [
    800.1865234375,
    334.9005126953125,
    0.869
   ],
   [
    956.8143310546875,
    485.25567626953125,
    0.981
   ],
   [
    731.2390747070312,
    465.7123718261719,
    0.984
   ],
   [
    1018.5225219726562,
    668.1968994140625,
    0.836
   ],
   [
    662.8623046875,
    632.4523315429688,
    0.865
   ],
   [
    1025.89453125,
    752.7734375,
    0.688
   ],
   [
    709.3887939453125,
    654.91259765625,
    0.756
   ],
   [
    924.4539184570312,
    798.123046875,
    0.745
   ],
   [
    769.5302734375,
    793.8927612304688,
    0.761
   ],
   [
    1002.9197387695312,
    912.4136352539062,
    -1.0
   ],
   [
    770.846435546875,
    908.2285766601562,
    -1.0
   ],
   [
    1013.0504150390625,
    961.04931640625,
    -1.0
   ],
   [
    753.94140625,
    959.807373046875,
    -1.0
   ]
  ]
 ],
 "skeleton_percentage": [
  100
 ],
 "angle": [
  297
 ]
}