{
 "frame_index": 781,
 "skeletons": [
  [
   [
    860.353759765625,
    330.00201416015625,
    0.991
   ],
   [
    879.2672119140625,
    313.9474182128906,
    0.96
   ],
   [
    839.6537475585938,
    309.8363342285156,
    0.982
   ],
   [
    901.1644287109375,
    343.42071533203125,
    0.602
   ],
   [
    799.8836669921875,
    333.37860107421875,
    0.882
   ],
   [
    953.609375,
    483.6378479003906,
    0.983
   ],
   [
    727.3789672851562,
    471.4495849609375,
    0.988
   ],
   [
    1004.525146484375,
    661.1578369140625,
    0.862
   ],
   [
    656.2916870117188,
    629.7484130859375,
    0.911
   ],
   [
    1022.2098999023438,
    768.3330688476562,
    0.753
   ],
   [
    695.390380859375,
    640.09326171875,
    0.844
   ],
   [
    933.9501953125,
    791.611083984375,
    0.827
   ],
   [
    780.34033203125,
    791.3714599609375,
    0.852
   ],
   [
    984.221435546875,
    951.7681274414062,
    -1.0
   ],
   [
    781.758544921875,
    956.8748779296875,
    -1.0
   ],
   [
    965.8566284179688,
    997.19189453125,
    -1.0
   ],
   [
    768.4937744140625,
    995.2282104492188,
    -1.0
   ]
  ]
 ],
 "skeleton_percentage": [
  100
 ],
 "angle": [
  296
 ]
}