{
 "frame_index": 782,
 "skeletons": [
  [
   [
    858.2947998046875,
    337.38824462890625,
    0.992
   ],
   [
    878.1952514648438,
    320.0299987792969,
    0.97
   ],
   [
    837.9464111328125,
    317.4956970214844,
    0.984
   ],
   [
    903.0404052734375,
    345.828369140625,
    0.684
   ],
   [
    802.1134643554688,
    339.1579895019531,
    0.872
   ],
   [
    954.9847412109375,
    486.5470275878906,
    0.982
   ],
   [
    728.1531982421875,
    471.8643493652344,
    0.988
   ],
   [
    1003.5814819335938,
    664.3342895507812,
    0.842
   ],
   [
    651.4219970703125,
    626.9398193359375,
    0.899
   ],
   [
    1012.5811767578125,
    769.5443115234375,
    0.718
   ],
   [
    691.611083984375,
    633.69482421875,
    0.818
   ],
   [
    916.805419921875,
    797.503173828125,
    0.855
   ],
   [
    764.3233642578125,
    794.3148193359375,
    0.879
   ],
   [
    962.1395874023438,
    975.62060546875,
    -1.0
   ],
   [
    759.92626953125,
    977.7910766601562,
    -1.0
   ],
   [
    956.53955078125,
    1044.669921875,
    -1.0
   ],
   [
    755.6380615234375,
    1045.8145751953125,
    -1.0
   ]
  ]
 ],
 "skeleton_percentage": [
  100
 ],
 "angle": [
  293
 ]
}