{
 "frame_index": 783,
 "skeletons": [
  [
   [
    858.183349609375,
    337.1291198730469,
    0.992
   ],
   [
    878.2352294921875,
    319.8540344238281,
    0.97
   ],
   [
    837.7608032226562,
    317.2574157714844,
    0.984
   ],
   [
    903.2896728515625,
    345.8839111328125,
    0.686
   ],
   [
    801.90283203125,
    339.1207580566406,
    0.872
   ],
   [
    954.995361328125,
    486.394287109375,
    0.982
   ],
   [
    728.06396484375,
    471.842529296875,
    0.988
   ],
   [
    1003.6229248046875,
    663.4981689453125,
    0.839
   ],
   [
    651.405029296875,
    626.5423583984375,
    0.899
   ],
   [
    1012.8268432617188,
    767.7235107421875,
    0.715
   ],
   [
    692.477294921875,
    632.3583984375,
    0.817
   ],
   [
    916.974609375,
    797.1124877929688,
    0.852
   ],
   [
    764.4608154296875,
    793.9887084960938,
    0.878
   ],
   [
    961.9013671875,
    975.54638671875,
    -1.0
   ],
   [
    760.0487670898438,
    977.68896484375,
    -1.0
   ],
   [
    956.4871826171875,
    1044.2763671875,
    -1.0
   ],
   [
    756.080322265625,
    1045.192138671875,
    -1.0
   ]
  ]
 ],
 "skeleton_percentage": [
  100
 ],
 "angle": [
  293
 ]
}