{
 "frame_index": 784,
 "skeletons": [
  [
   [
    861.0045166015625,
    340.60546875,
    0.992
   ],
   [
    880.3156127929688,
    324.08587646484375,
    0.968
   ],
   [
    841.65283203125,
    320.89007568359375,
    0.982
   ],
   [
    904.2537231445312,
    350.1660461425781,
    0.672
   ],
   [
    805.8973388671875,
    342.09649658203125,
    0.867
   ],
   [
    955.690673828125,
    487.7340087890625,
    0.983
   ],
   [
    731.793701171875,
    472.9653625488281,
    0.988
   ],
   [
    1001.198486328125,
    661.7353515625,
    0.862
   ],
   [
    655.9890747070312,
    624.4481201171875,
    0.906
   ],
   [
    997.968017578125,
    767.6852416992188,
    0.753
   ],
   [
    696.6644287109375,
    629.9735717773438,
    0.835
   ],
   [
    921.460205078125,
    790.662109375,
    0.849
   ],
   [
    769.287353515625,
    787.34130859375,
    0.87
   ],
   [
    969.8344116210938,
    958.12841796875,
    -1.0
   ],
   [
    762.7315673828125,
    959.4113159179688,
    -1.0
   ],
   [
    965.4947509765625,
    1020.4984130859375,
    -1.0
   ],
   [
    755.51318359375,
    1017.8316650390625,
    -1.0
   ]
  ]
 ],
 "skeleton_percentage": [
  100
 ],
 "angle": [
  293
 ]
}