{
 "frame_index": 785,
 "skeletons": [
  [
   [
    870.2252197265625,
    351.51702880859375,
    0.992
   ],
   [
    889.502685546875,
    334.0525207519531,
    0.965
   ],
   [
    850.6153564453125,
    330.51361083984375,
    0.985
   ],
   [
    911.381103515625,
    357.4930419921875,
    0.615
   ],
   [
    811.4880981445312,
    348.1520690917969,
    0.887
   ],
   [
    960.096923828125,
    497.00823974609375,
    0.984
   ],
   [
    734.2879028320312,
    478.5714111328125,
    0.989
   ],
   [
    1003.57275390625,
    672.2760620117188,
    0.853
   ],
   [
    658.7369384765625,
    629.3976440429688,
    0.906
   ],
   [
    1000.3349609375,
    767.6044921875,
    0.745
   ],
   [
    691.8579711914062,
    632.2960205078125,
    0.836
   ],
   [
    915.5703735351562,
    796.3771362304688,
    0.864
   ],
   [
    764.606201171875,
    790.7540283203125,
    0.886
   ],
   [
    950.1553344726562,
    972.85498046875,
    -1.0
   ],
   [
    758.50341796875,
    972.0217895507812,
    -1.0
   ],
   [
    934.5338134765625,
    1041.384033203125,
    -1.0
   ],
   [
    754.1655883789062,
    1039.1531982421875,
    -1.0
   ]
  ]
 ],
 "skeleton_percentage": [
  100
 ],
 "angle": [
  291
 ]
}