{
 "frame_index": 786,
 "skeletons": [
  [
   [
    870.2357177734375,
    351.6038818359375,
    0.991
   ],
   [
    889.5279541015625,
    334.14666748046875,
    0.956
   ],
   [
    851.1116943359375,
    329.8697509765625,
    0.982
   ],
   [
    910.2775268554688,
    357.5067443847656,
    0.577
   ],
   [
    810.95556640625,
    346.2875061035156,
    0.888
   ],
   [
    957.9486694335938,
    495.26031494140625,
    0.985
   ],
   [
    733.34375,
    477.871826171875,
    0.989
   ],
   [
    999.8684692382812,
    675.0968627929688,
    0.873
   ],
   [
    661.0191650390625,
    630.1819458007812,
    0.914
   ],
   [
    997.8953857421875,
    776.549072265625,
    0.781
   ],
   [
    690.5936279296875,
    630.8350830078125,
    0.857
   ],
   [
    916.478759765625,
    786.876708984375,
    0.882
   ],
   [
    767.4676513671875,
    782.185546875,
    0.897
   ],
   [
    940.9149169921875,
    958.694091796875,
    -1.0
   ],
   [
    764.4779663085938,
    960.1361083984375,
    -1.0
   ],
   [
    908.189208984375,
    1028.1138916015625,
    -1.0
   ],
   [
    759.6668701171875,
    1023.720947265625,
    -1.0
   ]
  ]
 ],
 "skeleton_percentage": [
  100
 ],
 "angle": [
  285
 ]
}