{
 "frame_index": 787,
 "skeletons": [
  [
   [
    878.3109741210938,
    366.312255859375,
    0.991
   ],
   [
    896.0220947265625,
    347.8192138671875,
    0.951
   ],
   [
    859.1618041992188,
    344.35980224609375,
    0.985
   ],
   [
    914.988037109375,
    366.9476623535156,
    -1.0
   ],
   [
    817.5579833984375,
    356.1331787109375,
    0.909
   ],
   [
    961.4073486328125,
    504.29150390625,
    0.983
   ],
   [
    740.4981079101562,
    482.2740783691406,
    0.988
   ],
   [
    1004.975830078125,
    682.8331909179688,
    0.838
   ],
   [
    659.267578125,
    629.9453735351562,
    0.91
   ],
   [
    1007.692138671875,
    778.7927856445312,
    0.723
   ],
   [
    699.73876953125,
    638.4910888671875,
    0.843
   ],
   [
    927.4945678710938,
    798.2891235351562,
    0.828
   ],
   [
    779.4545288085938,
    792.8460693359375,
    0.859
   ],
   [
    962.7390747070312,
    951.04248046875,
    -1.0
   ],
   [
    779.021484375,
    950.070556640625,
    -1.0
   ],
   [
    933.8703002929688,
    992.7928466796875,
    -1.0
   ],
   [
    763.37939453125,
    990.615478515625,
    -1.0
   ]
  ]
 ],
 "skeleton_percentage": [
  100
 ],
 "angle": [
  290
 ]
}