{
 "frame_index": 788,
 "skeletons": [
  [
   [
    878.2601318359375,
    366.19384765625,
    0.991
   ],
   [
    895.963134765625,
    347.5977783203125,
    0.951
   ],
   [
    859.0267333984375,
    344.2237548828125,
    0.985
   ],
   [
    914.907958984375,
    366.6869201660156,
    0.502
   ],
   [
    817.487548828125,
    356.1715087890625,
    0.907
   ],
   [
    961.1968994140625,
    504.77606201171875,
    0.982
   ],
   [
    740.5771484375,
    482.8675231933594,
    0.988
   ],
   [
    1004.8335571289062,
    684.00732421875,
    0.837
   ],
   [
    659.3470458984375,
    630.8131103515625,
    0.907
   ],
   [
    1006.7398681640625,
    779.3072509765625,
    0.721
   ],
   [
    698.1065673828125,
    638.4483642578125,
    0.839
   ],
   [
    925.7594604492188,
    799.7180786132812,
    0.822
   ],
   [
    778.219970703125,
    794.13916015625,
    0.853
   ],
   [
    959.407470703125,
    949.8896484375,
    -1.0
   ],
   [
    777.7178955078125,
    948.8402099609375,
    -1.0
   ],
   [
    930.0397338867188,
    990.64306640625,
    -1.0
   ],
   [
    763.1044311523438,
    988.6007080078125,
    -1.0
   ]
  ]
 ],
 "skeleton_percentage": [
  100
 ],
 "angle": [
  290
 ]
}