{
 "frame_index": 789,
 "skeletons": [
  [
   [
    874.5477294921875,
    373.39947509765625,
    0.991
   ],
   [
    893.5198974609375,
    354.51397705078125,
    0.967
   ],
   [
    856.6168212890625,
    353.1426086425781,
    0.981
   ],
   [
    918.5751953125,
    372.0940246582031,
    0.687
   ],
   [
    825.5835571289062,
    366.9480285644531,
    0.862
   ],
   [
    969.4949951171875,
    509.1479187011719,
    0.979
   ],
   [
    751.8919067382812,
    489.31524658203125,
    0.986
   ],
   [
    1007.6336669921875,
    682.9004516601562,
    0.8
   ],
   [
    665.9599609375,
    627.3467407226562,
    0.868
   ],
   [
    1007.4519653320312,
    775.8297119140625,
    0.657
   ],
   [
    688.3739013671875,
    615.645751953125,
    0.771
   ],
   [
    914.3237915039062,
    802.8651123046875,
    0.84
   ],
   [
    770.6158447265625,
    795.2642211914062,
    0.865
   ],
   [
    941.793212890625,
    992.174072265625,
    -1.0
   ],
   [
    762.500732421875,
    991.3734741210938,
    -1.0
   ],
   [
    921.9365234375,
    1064.76318359375,
    -1.0
   ],
   [
    753.8546142578125,
    1068.144775390625,
    -1.0
   ]
  ],
  [
   [
    873.9228515625,
    377.9234619140625,
    0.986
   ],
   [
    893.7507934570312,
    358.360595703125,
    0.954
   ],
   [
    856.1727905273438,
    355.09442138671875,
    0.969
   ],
   [
    919.3553466796875,
    373.1014404296875,
    0.687
   ],
   [
    825.205078125,
    364.46728515625,
    0.819
   ],
   [
    967.6263427734375,
    501.8450927734375,
    0.976
   ],
   [
    757.142333984375,
    487.587890625,
    0.99
   ],
   [
    1003.19287109375,
    678.717529296875,
    0.817
   ],
   [
    672.419921875,
    621.2918701171875,
    0.928
   ],
   [
    990.5626220703125,
    772.4338989257812,
    0.743
   ],
   [
    681.529052734375,
    602.6658325195312,
    0.868
   ],
   [
    929.884521484375,
    784.3974609375,
    0.913
   ],
   [
    791.9767456054688,
    779.2791748046875,
    0.939
   ],
   [
    921.5599365234375,
    981.8240966796875,
    -1.0
   ],
   [
    776.0637817382812,
    983.215087890625,
    0.538
   ],
   [
    869.1324462890625,
    1079.527099609375,
    -1.0
   ],
   [
    760.8207397460938,
    1072.97119140625,
    -1.0
   ]
  ]
 ],
 "skeleton_percentage": [
  100,
  100
 ],
 "angle": [
  291,
  231
 ]
}