{
 "frame_index": 790,
 "skeletons": [
  [
   [
    877.5023803710938,
    382.999267578125,
    0.99
   ],
   [
    898.63525390625,
    364.74444580078125,
    0.97
   ],
   [
    861.1510620117188,
    361.692138671875,
    0.98
   ],
   [
    925.309814453125,
    384.48199462890625,
    0.703
   ],
   [
    831.3099975585938,
    375.65185546875,
    0.822
   ],
   [
    974.6077880859375,
    517.5489501953125,
    0.967
   ],
   [
    759.26123046875,
    497.34722900390625,
    0.978
   ],
   [
    1013.162109375,
    694.8425903320312,
    0.735
   ],
   [
    669.523193359375,
    633.02392578125,
    0.816
   ],
   [
    1002.1607666015625,
    793.0499267578125,
    0.575
   ],
   [
    689.7711181640625,
    606.7157592773438,
    0.703
   ],
   [
    924.4678344726562,
    815.96484375,
    0.749
   ],
   [
    780.4934692382812,
    806.5120239257812,
    0.778
   ],
   [
    953.629638671875,
    1016.3919067382812,
    -1.0
   ],
   [
    771.9677734375,
    1009.5327758789062,
    -1.0
   ],
   [
    934.968017578125,
    1080.0,
    -1.0
   ],
   [
    749.9779663085938,
    1077.667724609375,
    -1.0
   ]
  ]
 ],
 "skeleton_percentage": [
  100
 ],
 "angle": [
  290
 ]
}