{
 "frame_index": 791,
 "skeletons": [
  [
   [
    888.2741088867188,
    396.399169921875,
    0.981
   ],
   [
    908.781005859375,
    377.4144287109375,
    0.951
   ],
   [
    871.3731079101562,
    373.45135498046875,
    0.966
   ],
   [
    932.759033203125,
    394.343017578125,
    0.669
   ],
   [
    839.559326171875,
    383.8948974609375,
    0.811
   ],
   [
    982.914794921875,
    525.54248046875,
    0.956
   ],
   [
    767.982421875,
    505.19073486328125,
    0.975
   ],
   [
    1024.1446533203125,
    694.3594360351562,
    0.662
   ],
   [
    673.4968872070312,
    647.2003784179688,
    0.788
   ],
   [
    995.3685302734375,
    753.4535522460938,
    0.502
   ],
   [
    698.6246337890625,
    660.5753173828125,
    0.641
   ],
   [
    937.3178100585938,
    828.1096801757812,
    0.694
   ],
   [
    796.1578369140625,
    819.3026733398438,
    0.738
   ],
   [
    938.134765625,
    997.834716796875,
    -1.0
   ],
   [
    780.6417236328125,
    985.5910034179688,
    -1.0
   ],
   [
    901.6815185546875,
    1052.5789794921875,
    -1.0
   ],
   [
    767.4871826171875,
    1039.1895751953125,
    -1.0
   ]
  ]
 ],
 "skeleton_percentage": [
  100
 ],
 "angle": [
  289
 ]
}