{
 "frame_index": 792,
 "skeletons": [
  [
   [
    888.0333251953125,
    390.2558898925781,
    0.985
   ],
   [
    909.728271484375,
    372.2859191894531,
    0.954
   ],
   [
    871.3519287109375,
    367.5733337402344,
    0.972
   ],
   [
    939.724853515625,
    391.6168212890625,
    0.74
   ],
   [
    845.7680053710938,
    378.83062744140625,
    0.854
   ],
   [
    983.3823852539062,
    526.5369262695312,
    0.973
   ],
   [
    775.5283813476562,
    506.8446350097656,
    0.991
   ],
   [
    1019.980224609375,
    705.4772338867188,
    0.747
   ],
   [
    665.5932006835938,
    636.9470825195312,
    0.928
   ],
   [
    999.753662109375,
    787.7056274414062,
    0.625
   ],
   [
    711.7827758789062,
    624.6131591796875,
    0.843
   ],
   [
    959.2310791015625,
    832.663330078125,
    0.844
   ],
   [
    821.1314697265625,
    828.56689453125,
    0.907
   ],
   [
    971.3325805664062,
    1006.8612670898438,
    -1.0
   ],
   [
    807.399658203125,
    1003.4110107421875,
    -1.0
   ],
   [
    961.244873046875,
    1061.9185791015625,
    -1.0
   ],
   [
    802.0797119140625,
    1047.259033203125,
    -1.0
   ]
  ],
  [
   [
    887.7280883789062,
    393.97283935546875,
    0.977
   ],
   [
    908.9412231445312,
    375.49200439453125,
    0.945
   ],
   [
    870.4323120117188,
    370.7491149902344,
    0.962
   ],
   [
    934.8031005859375,
    393.28045654296875,
    0.67
   ],
   [
    838.8905639648438,
    381.3792724609375,
    0.812
   ],
   [
    984.5205688476562,
    524.46484375,
    0.94
   ],
   [
    763.6521606445312,
    502.5698547363281,
    0.971
   ],
   [
    1025.356689453125,
    693.8681030273438,
    0.576
   ],
   [
    679.6732788085938,
    646.4423217773438,
    0.756
   ],
   [
    975.4671630859375,
    695.642333984375,
    -1.0
   ],
   [
    707.7877807617188,
    618.9373168945312,
    0.622
   ],
   [
    930.5418090820312,
    818.2959594726562,
    0.6
   ],
   [
    786.8047485351562,
    809.6683959960938,
    0.667
   ],
   [
    954.6903076171875,
    928.8035888671875,
    -1.0
   ],
   [
    792.238525390625,
    913.951904296875,
    -1.0
   ],
   [
    921.7285766601562,
    987.3429565429688,
    -1.0
   ],
   [
    791.1219482421875,
    971.3389892578125,
    -1.0
   ]
  ]
 ],
 "skeleton_percentage": [
  100,
  100
 ],
 "angle": [
  237,
  288
 ]
}