{
 "frame_index": 793,
 "skeletons": [
  [
   [
    891.046875,
    397.34765625,
    0.989
   ],
   [
    911.52880859375,
    378.22686767578125,
    0.964
   ],
   [
    874.1614990234375,
    375.5666198730469,
    0.973
   ],
   [
    940.741943359375,
    397.3916931152344,
    0.761
   ],
   [
    850.0731811523438,
    391.34686279296875,
    0.812
   ],
   [
    984.6959228515625,
    527.734619140625,
    0.973
   ],
   [
    784.0059814453125,
    524.2462158203125,
    0.993
   ],
   [
    1021.885498046875,
    715.7310791015625,
    0.809
   ],
   [
    680.4149169921875,
    651.6802978515625,
    0.953
   ],
   [
    994.7969970703125,
    814.3997802734375,
    0.751
   ],
   [
    701.0780639648438,
    569.9697265625,
    0.904
   ],
   [
    947.3622436523438,
    841.6971435546875,
    0.87
   ],
   [
    817.0929565429688,
    840.0025634765625,
    0.926
   ],
   [
    904.732177734375,
    1023.74658203125,
    -1.0
   ],
   [
    775.9818115234375,
    1031.12890625,
    -1.0
   ],
   [
    868.0827026367188,
    1080.0,
    -1.0
   ],
   [
    761.4163818359375,
    1080.0,
    -1.0
   ]
  ]
 ],
 "skeleton_percentage": [
  100
 ],
 "angle": [
  216
 ]
}