{
 "frame_index": 794,
 "skeletons": [
  [
   [
    899.3128051757812,
    403.24591064453125,
    0.988
   ],
   [
    920.7760009765625,
    387.8350830078125,
    0.961
   ],
   [
    882.9047241210938,
    380.8684387207031,
    0.979
   ],
   [
    945.394775390625,
    411.8943786621094,
    0.678
   ],
   [
    850.923095703125,
    393.984375,
    0.872
   ],
   [
    988.70751953125,
    545.6888427734375,
    0.974
   ],
   [
    772.1204223632812,
    514.7691650390625,
    0.985
   ],
   [
    1032.74169921875,
    709.7799682617188,
    0.728
   ],
   [
    686.788330078125,
    650.0062255859375,
    0.849
   ],
   [
    1005.3341674804688,
    771.2872314453125,
    0.566
   ],
   [
    709.481201171875,
    637.6954345703125,
    0.73
   ],
   [
    940.406005859375,
    830.7584228515625,
    0.705
   ],
   [
    795.5722045898438,
    819.6461181640625,
    0.769
   ],
   [
    981.596435546875,
    941.204345703125,
    -1.0
   ],
   [
    789.4627075195312,
    929.8851318359375,
    -1.0
   ],
   [
    956.03076171875,
    995.4519653320312,
    -1.0
   ],
   [
    784.2189331054688,
    979.14111328125,
    -1.0
   ]
  ]
 ],
 "skeleton_percentage": [
  100
 ],
 "angle": [
  286
 ]
}