{
 "frame_index": 795,
 "skeletons": [
  [
   [
    897.2322998046875,
    403.9950256347656,
    0.986
   ],
   [
    919.636474609375,
    387.20782470703125,
    0.959
   ],
   [
    881.603515625,
    382.2486877441406,
    0.97
   ],
   [
    949.2529296875,
    410.9631042480469,
    0.782
   ],
   [
    858.867919921875,
    398.5317077636719,
    0.828
   ],
   [
    989.8115234375,
    549.2950439453125,
    0.973
   ],
   [
    784.5752563476562,
    527.44091796875,
    0.991
   ],
   [
    1006.8922119140625,
    737.309814453125,
    0.779
   ],
   [
    679.732421875,
    641.1149291992188,
    0.937
   ],
   [
    983.9346923828125,
    834.906982421875,
    0.678
   ],
   [
    706.31396484375,
    585.48876953125,
    0.866
   ],
   [
    946.8455200195312,
    863.0656127929688,
    0.851
   ],
   [
    813.5050048828125,
    856.1665649414062,
    0.912
   ],
   [
    924.546142578125,
    1051.4556884765625,
    -1.0
   ],
   [
    785.791015625,
    1051.583984375,
    -1.0
   ],
   [
    895.40283203125,
    1080.0,
    -1.0
   ],
   [
    791.29833984375,
    1080.0,
    -1.0
   ]
  ]
 ],
 "skeleton_percentage": [
  100
 ],
 "angle": [
  220
 ]
}