{
 "frame_index": 796,
 "skeletons": [
  [
   [
    900.1968994140625,
    403.50909423828125,
    0.991
   ],
   [
    921.0169677734375,
    388.38092041015625,
    0.966
   ],
   [
    884.4417114257812,
    382.62158203125,
    0.985
   ],
   [
    942.0931396484375,
    413.712158203125,
    0.624
   ],
   [
    850.5686645507812,
    399.0279235839844,
    0.866
   ],
   [
    983.3794555664062,
    543.48486328125,
    0.963
   ],
   [
    773.6689453125,
    510.72454833984375,
    0.981
   ],
   [
    1012.336181640625,
    720.9479370117188,
    0.705
   ],
   [
    678.6380004882812,
    631.2999267578125,
    0.855
   ],
   [
    993.67236328125,
    804.697265625,
    0.557
   ],
   [
    698.6873779296875,
    580.5752563476562,
    0.757
   ],
   [
    928.4432373046875,
    836.3871459960938,
    0.729
   ],
   [
    788.3552856445312,
    821.67333984375,
    0.787
   ],
   [
    953.791015625,
    1014.4846801757812,
    -1.0
   ],
   [
    779.5087890625,
    1000.3547973632812,
    -1.0
   ],
   [
    930.58935546875,
    1080.0,
    -1.0
   ],
   [
    754.122314453125,
    1079.885498046875,
    -1.0
   ]
  ],
  [
   [
    896.4629516601562,
    405.0640869140625,
    0.986
   ],
   [
    918.6447143554688,
    387.0466003417969,
    0.958
   ],
   [
    879.433349609375,
    382.01763916015625,
    0.962
   ],
   [
    945.7889404296875,
    409.3640441894531,
    0.718
   ],
   [
    849.2462158203125,
    396.8001708984375,
    0.769
   ],
   [
    977.97900390625,
    543.6334228515625,
    0.974
   ],
   [
    779.819580078125,
    525.7720336914062,
    0.991
   ],
   [
    998.01806640625,
    729.0594482421875,
    0.852
   ],
   [
    679.74560546875,
    640.808837890625,
    0.946
   ],
   [
    972.4473266601562,
    824.9180908203125,
    0.806
   ],
   [
    699.0451049804688,
    565.6792602539062,
    0.904
   ],
   [
    944.781494140625,
    852.2744750976562,
    0.902
   ],
   [
    814.1688232421875,
    847.312744140625,
    0.933
   ],
   [
    913.306396484375,
    1032.43310546875,
    -1.0
   ],
   [
    787.355224609375,
    1035.6474609375,
    -1.0
   ],
   [
    868.60693359375,
    1080.0,
    -1.0
   ],
   [
    774.8297119140625,
    1080.0,
    -1.0
   ]
  ]
 ],
 "skeleton_percentage": [
  100,
  100
 ],
 "angle": [
  285,
  218
 ]
}