{
 "frame_index": 797,
 "skeletons": [
  [
   [
    900.337158203125,
    403.58355712890625,
    0.991
   ],
   [
    921.0350341796875,
    388.48602294921875,
    0.965
   ],
   [
    884.649169921875,
    382.6859436035156,
    0.985
   ],
   [
    941.82275390625,
    413.75299072265625,
    0.616
   ],
   [
    850.5668334960938,
    398.9541015625,
    0.867
   ],
   [
    982.7180786132812,
    543.3653564453125,
    0.962
   ],
   [
    773.6500854492188,
    510.92169189453125,
    0.981
   ],
   [
    1012.1392822265625,
    720.7384033203125,
    0.704
   ],
   [
    679.0255737304688,
    631.6036376953125,
    0.855
   ],
   [
    993.460693359375,
    803.678466796875,
    0.556
   ],
   [
    698.087646484375,
    578.3175659179688,
    0.757
   ],
   [
    928.1883544921875,
    834.913818359375,
    0.72
   ],
   [
    788.422607421875,
    820.357421875,
    0.779
   ],
   [
    954.2373046875,
    1010.0795288085938,
    -1.0
   ],
   [
    779.8233032226562,
    996.1712036132812,
    -1.0
   ],
   [
    931.1361083984375,
    1080.0,
    -1.0
   ],
   [
    754.1365356445312,
    1072.802978515625,
    -1.0
   ]
  ],
  [
   [
    896.5032348632812,
    405.29937744140625,
    0.986
   ],
   [
    918.587646484375,
    387.2102966308594,
    0.957
   ],
   [
    879.4740600585938,
    382.23675537109375,
    0.963
   ],
   [
    945.5099487304688,
    409.2513427734375,
    0.712
   ],
   [
    849.3978881835938,
    396.8185729980469,
    0.775
   ],
   [
    977.1241455078125,
    542.9183959960938,
    0.974
   ],
   [
    780.1199340820312,
    525.8355102539062,
    0.991
   ],
   [
    997.3482055664062,
    727.1468505859375,
    0.847
   ],
   [
    679.8041381835938,
    640.9051513671875,
    0.946
   ],
   [
    971.7929077148438,
    819.0942993164062,
    0.801
   ],
   [
    696.7363891601562,
    563.2607421875,
    0.904
   ],
   [
    943.3961181640625,
    850.270263671875,
    0.898
   ],
   [
    813.6531982421875,
    845.7086791992188,
    0.931
   ],
   [
    913.714599609375,
    1029.120361328125,
    -1.0
   ],
   [
    788.9615478515625,
    1032.8238525390625,
    -1.0
   ],
   [
    867.3585205078125,
    1080.0,
    -1.0
   ],
   [
    774.9515380859375,
    1080.0,
    -1.0
   ]
  ]
 ],
 "skeleton_percentage": [
  100,
  100
 ],
 "angle": [
  285,
  218
 ]
}