{
 "frame_index": 798,
 "skeletons": [
  [
   [
    898.7200927734375,
    406.5594177246094,
    0.984
   ],
   [
    920.421630859375,
    389.97088623046875,
    0.95
   ],
   [
    883.1158447265625,
    382.2466735839844,
    0.973
   ],
   [
    940.8194580078125,
    411.8112487792969,
    0.593
   ],
   [
    847.89501953125,
    392.4179992675781,
    0.829
   ],
   [
    975.6630249023438,
    542.42822265625,
    0.947
   ],
   [
    773.5057373046875,
    505.1957702636719,
    0.977
   ],
   [
    1008.2561645507812,
    712.5166625976562,
    0.651
   ],
   [
    677.7965087890625,
    617.7490234375,
    0.835
   ],
   [
    978.6041259765625,
    762.3607177734375,
    0.534
   ],
   [
    702.616455078125,
    550.0841064453125,
    0.745
   ],
   [
    927.1785278320312,
    841.1065063476562,
    0.696
   ],
   [
    792.5030517578125,
    825.849609375,
    0.764
   ],
   [
    941.2091674804688,
    996.32763671875,
    -1.0
   ],
   [
    788.4168701171875,
    977.7293701171875,
    -1.0
   ],
   [
    910.0530395507812,
    1069.1800537109375,
    -1.0
   ],
   [
    769.1854248046875,
    1041.7841796875,
    -1.0
   ]
  ],
  [
   [
    897.702392578125,
    405.41973876953125,
    0.988
   ],
   [
    921.25634765625,
    388.890869140625,
    0.961
   ],
   [
    881.92236328125,
    380.62493896484375,
    0.975
   ],
   [
    945.75390625,
    412.4320068359375,
    0.658
   ],
   [
    848.7127075195312,
    391.49456787109375,
    0.826
   ],
   [
    974.6621704101562,
    539.9708862304688,
    0.967
   ],
   [
    772.5098876953125,
    509.9534912109375,
    0.989
   ],
   [
    996.8256225585938,
    714.8805541992188,
    0.78
   ],
   [
    675.556396484375,
    621.45263671875,
    0.928
   ],
   [
    981.8023681640625,
    788.2789306640625,
    0.715
   ],
   [
    696.543212890625,
    552.6775512695312,
    0.875
   ],
   [
    939.412841796875,
    824.306884765625,
    0.837
   ],
   [
    804.6652221679688,
    814.6904296875,
    0.891
   ],
   [
    940.006591796875,
    990.5882568359375,
    -1.0
   ],
   [
    796.0878295898438,
    983.9737548828125,
    -1.0
   ],
   [
    890.5665283203125,
    1080.0,
    -1.0
   ],
   [
    774.567626953125,
    1058.78173828125,
    -1.0
   ]
  ]
 ],
 "skeleton_percentage": [
  100,
  100
 ],
 "angle": [
  278,
  235
 ]
}