{
 "frame_index": 799,
 "skeletons": [
  [
   [
    896.3197631835938,
    395.7611083984375,
    0.987
   ],
   [
    918.0690307617188,
    380.6846008300781,
    0.953
   ],
   [
    882.0684814453125,
    372.167236328125,
    0.975
   ],
   [
    938.28076171875,
    404.9336242675781,
    0.629
   ],
   [
    848.098876953125,
    383.520751953125,
    0.848
   ],
   [
    970.9575805664062,
    534.3385009765625,
    0.974
   ],
   [
    762.3155517578125,
    501.96881103515625,
    0.989
   ],
   [
    997.4181518554688,
    712.8663940429688,
    0.8
   ],
   [
    663.7640380859375,
    624.2877807617188,
    0.92
   ],
   [
    970.838623046875,
    804.300048828125,
    0.706
   ],
   [
    660.3681640625,
    606.1527099609375,
    0.853
   ],
   [
    928.4481811523438,
    812.7884521484375,
    0.883
   ],
   [
    791.7119140625,
    801.426025390625,
    0.916
   ],
   [
    942.658447265625,
    982.42822265625,
    -1.0
   ],
   [
    800.66796875,
    970.7138671875,
    -1.0
   ],
   [
    895.6851196289062,
    1072.97412109375,
    -1.0
   ],
   [
    796.1651000976562,
    1046.4356689453125,
    -1.0
   ]
  ]
 ],
 "skeleton_percentage": [
  100
 ],
 "angle": [
  238
 ]
}