{
 "frame_index": 800,
 "skeletons": [
  [
   [
    892.8963623046875,
    391.336669921875,
    0.988
   ],
   [
    914.523193359375,
    376.40869140625,
    0.955
   ],
   [
    877.3397827148438,
    367.68731689453125,
    0.982
   ],
   [
    932.449951171875,
    400.9920959472656,
    0.568
   ],
   [
    838.531494140625,
    379.2225341796875,
    0.88
   ],
   [
    966.521240234375,
    537.6945190429688,
    0.966
   ],
   [
    749.7763061523438,
    498.72357177734375,
    0.985
   ],
   [
    991.7386474609375,
    718.2214965820312,
    0.697
   ],
   [
    657.3140258789062,
    625.728271484375,
    0.871
   ],
   [
    981.154052734375,
    803.5940551757812,
    0.554
   ],
   [
    668.3084716796875,
    623.2523803710938,
    0.762
   ],
   [
    913.5247802734375,
    838.5884399414062,
    0.816
   ],
   [
    773.373291015625,
    823.3521728515625,
    0.865
   ],
   [
    916.1002807617188,
    1024.6102294921875,
    -1.0
   ],
   [
    780.690673828125,
    1007.624267578125,
    -1.0
   ],
   [
    864.6749267578125,
    1080.0,
    -1.0
   ],
   [
    782.7042236328125,
    1076.2803955078125,
    -1.0
   ]
  ],
  [
   [
    893.682373046875,
    385.863525390625,
    0.989
   ],
   [
    914.166259765625,
    372.591064453125,
    0.961
   ],
   [
    877.0325317382812,
    363.42327880859375,
    0.986
   ],
   [
    931.6898803710938,
    398.9056091308594,
    0.602
   ],
   [
    838.8753662109375,
    375.8705749511719,
    0.908
   ],
   [
    964.134521484375,
    537.6461181640625,
    0.967
   ],
   [
    747.22607421875,
    487.3195495605469,
    0.979
   ],
   [
    988.97802734375,
    713.7718505859375,
    0.674
   ],
   [
    658.052001953125,
    626.920166015625,
    0.801
   ],
   [
    965.1173095703125,
    754.601318359375,
    -1.0
   ],
   [
    682.198486328125,
    660.5216674804688,
    0.653
   ],
   [
    885.36474609375,
    829.00244140625,
    0.65
   ],
   [
    742.8118896484375,
    809.6898193359375,
    0.705
   ],
   [
    929.1336669921875,
    949.9307861328125,
    -1.0
   ],
   [
    746.1619873046875,
    925.3789672851562,
    -1.0
   ],
   [
    906.4403076171875,
    1024.35205078125,
    -1.0
   ],
   [
    739.2061157226562,
    1009.774658203125,
    -1.0
   ]
  ]
 ],
 "skeleton_percentage": [
  100,
  100
 ],
 "angle": [
  240,
  286
 ]
}