{
 "frame_index": 801,
 "skeletons": [
  [
   [
    889.49609375,
    388.03729248046875,
    0.988
   ],
   [
    910.9356689453125,
    371.873779296875,
    0.951
   ],
   [
    874.071044921875,
    364.2475891113281,
    0.977
   ],
   [
    933.8621826171875,
    396.1359558105469,
    0.634
   ],
   [
    841.9381713867188,
    376.8675537109375,
    0.867
   ],
   [
    967.1927490234375,
    537.44580078125,
    0.971
   ],
   [
    757.6419677734375,
    506.5908508300781,
    0.99
   ],
   [
    989.4190673828125,
    724.3984375,
    0.77
   ],
   [
    658.8715209960938,
    632.3270263671875,
    0.928
   ],
   [
    971.5653076171875,
    812.8302612304688,
    0.686
   ],
   [
    683.2362060546875,
    625.12060546875,
    0.863
   ],
   [
    927.4569091796875,
    843.0970458984375,
    0.808
   ],
   [
    791.6566162109375,
    833.3289184570312,
    0.875
   ],
   [
    921.9219360351562,
    1015.286376953125,
    -1.0
   ],
   [
    791.167236328125,
    1006.4329833984375,
    -1.0
   ],
   [
    883.5767822265625,
    1074.97119140625,
    -1.0
   ],
   [
    798.1839599609375,
    1055.427978515625,
    -1.0
   ]
  ],
  [
   [
    892.87109375,
    386.3306579589844,
    0.991
   ],
   [
    912.6264038085938,
    372.27728271484375,
    0.956
   ],
   [
    876.8800048828125,
    364.68243408203125,
    0.987
   ],
   [
    930.3369140625,
    398.01959228515625,
    0.532
   ],
   [
    839.148193359375,
    377.82525634765625,
    0.92
   ],
   [
    964.5569458007812,
    538.5552978515625,
    0.971
   ],
   [
    746.5223388671875,
    493.56549072265625,
    0.985
   ],
   [
    991.91748046875,
    717.2855834960938,
    0.687
   ],
   [
    651.157470703125,
    627.8389892578125,
    0.846
   ],
   [
    977.4046630859375,
    794.934814453125,
    0.507
   ],
   [
    678.0689697265625,
    641.3893432617188,
    0.717
   ],
   [
    895.883056640625,
    837.9605712890625,
    0.743
   ],
   [
    753.4175415039062,
    820.8070068359375,
    0.804
   ],
   [
    929.3800048828125,
    1003.0274658203125,
    -1.0
   ],
   [
    759.7059326171875,
    984.9314575195312,
    -1.0
   ],
   [
    904.5421142578125,
    1078.853271484375,
    -1.0
   ],
   [
    758.3510131835938,
    1064.390380859375,
    -1.0
   ]
  ]
 ],
 "skeleton_percentage": [
  100,
  100
 ],
 "angle": [
  242,
  284
 ]
}