{
 "frame_index": 802,
 "skeletons": [
  [
   [
    876.8455810546875,
    385.5306701660156,
    0.989
   ],
   [
    902.2965087890625,
    371.24102783203125,
    0.963
   ],
   [
    863.892333984375,
    359.6455078125,
    0.977
   ],
   [
    926.9547729492188,
    397.4539489746094,
    0.647
   ],
   [
    831.1708374023438,
    368.58935546875,
    0.828
   ],
   [
    953.4866943359375,
    535.79833984375,
    0.973
   ],
   [
    738.1895141601562,
    487.45086669921875,
    0.984
   ],
   [
    975.921142578125,
    728.2213134765625,
    0.78
   ],
   [
    636.3032836914062,
    624.382568359375,
    0.863
   ],
   [
    967.4243774414062,
    813.8681030273438,
    0.657
   ],
   [
    640.7996826171875,
    633.6848754882812,
    0.771
   ],
   [
    892.2418212890625,
    835.3192749023438,
    0.843
   ],
   [
    755.5551147460938,
    815.4739379882812,
    0.865
   ],
   [
    892.05419921875,
    1027.665283203125,
    -1.0
   ],
   [
    770.8177490234375,
    1001.48583984375,
    -1.0
   ],
   [
    839.84130859375,
    1080.0,
    -1.0
   ],
   [
    780.7559814453125,
    1061.568115234375,
    -1.0
   ]
  ],
  [
   [
    878.337646484375,
    383.79095458984375,
    0.992
   ],
   [
    902.7503662109375,
    369.231201171875,
    0.965
   ],
   [
    864.6245727539062,
    358.99859619140625,
    0.986
   ],
   [
    925.806884765625,
    395.55816650390625,
    0.58
   ],
   [
    830.6744384765625,
    369.1075744628906,
    0.888
   ],
   [
    950.71337890625,
    536.0135498046875,
    0.972
   ],
   [
    737.4031982421875,
    484.8860778808594,
    0.983
   ],
   [
    978.6450805664062,
    729.1160278320312,
    0.737
   ],
   [
    633.7645263671875,
    626.9678955078125,
    0.85
   ],
   [
    973.9722900390625,
    804.7738037109375,
    0.583
   ],
   [
    639.50732421875,
    636.8801879882812,
    0.743
   ],
   [
    876.569091796875,
    836.74072265625,
    0.792
   ],
   [
    739.2390747070312,
    815.3880615234375,
    0.827
   ],
   [
    909.0573120117188,
    1026.193115234375,
    -1.0
   ],
   [
    759.0169677734375,
    997.87255859375,
    -1.0
   ],
   [
    883.4034423828125,
    1080.0,
    -1.0
   ],
   [
    758.5719604492188,
    1071.1278076171875,
    -1.0
   ]
  ]
 ],
 "skeleton_percentage": [
  100,
  100
 ],
 "angle": [
  243,
  279
 ]
}