{
 "frame_index": 803,
 "skeletons": [
  [
   [
    878.8602905273438,
    372.35247802734375,
    0.987
   ],
   [
    901.9908447265625,
    358.0172424316406,
    0.942
   ],
   [
    863.9066162109375,
    345.9640808105469,
    0.975
   ],
   [
    922.5299072265625,
    385.41888427734375,
    0.597
   ],
   [
    829.504638671875,
    355.4528503417969,
    0.892
   ],
   [
    942.3074951171875,
    533.776123046875,
    0.982
   ],
   [
    731.1275024414062,
    479.9372863769531,
    0.989
   ],
   [
    956.0845947265625,
    725.965576171875,
    0.83
   ],
   [
    610.663330078125,
    623.3912353515625,
    0.91
   ],
   [
    961.1444091796875,
    805.6597900390625,
    0.718
   ],
   [
    655.39208984375,
    647.0101318359375,
    0.841
   ],
   [
    869.548583984375,
    850.4744873046875,
    0.838
   ],
   [
    734.633056640625,
    832.6576538085938,
    0.873
   ],
   [
    880.62744140625,
    1010.07861328125,
    -1.0
   ],
   [
    749.9173583984375,
    990.8988647460938,
    -1.0
   ],
   [
    829.21435546875,
    1072.3099365234375,
    -1.0
   ],
   [
    746.171875,
    1051.4520263671875,
    -1.0
   ]
  ],
  [
   [
    877.984375,
    371.7882080078125,
    0.992
   ],
   [
    900.932861328125,
    358.39111328125,
    0.958
   ],
   [
    862.0706787109375,
    347.2894287109375,
    0.986
   ],
   [
    921.0533447265625,
    386.6285705566406,
    0.555
   ],
   [
    823.7183837890625,
    358.9237976074219,
    0.912
   ],
   [
    944.231689453125,
    530.956298828125,
    0.98
   ],
   [
    725.1309204101562,
    475.1507263183594,
    0.989
   ],
   [
    967.1298828125,
    717.7803955078125,
    0.785
   ],
   [
    612.0044555664062,
    621.1492919921875,
    0.897
   ],
   [
    959.8956298828125,
    779.505615234375,
    0.641
   ],
   [
    632.9593505859375,
    654.229248046875,
    0.803
   ],
   [
    858.940673828125,
    832.5639038085938,
    0.795
   ],
   [
    717.0538330078125,
    811.2647094726562,
    0.844
   ],
   [
    890.2864379882812,
    971.634033203125,
    -1.0
   ],
   [
    727.3944702148438,
    945.7532958984375,
    -1.0
   ],
   [
    855.0748291015625,
    1039.54150390625,
    -1.0
   ],
   [
    721.797119140625,
    1018.5104370117188,
    -1.0
   ]
  ]
 ],
 "skeleton_percentage": [
  100,
  100
 ],
 "angle": [
  250,
  283
 ]
}