{
 "frame_index": 804,
 "skeletons": [
  [
   [
    877.1434326171875,
    372.63275146484375,
    0.992
   ],
   [
    900.079833984375,
    359.7563781738281,
    0.958
   ],
   [
    861.8765258789062,
    347.9561462402344,
    0.987
   ],
   [
    920.264892578125,
    388.2083740234375,
    0.546
   ],
   [
    823.755615234375,
    358.56048583984375,
    0.916
   ],
   [
    944.0205078125,
    530.7020263671875,
    0.982
   ],
   [
    724.6859130859375,
    473.0585632324219,
    0.99
   ],
   [
    965.60986328125,
    714.4520263671875,
    0.796
   ],
   [
    616.2611083984375,
    616.9833984375,
    0.908
   ],
   [
    960.3209228515625,
    768.32080078125,
    0.663
   ],
   [
    649.0584716796875,
    644.0000610351562,
    0.824
   ],
   [
    862.8802490234375,
    824.7418212890625,
    0.826
   ],
   [
    720.6682739257812,
    803.0549926757812,
    0.871
   ],
   [
    892.7990112304688,
    970.3028564453125,
    -1.0
   ],
   [
    730.8440551757812,
    943.604736328125,
    -1.0
   ],
   [
    854.22265625,
    1042.619873046875,
    -1.0
   ],
   [
    724.990966796875,
    1019.88671875,
    -1.0
   ]
  ],
  [
   [
    877.2950439453125,
    373.99029541015625,
    0.989
   ],
   [
    899.7691040039062,
    359.4444580078125,
    0.947
   ],
   [
    862.65869140625,
    348.3219909667969,
    0.981
   ],
   [
    919.279541015625,
    386.22064208984375,
    0.543
   ],
   [
    826.33251953125,
    358.14532470703125,
    0.895
   ],
   [
    943.262451171875,
    530.2615966796875,
    0.978
   ],
   [
    729.935546875,
    479.9054260253906,
    0.988
   ],
   [
    958.4507446289062,
    720.5516357421875,
    0.798
   ],
   [
    624.84619140625,
    614.982421875,
    0.909
   ],
   [
    964.5379638671875,
    795.9166259765625,
    0.697
   ],
   [
    653.7822265625,
    630.4942626953125,
    0.841
   ],
   [
    877.298583984375,
    822.7666625976562,
    0.839
   ],
   [
    741.8365478515625,
    804.3349609375,
    0.877
   ],
   [
    877.2672119140625,
    1004.1256103515625,
    -1.0
   ],
   [
    757.6331787109375,
    983.672119140625,
    -1.0
   ],
   [
    815.32470703125,
    1069.358154296875,
    -1.0
   ],
   [
    753.77783203125,
    1046.6275634765625,
    -1.0
   ]
  ]
 ],
 "skeleton_percentage": [
  100,
  100
 ],
 "angle": [
  282,
  252
 ]
}