{
 "frame_index": 805,
 "skeletons": [
  [
   [
    867.44921875,
    365.3372802734375,
    0.99
   ],
   [
    891.4165649414062,
    353.6907958984375,
    0.949
   ],
   [
    854.8502197265625,
    337.676025390625,
    0.982
   ],
   [
    910.853515625,
    382.9693603515625,
    -1.0
   ],
   [
    816.0016479492188,
    342.3759765625,
    0.9
   ],
   [
    925.2596435546875,
    517.2870483398438,
    0.982
   ],
   [
    706.8190307617188,
    456.6898498535156,
    0.985
   ],
   [
    950.0960083007812,
    687.5023193359375,
    0.855
   ],
   [
    591.8695678710938,
    596.6527099609375,
    0.896
   ],
   [
    970.5741577148438,
    736.4617919921875,
    0.766
   ],
   [
    653.992919921875,
    624.88525390625,
    0.845
   ],
   [
    872.77099609375,
    804.8765258789062,
    0.769
   ],
   [
    728.2861938476562,
    787.3017578125,
    0.79
   ],
   [
    919.7860107421875,
    923.5358276367188,
    -1.0
   ],
   [
    747.713134765625,
    898.3145751953125,
    -1.0
   ],
   [
    885.3829345703125,
    979.1486206054688,
    -1.0
   ],
   [
    745.0703735351562,
    945.2250366210938,
    -1.0
   ]
  ]
 ],
 "skeleton_percentage": [
  100
 ],
 "angle": [
  284
 ]
}