{
 "frame_index": 806,
 "skeletons": [
  [
   [
    857.3703002929688,
    352.802734375,
    0.994
   ],
   [
    880.37548828125,
    341.19818115234375,
    0.964
   ],
   [
    841.8814697265625,
    327.5240478515625,
    0.988
   ],
   [
    897.6626586914062,
    373.7406921386719,
    0.505
   ],
   [
    800.712646484375,
    341.556884765625,
    0.896
   ],
   [
    914.1348266601562,
    510.8396301269531,
    0.975
   ],
   [
    712.9529418945312,
    452.0234069824219,
    0.989
   ],
   [
    932.6004638671875,
    683.7361450195312,
    0.824
   ],
   [
    565.277099609375,
    548.6464233398438,
    0.93
   ],
   [
    970.9765625,
    726.7672119140625,
    0.721
   ],
   [
    488.21270751953125,
    473.9564208984375,
    0.884
   ],
   [
    864.5418090820312,
    805.3189086914062,
    0.781
   ],
   [
    727.3395385742188,
    782.66455078125,
    0.837
   ],
   [
    912.396484375,
    948.8157958984375,
    -1.0
   ],
   [
    714.2236328125,
    923.1150512695312,
    -1.0
   ],
   [
    910.6126708984375,
    1005.1031494140625,
    -1.0
   ],
   [
    681.2498168945312,
    973.3887939453125,
    -1.0
   ]
  ],
  [
   [
    856.3302612304688,
    355.44354248046875,
    0.989
   ],
   [
    882.242431640625,
    340.82989501953125,
    0.956
   ],
   [
    842.3527221679688,
    328.8092041015625,
    0.977
   ],
   [
    901.8460693359375,
    368.8538818359375,
    0.561
   ],
   [
    804.3446044921875,
    338.2544860839844,
    0.833
   ],
   [
    920.5953369140625,
    502.45513916015625,
    0.964
   ],
   [
    710.9655151367188,
    451.6324462890625,
    0.992
   ],
   [
    942.502197265625,
    680.0146484375,
    0.816
   ],
   [
    558.8677978515625,
    540.5751342773438,
    0.961
   ],
   [
    950.8472900390625,
    742.33642578125,
    0.77
   ],
   [
    477.4976806640625,
    447.3775634765625,
    0.931
   ],
   [
    866.2679443359375,
    821.8178100585938,
    0.87
   ],
   [
    728.2359619140625,
    802.36083984375,
    0.928
   ],
   [
    856.943359375,
    993.0184326171875,
    -1.0
   ],
   [
    705.9024047851562,
    974.1344604492188,
    -1.0
   ],
   [
    806.3858642578125,
    1063.2088623046875,
    -1.0
   ],
   [
    679.7105712890625,
    1027.568115234375,
    -1.0
   ]
  ]
 ],
 "skeleton_percentage": [
  100,
  100
 ],
 "angle": [
  281,
  255
 ]
}