{
 "frame_index": 807,
 "skeletons": [
  [
   [
    857.2689208984375,
    353.1957092285156,
    0.994
   ],
   [
    880.3167724609375,
    341.19940185546875,
    0.964
   ],
   [
    841.7642822265625,
    327.9214782714844,
    0.988
   ],
   [
    897.7061767578125,
    373.1337890625,
    0.508
   ],
   [
    800.8203735351562,
    341.7681884765625,
    0.896
   ],
   [
    914.6336669921875,
    510.9039001464844,
    0.975
   ],
   [
    712.484619140625,
    453.56781005859375,
    0.989
   ],
   [
    933.0643310546875,
    685.4310302734375,
    0.818
   ],
   [
    565.8359985351562,
    551.3256225585938,
    0.929
   ],
   [
    971.9983520507812,
    728.5391845703125,
    0.714
   ],
   [
    486.7501220703125,
    471.594970703125,
    0.883
   ],
   [
    864.6448974609375,
    806.768310546875,
    0.779
   ],
   [
    727.320068359375,
    784.745849609375,
    0.836
   ],
   [
    911.3798828125,
    952.28125,
    -1.0
   ],
   [
    715.2900390625,
    927.9904174804688,
    -1.0
   ],
   [
    909.4033813476562,
    1009.4782104492188,
    -1.0
   ],
   [
    685.5814208984375,
    979.0067138671875,
    -1.0
   ]
  ],
  [
   [
    856.285888671875,
    355.7137451171875,
    0.989
   ],
   [
    882.132568359375,
    340.82427978515625,
    0.956
   ],
   [
    842.2022705078125,
    329.0909729003906,
    0.977
   ],
   [
    901.7508544921875,
    368.368408203125,
    0.558
   ],
   [
    804.2138671875,
    338.39019775390625,
    0.834
   ],
   [
    921.0406494140625,
    502.4698486328125,
    0.963
   ],
   [
    710.6319580078125,
    452.79132080078125,
    0.992
   ],
   [
    943.365966796875,
    680.90185546875,
    0.806
   ],
   [
    559.4196166992188,
    542.6119384765625,
    0.961
   ],
   [
    951.213134765625,
    744.0547485351562,
    0.76
   ],
   [
    477.9963684082031,
    447.2273254394531,
    0.929
   ],
   [
    867.2021484375,
    822.443115234375,
    0.864
   ],
   [
    729.1834106445312,
    803.6092529296875,
    0.927
   ],
   [
    858.3082275390625,
    994.5849609375,
    -1.0
   ],
   [
    709.9552612304688,
    976.7308959960938,
    -1.0
   ],
   [
    808.1174926757812,
    1065.967529296875,
    -1.0
   ],
   [
    687.3824462890625,
    1031.242919921875,
    -1.0
   ]
  ]
 ],
 "skeleton_percentage": [
  100,
  100
 ],
 "angle": [
  281,
  254
 ]
}