{
 "frame_index": 808,
 "skeletons": [
  [
   [
    850.59521484375,
    346.421630859375,
    0.993
   ],
   [
    872.75439453125,
    333.82977294921875,
    0.956
   ],
   [
    833.8687744140625,
    319.822509765625,
    0.987
   ],
   [
    888.8483276367188,
    363.5633239746094,
    -1.0
   ],
   [
    791.197509765625,
    328.45001220703125,
    0.918
   ],
   [
    903.4271240234375,
    505.5209655761719,
    0.983
   ],
   [
    694.8160400390625,
    432.15704345703125,
    0.99
   ],
   [
    913.710205078125,
    681.8215942382812,
    0.85
   ],
   [
    548.8086547851562,
    549.9512329101562,
    0.93
   ],
   [
    956.9927978515625,
    703.5199584960938,
    0.762
   ],
   [
    567.289794921875,
    549.28515625,
    0.888
   ],
   [
    846.740966796875,
    778.9681396484375,
    0.749
   ],
   [
    708.19482421875,
    756.7688598632812,
    0.802
   ],
   [
    910.0491943359375,
    851.8934326171875,
    -1.0
   ],
   [
    727.9622802734375,
    825.47998046875,
    -1.0
   ],
   [
    876.2612915039062,
    902.7302856445312,
    -1.0
   ],
   [
    697.5733032226562,
    888.0736083984375,
    -1.0
   ]
  ]
 ],
 "skeleton_percentage": [
  100
 ],
 "angle": [
  284
 ]
}