{
 "frame_index": 809,
 "skeletons": [
  [
   [
    851.273681640625,
    345.86358642578125,
    0.993
   ],
   [
    872.9133911132812,
    332.84295654296875,
    0.955
   ],
   [
    834.2178955078125,
    318.953125,
    0.989
   ],
   [
    886.7305908203125,
    362.848388671875,
    -1.0
   ],
   [
    787.40185546875,
    328.7023620605469,
    0.917
   ],
   [
    896.7490234375,
    502.33074951171875,
    0.975
   ],
   [
    700.289306640625,
    441.3562316894531,
    0.988
   ],
   [
    909.0982666015625,
    682.4576416015625,
    0.818
   ],
   [
    562.0179443359375,
    555.9160766601562,
    0.932
   ],
   [
    959.76220703125,
    713.8720703125,
    0.729
   ],
   [
    547.9807739257812,
    511.18505859375,
    0.889
   ],
   [
    854.0740966796875,
    785.1484375,
    0.731
   ],
   [
    721.28369140625,
    764.9476318359375,
    0.798
   ],
   [
    879.1807861328125,
    905.5654907226562,
    -1.0
   ],
   [
    708.0283813476562,
    883.365234375,
    -1.0
   ],
   [
    853.9903564453125,
    947.688720703125,
    -1.0
   ],
   [
    669.244140625,
    924.5545654296875,
    -1.0
   ]
  ]
 ],
 "skeleton_percentage": [
  100
 ],
 "angle": [
  284
 ]
}