{
 "frame_index": 810,
 "skeletons": [
  [
   [
    843.2327270507812,
    338.9877014160156,
    0.994
   ],
   [
    865.6107788085938,
    326.1336669921875,
    0.961
   ],
   [
    827.7599487304688,
    311.8974304199219,
    0.99
   ],
   [
    881.4293212890625,
    355.462890625,
    -1.0
   ],
   [
    785.1964111328125,
    321.5680847167969,
    0.917
   ],
   [
    890.7071533203125,
    501.4955749511719,
    0.982
   ],
   [
    698.8038330078125,
    433.828125,
    0.992
   ],
   [
    895.62109375,
    682.47314453125,
    0.859
   ],
   [
    564.77197265625,
    535.3470458984375,
    0.953
   ],
   [
    931.177490234375,
    738.9781494140625,
    0.784
   ],
   [
    502.43896484375,
    485.43011474609375,
    0.922
   ],
   [
    820.101806640625,
    784.6611328125,
    0.857
   ],
   [
    691.1504516601562,
    757.319580078125,
    0.902
   ],
   [
    851.5852661132812,
    921.5289916992188,
    -1.0
   ],
   [
    680.167724609375,
    893.2642822265625,
    -1.0
   ],
   [
    824.958251953125,
    985.5194091796875,
    -1.0
   ],
   [
    644.8175048828125,
    957.8914794921875,
    -1.0
   ]
  ]
 ],
 "skeleton_percentage": [
  100
 ],
 "angle": [
  280
 ]
}