{
 "frame_index": 811,
 "skeletons": [
  [
   [
    839.7703857421875,
    331.34429931640625,
    0.995
   ],
   [
    862.048095703125,
    320.9822998046875,
    0.959
   ],
   [
    823.8297119140625,
    304.345947265625,
    0.991
   ],
   [
    875.231689453125,
    354.583740234375,
    -1.0
   ],
   [
    776.742919921875,
    316.4632568359375,
    0.927
   ],
   [
    881.9227294921875,
    493.967529296875,
    0.987
   ],
   [
    690.6465454101562,
    428.2479248046875,
    0.994
   ],
   [
    887.795654296875,
    664.6885986328125,
    0.904
   ],
   [
    569.8705444335938,
    525.433837890625,
    0.968
   ],
   [
    925.2288818359375,
    730.0942993164062,
    0.849
   ],
   [
    501.73699951171875,
    476.03741455078125,
    0.947
   ],
   [
    816.5858154296875,
    765.69873046875,
    0.929
   ],
   [
    686.272705078125,
    739.424072265625,
    0.951
   ],
   [
    854.042724609375,
    904.520263671875,
    -1.0
   ],
   [
    673.2352294921875,
    877.7111206054688,
    -1.0
   ],
   [
    826.4775390625,
    990.7374267578125,
    -1.0
   ],
   [
    635.4791259765625,
    957.3927001953125,
    -1.0
   ]
  ]
 ],
 "skeleton_percentage": [
  100
 ],
 "angle": [
  271
 ]
}