{
 "frame_index": 812,
 "skeletons": [
  [
   [
    838.831787109375,
    325.5623474121094,
    0.995
   ],
   [
    862.5902709960938,
    315.06304931640625,
    0.959
   ],
   [
    821.4957275390625,
    296.6884460449219,
    0.99
   ],
   [
    875.463134765625,
    350.947509765625,
    -1.0
   ],
   [
    772.3912353515625,
    309.028076171875,
    0.922
   ],
   [
    876.4556884765625,
    498.1194763183594,
    0.987
   ],
   [
    685.8869018554688,
    421.567626953125,
    0.993
   ],
   [
    876.383056640625,
    678.4066162109375,
    0.906
   ],
   [
    572.010009765625,
    514.90771484375,
    0.963
   ],
   [
    940.6468505859375,
    730.800537109375,
    0.836
   ],
   [
    489.648193359375,
    448.06268310546875,
    0.936
   ],
   [
    796.8740234375,
    794.1652221679688,
    0.883
   ],
   [
    662.9573364257812,
    763.8099365234375,
    0.912
   ],
   [
    854.698486328125,
    885.8091430664062,
    -1.0
   ],
   [
    645.81494140625,
    856.8407592773438,
    -1.0
   ],
   [
    822.7179565429688,
    945.5103149414062,
    -1.0
   ],
   [
    592.4603271484375,
    915.663818359375,
    -1.0
   ]
  ]
 ],
 "skeleton_percentage": [
  100
 ],
 "angle": [
  281
 ]
}