{
 "frame_index": 813,
 "skeletons": [
  [
   [
    838.6041870117188,
    325.39239501953125,
    0.995
   ],
   [
    862.3277587890625,
    314.9721984863281,
    0.96
   ],
   [
    821.1835327148438,
    296.58514404296875,
    0.99
   ],
   [
    875.3975830078125,
    351.17236328125,
    -1.0
   ],
   [
    772.2127075195312,
    309.2227783203125,
    0.921
   ],
   [
    876.3043212890625,
    498.09619140625,
    0.987
   ],
   [
    685.9104614257812,
    421.74267578125,
    0.993
   ],
   [
    877.113037109375,
    677.48974609375,
    0.908
   ],
   [
    571.849853515625,
    514.861328125,
    0.962
   ],
   [
    945.5728759765625,
    729.02978515625,
    0.838
   ],
   [
    490.70361328125,
    447.15252685546875,
    0.935
   ],
   [
    798.8365478515625,
    794.4593505859375,
    0.88
   ],
   [
    663.8929443359375,
    764.717529296875,
    0.908
   ],
   [
    865.3284301757812,
    882.7153930664062,
    -1.0
   ],
   [
    648.3839111328125,
    854.4201049804688,
    -1.0
   ],
   [
    837.3912963867188,
    939.5304565429688,
    -1.0
   ],
   [
    592.2316284179688,
    910.4315185546875,
    -1.0
   ]
  ]
 ],
 "skeleton_percentage": [
  100
 ],
 "angle": [
  282
 ]
}