{
 "frame_index": 814,
 "skeletons": [
  [
   [
    837.7847900390625,
    328.1451110839844,
    0.993
   ],
   [
    865.1400146484375,
    314.36505126953125,
    0.959
   ],
   [
    822.6563720703125,
    296.69512939453125,
    0.986
   ],
   [
    878.795166015625,
    346.5323486328125,
    -1.0
   ],
   [
    777.94189453125,
    303.2589111328125,
    0.899
   ],
   [
    872.743896484375,
    490.90277099609375,
    0.98
   ],
   [
    689.0721435546875,
    411.58026123046875,
    0.994
   ],
   [
    893.4703369140625,
    679.881103515625,
    0.879
   ],
   [
    556.32421875,
    508.7381591796875,
    0.973
   ],
   [
    964.9239501953125,
    735.7900390625,
    0.837
   ],
   [
    483.4704895019531,
    456.998291015625,
    0.949
   ],
   [
    790.3240356445312,
    799.999755859375,
    0.914
   ],
   [
    669.2832641601562,
    767.325927734375,
    0.95
   ],
   [
    766.7033081054688,
    949.9127197265625,
    -1.0
   ],
   [
    628.97802734375,
    915.0353393554688,
    -1.0
   ],
   [
    710.0575561523438,
    1028.998291015625,
    -1.0
   ],
   [
    588.6165161132812,
    989.028076171875,
    -1.0
   ]
  ],
  [
   [
    841.0126953125,
    326.0001220703125,
    0.995
   ],
   [
    862.883056640625,
    315.193603515625,
    0.962
   ],
   [
    823.7601928710938,
    295.8062744140625,
    0.991
   ],
   [
    873.1246948242188,
    348.72552490234375,
    -1.0
   ],
   [
    775.0208129882812,
    305.1422424316406,
    0.928
   ],
   [
    874.4393310546875,
    501.29241943359375,
    0.985
   ],
   [
    686.6049194335938,
    414.263916015625,
    0.992
   ],
   [
    894.933837890625,
    676.9956665039062,
    0.88
   ],
   [
    562.473388671875,
    505.57611083984375,
    0.955
   ],
   [
    958.76513671875,
    712.9199829101562,
    0.808
   ],
   [
    494.239013671875,
    454.0284118652344,
    0.929
   ],
   [
    788.657470703125,
    800.0451049804688,
    0.829
   ],
   [
    657.6505126953125,
    766.5470581054688,
    0.872
   ],
   [
    884.7669067382812,
    794.2399291992188,
    -1.0
   ],
   [
    665.7027587890625,
    755.1399536132812,
    -1.0
   ],
   [
    878.000244140625,
    868.43017578125,
    -1.0
   ],
   [
    624.177490234375,
    833.75048828125,
    -1.0
   ]
  ]
 ],
 "skeleton_percentage": [
  100,
  100
 ],
 "angle": [
  258,
  285
 ]
}