{
 "frame_index": 815,
 "skeletons": [
  [
   [
    837.91845703125,
    324.60028076171875,
    0.996
   ],
   [
    862.072021484375,
    313.743896484375,
    0.96
   ],
   [
    822.3726196289062,
    292.163330078125,
    0.991
   ],
   [
    873.936767578125,
    348.761474609375,
    -1.0
   ],
   [
    772.0676879882812,
    298.33074951171875,
    0.922
   ],
   [
    868.9459228515625,
    501.61285400390625,
    0.99
   ],
   [
    681.1553955078125,
    407.4877624511719,
    0.993
   ],
   [
    878.922607421875,
    686.3385009765625,
    0.933
   ],
   [
    562.0264282226562,
    502.4693603515625,
    0.964
   ],
   [
    957.7569580078125,
    725.3509521484375,
    0.877
   ],
   [
    486.58514404296875,
    450.4214172363281,
    0.941
   ],
   [
    774.6422119140625,
    801.9823608398438,
    0.909
   ],
   [
    640.6422119140625,
    763.357177734375,
    0.921
   ],
   [
    828.4901733398438,
    883.8021240234375,
    -1.0
   ],
   [
    606.895751953125,
    841.97607421875,
    -1.0
   ],
   [
    798.703857421875,
    951.407958984375,
    -1.0
   ],
   [
    540.8753662109375,
    910.9630737304688,
    -1.0
   ]
  ],
  [
   [
    837.8226928710938,
    321.4393005371094,
    0.994
   ],
   [
    867.478515625,
    307.25347900390625,
    0.962
   ],
   [
    821.6943359375,
    289.77142333984375,
    0.987
   ],
   [
    883.2984619140625,
    340.5279235839844,
    0.515
   ],
   [
    775.7093505859375,
    297.5184631347656,
    0.906
   ],
   [
    869.2161254882812,
    483.9429931640625,
    0.985
   ],
   [
    687.355224609375,
    407.9431457519531,
    0.996
   ],
   [
    890.137451171875,
    681.481689453125,
    0.913
   ],
   [
    560.6246337890625,
    504.35247802734375,
    0.982
   ],
   [
    949.471435546875,
    725.079833984375,
    0.892
   ],
   [
    486.0120849609375,
    441.15399169921875,
    0.963
   ],
   [
    770.5362548828125,
    778.9220581054688,
    0.944
   ],
   [
    648.2620849609375,
    746.7745361328125,
    0.968
   ],
   [
    729.3649291992188,
    945.82470703125,
    -1.0
   ],
   [
    579.7262573242188,
    913.5979614257812,
    0.585
   ],
   [
    669.5428466796875,
    1023.30322265625,
    -1.0
   ],
   [
    522.466796875,
    982.205322265625,
    -1.0
   ]
  ]
 ],
 "skeleton_percentage": [
  100,
  100
 ],
 "angle": [
  283,
  256
 ]
}