{
 "frame_index": 816,
 "skeletons": [
  [
   [
    838.7385864257812,
    327.45294189453125,
    0.996
   ],
   [
    861.8179321289062,
    315.76239013671875,
    0.956
   ],
   [
    823.6048583984375,
    295.08740234375,
    0.992
   ],
   [
    871.0692138671875,
    348.38916015625,
    -1.0
   ],
   [
    770.386474609375,
    299.22491455078125,
    0.934
   ],
   [
    868.5994262695312,
    504.31573486328125,
    0.987
   ],
   [
    670.2523193359375,
    409.66363525390625,
    0.992
   ],
   [
    874.673095703125,
    695.9390258789062,
    0.9
   ],
   [
    545.79345703125,
    501.04779052734375,
    0.958
   ],
   [
    929.6412353515625,
    747.1957397460938,
    0.821
   ],
   [
    474.2798767089844,
    438.22412109375,
    0.929
   ],
   [
    771.593994140625,
    817.6669921875,
    0.864
   ],
   [
    630.76953125,
    778.5155639648438,
    0.894
   ],
   [
    815.414306640625,
    895.47119140625,
    -1.0
   ],
   [
    587.8794555664062,
    854.8929443359375,
    -1.0
   ],
   [
    783.7054443359375,
    962.96728515625,
    -1.0
   ],
   [
    528.7823486328125,
    922.345458984375,
    -1.0
   ]
  ],
  [
   [
    837.709716796875,
    326.4278869628906,
    0.993
   ],
   [
    863.6672973632812,
    311.68487548828125,
    0.954
   ],
   [
    823.638916015625,
    295.3272705078125,
    0.988
   ],
   [
    875.6923828125,
    340.7890625,
    -1.0
   ],
   [
    777.3279418945312,
    300.6876220703125,
    0.906
   ],
   [
    870.0919189453125,
    489.47161865234375,
    0.974
   ],
   [
    676.7506103515625,
    409.78204345703125,
    0.993
   ],
   [
    870.40380859375,
    693.5467529296875,
    0.837
   ],
   [
    546.910400390625,
    508.18292236328125,
    0.966
   ],
   [
    913.2515258789062,
    745.7598266601562,
    0.781
   ],
   [
    470.5593566894531,
    440.1167907714844,
    0.934
   ],
   [
    764.2899780273438,
    793.6395263671875,
    0.895
   ],
   [
    630.5887451171875,
    758.6953125,
    0.94
   ],
   [
    745.5529174804688,
    959.975830078125,
    -1.0
   ],
   [
    560.576171875,
    925.92626953125,
    -1.0
   ],
   [
    695.296142578125,
    1042.26318359375,
    -1.0
   ],
   [
    508.580322265625,
    1006.1585083007812,
    -1.0
   ]
  ]
 ],
 "skeleton_percentage": [
  100,
  100
 ],
 "angle": [
  284,
  258
 ]
}