{
 "frame_index": 817,
 "skeletons": [
  [
   [
    840.8772583007812,
    324.96575927734375,
    0.995
   ],
   [
    864.2728271484375,
    313.14447021484375,
    0.955
   ],
   [
    823.8037719726562,
    292.4635925292969,
    0.992
   ],
   [
    874.43359375,
    347.6976013183594,
    -1.0
   ],
   [
    769.6232299804688,
    299.35052490234375,
    0.934
   ],
   [
    868.1185302734375,
    504.23748779296875,
    0.986
   ],
   [
    675.8878784179688,
    414.5744934082031,
    0.991
   ],
   [
    875.697265625,
    692.7619018554688,
    0.893
   ],
   [
    553.1204833984375,
    511.57763671875,
    0.955
   ],
   [
    930.5088500976562,
    729.8511962890625,
    0.819
   ],
   [
    483.36529541015625,
    449.10321044921875,
    0.928
   ],
   [
    786.4349365234375,
    804.0721435546875,
    0.808
   ],
   [
    646.19775390625,
    770.2304077148438,
    0.845
   ],
   [
    884.9530029296875,
    827.7233276367188,
    -1.0
   ],
   [
    637.8090209960938,
    790.3862915039062,
    -1.0
   ],
   [
    874.3892211914062,
    877.7138671875,
    -1.0
   ],
   [
    575.5933837890625,
    839.6804809570312,
    -1.0
   ]
  ]
 ],
 "skeleton_percentage": [
  100
 ],
 "angle": [
  285
 ]
}