{
 "frame_index": 818,
 "skeletons": [
  [
   [
    841.0420532226562,
    325.14215087890625,
    0.995
   ],
   [
    864.359375,
    313.212646484375,
    0.954
   ],
   [
    824.2225341796875,
    292.7459716796875,
    0.992
   ],
   [
    874.4598999023438,
    347.1494445800781,
    -1.0
   ],
   [
    770.1465454101562,
    299.0809020996094,
    0.935
   ],
   [
    868.4826049804688,
    503.34027099609375,
    0.986
   ],
   [
    676.294189453125,
    414.08966064453125,
    0.992
   ],
   [
    875.5283203125,
    691.521240234375,
    0.892
   ],
   [
    553.6927490234375,
    510.4659118652344,
    0.955
   ],
   [
    929.0455322265625,
    730.52197265625,
    0.819
   ],
   [
    482.9556884765625,
    448.9739685058594,
    0.929
   ],
   [
    786.4498291015625,
    801.8905029296875,
    0.817
   ],
   [
    647.0308837890625,
    767.9269409179688,
    0.854
   ],
   [
    878.420654296875,
    836.693603515625,
    -1.0
   ],
   [
    637.6483154296875,
    799.4895629882812,
    -1.0
   ],
   [
    864.687744140625,
    887.1264038085938,
    -1.0
   ],
   [
    576.8519287109375,
    849.1748657226562,
    -1.0
   ]
  ],
  [
   [
    841.42529296875,
    323.1546630859375,
    0.994
   ],
   [
    867.30078125,
    309.3538513183594,
    0.954
   ],
   [
    824.2840576171875,
    291.78515625,
    0.99
   ],
   [
    878.9688720703125,
    342.1314392089844,
    -1.0
   ],
   [
    771.3967895507812,
    299.8018798828125,
    0.924
   ],
   [
    866.1324462890625,
    491.5192565917969,
    0.983
   ],
   [
    682.38232421875,
    413.8460998535156,
    0.994
   ],
   [
    872.0006103515625,
    691.9630126953125,
    0.895
   ],
   [
    556.889892578125,
    503.9425048828125,
    0.974
   ],
   [
    926.64111328125,
    723.743896484375,
    0.855
   ],
   [
    480.8200378417969,
    441.011474609375,
    0.95
   ],
   [
    788.1434326171875,
    781.9586181640625,
    0.887
   ],
   [
    658.057373046875,
    752.0275268554688,
    0.927
   ],
   [
    792.4306640625,
    900.7619018554688,
    -1.0
   ],
   [
    600.102783203125,
    870.2203369140625,
    -1.0
   ],
   [
    767.4156494140625,
    942.1925048828125,
    -1.0
   ],
   [
    547.8253784179688,
    907.6888427734375,
    -1.0
   ]
  ]
 ],
 "skeleton_percentage": [
  100,
  100
 ],
 "angle": [
  285,
  261
 ]
}