{
 "frame_index": 819,
 "skeletons": [
  [
   [
    844.3660888671875,
    325.39154052734375,
    0.995
   ],
   [
    867.71484375,
    313.88720703125,
    0.956
   ],
   [
    826.2254638671875,
    293.98931884765625,
    0.992
   ],
   [
    876.6650390625,
    350.6195983886719,
    -1.0
   ],
   [
    770.9807739257812,
    304.42742919921875,
    0.936
   ],
   [
    870.3641357421875,
    506.9015808105469,
    0.983
   ],
   [
    673.5631103515625,
    421.369140625,
    0.99
   ],
   [
    877.482666015625,
    703.150390625,
    0.878
   ],
   [
    552.4794921875,
    529.10498046875,
    0.948
   ],
   [
    953.4080200195312,
    734.2055053710938,
    0.786
   ],
   [
    479.7283630371094,
    450.3891906738281,
    0.915
   ],
   [
    789.4622802734375,
    820.761474609375,
    0.763
   ],
   [
    645.3837890625,
    789.731689453125,
    0.808
   ],
   [
    896.1348266601562,
    855.2000732421875,
    -1.0
   ],
   [
    636.3788452148438,
    823.5814208984375,
    -1.0
   ],
   [
    895.3846435546875,
    906.5408935546875,
    -1.0
   ],
   [
    577.9931030273438,
    876.0785522460938,
    -1.0
   ]
  ],
  [
   [
    844.7467041015625,
    324.31097412109375,
    0.994
   ],
   [
    871.1222534179688,
    310.3038024902344,
    0.954
   ],
   [
    826.8612670898438,
    292.67303466796875,
    0.989
   ],
   [
    882.30322265625,
    345.1422424316406,
    -1.0
   ],
   [
    773.69580078125,
    302.94171142578125,
    0.92
   ],
   [
    869.1406860351562,
    500.2510986328125,
    0.982
   ],
   [
    677.13232421875,
    425.2811279296875,
    0.993
   ],
   [
    873.9083862304688,
    708.736572265625,
    0.891
   ],
   [
    554.1397094726562,
    525.99365234375,
    0.968
   ],
   [
    954.693359375,
    741.93310546875,
    0.835
   ],
   [
    479.9368896484375,
    447.0559387207031,
    0.938
   ],
   [
    795.1099853515625,
    822.048583984375,
    0.836
   ],
   [
    662.0435791015625,
    796.1848754882812,
    0.886
   ],
   [
    816.0142822265625,
    923.1890258789062,
    -1.0
   ],
   [
    634.7703857421875,
    900.1104736328125,
    -1.0
   ],
   [
    790.2251586914062,
    952.0556030273438,
    -1.0
   ],
   [
    604.9837646484375,
    925.5130004882812,
    -1.0
   ]
  ]
 ],
 "skeleton_percentage": [
  100,
  100
 ],
 "angle": [
  284,
  261
 ]
}