{
 "frame_index": 820,
 "skeletons": [
  [
   [
    840.6253051757812,
    334.4429931640625,
    0.995
   ],
   [
    864.28857421875,
    321.7566833496094,
    0.955
   ],
   [
    823.484619140625,
    305.361083984375,
    0.99
   ],
   [
    878.911376953125,
    354.5014343261719,
    -1.0
   ],
   [
    774.8699951171875,
    315.933349609375,
    0.921
   ],
   [
    880.6056518554688,
    496.9421081542969,
    0.984
   ],
   [
    685.9622802734375,
    434.8729248046875,
    0.992
   ],
   [
    889.429443359375,
    675.0189819335938,
    0.895
   ],
   [
    560.6981201171875,
    540.6815185546875,
    0.962
   ],
   [
    951.3158569335938,
    722.519287109375,
    0.823
   ],
   [
    480.2533264160156,
    454.82000732421875,
    0.938
   ],
   [
    822.6348266601562,
    787.3961791992188,
    0.851
   ],
   [
    680.747802734375,
    766.9535522460938,
    0.888
   ],
   [
    943.6055908203125,
    864.40771484375,
    -1.0
   ],
   [
    693.160888671875,
    845.8216552734375,
    -1.0
   ],
   [
    936.921630859375,
    916.640380859375,
    -1.0
   ],
   [
    626.19091796875,
    890.2798461914062,
    -1.0
   ]
  ]
 ],
 "skeleton_percentage": [
  100
 ],
 "angle": [
  284
 ]
}