{
 "frame_index": 821,
 "skeletons": [
  [
   [
    855.60107421875,
    343.1886291503906,
    0.995
   ],
   [
    876.4861450195312,
    328.7515869140625,
    0.951
   ],
   [
    838.2532958984375,
    313.89752197265625,
    0.992
   ],
   [
    885.3148193359375,
    356.60968017578125,
    -1.0
   ],
   [
    783.1854858398438,
    321.0962219238281,
    0.939
   ],
   [
    890.3533935546875,
    500.2958679199219,
    0.982
   ],
   [
    690.238525390625,
    440.3299255371094,
    0.991
   ],
   [
    901.24365234375,
    685.2977294921875,
    0.868
   ],
   [
    564.795654296875,
    553.2127685546875,
    0.955
   ],
   [
    960.615966796875,
    731.5615844726562,
    0.774
   ],
   [
    480.0173034667969,
    455.6641845703125,
    0.922
   ],
   [
    819.3681640625,
    796.538330078125,
    0.806
   ],
   [
    671.4324951171875,
    773.177490234375,
    0.855
   ],
   [
    894.9984130859375,
    880.919677734375,
    -1.0
   ],
   [
    623.1100463867188,
    862.6680908203125,
    -1.0
   ],
   [
    883.2601318359375,
    929.3975830078125,
    -1.0
   ],
   [
    540.08544921875,
    905.4117431640625,
    -1.0
   ]
  ],
  [
   [
    857.1104736328125,
    341.9837646484375,
    0.995
   ],
   [
    880.5737915039062,
    325.61566162109375,
    0.952
   ],
   [
    839.5059814453125,
    312.5850830078125,
    0.991
   ],
   [
    890.6372680664062,
    350.54437255859375,
    -1.0
   ],
   [
    783.895751953125,
    318.67431640625,
    0.933
   ],
   [
    886.006591796875,
    487.1562194824219,
    0.982
   ],
   [
    689.7599487304688,
    439.2787170410156,
    0.994
   ],
   [
    897.0162353515625,
    681.1975708007812,
    0.889
   ],
   [
    565.4129638671875,
    547.034912109375,
    0.975
   ],
   [
    955.718994140625,
    726.6102294921875,
    0.83
   ],
   [
    482.1717224121094,
    447.1187438964844,
    0.946
   ],
   [
    814.5245361328125,
    781.8656616210938,
    0.89
   ],
   [
    671.1964111328125,
    763.534912109375,
    0.932
   ],
   [
    816.0047607421875,
    934.52587890625,
    -1.0
   ],
   [
    581.017578125,
    925.12939453125,
    -1.0
   ],
   [
    790.0966796875,
    964.6025390625,
    -1.0
   ],
   [
    507.25848388671875,
    942.646728515625,
    -1.0
   ]
  ]
 ],
 "skeleton_percentage": [
  100,
  100
 ],
 "angle": [
  285,
  258
 ]
}