{
 "frame_index": 822,
 "skeletons": [
  [
   [
    855.417724609375,
    342.11614990234375,
    0.995
   ],
   [
    876.3870849609375,
    327.8715515136719,
    0.952
   ],
   [
    838.1427001953125,
    313.0882873535156,
    0.992
   ],
   [
    885.2340087890625,
    356.00604248046875,
    -1.0
   ],
   [
    783.426025390625,
    320.6715087890625,
    0.94
   ],
   [
    890.6605224609375,
    500.0745849609375,
    0.982
   ],
   [
    690.4180297851562,
    440.18328857421875,
    0.991
   ],
   [
    901.5342407226562,
    684.8818969726562,
    0.862
   ],
   [
    565.6942138671875,
    552.515625,
    0.952
   ],
   [
    959.4881591796875,
    731.27880859375,
    0.766
   ],
   [
    480.1828308105469,
    455.6368103027344,
    0.918
   ],
   [
    817.562255859375,
    795.5731201171875,
    0.803
   ],
   [
    671.226318359375,
    771.8323974609375,
    0.854
   ],
   [
    884.1051635742188,
    890.505859375,
    -1.0
   ],
   [
    624.1996459960938,
    871.9229736328125,
    -1.0
   ],
   [
    867.8413696289062,
    938.8592529296875,
    -1.0
   ],
   [
    545.55908203125,
    914.705078125,
    -1.0
   ]
  ]
 ],
 "skeleton_percentage": [
  100
 ],
 "angle": [
  285
 ]
}