{
 "frame_index": 823,
 "skeletons": [
  [
   [
    864.509033203125,
    349.0754699707031,
    0.993
   ],
   [
    884.9148559570312,
    334.671875,
    0.94
   ],
   [
    848.517822265625,
    319.025634765625,
    0.989
   ],
   [
    892.18896484375,
    361.99798583984375,
    -1.0
   ],
   [
    794.0145263671875,
    323.8212890625,
    0.922
   ],
   [
    896.3300170898438,
    505.5709228515625,
    0.978
   ],
   [
    701.4780883789062,
    449.7166442871094,
    0.988
   ],
   [
    907.9837646484375,
    692.0742797851562,
    0.859
   ],
   [
    572.8856201171875,
    553.5453491210938,
    0.943
   ],
   [
    959.0789794921875,
    735.09033203125,
    0.768
   ],
   [
    487.6769714355469,
    450.3320617675781,
    0.907
   ],
   [
    859.4683227539062,
    804.612548828125,
    0.705
   ],
   [
    722.482421875,
    786.46142578125,
    0.762
   ],
   [
    901.559326171875,
    879.4879760742188,
    -1.0
   ],
   [
    698.7783813476562,
    864.6529541015625,
    -1.0
   ],
   [
    877.5196533203125,
    890.8486328125,
    -1.0
   ],
   [
    655.0770263671875,
    860.7745971679688,
    -1.0
   ]
  ]
 ],
 "skeleton_percentage": [
  100
 ],
 "angle": [
  285
 ]
}