{
 "frame_index": 824,
 "skeletons": [
  [
   [
    873.2202758789062,
    360.11102294921875,
    0.994
   ],
   [
    895.123779296875,
    345.3729248046875,
    0.941
   ],
   [
    856.7459106445312,
    327.8868713378906,
    0.99
   ],
   [
    903.1052856445312,
    372.8399963378906,
    -1.0
   ],
   [
    800.2659912109375,
    329.870849609375,
    0.928
   ],
   [
    898.2606201171875,
    513.50146484375,
    0.978
   ],
   [
    708.1486206054688,
    453.9971923828125,
    0.988
   ],
   [
    915.2557983398438,
    694.8314819335938,
    0.861
   ],
   [
    567.5396728515625,
    556.9954833984375,
    0.944
   ],
   [
    983.3622436523438,
    716.8068237304688,
    0.774
   ],
   [
    487.15484619140625,
    444.22576904296875,
    0.912
   ],
   [
    874.130126953125,
    800.7844848632812,
    0.696
   ],
   [
    736.20263671875,
    784.888427734375,
    0.749
   ],
   [
    966.0869140625,
    835.579833984375,
    -1.0
   ],
   [
    735.5076904296875,
    820.3582763671875,
    -1.0
   ],
   [
    962.595458984375,
    846.8360595703125,
    -1.0
   ],
   [
    678.7594604492188,
    814.3377685546875,
    -1.0
   ]
  ]
 ],
 "skeleton_percentage": [
  100
 ],
 "angle": [
  283
 ]
}