{
 "frame_index": 825,
 "skeletons": [
  [
   [
    873.6153564453125,
    360.3604431152344,
    0.994
   ],
   [
    895.429931640625,
    345.6942138671875,
    0.941
   ],
   [
    857.1953125,
    327.9654235839844,
    0.99
   ],
   [
    903.1387939453125,
    373.17706298828125,
    -1.0
   ],
   [
    800.4605712890625,
    329.5729064941406,
    0.93
   ],
   [
    897.850830078125,
    513.5374755859375,
    0.978
   ],
   [
    708.8350219726562,
    453.04541015625,
    0.988
   ],
   [
    915.29052734375,
    694.161376953125,
    0.863
   ],
   [
    567.2451782226562,
    555.2577514648438,
    0.945
   ],
   [
    983.723388671875,
    716.7449340820312,
    0.778
   ],
   [
    487.2695617675781,
    444.4397277832031,
    0.914
   ],
   [
    874.781005859375,
    802.1630859375,
    0.701
   ],
   [
    737.27099609375,
    785.885009765625,
    0.753
   ],
   [
    967.1943969726562,
    835.7393798828125,
    -1.0
   ],
   [
    735.8192749023438,
    819.7357177734375,
    -1.0
   ],
   [
    963.758056640625,
    847.6939086914062,
    -1.0
   ],
   [
    676.4595336914062,
    814.2478637695312,
    -1.0
   ]
  ]
 ],
 "skeleton_percentage": [
  100
 ],
 "angle": [
  283
 ]
}