{
 "frame_index": 826,
 "skeletons": [
  [
   [
    878.6651000976562,
    370.6471252441406,
    0.993
   ],
   [
    901.2711181640625,
    354.37957763671875,
    0.942
   ],
   [
    863.0914306640625,
    338.23846435546875,
    0.99
   ],
   [
    911.6438598632812,
    377.65313720703125,
    -1.0
   ],
   [
    809.012939453125,
    336.94873046875,
    0.927
   ],
   [
    908.3501586914062,
    519.168701171875,
    0.973
   ],
   [
    716.8312377929688,
    459.060546875,
    0.987
   ],
   [
    921.7194213867188,
    700.1515502929688,
    0.815
   ],
   [
    574.9520874023438,
    554.955322265625,
    0.93
   ],
   [
    975.559326171875,
    735.275146484375,
    0.702
   ],
   [
    483.31256103515625,
    449.4227294921875,
    0.884
   ],
   [
    868.5255126953125,
    808.3707275390625,
    0.675
   ],
   [
    729.6544189453125,
    789.3223876953125,
    0.739
   ],
   [
    945.3402099609375,
    870.38671875,
    -1.0
   ],
   [
    713.61572265625,
    852.7005615234375,
    -1.0
   ],
   [
    933.2294921875,
    879.8653564453125,
    -1.0
   ],
   [
    649.9678955078125,
    846.77490234375,
    -1.0
   ]
  ]
 ],
 "skeleton_percentage": [
  100
 ],
 "angle": [
  281
 ]
}