{
 "frame_index": 827,
 "skeletons": [
  [
   [
    884.9072265625,
    372.9962158203125,
    0.991
   ],
   [
    907.3203735351562,
    358.7256774902344,
    0.937
   ],
   [
    867.9387817382812,
    341.98724365234375,
    0.987
   ],
   [
    917.8157958984375,
    387.17156982421875,
    -1.0
   ],
   [
    818.2081298828125,
    346.3897705078125,
    0.925
   ],
   [
    920.6984252929688,
    538.199951171875,
    0.967
   ],
   [
    716.7662353515625,
    463.432373046875,
    0.984
   ],
   [
    936.838623046875,
    722.1455078125,
    0.725
   ],
   [
    558.3865356445312,
    576.3897705078125,
    0.895
   ],
   [
    988.13037109375,
    725.5166015625,
    0.598
   ],
   [
    514.0009155273438,
    495.439208984375,
    0.84
   ],
   [
    857.9155883789062,
    836.9461669921875,
    0.576
   ],
   [
    719.4581298828125,
    812.7657470703125,
    0.67
   ],
   [
    941.27783203125,
    869.115234375,
    -1.0
   ],
   [
    731.9381713867188,
    841.65234375,
    -1.0
   ],
   [
    915.5963745117188,
    914.8121337890625,
    -1.0
   ],
   [
    683.0794067382812,
    887.3848876953125,
    -1.0
   ]
  ],
  [
   [
    886.3890380859375,
    376.53765869140625,
    0.983
   ],
   [
    911.1822509765625,
    358.84881591796875,
    0.921
   ],
   [
    871.187255859375,
    344.1356506347656,
    0.974
   ],
   [
    922.0960693359375,
    379.5200500488281,
    -1.0
   ],
   [
    819.02978515625,
    342.8276062011719,
    0.836
   ],
   [
    930.698974609375,
    522.5361328125,
    0.912
   ],
   [
    715.0614013671875,
    467.4524230957031,
    0.983
   ],
   [
    950.9765625,
    711.0233154296875,
    0.612
   ],
   [
    563.8388061523438,
    570.70703125,
    0.923
   ],
   [
    979.2830810546875,
    775.19091796875,
    0.541
   ],
   [
    488.0927734375,
    456.99432373046875,
    0.866
   ],
   [
    872.783447265625,
    873.7635498046875,
    0.664
   ],
   [
    724.6229858398438,
    852.5857543945312,
    0.81
   ],
   [
    854.293212890625,
    1010.712158203125,
    -1.0
   ],
   [
    666.894775390625,
    991.8505859375,
    -1.0
   ],
   [
    804.006591796875,
    1056.702880859375,
    -1.0
   ],
   [
    624.783447265625,
    1017.249267578125,
    -1.0
   ]
  ]
 ],
 "skeleton_percentage": [
  100,
  100
 ],
 "angle": [
  282,
  263
 ]
}