{
 "frame_index": 828,
 "skeletons": [
  [
   [
    887.0399780273438,
    375.34771728515625,
    0.993
   ],
   [
    908.8406982421875,
    359.93505859375,
    0.938
   ],
   [
    871.2987060546875,
    345.14501953125,
    0.992
   ],
   [
    917.0599365234375,
    385.4473571777344,
    -1.0
   ],
   [
    817.6664428710938,
    348.0269775390625,
    0.945
   ],
   [
    920.648193359375,
    535.9985961914062,
    0.954
   ],
   [
    713.8629150390625,
    470.5414123535156,
    0.982
   ],
   [
    934.7950439453125,
    727.8740234375,
    0.639
   ],
   [
    570.6018676757812,
    583.7883911132812,
    0.877
   ],
   [
    982.6730346679688,
    764.7369384765625,
    -1.0
   ],
   [
    499.901123046875,
    479.189453125,
    0.802
   ],
   [
    857.43310546875,
    861.5117797851562,
    0.583
   ],
   [
    715.3880004882812,
    837.4676513671875,
    0.687
   ],
   [
    915.4281005859375,
    975.7186889648438,
    -1.0
   ],
   [
    707.5326538085938,
    952.2815551757812,
    -1.0
   ],
   [
    900.447509765625,
    1021.8197021484375,
    -1.0
   ],
   [
    664.5885009765625,
    991.6426391601562,
    -1.0
   ]
  ],
  [
   [
    883.343505859375,
    375.44989013671875,
    0.986
   ],
   [
    910.53125,
    357.5498046875,
    0.93
   ],
   [
    868.2130126953125,
    341.27581787109375,
    0.976
   ],
   [
    923.8463745117188,
    379.5738830566406,
    -1.0
   ],
   [
    818.4512329101562,
    339.0292053222656,
    0.857
   ],
   [
    925.7640380859375,
    523.65185546875,
    0.943
   ],
   [
    712.6514282226562,
    470.292236328125,
    0.989
   ],
   [
    941.7764282226562,
    714.602783203125,
    0.716
   ],
   [
    564.8345336914062,
    569.5380859375,
    0.947
   ],
   [
    946.1976928710938,
    790.2703857421875,
    0.671
   ],
   [
    497.91253662109375,
    460.0185546875,
    0.907
   ],
   [
    866.8603515625,
    893.1879272460938,
    0.798
   ],
   [
    727.8497314453125,
    873.9373168945312,
    0.893
   ],
   [
    825.0536499023438,
    1072.648193359375,
    -1.0
   ],
   [
    699.3907470703125,
    1055.567626953125,
    -1.0
   ],
   [
    744.1900634765625,
    1080.0,
    -1.0
   ],
   [
    670.73828125,
    1080.0,
    -1.0
   ]
  ]
 ],
 "skeleton_percentage": [
  100,
  100
 ],
 "angle": [
  282,
  244
 ]
}