{
 "frame_index": 829,
 "skeletons": [
  [
   [
    890.783203125,
    387.7166748046875,
    0.992
   ],
   [
    915.8922119140625,
    372.56060791015625,
    0.94
   ],
   [
    875.0374145507812,
    355.5253601074219,
    0.99
   ],
   [
    926.9029541015625,
    399.97802734375,
    -1.0
   ],
   [
    822.496337890625,
    358.8355407714844,
    0.928
   ],
   [
    923.237060546875,
    554.2618408203125,
    0.948
   ],
   [
    723.5579223632812,
    478.59619140625,
    0.981
   ],
   [
    933.5875854492188,
    749.3927001953125,
    0.619
   ],
   [
    575.2188720703125,
    580.9306640625,
    0.878
   ],
   [
    963.8843994140625,
    772.7250366210938,
    -1.0
   ],
   [
    473.9312744140625,
    463.853271484375,
    0.805
   ],
   [
    827.0521240234375,
    870.1964111328125,
    0.503
   ],
   [
    691.2822265625,
    836.5601806640625,
    0.627
   ],
   [
    848.2554931640625,
    954.079345703125,
    -1.0
   ],
   [
    655.303466796875,
    918.2532348632812,
    -1.0
   ],
   [
    820.296630859375,
    991.61376953125,
    -1.0
   ],
   [
    606.1824951171875,
    949.5216064453125,
    -1.0
   ]
  ],
  [
   [
    891.01025390625,
    388.59942626953125,
    0.981
   ],
   [
    919.7261352539062,
    371.93310546875,
    0.92
   ],
   [
    876.0042114257812,
    354.6844482421875,
    0.967
   ],
   [
    934.865478515625,
    395.4813537597656,
    -1.0
   ],
   [
    824.70068359375,
    353.26263427734375,
    0.785
   ],
   [
    935.6229858398438,
    547.2634887695312,
    0.909
   ],
   [
    720.537841796875,
    472.32281494140625,
    0.978
   ],
   [
    930.904052734375,
    746.9776611328125,
    0.611
   ],
   [
    563.770751953125,
    563.7606201171875,
    0.906
   ],
   [
    928.7162475585938,
    790.75,
    0.543
   ],
   [
    479.81121826171875,
    449.9894714355469,
    0.843
   ],
   [
    839.17529296875,
    901.68505859375,
    0.628
   ],
   [
    694.7642822265625,
    867.96240234375,
    0.772
   ],
   [
    782.61279296875,
    1036.826904296875,
    -1.0
   ],
   [
    630.9700317382812,
    1001.5615234375,
    -1.0
   ],
   [
    702.8094482421875,
    1055.5673828125,
    -1.0
   ],
   [
    586.4283447265625,
    1007.36279296875,
    -1.0
   ]
  ]
 ],
 "skeleton_percentage": [
  100,
  100
 ],
 "angle": [
  280,
  259
 ]
}