{
 "frame_index": 830,
 "skeletons": [
  [
   [
    890.2999267578125,
    387.14447021484375,
    0.992
   ],
   [
    915.6273193359375,
    372.28271484375,
    0.941
   ],
   [
    874.5620727539062,
    355.1043701171875,
    0.99
   ],
   [
    926.9727783203125,
    400.27264404296875,
    -1.0
   ],
   [
    822.442138671875,
    358.9787292480469,
    0.928
   ],
   [
    923.1161499023438,
    554.3641967773438,
    0.948
   ],
   [
    722.6625366210938,
    478.50872802734375,
    0.981
   ],
   [
    933.2935180664062,
    750.428466796875,
    0.609
   ],
   [
    574.065673828125,
    583.9187622070312,
    0.873
   ],
   [
    963.3495483398438,
    773.6368408203125,
    -1.0
   ],
   [
    477.86114501953125,
    468.1526184082031,
    0.794
   ],
   [
    822.1170654296875,
    868.3203735351562,
    -1.0
   ],
   [
    686.3848876953125,
    834.0985107421875,
    0.62
   ],
   [
    838.1563720703125,
    950.5838012695312,
    -1.0
   ],
   [
    647.3226928710938,
    914.1187133789062,
    -1.0
   ],
   [
    806.0436401367188,
    988.4741821289062,
    -1.0
   ],
   [
    596.60107421875,
    945.8466796875,
    -1.0
   ]
  ],
  [
   [
    890.2897338867188,
    388.07879638671875,
    0.981
   ],
   [
    919.086181640625,
    371.5751037597656,
    0.921
   ],
   [
    875.3642578125,
    354.1834716796875,
    0.966
   ],
   [
    934.311279296875,
    395.471923828125,
    -1.0
   ],
   [
    824.3023681640625,
    353.18023681640625,
    0.785
   ],
   [
    934.740478515625,
    547.56689453125,
    0.913
   ],
   [
    719.5712280273438,
    472.2007141113281,
    0.978
   ],
   [
    930.0941162109375,
    748.1436767578125,
    0.618
   ],
   [
    562.3453369140625,
    565.158935546875,
    0.904
   ],
   [
    928.6253662109375,
    792.22265625,
    0.546
   ],
   [
    480.7584228515625,
    451.3076171875,
    0.839
   ],
   [
    831.554443359375,
    900.33837890625,
    0.631
   ],
   [
    687.505126953125,
    865.5635375976562,
    0.77
   ],
   [
    767.0635986328125,
    1031.9906005859375,
    -1.0
   ],
   [
    617.642333984375,
    995.88525390625,
    -1.0
   ],
   [
    682.2743530273438,
    1050.4775390625,
    -1.0
   ],
   [
    569.5119018554688,
    1001.645751953125,
    -1.0
   ]
  ]
 ],
 "skeleton_percentage": [
  100,
  100
 ],
 "angle": [
  280,
  259
 ]
}