{
 "frame_index": 831,
 "skeletons": [
  [
   [
    901.1607666015625,
    398.0179138183594,
    0.992
   ],
   [
    926.1798095703125,
    382.18890380859375,
    0.937
   ],
   [
    886.007568359375,
    365.99078369140625,
    0.991
   ],
   [
    936.14111328125,
    406.92132568359375,
    -1.0
   ],
   [
    832.08837890625,
    367.0118408203125,
    0.939
   ],
   [
    930.011474609375,
    568.49365234375,
    0.948
   ],
   [
    718.750244140625,
    482.54486083984375,
    0.98
   ],
   [
    934.3626708984375,
    770.0556640625,
    0.554
   ],
   [
    559.0786743164062,
    580.0935668945312,
    0.847
   ],
   [
    952.635498046875,
    788.6212158203125,
    -1.0
   ],
   [
    476.2856140136719,
    466.0754699707031,
    0.748
   ],
   [
    791.8548583984375,
    879.091796875,
    0.509
   ],
   [
    652.025634765625,
    839.6163940429688,
    0.632
   ],
   [
    799.6187744140625,
    967.105712890625,
    -1.0
   ],
   [
    621.0485229492188,
    926.750244140625,
    -1.0
   ],
   [
    754.5089111328125,
    1003.2021484375,
    -1.0
   ],
   [
    575.060546875,
    966.1943359375,
    -1.0
   ]
  ],
  [
   [
    901.9263916015625,
    397.7373962402344,
    0.982
   ],
   [
    931.06787109375,
    381.3489074707031,
    0.923
   ],
   [
    887.0758666992188,
    363.22845458984375,
    0.966
   ],
   [
    945.0465087890625,
    404.61456298828125,
    -1.0
   ],
   [
    834.1693725585938,
    361.3160400390625,
    0.786
   ],
   [
    944.1025390625,
    565.4611206054688,
    0.944
   ],
   [
    716.53955078125,
    473.2149353027344,
    0.98
   ],
   [
    927.509765625,
    783.0862426757812,
    0.706
   ],
   [
    550.0420532226562,
    560.3738403320312,
    0.906
   ],
   [
    918.4488525390625,
    817.1334228515625,
    0.614
   ],
   [
    477.3523864746094,
    439.2527160644531,
    0.837
   ],
   [
    787.1282958984375,
    915.5344848632812,
    0.705
   ],
   [
    637.3550415039062,
    870.4286499023438,
    0.799
   ],
   [
    698.295654296875,
    1028.3033447265625,
    -1.0
   ],
   [
    560.9486694335938,
    983.3703002929688,
    -1.0
   ],
   [
    582.631591796875,
    1035.3623046875,
    -1.0
   ],
   [
    502.2673645019531,
    989.3507080078125,
    -1.0
   ]
  ]
 ],
 "skeleton_percentage": [
  100,
  100
 ],
 "angle": [
  279,
  248
 ]
}