{
 "frame_index": 832,
 "skeletons": [
  [
   [
    904.1969604492188,
    411.6082763671875,
    0.985
   ],
   [
    936.1199340820312,
    394.9541015625,
    0.926
   ],
   [
    892.03564453125,
    372.2174072265625,
    0.965
   ],
   [
    952.743896484375,
    416.8872985839844,
    -1.0
   ],
   [
    844.200439453125,
    362.1739196777344,
    0.783
   ],
   [
    930.3536376953125,
    572.9906005859375,
    0.975
   ],
   [
    716.257568359375,
    472.2933654785156,
    0.983
   ],
   [
    937.985107421875,
    801.8280029296875,
    0.876
   ],
   [
    556.758056640625,
    577.8739624023438,
    0.931
   ],
   [
    970.19189453125,
    808.709716796875,
    0.829
   ],
   [
    485.9288330078125,
    451.3673400878906,
    0.892
   ],
   [
    742.681884765625,
    937.1884765625,
    0.843
   ],
   [
    604.4654541015625,
    890.8130493164062,
    0.864
   ],
   [
    682.4815063476562,
    1022.41796875,
    -1.0
   ],
   [
    564.17041015625,
    974.4981079101562,
    -1.0
   ],
   [
    540.7059936523438,
    1053.7503662109375,
    -1.0
   ],
   [
    485.0040283203125,
    995.77001953125,
    -1.0
   ]
  ],
  [
   [
    911.3007202148438,
    416.72900390625,
    0.992
   ],
   [
    938.4838256835938,
    400.0527648925781,
    0.93
   ],
   [
    896.1227416992188,
    380.8134765625,
    0.991
   ],
   [
    947.0418090820312,
    425.45367431640625,
    -1.0
   ],
   [
    839.562255859375,
    377.34271240234375,
    0.938
   ],
   [
    925.1636962890625,
    587.7987670898438,
    0.949
   ],
   [
    721.4065551757812,
    489.49896240234375,
    0.972
   ],
   [
    937.4624633789062,
    799.42919921875,
    0.596
   ],
   [
    559.5062255859375,
    603.0289306640625,
    0.818
   ],
   [
    995.877197265625,
    739.535888671875,
    -1.0
   ],
   [
    474.9312744140625,
    460.1717529296875,
    0.735
   ],
   [
    780.6839599609375,
    905.2569580078125,
    -1.0
   ],
   [
    640.0878295898438,
    864.8739624023438,
    -1.0
   ],
   [
    856.0805053710938,
    928.440185546875,
    -1.0
   ],
   [
    636.9173583984375,
    882.665771484375,
    -1.0
   ],
   [
    829.140869140625,
    959.291015625,
    -1.0
   ],
   [
    568.0263671875,
    921.7249145507812,
    -1.0
   ]
  ]
 ],
 "skeleton_percentage": [
  100,
  100
 ],
 "angle": [
  243,
  277
 ]
}