{
 "frame_index": 833,
 "skeletons": [
  [
   [
    924.7948608398438,
    439.9699401855469,
    0.991
   ],
   [
    951.3590087890625,
    423.08551025390625,
    0.913
   ],
   [
    911.8011474609375,
    400.992431640625,
    0.991
   ],
   [
    956.7088623046875,
    443.17669677734375,
    -1.0
   ],
   [
    852.5897216796875,
    387.5799865722656,
    0.943
   ],
   [
    921.1964721679688,
    592.204833984375,
    0.95
   ],
   [
    729.4410400390625,
    498.01031494140625,
    0.967
   ],
   [
    950.0923461914062,
    771.210693359375,
    0.573
   ],
   [
    553.07177734375,
    631.3639526367188,
    0.763
   ],
   [
    992.9203491210938,
    509.56781005859375,
    0.5
   ],
   [
    497.19989013671875,
    451.33087158203125,
    0.713
   ],
   [
    800.420654296875,
    862.2844848632812,
    -1.0
   ],
   [
    665.2225341796875,
    828.1177368164062,
    -1.0
   ],
   [
    913.3541259765625,
    758.7006225585938,
    -1.0
   ],
   [
    681.5806884765625,
    702.173828125,
    -1.0
   ],
   [
    911.24462890625,
    740.2486572265625,
    -1.0
   ],
   [
    608.2146606445312,
    690.063720703125,
    -1.0
   ]
  ]
 ],
 "skeleton_percentage": [
  100
 ],
 "angle": [
  277
 ]
}