{
 "frame_index": 836,
 "skeletons": [
  [
   [
    974.2100830078125,
    524.4031982421875,
    0.932
   ],
   [
    993.558349609375,
    523.1143798828125,
    0.682
   ],
   [
    971.88232421875,
    492.93212890625,
    0.939
   ],
   [
    984.9632568359375,
    553.6083984375,
    -1.0
   ],
   [
    925.9151000976562,
    484.7619323730469,
    0.876
   ],
   [
    911.7396240234375,
    659.2147216796875,
    0.88
   ],
   [
    805.035888671875,
    533.7783203125,
    0.929
   ],
   [
    927.601806640625,
    736.3697509765625,
    -1.0
   ],
   [
    655.1237182617188,
    549.9791259765625,
    0.741
   ],
   [
    995.4298095703125,
    637.25244140625,
    -1.0
   ],
   [
    778.1292114257812,
    514.4675903320312,
    0.694
   ],
   [
    734.95751953125,
    712.075439453125,
    -1.0
   ],
   [
    668.7924194335938,
    663.107421875,
    -1.0
   ],
   [
    754.06494140625,
    641.1886596679688,
    -1.0
   ],
   [
    680.5018310546875,
    569.544677734375,
    -1.0
   ],
   [
    690.918212890625,
    643.955078125,
    -1.0
   ],
   [
    622.7880249023438,
    576.25244140625,
    -1.0
   ]
  ]
 ],
 "skeleton_percentage": [
  100
 ],
 "angle": [
  268
 ]
}