{
 "frame_index": 837,
 "skeletons": [
  [
   [
    973.9868774414062,
    527.2651977539062,
    0.956
   ],
   [
    995.7269897460938,
    525.2244262695312,
    0.75
   ],
   [
    970.6005249023438,
    494.60394287109375,
    0.961
   ],
   [
    990.4557495117188,
    554.2393798828125,
    -1.0
   ],
   [
    921.6784057617188,
    483.210205078125,
    0.894
   ],
   [
    921.081787109375,
    659.8641357421875,
    0.896
   ],
   [
    804.89501953125,
    530.5576171875,
    0.938
   ],
   [
    941.6644287109375,
    742.6337890625,
    -1.0
   ],
   [
    658.3614501953125,
    543.6690063476562,
    0.758
   ],
   [
    1016.2403564453125,
    653.3487548828125,
    -1.0
   ],
   [
    735.8831176757812,
    510.8158264160156,
    0.696
   ],
   [
    735.8157958984375,
    717.4509887695312,
    -1.0
   ],
   [
    663.5128173828125,
    664.4879760742188,
    -1.0
   ],
   [
    747.1361083984375,
    650.55224609375,
    -1.0
   ],
   [
    665.689453125,
    575.7833862304688,
    -1.0
   ],
   [
    672.24462890625,
    649.3883056640625,
    -1.0
   ],
   [
    600.760986328125,
    579.4323120117188,
    -1.0
   ]
  ]
 ],
 "skeleton_percentage": [
  100
 ],
 "angle": [
  268
 ]
}