{
 "frame_index": 840,
 "skeletons": [
  [
   [
    1006.6752319335938,
    585.398681640625,
    0.702
   ],
   [
    1018.6243896484375,
    580.4974365234375,
    -1.0
   ],
   [
    1011.095458984375,
    554.6217651367188,
    0.665
   ],
   [
    998.06298828125,
    587.747314453125,
    -1.0
   ],
   [
    966.4903564453125,
    534.572509765625,
    -1.0
   ],
   [
    908.7387084960938,
    666.977783203125,
    0.607
   ],
   [
    896.5684204101562,
    576.015380859375,
    0.814
   ],
   [
    868.1109619140625,
    688.4354248046875,
    -1.0
   ],
   [
    772.4108276367188,
    542.1517333984375,
    0.757
   ],
   [
    938.2044677734375,
    619.8724975585938,
    -1.0
   ],
   [
    809.428955078125,
    513.6912841796875,
    0.752
   ],
   [
    759.142822265625,
    685.8802490234375,
    0.514
   ],
   [
    750.1049194335938,
    641.6973266601562,
    0.659
   ],
   [
    680.093017578125,
    610.4197387695312,
    -1.0
   ],
   [
    663.5699462890625,
    548.9271240234375,
    0.545
   ],
   [
    586.1405029296875,
    585.667724609375,
    -1.0
   ],
   [
    563.1181030273438,
    523.7008666992188,
    -1.0
   ]
  ]
 ],
 "skeleton_percentage": [
  0
 ],
 "angle": [
  265
 ]
}