{
 "frame_index": 841,
 "skeletons": [
  [
   [
    994.743408203125,
    548.661376953125,
    -1.0
   ],
   [
    1003.1854248046875,
    541.001953125,
    -1.0
   ],
   [
    991.5316772460938,
    539.017822265625,
    -1.0
   ],
   [
    1027.8739013671875,
    544.3108520507812,
    -1.0
   ],
   [
    972.3690185546875,
    541.0888671875,
    -1.0
   ],
   [
    1026.52685546875,
    570.8856201171875,
    -1.0
   ],
   [
    958.89697265625,
    563.1924438476562,
    -1.0
   ],
   [
    1089.4588623046875,
    565.8155517578125,
    0.599
   ],
   [
    865.699951171875,
    576.2532958984375,
    0.648
   ],
   [
    1009.74072265625,
    488.9568786621094,
    0.798
   ],
   [
    907.5152587890625,
    548.3908081054688,
    0.789
   ],
   [
    947.2943115234375,
    625.8907470703125,
    0.768
   ],
   [
    902.3660888671875,
    608.2772827148438,
    0.784
   ],
   [
    815.4732055664062,
    634.7025146484375,
    0.736
   ],
   [
    798.708740234375,
    598.7918090820312,
    0.736
   ],
   [
    820.9522705078125,
    611.421630859375,
    0.602
   ],
   [
    744.3089599609375,
    567.274169921875,
    0.61
   ]
  ]
 ],
 "skeleton_percentage": [
  0
 ],
 "angle": [
  255
 ]
}