{
 "frame_index": 842,
 "skeletons": [
  [
   [
    988.8363647460938,
    658.7452392578125,
    -1.0
   ],
   [
    994.192138671875,
    649.2965087890625,
    -1.0
   ],
   [
    994.0266723632812,
    641.4442749023438,
    -1.0
   ],
   [
    973.5236206054688,
    619.0042114257812,
    -1.0
   ],
   [
    961.4276733398438,
    607.3178100585938,
    -1.0
   ],
   [
    871.4268798828125,
    620.7581176757812,
    0.516
   ],
   [
    893.6334228515625,
    600.4444580078125,
    0.653
   ],
   [
    821.7899169921875,
    609.1231689453125,
    0.531
   ],
   [
    775.4108276367188,
    595.6996459960938,
    0.687
   ],
   [
    930.5260620117188,
    543.9483032226562,
    0.69
   ],
   [
    925.1156616210938,
    557.2552490234375,
    0.759
   ],
   [
    758.1138916015625,
    583.6481323242188,
    0.702
   ],
   [
    772.37353515625,
    579.282470703125,
    0.745
   ],
   [
    749.1689453125,
    613.2061767578125,
    0.629
   ],
   [
    763.398193359375,
    607.4940185546875,
    0.662
   ],
   [
    778.867919921875,
    554.3673095703125,
    0.532
   ],
   [
    751.6404418945312,
    563.32958984375,
    0.553
   ]
  ]
 ],
 "skeleton_percentage": [
  0
 ],
 "angle": [
  251
 ]
}