{
 "frame_index": 843,
 "skeletons": [
  [
   [
    991.6583862304688,
    659.5765380859375,
    -1.0
   ],
   [
    996.054443359375,
    650.1842651367188,
    -1.0
   ],
   [
    997.3465576171875,
    642.812255859375,
    -1.0
   ],
   [
    974.3065185546875,
    619.2369995117188,
    -1.0
   ],
   [
    965.3926391601562,
    608.6497802734375,
    -1.0
   ],
   [
    873.1484985351562,
    619.7852783203125,
    0.51
   ],
   [
    898.3365478515625,
    599.1275634765625,
    0.633
   ],
   [
    816.7080688476562,
    611.3782958984375,
    0.545
   ],
   [
    779.0035400390625,
    593.814208984375,
    0.678
   ],
   [
    920.3480224609375,
    543.8815307617188,
    0.703
   ],
   [
    926.2205200195312,
    552.7095336914062,
    0.757
   ],
   [
    764.45458984375,
    582.3863525390625,
    0.706
   ],
   [
    780.346923828125,
    577.8982543945312,
    0.742
   ],
   [
    750.7012329101562,
    610.3261108398438,
    0.634
   ],
   [
    766.048828125,
    604.7005615234375,
    0.657
   ],
   [
    782.115478515625,
    551.9108276367188,
    0.532
   ],
   [
    756.0198364257812,
    562.05078125,
    0.545
   ]
  ]
 ],
 "skeleton_percentage": [
  0
 ],
 "angle": [
  251
 ]
}