{
 "frame_index": 844,
 "skeletons": [
  [
   [
    1020.8792724609375,
    646.734619140625,
    0.589
   ],
   [
    1032.3441162109375,
    640.6137084960938,
    -1.0
   ],
   [
    1021.8160400390625,
    630.2093505859375,
    -1.0
   ],
   [
    1031.651123046875,
    631.7782592773438,
    -1.0
   ],
   [
    999.054931640625,
    612.4671020507812,
    -1.0
   ],
   [
    972.1624755859375,
    653.2403564453125,
    0.829
   ],
   [
    953.9752197265625,
    608.0611572265625,
    0.82
   ],
   [
    908.2117919921875,
    627.6152954101562,
    0.702
   ],
   [
    847.6195068359375,
    577.3863525390625,
    0.729
   ],
   [
    895.2310791015625,
    576.440185546875,
    0.689
   ],
   [
    893.5988159179688,
    575.7123413085938,
    0.7
   ],
   [
    788.779541015625,
    614.2611083984375,
    0.806
   ],
   [
    775.1083984375,
    584.9053344726562,
    0.814
   ],
   [
    716.2428588867188,
    626.734375,
    0.633
   ],
   [
    712.4345092773438,
    595.7364501953125,
    0.636
   ],
   [
    650.5171508789062,
    598.8855590820312,
    -1.0
   ],
   [
    634.7435913085938,
    590.1765747070312,
    -1.0
   ]
  ]
 ],
 "skeleton_percentage": [
  0
 ],
 "angle": [
  246
 ]
}