{
 "frame_index": 845,
 "skeletons": [
  [
   [
    1070.7811279296875,
    667.8352661132812,
    0.596
   ],
   [
    1087.9630126953125,
    653.927490234375,
    -1.0
   ],
   [
    1059.8662109375,
    640.7597045898438,
    0.604
   ],
   [
    1078.0380859375,
    649.4192504882812,
    -1.0
   ],
   [
    999.5974731445312,
    624.1302490234375,
    -1.0
   ],
   [
    993.92626953125,
    717.81298828125,
    -1.0
   ],
   [
    925.7747802734375,
    636.5447387695312,
    0.766
   ],
   [
    902.534912109375,
    711.7310791015625,
    -1.0
   ],
   [
    754.5048828125,
    589.1337890625,
    0.68
   ],
   [
    907.6837158203125,
    640.3096923828125,
    -1.0
   ],
   [
    921.7349853515625,
    629.7647705078125,
    0.719
   ],
   [
    845.7373046875,
    665.0630493164062,
    -1.0
   ],
   [
    801.443115234375,
    631.8348388671875,
    -1.0
   ],
   [
    753.6095581054688,
    602.7955932617188,
    -1.0
   ],
   [
    721.0651245117188,
    560.8057250976562,
    -1.0
   ],
   [
    763.5615234375,
    577.4418334960938,
    -1.0
   ],
   [
    718.2387084960938,
    582.7549438476562,
    -1.0
   ]
  ]
 ],
 "skeleton_percentage": [
  0
 ],
 "angle": [
  245
 ]
}