{
 "frame_index": 846,
 "skeletons": [
  [
   [
    1069.36572265625,
    667.7010498046875,
    0.665
   ],
   [
    1088.7781982421875,
    654.1001586914062,
    -1.0
   ],
   [
    1057.462158203125,
    639.7152099609375,
    0.693
   ],
   [
    1082.1104736328125,
    650.7166748046875,
    -1.0
   ],
   [
    996.0682373046875,
    622.2990112304688,
    0.527
   ],
   [
    997.3289794921875,
    718.8385620117188,
    -1.0
   ],
   [
    921.9867553710938,
    635.473388671875,
    0.806
   ],
   [
    903.1213989257812,
    711.5302124023438,
    -1.0
   ],
   [
    752.5496215820312,
    589.5354614257812,
    0.712
   ],
   [
    903.5623168945312,
    637.9154052734375,
    -1.0
   ],
   [
    919.6263427734375,
    627.2196044921875,
    0.725
   ],
   [
    841.1453247070312,
    663.033935546875,
    -1.0
   ],
   [
    792.2155151367188,
    628.0113525390625,
    -1.0
   ],
   [
    746.4866333007812,
    603.7294921875,
    -1.0
   ],
   [
    710.7904052734375,
    559.57763671875,
    -1.0
   ],
   [
    739.9039306640625,
    577.818603515625,
    -1.0
   ],
   [
    697.4058837890625,
    579.3702392578125,
    -1.0
   ]
  ]
 ],
 "skeleton_percentage": [
  0
 ],
 "angle": [
  245
 ]
}