{
 "frame_index": 847,
 "skeletons": [
  [
   [
    1034.8961181640625,
    679.6976318359375,
    -1.0
   ],
   [
    1049.2646484375,
    666.9801025390625,
    -1.0
   ],
   [
    1040.6195068359375,
    661.1148681640625,
    -1.0
   ],
   [
    1068.7080078125,
    666.2171630859375,
    -1.0
   ],
   [
    1035.7451171875,
    651.5894775390625,
    -1.0
   ],
   [
    1009.2681884765625,
    727.0460205078125,
    0.54
   ],
   [
    994.5734252929688,
    667.978271484375,
    0.512
   ],
   [
    886.47509765625,
    691.6821899414062,
    -1.0
   ],
   [
    787.804931640625,
    596.6764526367188,
    -1.0
   ],
   [
    916.6763305664062,
    639.6565551757812,
    0.577
   ],
   [
    872.7291259765625,
    614.7996826171875,
    0.564
   ],
   [
    867.7161254882812,
    685.81591796875,
    -1.0
   ],
   [
    858.5638427734375,
    656.6969604492188,
    -1.0
   ],
   [
    763.8050537109375,
    592.2971801757812,
    -1.0
   ],
   [
    768.1492309570312,
    568.4518432617188,
    -1.0
   ],
   [
    726.9793701171875,
    557.892822265625,
    -1.0
   ],
   [
    689.9509887695312,
    579.053466796875,
    -1.0
   ]
  ]
 ],
 "skeleton_percentage": [
  0
 ],
 "angle": [
  254
 ]
}