{
 "frame_index": 848,
 "skeletons": [
  [
   [
    1050.640380859375,
    693.0341796875,
    -1.0
   ],
   [
    1059.9481201171875,
    682.2888793945312,
    -1.0
   ],
   [
    1060.492919921875,
    678.8145751953125,
    -1.0
   ],
   [
    1065.265869140625,
    668.722900390625,
    -1.0
   ],
   [
    1057.722412109375,
    665.0546264648438,
    -1.0
   ],
   [
    1007.1395874023438,
    687.058837890625,
    -1.0
   ],
   [
    1042.0699462890625,
    680.314697265625,
    -1.0
   ],
   [
    872.174560546875,
    632.742919921875,
    -1.0
   ],
   [
    864.2113037109375,
    616.8951416015625,
    -1.0
   ],
   [
    880.3727416992188,
    625.1302490234375,
    -1.0
   ],
   [
    798.4359130859375,
    588.1400146484375,
    -1.0
   ],
   [
    880.0809326171875,
    665.10205078125,
    0.593
   ],
   [
    902.7606201171875,
    648.2152709960938,
    0.56
   ],
   [
    742.219482421875,
    605.3606567382812,
    0.612
   ],
   [
    762.0239868164062,
    599.861083984375,
    0.56
   ],
   [
    620.2096557617188,
    561.4320068359375,
    0.676
   ],
   [
    608.7980346679688,
    567.8614501953125,
    0.645
   ]
  ]
 ],
 "skeleton_percentage": [
  0
 ],
 "angle": [
  262
 ]
}