{
 "frame_index": 849,
 "skeletons": [
  [
   [
    1052.6031494140625,
    693.9713134765625,
    -1.0
   ],
   [
    1062.8931884765625,
    682.9666748046875,
    -1.0
   ],
   [
    1060.9002685546875,
    678.758544921875,
    -1.0
   ],
   [
    1067.9769287109375,
    669.5856323242188,
    -1.0
   ],
   [
    1053.9091796875,
    664.4454345703125,
    -1.0
   ],
   [
    1009.2208251953125,
    690.5026245117188,
    -1.0
   ],
   [
    1034.8583984375,
    677.5758056640625,
    -1.0
   ],
   [
    873.726318359375,
    641.5301513671875,
    -1.0
   ],
   [
    851.82373046875,
    613.6395874023438,
    -1.0
   ],
   [
    888.3138427734375,
    630.579833984375,
    -1.0
   ],
   [
    793.54443359375,
    589.907958984375,
    -1.0
   ],
   [
    879.4363403320312,
    664.4986572265625,
    0.57
   ],
   [
    896.6114501953125,
    645.6026000976562,
    0.552
   ],
   [
    738.0364990234375,
    605.485595703125,
    0.597
   ],
   [
    754.19970703125,
    597.3413696289062,
    0.559
   ],
   [
    617.7410888671875,
    561.3023071289062,
    0.672
   ],
   [
    605.7015380859375,
    569.1993408203125,
    0.648
   ]
  ]
 ],
 "skeleton_percentage": [
  0
 ],
 "angle": [
  262
 ]
}