{
 "frame_index": 851,
 "skeletons": [
  [
   [
    1063.236083984375,
    697.9949951171875,
    -1.0
   ],
   [
    1069.772216796875,
    687.1202392578125,
    -1.0
   ],
   [
    1077.5384521484375,
    688.7617797851562,
    -1.0
   ],
   [
    1106.514892578125,
    686.558837890625,
    -1.0
   ],
   [
    1111.9937744140625,
    686.6849975585938,
    -1.0
   ],
   [
    1079.42724609375,
    710.1809692382812,
    -1.0
   ],
   [
    1157.700927734375,
    710.6683349609375,
    -1.0
   ],
   [
    948.9683837890625,
    648.4176025390625,
    -1.0
   ],
   [
    951.03759765625,
    625.99853515625,
    -1.0
   ],
   [
    850.6146240234375,
    629.1783447265625,
    -1.0
   ],
   [
    640.47802734375,
    549.6647338867188,
    -1.0
   ],
   [
    1009.1119384765625,
    733.9824829101562,
    -1.0
   ],
   [
    1059.4530029296875,
    713.2202758789062,
    -1.0
   ],
   [
    893.162841796875,
    651.9288330078125,
    -1.0
   ],
   [
    936.0767211914062,
    637.3672485351562,
    -1.0
   ],
   [
    705.200439453125,
    598.7940673828125,
    -1.0
   ],
   [
    673.228759765625,
    576.297119140625,
    -1.0
   ]
  ]
 ],
 "skeleton_percentage": [
  0
 ],
 "angle": [
  261
 ]
}