{
 "frame_index": 852,
 "skeletons": [
  [
   [
    1412.185791015625,
    521.88818359375,
    -1.0
   ],
   [
    1444.90966796875,
    480.28729248046875,
    -1.0
   ],
   [
    1391.6773681640625,
    492.356201171875,
    -1.0
   ],
   [
    1535.965576171875,
    507.2339172363281,
    -1.0
   ],
   [
    1396.686279296875,
    526.3031005859375,
    -1.0
   ],
   [
    1555.9698486328125,
    712.4708862304688,
    -1.0
   ],
   [
    1454.6943359375,
    666.3277587890625,
    -1.0
   ],
   [
    1303.91015625,
    819.8272705078125,
    -1.0
   ],
   [
    1197.07177734375,
    694.6100463867188,
    -1.0
   ],
   [
    833.8943481445312,
    658.175048828125,
    -1.0
   ],
   [
    828.4124755859375,
    659.3048095703125,
    -1.0
   ],
   [
    1324.712158203125,
    872.9765625,
    -1.0
   ],
   [
    1263.2935791015625,
    814.3564453125,
    -1.0
   ],
   [
    1092.214111328125,
    758.4034423828125,
    0.533
   ],
   [
    1096.88427734375,
    694.2154541015625,
    0.609
   ],
   [
    754.16845703125,
    641.4578247070312,
    0.636
   ],
   [
    753.7542724609375,
    635.249755859375,
    0.706
   ]
  ]
 ],
 "skeleton_percentage": [
  0
 ],
 "angle": [
  152
 ]
}