{
 "frame_index": 895,
 "skeletons": [
  [
   [
    835.77197265625,
    590.521240234375,
    -1.0
   ],
   [
    859.51904296875,
    582.3333740234375,
    -1.0
   ],
   [
    845.3776245117188,
    581.107666015625,
    -1.0
   ],
   [
    875.810791015625,
    590.5357666015625,
    -1.0
   ],
   [
    821.760986328125,
    582.7547607421875,
    -1.0
   ],
   [
    789.9596557617188,
    600.9031982421875,
    -1.0
   ],
   [
    764.6434326171875,
    589.0274658203125,
    -1.0
   ],
   [
    765.6412353515625,
    605.8858032226562,
    -1.0
   ],
   [
    627.890380859375,
    534.191650390625,
    -1.0
   ],
   [
    911.0271606445312,
    606.8253173828125,
    -1.0
   ],
   [
    542.60107421875,
    466.7568054199219,
    -1.0
   ],
   [
    786.3374633789062,
    638.1168212890625,
    -1.0
   ],
   [
    769.68408203125,
    641.1526489257812,
    -1.0
   ],
   [
    760.3031005859375,
    599.4843139648438,
    -1.0
   ],
   [
    774.1507568359375,
    604.8349609375,
    -1.0
   ],
   [
    971.97265625,
    602.0841064453125,
    0.502
   ],
   [
    963.2021484375,
    601.629150390625,
    0.502
   ]
  ]
 ],
 "skeleton_percentage": [
  0
 ],
 "angle": [
  263
 ]
}