{
 "frame_index": 896,
 "skeletons": [
  [
   [
    1043.25732421875,
    503.585693359375,
    -1.0
   ],
   [
    1046.421630859375,
    495.5993957519531,
    -1.0
   ],
   [
    1037.824462890625,
    496.24566650390625,
    -1.0
   ],
   [
    1055.4078369140625,
    495.436279296875,
    -1.0
   ],
   [
    1025.7386474609375,
    497.66473388671875,
    -1.0
   ],
   [
    1095.68115234375,
    520.1265869140625,
    0.79
   ],
   [
    999.577392578125,
    523.5234375,
    0.576
   ],
   [
    1138.8623046875,
    560.3175048828125,
    0.903
   ],
   [
    988.860595703125,
    563.6650390625,
    0.667
   ],
   [
    1059.98828125,
    488.037353515625,
    0.875
   ],
   [
    976.9210205078125,
    499.0352783203125,
    0.696
   ],
   [
    1066.668212890625,
    616.656005859375,
    0.942
   ],
   [
    1003.9752197265625,
    614.573486328125,
    0.906
   ],
   [
    1006.319091796875,
    640.4951171875,
    0.838
   ],
   [
    958.2083129882812,
    638.7872314453125,
    0.727
   ],
   [
    976.030517578125,
    673.8749389648438,
    0.625
   ],
   [
    959.563720703125,
    671.7852172851562,
    -1.0
   ]
  ]
 ],
 "skeleton_percentage": [
  0
 ],
 "angle": [
  112
 ]
}