{
 "frame_index": 897,
 "skeletons": [
  [
   [
    1045.1929931640625,
    526.4034423828125,
    0.82
   ],
   [
    1057.103271484375,
    523.048583984375,
    0.66
   ],
   [
    1045.19482421875,
    509.4189453125,
    0.703
   ],
   [
    1043.781494140625,
    531.0707397460938,
    -1.0
   ],
   [
    1010.91552734375,
    503.33966064453125,
    0.533
   ],
   [
    978.1798095703125,
    577.7860107421875,
    0.923
   ],
   [
    952.9490966796875,
    535.1979370117188,
    0.874
   ],
   [
    976.10498046875,
    608.2119140625,
    0.792
   ],
   [
    844.192626953125,
    556.373291015625,
    0.634
   ],
   [
    993.901123046875,
    553.8232421875,
    0.75
   ],
   [
    773.9615478515625,
    505.4681396484375,
    0.599
   ],
   [
    803.1158447265625,
    657.5770263671875,
    0.817
   ],
   [
    786.1446533203125,
    627.1746215820312,
    0.752
   ],
   [
    667.276611328125,
    624.3421630859375,
    0.603
   ],
   [
    663.1153564453125,
    589.8432006835938,
    -1.0
   ],
   [
    565.982421875,
    555.4505004882812,
    -1.0
   ],
   [
    547.7330322265625,
    512.8016967773438,
    -1.0
   ]
  ]
 ],
 "skeleton_percentage": [
  100
 ],
 "angle": [
  268
 ]
}