{
 "frame_index": 898,
 "skeletons": [
  [
   [
    1043.1737060546875,
    436.522216796875,
    -1.0
   ],
   [
    1044.318359375,
    431.72137451171875,
    -1.0
   ],
   [
    1049.6732177734375,
    418.678466796875,
    -1.0
   ],
   [
    1033.59375,
    454.7608337402344,
    -1.0
   ],
   [
    1042.810302734375,
    431.5443420410156,
    -1.0
   ],
   [
    1000.6155395507812,
    541.6767578125,
    0.891
   ],
   [
    996.4872436523438,
    505.60333251953125,
    0.834
   ],
   [
    1026.7374267578125,
    567.9622802734375,
    0.844
   ],
   [
    975.5506591796875,
    534.0390014648438,
    0.794
   ],
   [
    1054.597900390625,
    433.6762390136719,
    0.802
   ],
   [
    1065.415771484375,
    421.36065673828125,
    0.723
   ],
   [
    847.8436889648438,
    663.2199096679688,
    0.91
   ],
   [
    833.2406005859375,
    633.59521484375,
    0.888
   ],
   [
    720.1480712890625,
    667.7486572265625,
    0.651
   ],
   [
    680.0841064453125,
    632.1318359375,
    0.578
   ],
   [
    637.3883666992188,
    618.6396484375,
    -1.0
   ],
   [
    557.773681640625,
    574.349853515625,
    -1.0
   ]
  ]
 ],
 "skeleton_percentage": [
  0
 ],
 "angle": [
  273
 ]
}