{
 "frame_index": 901,
 "skeletons": [
  [
   [
    1036.9681396484375,
    493.550048828125,
    0.833
   ],
   [
    1043.333740234375,
    484.85247802734375,
    -1.0
   ],
   [
    1035.309326171875,
    459.8798828125,
    0.866
   ],
   [
    1004.3838500976562,
    499.763916015625,
    -1.0
   ],
   [
    970.676513671875,
    444.4837646484375,
    0.909
   ],
   [
    945.7597045898438,
    635.2285766601562,
    0.91
   ],
   [
    850.6968383789062,
    508.70550537109375,
    0.964
   ],
   [
    917.0736083984375,
    757.890869140625,
    0.54
   ],
   [
    638.257080078125,
    512.7679443359375,
    0.887
   ],
   [
    978.017333984375,
    677.6016845703125,
    -1.0
   ],
   [
    582.764892578125,
    457.78582763671875,
    0.827
   ],
   [
    769.9736938476562,
    685.8416137695312,
    0.66
   ],
   [
    707.8482666015625,
    631.665771484375,
    0.771
   ],
   [
    744.3826904296875,
    620.6102294921875,
    -1.0
   ],
   [
    648.9149780273438,
    555.9091186523438,
    -1.0
   ],
   [
    656.79248046875,
    547.2738647460938,
    -1.0
   ],
   [
    542.857421875,
    508.0161437988281,
    -1.0
   ]
  ]
 ],
 "skeleton_percentage": [
  0
 ],
 "angle": [
  277
 ]
}