{
 "frame_index": 902,
 "skeletons": [
  [
   [
    1041.9189453125,
    496.27557373046875,
    0.92
   ],
   [
    1048.14306640625,
    484.7106628417969,
    -1.0
   ],
   [
    1037.271240234375,
    462.802490234375,
    0.946
   ],
   [
    1005.8043212890625,
    495.3258056640625,
    -1.0
   ],
   [
    966.8785400390625,
    446.338623046875,
    0.962
   ],
   [
    953.0589599609375,
    636.8526611328125,
    0.947
   ],
   [
    841.0145263671875,
    514.6705932617188,
    0.975
   ],
   [
    929.5570678710938,
    767.0157470703125,
    0.541
   ],
   [
    637.8865356445312,
    517.2479248046875,
    0.871
   ],
   [
    1006.7459716796875,
    713.1868896484375,
    -1.0
   ],
   [
    572.7913818359375,
    456.8289794921875,
    0.774
   ],
   [
    756.4361572265625,
    702.8970947265625,
    0.604
   ],
   [
    685.04833984375,
    650.7738037109375,
    0.71
   ],
   [
    738.3150634765625,
    627.1678466796875,
    -1.0
   ],
   [
    637.2101440429688,
    573.1861572265625,
    -1.0
   ],
   [
    645.6306762695312,
    560.8133544921875,
    -1.0
   ],
   [
    545.710205078125,
    539.9208984375,
    -1.0
   ]
  ]
 ],
 "skeleton_percentage": [
  0
 ],
 "angle": [
  277
 ]
}