{
 "frame_index": 903,
 "skeletons": [
  [
   [
    1018.5217895507812,
    477.9760437011719,
    0.884
   ],
   [
    1030.7158203125,
    463.5206298828125,
    -1.0
   ],
   [
    1014.4986572265625,
    441.0198669433594,
    0.923
   ],
   [
    1000.0343017578125,
    470.7937316894531,
    -1.0
   ],
   [
    949.1544799804688,
    419.6510009765625,
    0.942
   ],
   [
    953.344970703125,
    617.3314819335938,
    0.891
   ],
   [
    799.3194580078125,
    508.18023681640625,
    0.961
   ],
   [
    934.5765380859375,
    755.8478393554688,
    -1.0
   ],
   [
    625.499755859375,
    559.1249389648438,
    0.797
   ],
   [
    968.74658203125,
    658.3182983398438,
    -1.0
   ],
   [
    626.671142578125,
    468.2393798828125,
    0.682
   ],
   [
    759.575927734375,
    744.09765625,
    -1.0
   ],
   [
    657.9461059570312,
    698.2960205078125,
    -1.0
   ],
   [
    764.0609741210938,
    652.2251586914062,
    -1.0
   ],
   [
    618.823486328125,
    599.7929077148438,
    -1.0
   ],
   [
    713.1723022460938,
    601.4144897460938,
    -1.0
   ],
   [
    591.7813720703125,
    570.5167236328125,
    -1.0
   ]
  ]
 ],
 "skeleton_percentage": [
  0
 ],
 "angle": [
  280
 ]
}