{
 "frame_index": 904,
 "skeletons": [
  [
   [
    1016.48388671875,
    457.4735412597656,
    0.823
   ],
   [
    1024.010498046875,
    440.63446044921875,
    -1.0
   ],
   [
    1010.1412353515625,
    420.624755859375,
    0.899
   ],
   [
    981.851318359375,
    446.820556640625,
    -1.0
   ],
   [
    937.7869262695312,
    400.5267333984375,
    0.964
   ],
   [
    942.3861083984375,
    594.56884765625,
    0.886
   ],
   [
    774.8479614257812,
    495.000732421875,
    0.97
   ],
   [
    898.6688232421875,
    727.0430908203125,
    -1.0
   ],
   [
    592.3702392578125,
    561.2208251953125,
    0.856
   ],
   [
    903.2191162109375,
    538.78125,
    -1.0
   ],
   [
    615.6543579101562,
    457.7994689941406,
    0.768
   ],
   [
    784.5823974609375,
    775.46337890625,
    -1.0
   ],
   [
    669.2762451171875,
    739.3114013671875,
    0.572
   ],
   [
    803.4904174804688,
    708.7642822265625,
    -1.0
   ],
   [
    628.5743408203125,
    665.39306640625,
    -1.0
   ],
   [
    771.40478515625,
    692.2530517578125,
    -1.0
   ],
   [
    611.8366088867188,
    679.91357421875,
    -1.0
   ]
  ]
 ],
 "skeleton_percentage": [
  0
 ],
 "angle": [
  282
 ]
}