{
 "frame_index": 905,
 "skeletons": [
  [
   [
    1002.5619506835938,
    435.60772705078125,
    0.962
   ],
   [
    1013.5643310546875,
    417.227783203125,
    0.502
   ],
   [
    992.34619140625,
    398.84478759765625,
    0.974
   ],
   [
    981.2125854492188,
    427.0242919921875,
    -1.0
   ],
   [
    913.5777587890625,
    380.5640869140625,
    0.966
   ],
   [
    961.2967529296875,
    585.5665893554688,
    0.943
   ],
   [
    757.9842529296875,
    475.1371765136719,
    0.958
   ],
   [
    949.11767578125,
    772.4441528320312,
    0.584
   ],
   [
    572.7599487304688,
    530.0123291015625,
    0.797
   ],
   [
    1042.80419921875,
    742.3531494140625,
    -1.0
   ],
   [
    468.915771484375,
    431.91082763671875,
    0.649
   ],
   [
    787.7965087890625,
    863.5259399414062,
    -1.0
   ],
   [
    650.3349609375,
    818.5589599609375,
    -1.0
   ],
   [
    773.8892822265625,
    776.964599609375,
    -1.0
   ],
   [
    583.522216796875,
    740.3712158203125,
    -1.0
   ],
   [
    680.1376953125,
    739.0963134765625,
    -1.0
   ],
   [
    520.6507568359375,
    730.291015625,
    -1.0
   ]
  ]
 ],
 "skeleton_percentage": [
  100
 ],
 "angle": [
  282
 ]
}