{
 "frame_index": 906,
 "skeletons": [
  [
   [
    1002.6658935546875,
    435.4829406738281,
    0.962
   ],
   [
    1013.3271484375,
    417.244384765625,
    0.505
   ],
   [
    992.5189819335938,
    399.0259094238281,
    0.974
   ],
   [
    980.826904296875,
    426.9991455078125,
    -1.0
   ],
   [
    913.2840576171875,
    380.7507019042969,
    0.967
   ],
   [
    961.6300048828125,
    584.623046875,
    0.942
   ],
   [
    756.3948364257812,
    476.30950927734375,
    0.956
   ],
   [
    949.1317138671875,
    769.1383666992188,
    0.582
   ],
   [
    572.0664672851562,
    529.664306640625,
    0.787
   ],
   [
    1042.30859375,
    739.3109130859375,
    -1.0
   ],
   [
    469.400390625,
    430.7881164550781,
    0.643
   ],
   [
    799.044189453125,
    856.4533081054688,
    -1.0
   ],
   [
    659.4960327148438,
    813.861328125,
    -1.0
   ],
   [
    797.4424438476562,
    766.7977294921875,
    -1.0
   ],
   [
    599.460693359375,
    732.6135864257812,
    -1.0
   ],
   [
    713.2315063476562,
    727.55615234375,
    -1.0
   ],
   [
    543.679443359375,
    719.6346435546875,
    -1.0
   ]
  ]
 ],
 "skeleton_percentage": [
  100
 ],
 "angle": [
  283
 ]
}