{
 "frame_index": 907,
 "skeletons": [
  [
   [
    990.70947265625,
    419.0028991699219,
    0.965
   ],
   [
    1003.1442260742188,
    400.49371337890625,
    -1.0
   ],
   [
    978.564208984375,
    385.3409423828125,
    0.979
   ],
   [
    971.4570922851562,
    409.755615234375,
    -1.0
   ],
   [
    896.3677978515625,
    370.6683654785156,
    0.961
   ],
   [
    937.2848510742188,
    541.7537841796875,
    0.916
   ],
   [
    751.7280883789062,
    460.89642333984375,
    0.964
   ],
   [
    947.159912109375,
    755.8412475585938,
    0.599
   ],
   [
    609.726806640625,
    575.591064453125,
    0.875
   ],
   [
    1024.5926513671875,
    694.448486328125,
    -1.0
   ],
   [
    491.04327392578125,
    447.8306579589844,
    0.803
   ],
   [
    809.2977294921875,
    810.3841552734375,
    -1.0
   ],
   [
    680.5746459960938,
    781.572265625,
    -1.0
   ],
   [
    860.501708984375,
    673.1207885742188,
    -1.0
   ],
   [
    655.7474365234375,
    647.888427734375,
    -1.0
   ],
   [
    840.1036376953125,
    658.5736694335938,
    -1.0
   ],
   [
    638.358154296875,
    645.5026245117188,
    -1.0
   ]
  ]
 ],
 "skeleton_percentage": [
  0
 ],
 "angle": [
  284
 ]
}