{
 "frame_index": 908,
 "skeletons": [
  [
   [
    962.729736328125,
    396.99395751953125,
    0.985
   ],
   [
    986.706787109375,
    374.0682373046875,
    0.859
   ],
   [
    937.4132080078125,
    362.06536865234375,
    0.991
   ],
   [
    982.0220947265625,
    385.6871337890625,
    -1.0
   ],
   [
    860.0867919921875,
    358.18817138671875,
    0.962
   ],
   [
    937.3426513671875,
    526.2244262695312,
    0.902
   ],
   [
    741.939208984375,
    468.07781982421875,
    0.957
   ],
   [
    945.0045166015625,
    714.79248046875,
    -1.0
   ],
   [
    654.9033203125,
    619.082275390625,
    0.757
   ],
   [
    995.9774780273438,
    606.3912963867188,
    -1.0
   ],
   [
    736.0346069335938,
    479.094970703125,
    0.709
   ],
   [
    788.8734130859375,
    831.8333129882812,
    -1.0
   ],
   [
    655.119873046875,
    816.517333984375,
    -1.0
   ],
   [
    921.7520141601562,
    719.24609375,
    -1.0
   ],
   [
    738.33935546875,
    703.4205322265625,
    -1.0
   ],
   [
    893.6605224609375,
    745.977294921875,
    -1.0
   ],
   [
    706.8059692382812,
    748.2906494140625,
    -1.0
   ]
  ]
 ],
 "skeleton_percentage": [
  100
 ],
 "angle": [
  288
 ]
}