{
 "frame_index": 909,
 "skeletons": [
  [
   [
    965.1253051757812,
    397.8455810546875,
    0.984
   ],
   [
    988.05908203125,
    374.9786682128906,
    0.835
   ],
   [
    940.453369140625,
    363.06744384765625,
    0.991
   ],
   [
    980.9577026367188,
    385.6590270996094,
    -1.0
   ],
   [
    861.747314453125,
    358.01031494140625,
    0.966
   ],
   [
    934.83251953125,
    524.31787109375,
    0.898
   ],
   [
    740.825927734375,
    469.1086120605469,
    0.956
   ],
   [
    945.1880493164062,
    711.45166015625,
    -1.0
   ],
   [
    671.7388916015625,
    625.324462890625,
    0.756
   ],
   [
    994.1444091796875,
    595.6808471679688,
    -1.0
   ],
   [
    784.528564453125,
    481.50677490234375,
    0.709
   ],
   [
    791.6281127929688,
    829.1445922851562,
    -1.0
   ],
   [
    657.677001953125,
    816.3160400390625,
    -1.0
   ],
   [
    932.5224609375,
    718.0914306640625,
    -1.0
   ],
   [
    750.7645263671875,
    704.5812377929688,
    -1.0
   ],
   [
    908.9176025390625,
    745.3880615234375,
    -1.0
   ],
   [
    726.61474609375,
    748.0629272460938,
    -1.0
   ]
  ]
 ],
 "skeleton_percentage": [
  100
 ],
 "angle": [
  288
 ]
}