{
 "frame_index": 910,
 "skeletons": [
  [
   [
    965.2525634765625,
    388.12353515625,
    0.991
   ],
   [
    983.3922729492188,
    366.8212890625,
    0.867
   ],
   [
    944.7880859375,
    353.7898864746094,
    0.993
   ],
   [
    970.9912719726562,
    381.00238037109375,
    -1.0
   ],
   [
    868.1878051757812,
    347.7919921875,
    0.968
   ],
   [
    941.2937622070312,
    539.6117553710938,
    0.962
   ],
   [
    737.27685546875,
    457.73382568359375,
    0.975
   ],
   [
    931.91015625,
    746.4794311523438,
    0.733
   ],
   [
    548.8445434570312,
    577.21533203125,
    0.866
   ],
   [
    1072.1593017578125,
    702.200927734375,
    0.588
   ],
   [
    476.6206970214844,
    454.67486572265625,
    0.813
   ],
   [
    821.4483032226562,
    878.4816284179688,
    -1.0
   ],
   [
    679.2129516601562,
    853.599853515625,
    -1.0
   ],
   [
    915.0474853515625,
    844.6312255859375,
    -1.0
   ],
   [
    686.9793701171875,
    828.6588134765625,
    -1.0
   ],
   [
    879.6783447265625,
    834.1561279296875,
    -1.0
   ],
   [
    607.725830078125,
    845.96533203125,
    -1.0
   ]
  ]
 ],
 "skeleton_percentage": [
  100
 ],
 "angle": [
  287
 ]
}