{
 "frame_index": 911,
 "skeletons": [
  [
   [
    945.848388671875,
    365.90155029296875,
    0.99
   ],
   [
    966.658935546875,
    345.91961669921875,
    0.852
   ],
   [
    923.70654296875,
    328.5246276855469,
    0.992
   ],
   [
    956.7952880859375,
    367.836181640625,
    -1.0
   ],
   [
    844.666259765625,
    322.1802978515625,
    0.979
   ],
   [
    935.703857421875,
    529.1058349609375,
    0.977
   ],
   [
    689.822265625,
    444.17242431640625,
    0.977
   ],
   [
    938.4068603515625,
    757.2405395507812,
    0.738
   ],
   [
    553.1325073242188,
    650.1820068359375,
    0.818
   ],
   [
    1018.2861328125,
    729.07177734375,
    0.565
   ],
   [
    668.0048217773438,
    654.0330810546875,
    0.736
   ],
   [
    815.077392578125,
    866.858154296875,
    0.514
   ],
   [
    648.6602783203125,
    847.408203125,
    0.515
   ],
   [
    949.2205810546875,
    836.2922973632812,
    -1.0
   ],
   [
    710.7786254882812,
    817.3467407226562,
    -1.0
   ],
   [
    889.605224609375,
    914.5098266601562,
    -1.0
   ],
   [
    653.7284545898438,
    918.4918212890625,
    -1.0
   ]
  ]
 ],
 "skeleton_percentage": [
  100
 ],
 "angle": [
  292
 ]
}