{
 "frame_index": 912,
 "skeletons": [
  [
   [
    929.5914306640625,
    358.15301513671875,
    0.991
   ],
   [
    952.9484252929688,
    338.92657470703125,
    0.903
   ],
   [
    906.5201416015625,
    319.2509765625,
    0.992
   ],
   [
    948.1478271484375,
    362.8265075683594,
    -1.0
   ],
   [
    827.44384765625,
    313.1972351074219,
    0.972
   ],
   [
    928.367919921875,
    518.9610595703125,
    0.967
   ],
   [
    678.6394653320312,
    443.2129211425781,
    0.97
   ],
   [
    930.9922485351562,
    745.7169189453125,
    0.663
   ],
   [
    554.5139770507812,
    657.4140014648438,
    0.762
   ],
   [
    1000.7052612304688,
    760.1306762695312,
    -1.0
   ],
   [
    683.4774780273438,
    686.7998657226562,
    0.663
   ],
   [
    843.0391845703125,
    864.3228149414062,
    -1.0
   ],
   [
    672.7263793945312,
    849.6425170898438,
    -1.0
   ],
   [
    958.0516357421875,
    778.2951049804688,
    -1.0
   ],
   [
    713.1759643554688,
    762.1858520507812,
    -1.0
   ],
   [
    911.337158203125,
    853.5804443359375,
    -1.0
   ],
   [
    683.6845703125,
    845.0390625,
    -1.0
   ]
  ]
 ],
 "skeleton_percentage": [
  100
 ],
 "angle": [
  292
 ]
}