{
 "frame_index": 913,
 "skeletons": [
  [
   [
    931.6561889648438,
    357.7535705566406,
    0.986
   ],
   [
    947.5462646484375,
    337.77703857421875,
    0.794
   ],
   [
    912.714111328125,
    320.4183044433594,
    0.99
   ],
   [
    929.0758056640625,
    353.8358459472656,
    -1.0
   ],
   [
    832.7774658203125,
    307.2422790527344,
    0.983
   ],
   [
    918.0081787109375,
    506.8111572265625,
    0.974
   ],
   [
    681.6538696289062,
    431.1318054199219,
    0.978
   ],
   [
    925.6082153320312,
    732.30126953125,
    0.694
   ],
   [
    555.088134765625,
    626.3037109375,
    0.816
   ],
   [
    978.65576171875,
    761.51806640625,
    -1.0
   ],
   [
    663.991455078125,
    642.6390991210938,
    0.714
   ],
   [
    854.8497314453125,
    848.9690551757812,
    -1.0
   ],
   [
    695.677490234375,
    833.8478393554688,
    -1.0
   ],
   [
    939.1490478515625,
    808.5736083984375,
    -1.0
   ],
   [
    723.975830078125,
    794.3826904296875,
    -1.0
   ],
   [
    895.0477294921875,
    868.6213989257812,
    -1.0
   ],
   [
    709.443115234375,
    861.1902465820312,
    -1.0
   ]
  ]
 ],
 "skeleton_percentage": [
  100
 ],
 "angle": [
  293
 ]
}