{
 "frame_index": 914,
 "skeletons": [
  [
   [
    911.4391479492188,
    347.048095703125,
    0.992
   ],
   [
    936.1342163085938,
    327.5953063964844,
    0.909
   ],
   [
    889.5433959960938,
    308.8371276855469,
    0.992
   ],
   [
    936.1883544921875,
    348.62664794921875,
    -1.0
   ],
   [
    814.388427734375,
    300.0472412109375,
    0.967
   ],
   [
    920.769287109375,
    500.00152587890625,
    0.974
   ],
   [
    677.4901733398438,
    424.76092529296875,
    0.979
   ],
   [
    921.535400390625,
    726.2151489257812,
    0.745
   ],
   [
    556.4888916015625,
    621.8519897460938,
    0.846
   ],
   [
    978.048095703125,
    764.1978149414062,
    0.59
   ],
   [
    659.3892822265625,
    637.9598388671875,
    0.773
   ],
   [
    848.62646484375,
    840.3988037109375,
    -1.0
   ],
   [
    683.8856811523438,
    823.8492431640625,
    0.513
   ],
   [
    937.7523193359375,
    808.0515747070312,
    -1.0
   ],
   [
    715.5367431640625,
    791.0343017578125,
    -1.0
   ],
   [
    887.4721069335938,
    870.7051391601562,
    -1.0
   ],
   [
    690.663330078125,
    856.9471435546875,
    -1.0
   ]
  ]
 ],
 "skeleton_percentage": [
  100
 ],
 "angle": [
  292
 ]
}