{
 "frame_index": 915,
 "skeletons": [
  [
   [
    911.4428100585938,
    347.29437255859375,
    0.992
   ],
   [
    935.9049072265625,
    327.64013671875,
    0.908
   ],
   [
    889.7188110351562,
    309.1029052734375,
    0.992
   ],
   [
    935.596923828125,
    347.771240234375,
    -1.0
   ],
   [
    814.7318115234375,
    299.64849853515625,
    0.967
   ],
   [
    920.666748046875,
    499.6016845703125,
    0.975
   ],
   [
    678.0198364257812,
    424.3711853027344,
    0.979
   ],
   [
    921.8997802734375,
    725.3031616210938,
    0.744
   ],
   [
    556.5262451171875,
    620.1486206054688,
    0.842
   ],
   [
    977.379150390625,
    767.1160888671875,
    0.586
   ],
   [
    658.1149291992188,
    638.784423828125,
    0.767
   ],
   [
    845.8123779296875,
    843.641357421875,
    -1.0
   ],
   [
    682.3778076171875,
    826.3619384765625,
    0.514
   ],
   [
    923.706298828125,
    819.0642700195312,
    -1.0
   ],
   [
    708.79248046875,
    801.5784301757812,
    -1.0
   ],
   [
    869.7047119140625,
    879.260009765625,
    -1.0
   ],
   [
    684.7325439453125,
    865.364990234375,
    -1.0
   ]
  ]
 ],
 "skeleton_percentage": [
  100
 ],
 "angle": [
  292
 ]
}