{
 "frame_index": 916,
 "skeletons": [
  [
   [
    889.577880859375,
    339.2125244140625,
    0.993
   ],
   [
    918.80517578125,
    320.89385986328125,
    0.939
   ],
   [
    865.9716796875,
    303.4032897949219,
    0.992
   ],
   [
    930.65576171875,
    345.8662109375,
    -1.0
   ],
   [
    795.3739013671875,
    301.1317443847656,
    0.957
   ],
   [
    926.5609130859375,
    497.254150390625,
    0.977
   ],
   [
    673.0716552734375,
    419.8985595703125,
    0.984
   ],
   [
    928.570068359375,
    721.864990234375,
    0.748
   ],
   [
    551.6845092773438,
    606.2382202148438,
    0.871
   ],
   [
    939.1375122070312,
    778.1326904296875,
    0.585
   ],
   [
    620.539306640625,
    639.674560546875,
    0.783
   ],
   [
    835.3225708007812,
    839.4387817382812,
    0.593
   ],
   [
    666.5513916015625,
    815.0172119140625,
    0.654
   ],
   [
    885.4059448242188,
    885.22265625,
    -1.0
   ],
   [
    678.0030517578125,
    857.5768432617188,
    -1.0
   ],
   [
    824.6529541015625,
    953.8214721679688,
    -1.0
   ],
   [
    649.9046630859375,
    932.0784301757812,
    -1.0
   ]
  ],
  [
   [
    884.625,
    341.4299011230469,
    0.989
   ],
   [
    911.5394897460938,
    317.28314208984375,
    0.913
   ],
   [
    863.5596313476562,
    302.9244689941406,
    0.986
   ],
   [
    922.4798583984375,
    328.8545837402344,
    -1.0
   ],
   [
    798.8411865234375,
    293.4591979980469,
    0.931
   ],
   [
    913.5953979492188,
    480.11572265625,
    0.97
   ],
   [
    676.62158203125,
    447.5240478515625,
    0.985
   ],
   [
    932.2813110351562,
    736.3518676757812,
    0.781
   ],
   [
    573.3141479492188,
    678.820556640625,
    0.909
   ],
   [
    933.6901245117188,
    821.6083374023438,
    0.72
   ],
   [
    663.4354858398438,
    647.3045654296875,
    0.867
   ],
   [
    839.1634521484375,
    882.6856689453125,
    0.704
   ],
   [
    688.7236328125,
    876.94873046875,
    0.761
   ],
   [
    837.4769287109375,
    974.3675537109375,
    -1.0
   ],
   [
    739.4201049804688,
    971.584716796875,
    -1.0
   ],
   [
    746.89794921875,
    1028.2613525390625,
    -1.0
   ],
   [
    732.46044921875,
    1000.6990966796875,
    -1.0
   ]
  ]
 ],
 "skeleton_percentage": [
  100,
  100
 ],
 "angle": [
  293,
  250
 ]
}