{
 "frame_index": 917,
 "skeletons": [
  [
   [
    891.08984375,
    333.43865966796875,
    0.992
   ],
   [
    917.459228515625,
    315.13580322265625,
    0.928
   ],
   [
    869.45458984375,
    296.210693359375,
    0.989
   ],
   [
    922.75146484375,
    339.7901916503906,
    -1.0
   ],
   [
    800.0885009765625,
    292.6123046875,
    0.945
   ],
   [
    915.0478515625,
    492.68060302734375,
    0.974
   ],
   [
    682.6356201171875,
    417.37152099609375,
    0.981
   ],
   [
    926.5474853515625,
    723.3165893554688,
    0.763
   ],
   [
    550.640625,
    581.8123168945312,
    0.871
   ],
   [
    957.9801025390625,
    789.6223754882812,
    0.615
   ],
   [
    563.2713623046875,
    543.3170776367188,
    0.809
   ],
   [
    845.1725463867188,
    838.85888671875,
    0.516
   ],
   [
    691.0606689453125,
    816.47314453125,
    0.57
   ],
   [
    897.533447265625,
    807.799072265625,
    -1.0
   ],
   [
    703.0499267578125,
    785.33740234375,
    -1.0
   ],
   [
    839.6995239257812,
    869.6969604492188,
    -1.0
   ],
   [
    676.57861328125,
    838.9846801757812,
    -1.0
   ]
  ]
 ],
 "skeleton_percentage": [
  100
 ],
 "angle": [
  292
 ]
}