{
 "frame_index": 918,
 "skeletons": [
  [
   [
    891.7271118164062,
    334.2688903808594,
    0.993
   ],
   [
    918.2906494140625,
    316.3392333984375,
    0.923
   ],
   [
    869.8790283203125,
    297.0242614746094,
    0.992
   ],
   [
    923.5679931640625,
    340.64593505859375,
    -1.0
   ],
   [
    796.8521118164062,
    291.88153076171875,
    0.959
   ],
   [
    919.3987426757812,
    493.86834716796875,
    0.977
   ],
   [
    678.3604736328125,
    412.8622741699219,
    0.984
   ],
   [
    929.12109375,
    715.573974609375,
    0.766
   ],
   [
    551.13671875,
    573.7718505859375,
    0.883
   ],
   [
    946.176025390625,
    769.2277221679688,
    0.611
   ],
   [
    545.0321044921875,
    553.11328125,
    0.819
   ],
   [
    844.0017700195312,
    836.9902954101562,
    0.582
   ],
   [
    682.375244140625,
    810.2467041015625,
    0.641
   ],
   [
    904.0585327148438,
    836.229248046875,
    -1.0
   ],
   [
    691.569580078125,
    806.9998168945312,
    -1.0
   ],
   [
    844.0784912109375,
    897.441650390625,
    -1.0
   ],
   [
    657.4359741210938,
    865.0601806640625,
    -1.0
   ]
  ]
 ],
 "skeleton_percentage": [
  100
 ],
 "angle": [
  292
 ]
}