{
 "frame_index": 919,
 "skeletons": [
  [
   [
    894.759521484375,
    327.1298522949219,
    0.993
   ],
   [
    914.989990234375,
    308.570068359375,
    0.909
   ],
   [
    868.8721923828125,
    294.3654479980469,
    0.992
   ],
   [
    913.984375,
    333.49566650390625,
    -1.0
   ],
   [
    791.771728515625,
    297.9805908203125,
    0.965
   ],
   [
    917.5467529296875,
    489.1720275878906,
    0.978
   ],
   [
    673.9173583984375,
    416.6163330078125,
    0.984
   ],
   [
    926.34423828125,
    711.2464599609375,
    0.787
   ],
   [
    550.4993896484375,
    586.9056396484375,
    0.89
   ],
   [
    948.5867919921875,
    751.2229614257812,
    0.654
   ],
   [
    602.58935546875,
    582.32763671875,
    0.836
   ],
   [
    850.5189208984375,
    830.40185546875,
    0.545
   ],
   [
    686.2010498046875,
    810.423583984375,
    0.598
   ],
   [
    920.4625244140625,
    794.765869140625,
    -1.0
   ],
   [
    697.2044067382812,
    775.2361450195312,
    -1.0
   ],
   [
    867.87890625,
    850.62890625,
    -1.0
   ],
   [
    660.941162109375,
    842.2717895507812,
    -1.0
   ]
  ]
 ],
 "skeleton_percentage": [
  100
 ],
 "angle": [
  293
 ]
}