{
 "frame_index": 920,
 "skeletons": [
  [
   [
    896.2948608398438,
    328.2958068847656,
    0.986
   ],
   [
    910.040771484375,
    308.71258544921875,
    0.79
   ],
   [
    876.3696899414062,
    298.0911865234375,
    0.99
   ],
   [
    894.919921875,
    326.05523681640625,
    -1.0
   ],
   [
    801.6884765625,
    299.16009521484375,
    0.969
   ],
   [
    904.538818359375,
    478.992431640625,
    0.94
   ],
   [
    686.286376953125,
    425.5615539550781,
    0.981
   ],
   [
    925.90771484375,
    702.1072387695312,
    0.598
   ],
   [
    557.326904296875,
    574.636474609375,
    0.896
   ],
   [
    939.6447143554688,
    749.450927734375,
    -1.0
   ],
   [
    507.4809265136719,
    471.9170837402344,
    0.837
   ],
   [
    844.6257934570312,
    860.158203125,
    -1.0
   ],
   [
    700.4337158203125,
    842.8731689453125,
    0.605
   ],
   [
    901.0607299804688,
    862.077392578125,
    -1.0
   ],
   [
    726.5101928710938,
    847.6376953125,
    -1.0
   ],
   [
    857.5091552734375,
    895.3026123046875,
    -1.0
   ],
   [
    700.4387817382812,
    879.115966796875,
    -1.0
   ]
  ]
 ],
 "skeleton_percentage": [
  100
 ],
 "angle": [
  291
 ]
}