{
 "frame_index": 921,
 "skeletons": [
  [
   [
    897.0323486328125,
    328.3752136230469,
    0.986
   ],
   [
    910.47412109375,
    308.8128967285156,
    0.781
   ],
   [
    877.112060546875,
    298.1526184082031,
    0.99
   ],
   [
    894.4775390625,
    326.1745300292969,
    -1.0
   ],
   [
    801.752685546875,
    299.21527099609375,
    0.969
   ],
   [
    904.3613891601562,
    479.0699157714844,
    0.938
   ],
   [
    685.968505859375,
    425.44879150390625,
    0.981
   ],
   [
    925.7136840820312,
    703.1785888671875,
    0.593
   ],
   [
    557.4232177734375,
    574.88818359375,
    0.895
   ],
   [
    938.9675903320312,
    747.302490234375,
    -1.0
   ],
   [
    504.955810546875,
    469.828857421875,
    0.836
   ],
   [
    845.1099243164062,
    859.39306640625,
    -1.0
   ],
   [
    700.7861328125,
    841.9597778320312,
    0.593
   ],
   [
    899.8614501953125,
    856.899169921875,
    -1.0
   ],
   [
    724.3758544921875,
    842.2725219726562,
    -1.0
   ],
   [
    856.0672607421875,
    889.75634765625,
    -1.0
   ],
   [
    698.7503662109375,
    873.4320068359375,
    -1.0
   ]
  ]
 ],
 "skeleton_percentage": [
  100
 ],
 "angle": [
  291
 ]
}