{
 "frame_index": 922,
 "skeletons": [
  [
   [
    893.798095703125,
    326.1861572265625,
    0.986
   ],
   [
    907.195556640625,
    308.1922607421875,
    0.855
   ],
   [
    870.9014282226562,
    293.3005065917969,
    0.986
   ],
   [
    893.8167724609375,
    330.7229309082031,
    -1.0
   ],
   [
    795.4063110351562,
    294.6314392089844,
    0.959
   ],
   [
    904.9039306640625,
    483.01275634765625,
    0.974
   ],
   [
    676.726318359375,
    406.3583679199219,
    0.981
   ],
   [
    926.09033203125,
    703.8222045898438,
    0.776
   ],
   [
    550.8118286132812,
    550.94384765625,
    0.885
   ],
   [
    949.897705078125,
    758.944580078125,
    0.672
   ],
   [
    594.515625,
    538.4156494140625,
    0.849
   ],
   [
    855.6165161132812,
    788.0567626953125,
    -1.0
   ],
   [
    706.1070556640625,
    768.3909301757812,
    0.538
   ],
   [
    907.720947265625,
    631.4332885742188,
    -1.0
   ],
   [
    712.5030517578125,
    612.9030151367188,
    -1.0
   ],
   [
    859.2449951171875,
    708.6488037109375,
    -1.0
   ],
   [
    709.1044921875,
    698.1163330078125,
    -1.0
   ]
  ]
 ],
 "skeleton_percentage": [
  100
 ],
 "angle": [
  292
 ]
}