{
 "frame_index": 923,
 "skeletons": [
  [
   [
    894.29736328125,
    326.599853515625,
    0.986
   ],
   [
    907.3643798828125,
    308.48541259765625,
    0.85
   ],
   [
    871.635009765625,
    293.67626953125,
    0.985
   ],
   [
    893.3994140625,
    330.40155029296875,
    -1.0
   ],
   [
    796.1442260742188,
    294.39300537109375,
    0.96
   ],
   [
    904.8243408203125,
    482.30255126953125,
    0.974
   ],
   [
    676.9700927734375,
    405.9897766113281,
    0.981
   ],
   [
    925.923095703125,
    701.8715209960938,
    0.776
   ],
   [
    550.8729858398438,
    550.0208740234375,
    0.886
   ],
   [
    948.906982421875,
    758.3211669921875,
    0.673
   ],
   [
    592.9385986328125,
    541.2950439453125,
    0.85
   ],
   [
    856.5719604492188,
    786.0213623046875,
    -1.0
   ],
   [
    707.344970703125,
    766.6121826171875,
    0.545
   ],
   [
    909.7761840820312,
    629.4619750976562,
    -1.0
   ],
   [
    714.97216796875,
    611.166015625,
    -1.0
   ],
   [
    861.265380859375,
    707.8455810546875,
    -1.0
   ],
   [
    712.4955444335938,
    697.65966796875,
    -1.0
   ]
  ]
 ],
 "skeleton_percentage": [
  100
 ],
 "angle": [
  292
 ]
}