{
 "frame_index": 924,
 "skeletons": [
  [
   [
    885.1416015625,
    321.876953125,
    0.989
   ],
   [
    901.5529174804688,
    303.5979309082031,
    0.89
   ],
   [
    861.323486328125,
    289.39385986328125,
    0.988
   ],
   [
    894.9248657226562,
    326.9563293457031,
    -1.0
   ],
   [
    787.9026489257812,
    291.9039306640625,
    0.958
   ],
   [
    904.5364379882812,
    480.09576416015625,
    0.978
   ],
   [
    673.2374267578125,
    405.63983154296875,
    0.984
   ],
   [
    927.30029296875,
    703.3363647460938,
    0.792
   ],
   [
    545.2249755859375,
    555.6795654296875,
    0.896
   ],
   [
    939.55322265625,
    767.58154296875,
    0.692
   ],
   [
    598.4571533203125,
    548.97265625,
    0.859
   ],
   [
    852.614990234375,
    790.8555908203125,
    0.551
   ],
   [
    701.8175048828125,
    771.7972412109375,
    0.609
   ],
   [
    909.0379028320312,
    676.33056640625,
    -1.0
   ],
   [
    723.434326171875,
    657.361572265625,
    -1.0
   ],
   [
    860.7086181640625,
    750.3116455078125,
    -1.0
   ],
   [
    717.4026489257812,
    737.7138061523438,
    -1.0
   ]
  ]
 ],
 "skeleton_percentage": [
  100
 ],
 "angle": [
  292
 ]
}