{
 "frame_index": 925,
 "skeletons": [
  [
   [
    886.42041015625,
    319.01123046875,
    0.99
   ],
   [
    902.5028076171875,
    300.845947265625,
    0.882
   ],
   [
    862.1698608398438,
    286.5467529296875,
    0.989
   ],
   [
    893.51806640625,
    325.05523681640625,
    -1.0
   ],
   [
    784.40771484375,
    290.0562744140625,
    0.964
   ],
   [
    905.574462890625,
    478.6611328125,
    0.979
   ],
   [
    665.237548828125,
    411.02105712890625,
    0.985
   ],
   [
    932.8792724609375,
    704.138427734375,
    0.802
   ],
   [
    548.5771484375,
    570.81103515625,
    0.894
   ],
   [
    942.6557006835938,
    775.8634033203125,
    0.691
   ],
   [
    596.04296875,
    557.80029296875,
    0.854
   ],
   [
    855.332275390625,
    796.1552124023438,
    0.566
   ],
   [
    697.3822021484375,
    779.3251953125,
    0.615
   ],
   [
    907.3392333984375,
    699.4766235351562,
    -1.0
   ],
   [
    708.7279663085938,
    684.622802734375,
    -1.0
   ],
   [
    858.9801025390625,
    771.7011108398438,
    -1.0
   ],
   [
    706.72265625,
    757.9339599609375,
    -1.0
   ]
  ]
 ],
 "skeleton_percentage": [
  100
 ],
 "angle": [
  291
 ]
}