{
 "frame_index": 926,
 "skeletons": [
  [
   [
    886.9349365234375,
    318.1891784667969,
    0.986
   ],
   [
    900.61083984375,
    299.56390380859375,
    0.846
   ],
   [
    862.1651000976562,
    287.3714599609375,
    0.986
   ],
   [
    888.33203125,
    323.9356689453125,
    -1.0
   ],
   [
    784.5961303710938,
    293.788818359375,
    0.97
   ],
   [
    908.74169921875,
    482.43255615234375,
    0.981
   ],
   [
    659.6982421875,
    419.3156433105469,
    0.984
   ],
   [
    939.619140625,
    710.1040649414062,
    0.791
   ],
   [
    550.5416259765625,
    588.6014404296875,
    0.875
   ],
   [
    955.2097778320312,
    783.14501953125,
    0.637
   ],
   [
    623.152587890625,
    578.9832153320312,
    0.808
   ],
   [
    848.92626953125,
    809.2952270507812,
    0.57
   ],
   [
    685.643798828125,
    794.1762084960938,
    0.609
   ],
   [
    893.5352783203125,
    745.1236572265625,
    -1.0
   ],
   [
    691.1576538085938,
    735.7203369140625,
    -1.0
   ],
   [
    837.5418090820312,
    808.5758056640625,
    -1.0
   ],
   [
    689.1198120117188,
    805.7935791015625,
    -1.0
   ]
  ]
 ],
 "skeleton_percentage": [
  100
 ],
 "angle": [
  292
 ]
}