{
 "frame_index": 927,
 "skeletons": [
  [
   [
    886.718994140625,
    318.56427001953125,
    0.986
   ],
   [
    900.405029296875,
    299.7113037109375,
    0.846
   ],
   [
    862.0098266601562,
    287.6730041503906,
    0.986
   ],
   [
    888.150634765625,
    323.684814453125,
    -1.0
   ],
   [
    784.5217895507812,
    293.8348388671875,
    0.969
   ],
   [
    908.606689453125,
    482.12811279296875,
    0.981
   ],
   [
    658.9256591796875,
    420.2366638183594,
    0.984
   ],
   [
    939.6879272460938,
    711.3072509765625,
    0.788
   ],
   [
    550.81640625,
    592.2778930664062,
    0.871
   ],
   [
    956.3930053710938,
    784.1691284179688,
    0.629
   ],
   [
    624.92138671875,
    579.148681640625,
    0.801
   ],
   [
    847.983154296875,
    809.860107421875,
    0.563
   ],
   [
    684.0390014648438,
    795.2568969726562,
    0.6
   ],
   [
    893.3458251953125,
    743.57470703125,
    -1.0
   ],
   [
    688.2802734375,
    735.2330932617188,
    -1.0
   ],
   [
    836.889404296875,
    806.4615478515625,
    -1.0
   ],
   [
    685.24462890625,
    804.24169921875,
    -1.0
   ]
  ]
 ],
 "skeleton_percentage": [
  100
 ],
 "angle": [
  292
 ]
}