{
 "frame_index": 928,
 "skeletons": [
  [
   [
    862.80615234375,
    323.6155700683594,
    0.991
   ],
   [
    884.4871215820312,
    301.94134521484375,
    0.933
   ],
   [
    835.6323852539062,
    294.5347595214844,
    0.989
   ],
   [
    893.2736206054688,
    323.3580322265625,
    -1.0
   ],
   [
    769.21533203125,
    305.50146484375,
    0.933
   ],
   [
    909.5066528320312,
    479.66876220703125,
    0.966
   ],
   [
    675.3250732421875,
    426.3944091796875,
    0.978
   ],
   [
    943.4761962890625,
    707.760986328125,
    0.724
   ],
   [
    556.9564819335938,
    595.967529296875,
    0.84
   ],
   [
    945.2003173828125,
    758.990966796875,
    0.591
   ],
   [
    591.0481567382812,
    564.9129638671875,
    0.772
   ],
   [
    822.500732421875,
    823.4840698242188,
    0.54
   ],
   [
    668.675537109375,
    804.9739990234375,
    0.579
   ],
   [
    884.6275634765625,
    847.9682006835938,
    -1.0
   ],
   [
    705.042236328125,
    827.56201171875,
    -1.0
   ],
   [
    848.59228515625,
    890.6832275390625,
    -1.0
   ],
   [
    672.8270874023438,
    883.981201171875,
    -1.0
   ]
  ]
 ],
 "skeleton_percentage": [
  100
 ],
 "angle": [
  291
 ]
}