{
 "frame_index": 929,
 "skeletons": [
  [
   [
    869.2446899414062,
    324.94451904296875,
    0.99
   ],
   [
    886.2135009765625,
    304.54046630859375,
    0.908
   ],
   [
    843.996337890625,
    298.0444030761719,
    0.989
   ],
   [
    887.3911743164062,
    326.2989501953125,
    -1.0
   ],
   [
    777.8633422851562,
    310.7422790527344,
    0.947
   ],
   [
    912.1695556640625,
    480.8326416015625,
    0.959
   ],
   [
    682.345703125,
    434.8872985839844,
    0.981
   ],
   [
    950.3585205078125,
    696.979248046875,
    0.692
   ],
   [
    559.526611328125,
    586.9170532226562,
    0.875
   ],
   [
    957.1715698242188,
    751.8948974609375,
    0.567
   ],
   [
    556.7828979492188,
    521.2186279296875,
    0.816
   ],
   [
    844.36669921875,
    831.8297119140625,
    0.562
   ],
   [
    694.5350952148438,
    816.398193359375,
    0.642
   ],
   [
    897.03515625,
    879.7047119140625,
    -1.0
   ],
   [
    724.9701538085938,
    865.8907470703125,
    -1.0
   ],
   [
    861.528564453125,
    927.8970336914062,
    -1.0
   ],
   [
    698.1489868164062,
    922.42041015625,
    -1.0
   ]
  ]
 ],
 "skeleton_percentage": [
  100
 ],
 "angle": [
  291
 ]
}