{
 "frame_index": 930,
 "skeletons": [
  [
   [
    869.8355712890625,
    324.9908752441406,
    0.99
   ],
   [
    886.556640625,
    304.7034912109375,
    0.905
   ],
   [
    844.64208984375,
    298.17852783203125,
    0.99
   ],
   [
    887.0765991210938,
    326.5567321777344,
    -1.0
   ],
   [
    778.115234375,
    310.9455261230469,
    0.949
   ],
   [
    912.1082153320312,
    480.20855712890625,
    0.959
   ],
   [
    682.42822265625,
    435.1099548339844,
    0.982
   ],
   [
    950.5653076171875,
    695.784423828125,
    0.693
   ],
   [
    560.029052734375,
    586.6107177734375,
    0.881
   ],
   [
    958.060302734375,
    750.3934936523438,
    0.568
   ],
   [
    553.33935546875,
    516.3677978515625,
    0.823
   ],
   [
    845.7694702148438,
    830.2948608398438,
    0.57
   ],
   [
    695.810546875,
    815.2596435546875,
    0.655
   ],
   [
    899.9577026367188,
    876.9814453125,
    -1.0
   ],
   [
    725.7279052734375,
    863.9571533203125,
    -1.0
   ],
   [
    863.6354370117188,
    926.437744140625,
    -1.0
   ],
   [
    697.4212646484375,
    920.8216552734375,
    -1.0
   ]
  ]
 ],
 "skeleton_percentage": [
  100
 ],
 "angle": [
  291
 ]
}