{
 "frame_index": 931,
 "skeletons": [
  [
   [
    885.7124633789062,
    330.15069580078125,
    0.991
   ],
   [
    898.557373046875,
    310.5978088378906,
    0.88
   ],
   [
    860.427978515625,
    301.605224609375,
    0.989
   ],
   [
    889.901123046875,
    334.7359619140625,
    -1.0
   ],
   [
    782.259765625,
    312.70947265625,
    0.963
   ],
   [
    911.741455078125,
    483.88873291015625,
    0.982
   ],
   [
    664.685302734375,
    459.66400146484375,
    0.985
   ],
   [
    959.8685302734375,
    703.4986572265625,
    0.852
   ],
   [
    565.0599975585938,
    666.3206176757812,
    0.902
   ],
   [
    980.7302856445312,
    777.5114135742188,
    0.755
   ],
   [
    644.0916748046875,
    608.13623046875,
    0.871
   ],
   [
    877.741943359375,
    825.5381469726562,
    0.641
   ],
   [
    711.0789794921875,
    826.6361083984375,
    0.662
   ],
   [
    936.5419921875,
    817.1925659179688,
    -1.0
   ],
   [
    715.1702880859375,
    828.0595092773438,
    -1.0
   ],
   [
    891.2672119140625,
    874.6580810546875,
    -1.0
   ],
   [
    683.6446533203125,
    871.5216064453125,
    -1.0
   ]
  ]
 ],
 "skeleton_percentage": [
  100
 ],
 "angle": [
  293
 ]
}