{
 "frame_index": 932,
 "skeletons": [
  [
   [
    893.978759765625,
    343.5655212402344,
    0.989
   ],
   [
    906.6427001953125,
    325.32000732421875,
    0.895
   ],
   [
    867.9724731445312,
    318.89251708984375,
    0.99
   ],
   [
    904.73828125,
    351.84820556640625,
    -1.0
   ],
   [
    798.6187133789062,
    336.5029296875,
    0.959
   ],
   [
    935.0637817382812,
    507.93621826171875,
    0.964
   ],
   [
    689.4340209960938,
    472.1572265625,
    0.974
   ],
   [
    971.2567749023438,
    729.9828491210938,
    0.685
   ],
   [
    598.69970703125,
    675.3497314453125,
    0.806
   ],
   [
    977.4900512695312,
    765.3328857421875,
    0.517
   ],
   [
    688.0919799804688,
    663.1304931640625,
    0.707
   ],
   [
    870.9346923828125,
    837.8935546875,
    -1.0
   ],
   [
    703.3336791992188,
    831.4037475585938,
    -1.0
   ],
   [
    967.025634765625,
    847.94091796875,
    -1.0
   ],
   [
    727.383056640625,
    843.842041015625,
    -1.0
   ],
   [
    934.3086547851562,
    896.2275390625,
    -1.0
   ],
   [
    677.7040405273438,
    902.6387329101562,
    -1.0
   ]
  ]
 ],
 "skeleton_percentage": [
  100
 ],
 "angle": [
  293
 ]
}