{
 "frame_index": 933,
 "skeletons": [
  [
   [
    898.714599609375,
    353.43707275390625,
    0.988
   ],
   [
    912.4953002929688,
    334.28680419921875,
    0.911
   ],
   [
    875.5841674804688,
    328.5235595703125,
    0.986
   ],
   [
    911.438232421875,
    360.03643798828125,
    -1.0
   ],
   [
    812.5006713867188,
    346.8524169921875,
    0.937
   ],
   [
    944.1655883789062,
    508.2256164550781,
    0.972
   ],
   [
    709.2987060546875,
    491.95281982421875,
    0.98
   ],
   [
    993.4447631835938,
    726.8451538085938,
    0.74
   ],
   [
    601.4383544921875,
    687.9879150390625,
    0.838
   ],
   [
    992.752685546875,
    769.0761108398438,
    0.561
   ],
   [
    633.3724975585938,
    612.7264404296875,
    0.735
   ],
   [
    899.71337890625,
    840.4781494140625,
    0.571
   ],
   [
    739.342041015625,
    840.139892578125,
    0.594
   ],
   [
    974.8359375,
    870.2701416015625,
    -1.0
   ],
   [
    764.3607177734375,
    875.2330322265625,
    -1.0
   ],
   [
    931.22509765625,
    907.6452026367188,
    -1.0
   ],
   [
    712.1417236328125,
    903.3828735351562,
    -1.0
   ]
  ]
 ],
 "skeleton_percentage": [
  100
 ],
 "angle": [
  290
 ]
}