{
 "frame_index": 934,
 "skeletons": [
  [
   [
    916.6390380859375,
    350.6223449707031,
    0.988
   ],
   [
    925.8458862304688,
    337.44732666015625,
    0.866
   ],
   [
    891.9862060546875,
    330.0386962890625,
    0.991
   ],
   [
    916.9810180664062,
    372.1308288574219,
    -1.0
   ],
   [
    823.6158447265625,
    356.36444091796875,
    0.97
   ],
   [
    954.8031005859375,
    523.77978515625,
    0.95
   ],
   [
    721.23388671875,
    478.29876708984375,
    0.973
   ],
   [
    1003.8019409179688,
    741.194580078125,
    0.552
   ],
   [
    628.5137939453125,
    653.2149658203125,
    0.79
   ],
   [
    987.6939697265625,
    747.4537353515625,
    -1.0
   ],
   [
    641.5275268554688,
    620.3031005859375,
    0.663
   ],
   [
    887.2454833984375,
    809.1571655273438,
    -1.0
   ],
   [
    728.9428100585938,
    794.869873046875,
    -1.0
   ],
   [
    989.5665893554688,
    812.7161865234375,
    -1.0
   ],
   [
    754.2371826171875,
    795.280517578125,
    -1.0
   ],
   [
    972.1393432617188,
    866.8566284179688,
    -1.0
   ],
   [
    713.51513671875,
    861.941162109375,
    -1.0
   ]
  ]
 ],
 "skeleton_percentage": [
  100
 ],
 "angle": [
  290
 ]
}