{
 "frame_index": 935,
 "skeletons": [
  [
   [
    910.30029296875,
    367.3138732910156,
    0.988
   ],
   [
    921.87353515625,
    350.22088623046875,
    0.916
   ],
   [
    884.779052734375,
    346.41290283203125,
    0.988
   ],
   [
    924.596435546875,
    376.91400146484375,
    -1.0
   ],
   [
    826.2254638671875,
    367.27264404296875,
    0.951
   ],
   [
    968.2647705078125,
    528.5681762695312,
    0.965
   ],
   [
    735.306396484375,
    482.52081298828125,
    0.976
   ],
   [
    1021.3419799804688,
    729.6895141601562,
    0.678
   ],
   [
    653.5523681640625,
    646.0991821289062,
    0.818
   ],
   [
    1005.6170654296875,
    752.4576416015625,
    0.51
   ],
   [
    714.419921875,
    668.5728759765625,
    0.701
   ],
   [
    901.97216796875,
    824.58251953125,
    -1.0
   ],
   [
    743.4200439453125,
    810.447998046875,
    0.503
   ],
   [
    989.02099609375,
    849.139892578125,
    -1.0
   ],
   [
    748.92578125,
    831.9365844726562,
    -1.0
   ],
   [
    981.9268798828125,
    893.7147216796875,
    -1.0
   ],
   [
    718.2756958007812,
    900.3909301757812,
    -1.0
   ]
  ]
 ],
 "skeleton_percentage": [
  100
 ],
 "angle": [
  290
 ]
}