{
 "frame_index": 936,
 "skeletons": [
  [
   [
    910.904541015625,
    366.268798828125,
    0.989
   ],
   [
    922.579833984375,
    349.3796081542969,
    0.914
   ],
   [
    886.413818359375,
    345.8721008300781,
    0.99
   ],
   [
    923.0300903320312,
    375.6788330078125,
    -1.0
   ],
   [
    827.0325927734375,
    366.9573974609375,
    0.958
   ],
   [
    967.2005615234375,
    523.4862060546875,
    0.957
   ],
   [
    736.26025390625,
    484.3186340332031,
    0.975
   ],
   [
    1017.1187744140625,
    735.4172973632812,
    0.595
   ],
   [
    653.273193359375,
    657.840576171875,
    0.791
   ],
   [
    1005.92919921875,
    745.730712890625,
    -1.0
   ],
   [
    689.8673706054688,
    663.80126953125,
    0.649
   ],
   [
    907.1790161132812,
    816.0181884765625,
    -1.0
   ],
   [
    752.828857421875,
    803.9837036132812,
    -1.0
   ],
   [
    983.3117065429688,
    857.4661865234375,
    -1.0
   ],
   [
    768.7124633789062,
    841.42578125,
    -1.0
   ],
   [
    963.3953247070312,
    896.1139526367188,
    -1.0
   ],
   [
    738.97216796875,
    900.1829223632812,
    -1.0
   ]
  ]
 ],
 "skeleton_percentage": [
  100
 ],
 "angle": [
  291
 ]
}