{
 "frame_index": 937,
 "skeletons": [
  [
   [
    901.75341796875,
    372.09869384765625,
    0.985
   ],
   [
    917.2132568359375,
    352.9471435546875,
    0.917
   ],
   [
    877.4884033203125,
    349.54730224609375,
    0.98
   ],
   [
    926.8531494140625,
    377.23187255859375,
    -1.0
   ],
   [
    825.1893310546875,
    368.0448303222656,
    0.927
   ],
   [
    969.2367553710938,
    524.33740234375,
    0.974
   ],
   [
    745.6177368164062,
    498.31805419921875,
    0.983
   ],
   [
    1029.678466796875,
    708.7752685546875,
    0.735
   ],
   [
    661.9176635742188,
    648.6045532226562,
    0.859
   ],
   [
    1022.4232177734375,
    789.9395141601562,
    0.572
   ],
   [
    716.9024047851562,
    643.1292724609375,
    0.761
   ],
   [
    933.8300170898438,
    839.4402465820312,
    0.64
   ],
   [
    783.5652465820312,
    835.515869140625,
    0.707
   ],
   [
    993.647216796875,
    912.23046875,
    -1.0
   ],
   [
    793.8489990234375,
    913.6109619140625,
    -1.0
   ],
   [
    968.7713012695312,
    952.683349609375,
    -1.0
   ],
   [
    779.5374755859375,
    956.70361328125,
    -1.0
   ]
  ]
 ],
 "skeleton_percentage": [
  100
 ],
 "angle": [
  291
 ]
}