{
 "frame_index": 938,
 "skeletons": [
  [
   [
    897.2760009765625,
    373.3404541015625,
    0.99
   ],
   [
    913.602783203125,
    355.55108642578125,
    0.959
   ],
   [
    873.5380859375,
    353.97576904296875,
    0.987
   ],
   [
    929.8364868164062,
    380.42706298828125,
    0.522
   ],
   [
    827.7291870117188,
    376.10601806640625,
    0.907
   ],
   [
    978.9570922851562,
    519.0125732421875,
    0.97
   ],
   [
    749.2978515625,
    498.2464599609375,
    0.977
   ],
   [
    1038.983154296875,
    700.4733276367188,
    0.752
   ],
   [
    680.0618896484375,
    663.8532104492188,
    0.818
   ],
   [
    1014.1422119140625,
    748.7186279296875,
    0.598
   ],
   [
    727.36181640625,
    698.7782592773438,
    0.697
   ],
   [
    921.39306640625,
    816.8734130859375,
    0.549
   ],
   [
    763.9293212890625,
    811.97412109375,
    0.577
   ],
   [
    1015.6265258789062,
    887.3485107421875,
    -1.0
   ],
   [
    775.2354125976562,
    880.2383422851562,
    -1.0
   ],
   [
    1015.7996826171875,
    935.6347045898438,
    -1.0
   ],
   [
    746.312744140625,
    940.0960693359375,
    -1.0
   ]
  ]
 ],
 "skeleton_percentage": [
  100
 ],
 "angle": [
  293
 ]
}