{
 "frame_index": 939,
 "skeletons": [
  [
   [
    897.4733276367188,
    373.54833984375,
    0.99
   ],
   [
    913.6426391601562,
    355.6522521972656,
    0.958
   ],
   [
    873.6762084960938,
    354.2807922363281,
    0.987
   ],
   [
    929.801513671875,
    380.2497253417969,
    0.521
   ],
   [
    827.806640625,
    376.42718505859375,
    0.908
   ],
   [
    979.064697265625,
    519.15380859375,
    0.97
   ],
   [
    749.497314453125,
    498.1778564453125,
    0.977
   ],
   [
    1038.96142578125,
    701.0045166015625,
    0.748
   ],
   [
    679.8974609375,
    662.8302001953125,
    0.819
   ],
   [
    1012.3141479492188,
    748.81640625,
    0.595
   ],
   [
    726.2857666015625,
    696.7039794921875,
    0.698
   ],
   [
    920.9111328125,
    814.7763061523438,
    0.538
   ],
   [
    763.4310302734375,
    809.6412963867188,
    0.569
   ],
   [
    1014.9984741210938,
    880.86865234375,
    -1.0
   ],
   [
    773.5834350585938,
    873.5107421875,
    -1.0
   ],
   [
    1015.9739990234375,
    926.3653564453125,
    -1.0
   ],
   [
    745.2557983398438,
    931.0475463867188,
    -1.0
   ]
  ]
 ],
 "skeleton_percentage": [
  100
 ],
 "angle": [
  293
 ]
}