{
 "frame_index": 940,
 "skeletons": [
  [
   [
    892.4002075195312,
    378.615966796875,
    0.985
   ],
   [
    909.6182861328125,
    360.40814208984375,
    0.945
   ],
   [
    869.4732666015625,
    356.45013427734375,
    0.975
   ],
   [
    925.6197509765625,
    384.78533935546875,
    0.584
   ],
   [
    824.980224609375,
    375.57537841796875,
    0.889
   ],
   [
    979.62744140625,
    523.05517578125,
    0.976
   ],
   [
    745.06689453125,
    508.83013916015625,
    0.979
   ],
   [
    1052.7203369140625,
    697.123779296875,
    0.777
   ],
   [
    691.7608642578125,
    686.8401489257812,
    0.815
   ],
   [
    1018.6755981445312,
    749.0762329101562,
    0.615
   ],
   [
    750.09423828125,
    730.035888671875,
    0.677
   ],
   [
    938.61083984375,
    830.6921997070312,
    0.593
   ],
   [
    778.5911865234375,
    830.2772216796875,
    0.618
   ],
   [
    1023.1148681640625,
    857.958251953125,
    -1.0
   ],
   [
    788.552734375,
    856.6532592773438,
    -1.0
   ],
   [
    1009.1530151367188,
    908.2575073242188,
    -1.0
   ],
   [
    783.844482421875,
    909.0598754882812,
    -1.0
   ]
  ]
 ],
 "skeleton_percentage": [
  100
 ],
 "angle": [
  295
 ]
}