{
 "frame_index": 941,
 "skeletons": [
  [
   [
    890.3450927734375,
    376.17730712890625,
    0.984
   ],
   [
    906.1697387695312,
    357.312255859375,
    0.944
   ],
   [
    866.6385498046875,
    355.2703857421875,
    0.974
   ],
   [
    921.6978759765625,
    381.23291015625,
    0.602
   ],
   [
    822.9581909179688,
    376.74169921875,
    0.889
   ],
   [
    979.79638671875,
    520.8062133789062,
    0.978
   ],
   [
    744.4884033203125,
    510.11529541015625,
    0.98
   ],
   [
    1057.6663818359375,
    692.0426025390625,
    0.79
   ],
   [
    687.4989624023438,
    684.1602172851562,
    0.818
   ],
   [
    1028.4979248046875,
    749.5570678710938,
    0.628
   ],
   [
    744.5370483398438,
    732.6822509765625,
    0.681
   ],
   [
    939.5693359375,
    825.0955810546875,
    0.604
   ],
   [
    778.8363647460938,
    826.655029296875,
    0.623
   ],
   [
    1032.134521484375,
    853.791748046875,
    -1.0
   ],
   [
    792.0750732421875,
    855.8184814453125,
    -1.0
   ],
   [
    1024.794677734375,
    899.6846923828125,
    -1.0
   ],
   [
    787.6607666015625,
    907.4627685546875,
    -1.0
   ]
  ]
 ],
 "skeleton_percentage": [
  100
 ],
 "angle": [
  294
 ]
}