{
 "frame_index": 942,
 "skeletons": [
  [
   [
    890.177734375,
    375.81170654296875,
    0.991
   ],
   [
    906.166259765625,
    358.51318359375,
    0.962
   ],
   [
    868.0548706054688,
    356.89599609375,
    0.988
   ],
   [
    922.79833984375,
    383.05902099609375,
    0.545
   ],
   [
    824.970947265625,
    378.2254943847656,
    0.91
   ],
   [
    978.957275390625,
    516.26123046875,
    0.973
   ],
   [
    749.1661987304688,
    502.20794677734375,
    0.979
   ],
   [
    1052.9169921875,
    692.0816650390625,
    0.765
   ],
   [
    688.7991333007812,
    672.9739379882812,
    0.832
   ],
   [
    1022.3895263671875,
    748.06640625,
    0.605
   ],
   [
    730.2891235351562,
    730.3474731445312,
    0.697
   ],
   [
    929.9551391601562,
    815.8031005859375,
    0.549
   ],
   [
    771.70361328125,
    812.5999145507812,
    0.58
   ],
   [
    1018.3134765625,
    888.479248046875,
    -1.0
   ],
   [
    772.4595947265625,
    880.6591796875,
    -1.0
   ],
   [
    1019.822265625,
    935.0218505859375,
    -1.0
   ],
   [
    743.5169067382812,
    933.1367797851562,
    -1.0
   ]
  ]
 ],
 "skeleton_percentage": [
  100
 ],
 "angle": [
  294
 ]
}