{
 "frame_index": 943,
 "skeletons": [
  [
   [
    881.9540405273438,
    376.2192077636719,
    0.991
   ],
   [
    900.5571899414062,
    360.4222412109375,
    0.967
   ],
   [
    861.0118408203125,
    356.2013854980469,
    0.986
   ],
   [
    920.2042236328125,
    387.91229248046875,
    0.61
   ],
   [
    820.038330078125,
    377.5185546875,
    0.885
   ],
   [
    974.4879150390625,
    518.2109375,
    0.975
   ],
   [
    745.5791625976562,
    502.42950439453125,
    0.979
   ],
   [
    1053.1378173828125,
    693.5359497070312,
    0.795
   ],
   [
    685.0682373046875,
    676.3340454101562,
    0.827
   ],
   [
    1018.0581665039062,
    743.666748046875,
    0.648
   ],
   [
    717.517822265625,
    729.184326171875,
    0.698
   ],
   [
    925.545166015625,
    812.34326171875,
    0.566
   ],
   [
    768.106201171875,
    807.436767578125,
    0.579
   ],
   [
    1011.445556640625,
    860.5680541992188,
    -1.0
   ],
   [
    766.080322265625,
    847.761962890625,
    -1.0
   ],
   [
    1014.7432861328125,
    909.2495727539062,
    -1.0
   ],
   [
    739.7409057617188,
    895.2449340820312,
    -1.0
   ]
  ]
 ],
 "skeleton_percentage": [
  100
 ],
 "angle": [
  293
 ]
}