{
 "frame_index": 944,
 "skeletons": [
  [
   [
    881.8551635742188,
    376.407958984375,
    0.991
   ],
   [
    900.4271850585938,
    360.625732421875,
    0.967
   ],
   [
    860.833251953125,
    356.462158203125,
    0.986
   ],
   [
    920.1689453125,
    388.15631103515625,
    0.613
   ],
   [
    819.9248657226562,
    377.9555969238281,
    0.884
   ],
   [
    974.5487060546875,
    518.344970703125,
    0.975
   ],
   [
    745.4588623046875,
    502.27972412109375,
    0.979
   ],
   [
    1053.01416015625,
    693.801025390625,
    0.793
   ],
   [
    684.7222900390625,
    675.927978515625,
    0.828
   ],
   [
    1018.7530517578125,
    743.77734375,
    0.645
   ],
   [
    718.5892333984375,
    729.41796875,
    0.698
   ],
   [
    925.4620361328125,
    809.6317138671875,
    0.551
   ],
   [
    767.649169921875,
    804.6812744140625,
    0.567
   ],
   [
    1012.7700805664062,
    851.054443359375,
    -1.0
   ],
   [
    764.6679077148438,
    838.2178344726562,
    -1.0
   ],
   [
    1016.95751953125,
    898.3577880859375,
    -1.0
   ],
   [
    738.29345703125,
    884.8446044921875,
    -1.0
   ]
  ]
 ],
 "skeleton_percentage": [
  100
 ],
 "angle": [
  293
 ]
}