{
 "frame_index": 945,
 "skeletons": [
  [
   [
    880.7332763671875,
    374.4516906738281,
    0.991
   ],
   [
    898.1405029296875,
    358.1495361328125,
    0.963
   ],
   [
    859.3297119140625,
    355.2545166015625,
    0.988
   ],
   [
    914.2425537109375,
    384.39105224609375,
    0.54
   ],
   [
    815.0930786132812,
    377.28741455078125,
    0.906
   ],
   [
    973.1641845703125,
    514.2291870117188,
    0.966
   ],
   [
    737.7946166992188,
    502.7703857421875,
    0.979
   ],
   [
    1048.2274169921875,
    700.2655029296875,
    0.701
   ],
   [
    682.0185546875,
    677.1862182617188,
    0.816
   ],
   [
    1027.810546875,
    740.8892822265625,
    0.532
   ],
   [
    715.05908203125,
    679.5406494140625,
    0.675
   ],
   [
    930.4327392578125,
    801.2239379882812,
    -1.0
   ],
   [
    771.403076171875,
    798.0450439453125,
    0.545
   ],
   [
    1004.8676147460938,
    859.5990600585938,
    -1.0
   ],
   [
    774.781005859375,
    851.7258911132812,
    -1.0
   ],
   [
    995.5093994140625,
    907.90576171875,
    -1.0
   ],
   [
    754.2516479492188,
    897.95703125,
    -1.0
   ]
  ]
 ],
 "skeleton_percentage": [
  100
 ],
 "angle": [
  292
 ]
}