{
 "frame_index": 946,
 "skeletons": [
  [
   [
    859.98291015625,
    373.03826904296875,
    0.988
   ],
   [
    879.8134765625,
    356.36175537109375,
    0.968
   ],
   [
    839.5958862304688,
    353.6840515136719,
    0.978
   ],
   [
    905.0711669921875,
    383.33575439453125,
    0.723
   ],
   [
    806.0260009765625,
    376.04913330078125,
    0.836
   ],
   [
    965.2996215820312,
    515.4630737304688,
    0.974
   ],
   [
    732.38134765625,
    502.81109619140625,
    0.975
   ],
   [
    1037.495849609375,
    687.2841186523438,
    0.79
   ],
   [
    671.9541015625,
    671.5208740234375,
    0.79
   ],
   [
    1018.6163330078125,
    751.0269775390625,
    0.624
   ],
   [
    729.8161010742188,
    714.802978515625,
    0.645
   ],
   [
    924.798583984375,
    811.9808349609375,
    0.574
   ],
   [
    765.7266845703125,
    810.4436645507812,
    0.573
   ],
   [
    1017.5450439453125,
    880.3888549804688,
    -1.0
   ],
   [
    778.16796875,
    875.1015014648438,
    -1.0
   ],
   [
    1019.9864501953125,
    925.3336181640625,
    -1.0
   ],
   [
    763.304443359375,
    921.4432983398438,
    -1.0
   ]
  ]
 ],
 "skeleton_percentage": [
  100
 ],
 "angle": [
  291
 ]
}