{
 "frame_index": 947,
 "skeletons": [
  [
   [
    856.9850463867188,
    367.955810546875,
    0.988
   ],
   [
    874.2967529296875,
    350.475341796875,
    0.962
   ],
   [
    835.1279296875,
    348.8817443847656,
    0.981
   ],
   [
    894.9970092773438,
    376.534912109375,
    0.649
   ],
   [
    796.945068359375,
    371.6029052734375,
    0.875
   ],
   [
    957.0741577148438,
    512.880126953125,
    0.977
   ],
   [
    723.038818359375,
    499.09783935546875,
    0.979
   ],
   [
    1028.298095703125,
    695.661376953125,
    0.787
   ],
   [
    667.7545166015625,
    673.8404541015625,
    0.812
   ],
   [
    1007.9005126953125,
    755.6920166015625,
    0.616
   ],
   [
    737.1355590820312,
    701.2468872070312,
    0.675
   ],
   [
    924.6271362304688,
    809.8233642578125,
    0.618
   ],
   [
    764.5650634765625,
    809.0883178710938,
    0.629
   ],
   [
    1024.1513671875,
    872.2556762695312,
    -1.0
   ],
   [
    782.545654296875,
    869.5731811523438,
    -1.0
   ],
   [
    1027.648681640625,
    920.7951049804688,
    -1.0
   ],
   [
    768.9951782226562,
    922.5221557617188,
    -1.0
   ]
  ]
 ],
 "skeleton_percentage": [
  100
 ],
 "angle": [
  289
 ]
}