{
 "frame_index": 948,
 "skeletons": [
  [
   [
    856.2506103515625,
    368.0767822265625,
    0.988
   ],
   [
    873.662841796875,
    350.3594970703125,
    0.963
   ],
   [
    834.0899047851562,
    349.3388671875,
    0.98
   ],
   [
    895.458740234375,
    376.08599853515625,
    0.666
   ],
   [
    796.85107421875,
    372.5084228515625,
    0.868
   ],
   [
    957.1243286132812,
    512.7905883789062,
    0.975
   ],
   [
    724.3267211914062,
    497.7098693847656,
    0.978
   ],
   [
    1025.820068359375,
    695.3670654296875,
    0.773
   ],
   [
    666.0662841796875,
    666.4974365234375,
    0.804
   ],
   [
    1007.8465576171875,
    757.552490234375,
    0.599
   ],
   [
    737.193603515625,
    680.8427124023438,
    0.67
   ],
   [
    923.2725830078125,
    804.3544921875,
    0.58
   ],
   [
    763.6841430664062,
    803.2362670898438,
    0.594
   ],
   [
    1029.4561767578125,
    854.9461669921875,
    -1.0
   ],
   [
    785.1663208007812,
    853.185791015625,
    -1.0
   ],
   [
    1033.9107666015625,
    899.7965698242188,
    -1.0
   ],
   [
    769.6956787109375,
    904.0067138671875,
    -1.0
   ]
  ]
 ],
 "skeleton_percentage": [
  100
 ],
 "angle": [
  290
 ]
}