{
 "frame_index": 949,
 "skeletons": [
  [
   [
    850.3375854492188,
    364.81005859375,
    0.989
   ],
   [
    868.1217041015625,
    347.7811584472656,
    0.964
   ],
   [
    827.815185546875,
    345.98614501953125,
    0.98
   ],
   [
    888.9464721679688,
    374.95703125,
    0.651
   ],
   [
    789.0225830078125,
    370.13873291015625,
    0.863
   ],
   [
    947.341552734375,
    508.41680908203125,
    0.976
   ],
   [
    719.5611572265625,
    498.32000732421875,
    0.976
   ],
   [
    1019.549560546875,
    688.33935546875,
    0.795
   ],
   [
    667.133056640625,
    669.4649658203125,
    0.791
   ],
   [
    1012.8077392578125,
    756.798095703125,
    0.622
   ],
   [
    723.4414672851562,
    663.4798583984375,
    0.664
   ],
   [
    916.6395263671875,
    809.78125,
    0.621
   ],
   [
    761.0827026367188,
    810.151123046875,
    0.616
   ],
   [
    1013.9280395507812,
    872.4241943359375,
    -1.0
   ],
   [
    780.0091552734375,
    874.1874389648438,
    -1.0
   ],
   [
    1012.6550903320312,
    921.1336669921875,
    -1.0
   ],
   [
    761.2543334960938,
    922.48779296875,
    -1.0
   ]
  ]
 ],
 "skeleton_percentage": [
  100
 ],
 "angle": [
  289
 ]
}