{
 "frame_index": 950,
 "skeletons": [
  [
   [
    840.9929809570312,
    362.60943603515625,
    0.991
   ],
   [
    858.4100341796875,
    347.30853271484375,
    0.967
   ],
   [
    818.6715087890625,
    345.5262451171875,
    0.985
   ],
   [
    878.5361328125,
    375.87109375,
    0.635
   ],
   [
    778.44140625,
    372.02276611328125,
    0.882
   ],
   [
    943.0471801757812,
    502.2913513183594,
    0.973
   ],
   [
    709.3865356445312,
    498.17742919921875,
    0.982
   ],
   [
    1014.348388671875,
    679.55517578125,
    0.769
   ],
   [
    654.87255859375,
    669.6011962890625,
    0.847
   ],
   [
    1011.2276611328125,
    749.3701171875,
    0.596
   ],
   [
    686.1949462890625,
    700.6497802734375,
    0.708
   ],
   [
    921.6473388671875,
    777.240478515625,
    0.596
   ],
   [
    764.1754150390625,
    779.466064453125,
    0.633
   ],
   [
    1011.3516845703125,
    844.8773803710938,
    -1.0
   ],
   [
    781.415771484375,
    844.789794921875,
    -1.0
   ],
   [
    1004.8826293945312,
    887.9082641601562,
    -1.0
   ],
   [
    765.880859375,
    886.6337890625,
    -1.0
   ]
  ]
 ],
 "skeleton_percentage": [
  100
 ],
 "angle": [
  289
 ]
}