{
 "frame_index": 951,
 "skeletons": [
  [
   [
    841.0493774414062,
    362.6703186035156,
    0.991
   ],
   [
    858.4661865234375,
    347.3666687011719,
    0.967
   ],
   [
    818.7042236328125,
    345.48492431640625,
    0.985
   ],
   [
    878.51708984375,
    376.05108642578125,
    0.63
   ],
   [
    778.2547607421875,
    371.9114685058594,
    0.882
   ],
   [
    943.2284545898438,
    502.116455078125,
    0.973
   ],
   [
    709.041748046875,
    498.5080261230469,
    0.982
   ],
   [
    1015.2676391601562,
    679.1739501953125,
    0.77
   ],
   [
    654.8419189453125,
    671.420166015625,
    0.845
   ],
   [
    1011.57568359375,
    748.9566650390625,
    0.597
   ],
   [
    688.74560546875,
    704.943115234375,
    0.705
   ],
   [
    923.6072998046875,
    778.1533203125,
    0.593
   ],
   [
    765.811279296875,
    780.9080200195312,
    0.627
   ],
   [
    1015.3471069335938,
    845.9781494140625,
    -1.0
   ],
   [
    785.9331665039062,
    846.1466674804688,
    -1.0
   ],
   [
    1008.1422729492188,
    889.9290161132812,
    -1.0
   ],
   [
    769.8021240234375,
    888.3989868164062,
    -1.0
   ]
  ]
 ],
 "skeleton_percentage": [
  100
 ],
 "angle": [
  289
 ]
}