{
 "frame_index": 952,
 "skeletons": [
  [
   [
    836.1890258789062,
    362.4205627441406,
    0.991
   ],
   [
    852.3180541992188,
    343.199462890625,
    0.959
   ],
   [
    813.2808837890625,
    344.0776062011719,
    0.984
   ],
   [
    874.1306762695312,
    366.62481689453125,
    0.576
   ],
   [
    773.1448974609375,
    368.6393737792969,
    0.892
   ],
   [
    935.6497802734375,
    498.61212158203125,
    0.981
   ],
   [
    709.011962890625,
    504.7367248535156,
    0.989
   ],
   [
    1003.614501953125,
    669.875,
    0.828
   ],
   [
    623.2970581054688,
    665.0531005859375,
    0.915
   ],
   [
    1003.0255737304688,
    767.34423828125,
    0.702
   ],
   [
    631.3917236328125,
    667.8720703125,
    0.842
   ],
   [
    928.9832153320312,
    789.3246459960938,
    0.775
   ],
   [
    772.9905395507812,
    796.4442138671875,
    0.824
   ],
   [
    1001.2904663085938,
    890.5028686523438,
    -1.0
   ],
   [
    768.0745849609375,
    903.0283813476562,
    -1.0
   ],
   [
    991.7543334960938,
    928.7469482421875,
    -1.0
   ],
   [
    737.6906127929688,
    933.5845947265625,
    -1.0
   ]
  ]
 ],
 "skeleton_percentage": [
  100
 ],
 "angle": [
  287
 ]
}