{
 "frame_index": 953,
 "skeletons": [
  [
   [
    828.3138427734375,
    360.16827392578125,
    0.992
   ],
   [
    843.871337890625,
    341.3865051269531,
    0.967
   ],
   [
    805.5562744140625,
    342.6708984375,
    0.985
   ],
   [
    865.8697509765625,
    364.34893798828125,
    0.636
   ],
   [
    767.6244506835938,
    366.9207763671875,
    0.892
   ],
   [
    929.7301025390625,
    495.4084167480469,
    0.985
   ],
   [
    703.1515502929688,
    495.652587890625,
    0.99
   ],
   [
    991.5489501953125,
    654.7355346679688,
    0.863
   ],
   [
    626.4476318359375,
    655.8206176757812,
    0.913
   ],
   [
    996.0979614257812,
    767.165283203125,
    0.728
   ],
   [
    649.6497802734375,
    762.1929931640625,
    0.812
   ],
   [
    915.9380493164062,
    792.3601684570312,
    0.839
   ],
   [
    759.587890625,
    797.63232421875,
    0.863
   ],
   [
    988.6060180664062,
    929.9315185546875,
    -1.0
   ],
   [
    749.067138671875,
    937.3128662109375,
    -1.0
   ],
   [
    984.4737548828125,
    984.5274658203125,
    -1.0
   ],
   [
    726.068115234375,
    998.9654541015625,
    -1.0
   ]
  ]
 ],
 "skeleton_percentage": [
  100
 ],
 "angle": [
  287
 ]
}