{
 "frame_index": 954,
 "skeletons": [
  [
   [
    828.7000732421875,
    362.3123779296875,
    0.993
   ],
   [
    842.94921875,
    344.0803527832031,
    0.963
   ],
   [
    806.8167724609375,
    344.6822509765625,
    0.988
   ],
   [
    860.5811767578125,
    365.93157958984375,
    0.536
   ],
   [
    765.21923828125,
    366.8313903808594,
    0.909
   ],
   [
    923.402587890625,
    491.024658203125,
    0.983
   ],
   [
    697.1787109375,
    496.8270263671875,
    0.989
   ],
   [
    989.8819580078125,
    653.1615600585938,
    0.848
   ],
   [
    621.255859375,
    666.561279296875,
    0.916
   ],
   [
    999.4635009765625,
    766.8126220703125,
    0.709
   ],
   [
    647.2911376953125,
    753.6414184570312,
    0.818
   ],
   [
    910.1998901367188,
    782.897705078125,
    0.817
   ],
   [
    754.8947143554688,
    789.1563720703125,
    0.846
   ],
   [
    975.4784545898438,
    927.9248046875,
    -1.0
   ],
   [
    744.3226928710938,
    935.991943359375,
    -1.0
   ],
   [
    965.239990234375,
    988.8145751953125,
    -1.0
   ],
   [
    708.8951416015625,
    996.6573486328125,
    -1.0
   ]
  ]
 ],
 "skeleton_percentage": [
  100
 ],
 "angle": [
  286
 ]
}