{
 "frame_index": 955,
 "skeletons": [
  [
   [
    820.8726806640625,
    361.2501525878906,
    0.99
   ],
   [
    838.7259521484375,
    341.97808837890625,
    0.967
   ],
   [
    799.5437622070312,
    342.6501770019531,
    0.982
   ],
   [
    859.9720458984375,
    363.8586730957031,
    0.684
   ],
   [
    762.6700439453125,
    365.5393981933594,
    0.863
   ],
   [
    927.6483154296875,
    492.43450927734375,
    0.97
   ],
   [
    695.8231811523438,
    497.959716796875,
    0.987
   ],
   [
    990.429443359375,
    676.8116455078125,
    0.734
   ],
   [
    626.9261474609375,
    666.5003051757812,
    0.874
   ],
   [
    975.0723266601562,
    746.5718994140625,
    0.565
   ],
   [
    624.7069702148438,
    637.7525024414062,
    0.751
   ],
   [
    909.0137939453125,
    781.2427978515625,
    0.681
   ],
   [
    753.6390991210938,
    785.5892944335938,
    0.747
   ],
   [
    976.9925537109375,
    837.0814819335938,
    -1.0
   ],
   [
    751.8560791015625,
    843.8827514648438,
    -1.0
   ],
   [
    971.8449096679688,
    903.0192260742188,
    -1.0
   ],
   [
    746.1605834960938,
    903.958740234375,
    -1.0
   ]
  ]
 ],
 "skeleton_percentage": [
  100
 ],
 "angle": [
  286
 ]
}