{
 "frame_index": 956,
 "skeletons": [
  [
   [
    821.0677490234375,
    361.559814453125,
    0.992
   ],
   [
    836.6922607421875,
    342.6466369628906,
    0.967
   ],
   [
    799.4971923828125,
    343.8504943847656,
    0.985
   ],
   [
    858.0125732421875,
    364.309814453125,
    0.63
   ],
   [
    762.2777099609375,
    366.72454833984375,
    0.883
   ],
   [
    922.6140747070312,
    492.27398681640625,
    0.983
   ],
   [
    695.1119384765625,
    499.32147216796875,
    0.989
   ],
   [
    987.6934814453125,
    666.5184936523438,
    0.847
   ],
   [
    617.3168334960938,
    677.5508422851562,
    0.909
   ],
   [
    999.8600463867188,
    780.4884033203125,
    0.699
   ],
   [
    648.6581420898438,
    739.6279907226562,
    0.802
   ],
   [
    906.1441040039062,
    787.3514404296875,
    0.805
   ],
   [
    749.2095947265625,
    793.5697021484375,
    0.833
   ],
   [
    974.1835327148438,
    912.8336791992188,
    -1.0
   ],
   [
    731.5341796875,
    922.3389892578125,
    -1.0
   ],
   [
    970.0272216796875,
    969.49560546875,
    -1.0
   ],
   [
    695.5789184570312,
    977.8375854492188,
    -1.0
   ]
  ]
 ],
 "skeleton_percentage": [
  100
 ],
 "angle": [
  285
 ]
}