{
 "frame_index": 957,
 "skeletons": [
  [
   [
    820.882080078125,
    361.58251953125,
    0.992
   ],
   [
    836.5274047851562,
    342.658203125,
    0.967
   ],
   [
    799.32861328125,
    343.8868713378906,
    0.985
   ],
   [
    857.896240234375,
    364.3283386230469,
    0.63
   ],
   [
    762.1575927734375,
    366.76220703125,
    0.882
   ],
   [
    922.697998046875,
    492.14239501953125,
    0.983
   ],
   [
    695.2356567382812,
    499.37200927734375,
    0.989
   ],
   [
    988.140869140625,
    666.08935546875,
    0.846
   ],
   [
    617.285400390625,
    676.98388671875,
    0.906
   ],
   [
    999.8145751953125,
    780.8340454101562,
    0.696
   ],
   [
    647.8283081054688,
    737.635009765625,
    0.798
   ],
   [
    906.961181640625,
    788.4920654296875,
    0.804
   ],
   [
    750.203369140625,
    794.798583984375,
    0.831
   ],
   [
    975.028564453125,
    917.1161499023438,
    -1.0
   ],
   [
    733.7965698242188,
    926.7581176757812,
    -1.0
   ],
   [
    970.8466796875,
    975.1514282226562,
    -1.0
   ],
   [
    698.1094970703125,
    983.2750854492188,
    -1.0
   ]
  ]
 ],
 "skeleton_percentage": [
  100
 ],
 "angle": [
  285
 ]
}