{
 "frame_index": 958,
 "skeletons": [
  [
   [
    820.6527099609375,
    362.3284606933594,
    0.992
   ],
   [
    836.2166748046875,
    343.4460144042969,
    0.967
   ],
   [
    798.9805297851562,
    344.77764892578125,
    0.985
   ],
   [
    857.7366943359375,
    364.8897399902344,
    0.627
   ],
   [
    761.5216064453125,
    367.67962646484375,
    0.882
   ],
   [
    921.8433837890625,
    491.65936279296875,
    0.982
   ],
   [
    694.8013305664062,
    498.358154296875,
    0.989
   ],
   [
    986.7327880859375,
    667.7247314453125,
    0.84
   ],
   [
    615.1258544921875,
    674.6683959960938,
    0.906
   ],
   [
    996.0635375976562,
    775.947509765625,
    0.686
   ],
   [
    645.7509765625,
    714.0643920898438,
    0.802
   ],
   [
    905.199462890625,
    776.27880859375,
    0.787
   ],
   [
    747.807373046875,
    782.2774658203125,
    0.819
   ],
   [
    981.0946655273438,
    878.3338623046875,
    -1.0
   ],
   [
    731.2581787109375,
    888.2107543945312,
    -1.0
   ],
   [
    978.0426025390625,
    932.04638671875,
    -1.0
   ],
   [
    691.3218383789062,
    939.5388793945312,
    -1.0
   ]
  ]
 ],
 "skeleton_percentage": [
  100
 ],
 "angle": [
  286
 ]
}