{
 "frame_index": 959,
 "skeletons": [
  [
   [
    823.8790283203125,
    361.5009765625,
    0.993
   ],
   [
    838.518310546875,
    343.86273193359375,
    0.962
   ],
   [
    802.8630981445312,
    343.5775146484375,
    0.988
   ],
   [
    856.8949584960938,
    366.62762451171875,
    0.552
   ],
   [
    762.9340209960938,
    365.1920166015625,
    0.91
   ],
   [
    919.8658447265625,
    493.1815185546875,
    0.983
   ],
   [
    693.5817260742188,
    495.6843566894531,
    0.99
   ],
   [
    988.2416381835938,
    660.6325073242188,
    0.832
   ],
   [
    616.3622436523438,
    672.2135009765625,
    0.918
   ],
   [
    999.0166015625,
    772.4293212890625,
    0.676
   ],
   [
    654.3775634765625,
    770.0679931640625,
    0.809
   ],
   [
    908.2505493164062,
    778.8424072265625,
    0.809
   ],
   [
    752.2053833007812,
    784.2072143554688,
    0.847
   ],
   [
    980.8430786132812,
    906.1210327148438,
    -1.0
   ],
   [
    741.5294189453125,
    911.050048828125,
    -1.0
   ],
   [
    977.0062255859375,
    963.760498046875,
    -1.0
   ],
   [
    706.8773193359375,
    968.3461303710938,
    -1.0
   ]
  ]
 ],
 "skeleton_percentage": [
  100
 ],
 "angle": [
  285
 ]
}