{
 "frame_index": 960,
 "skeletons": [
  [
   [
    823.1654052734375,
    361.92431640625,
    0.989
   ],
   [
    840.1353149414062,
    343.06121826171875,
    0.961
   ],
   [
    802.136962890625,
    343.128173828125,
    0.983
   ],
   [
    858.8365478515625,
    364.513916015625,
    0.639
   ],
   [
    763.4261474609375,
    364.24017333984375,
    0.889
   ],
   [
    925.5799560546875,
    494.4991149902344,
    0.967
   ],
   [
    693.4304809570312,
    498.2230224609375,
    0.986
   ],
   [
    991.4686279296875,
    675.238525390625,
    0.681
   ],
   [
    631.7947387695312,
    667.2449951171875,
    0.852
   ],
   [
    972.4143676757812,
    743.9119262695312,
    0.501
   ],
   [
    663.981689453125,
    651.6947021484375,
    0.709
   ],
   [
    909.6734619140625,
    787.7474365234375,
    0.68
   ],
   [
    756.3441162109375,
    792.4493408203125,
    0.749
   ],
   [
    969.4909057617188,
    886.7305297851562,
    -1.0
   ],
   [
    770.9400634765625,
    892.362548828125,
    -1.0
   ],
   [
    955.1468505859375,
    952.47802734375,
    -1.0
   ],
   [
    769.0592651367188,
    951.9993896484375,
    -1.0
   ]
  ]
 ],
 "skeleton_percentage": [
  100
 ],
 "angle": [
  286
 ]
}