{
 "frame_index": 961,
 "skeletons": [
  [
   [
    826.7459716796875,
    365.0314636230469,
    0.989
   ],
   [
    841.0595703125,
    345.6540222167969,
    0.947
   ],
   [
    805.6397094726562,
    345.3768310546875,
    0.982
   ],
   [
    857.5621948242188,
    365.81378173828125,
    0.547
   ],
   [
    763.6251831054688,
    365.0527038574219,
    0.903
   ],
   [
    920.8221435546875,
    491.5320739746094,
    0.981
   ],
   [
    693.4949951171875,
    499.56842041015625,
    0.992
   ],
   [
    993.57421875,
    658.0285034179688,
    0.816
   ],
   [
    620.5530395507812,
    677.1159057617188,
    0.934
   ],
   [
    977.8196411132812,
    761.4488525390625,
    0.685
   ],
   [
    685.4934692382812,
    747.2347412109375,
    0.85
   ],
   [
    919.68603515625,
    770.033447265625,
    0.843
   ],
   [
    764.620361328125,
    777.7691650390625,
    0.888
   ],
   [
    979.637451171875,
    883.2705078125,
    -1.0
   ],
   [
    773.7969970703125,
    890.2578125,
    -1.0
   ],
   [
    965.8478393554688,
    945.4125366210938,
    -1.0
   ],
   [
    754.2155151367188,
    945.719970703125,
    -1.0
   ]
  ]
 ],
 "skeleton_percentage": [
  100
 ],
 "angle": [
  279
 ]
}