{
 "frame_index": 962,
 "skeletons": [
  [
   [
    829.6649780273438,
    362.915283203125,
    0.993
   ],
   [
    842.8543701171875,
    344.7023620605469,
    0.957
   ],
   [
    808.1640625,
    345.38714599609375,
    0.988
   ],
   [
    858.6198120117188,
    366.7640075683594,
    -1.0
   ],
   [
    766.0694580078125,
    367.4198913574219,
    0.923
   ],
   [
    924.1328125,
    492.82196044921875,
    0.983
   ],
   [
    695.629150390625,
    498.6909484863281,
    0.991
   ],
   [
    990.9542236328125,
    664.6034545898438,
    0.835
   ],
   [
    615.9006958007812,
    682.3714599609375,
    0.925
   ],
   [
    993.963134765625,
    779.0245361328125,
    0.675
   ],
   [
    652.893310546875,
    790.484375,
    0.816
   ],
   [
    917.2512817382812,
    782.6859741210938,
    0.83
   ],
   [
    759.5140380859375,
    789.65283203125,
    0.866
   ],
   [
    985.229736328125,
    928.42822265625,
    -1.0
   ],
   [
    743.3367919921875,
    935.3690185546875,
    -1.0
   ],
   [
    979.7158203125,
    991.8597412109375,
    -1.0
   ],
   [
    703.910400390625,
    999.3795776367188,
    -1.0
   ]
  ]
 ],
 "skeleton_percentage": [
  100
 ],
 "angle": [
  283
 ]
}