{
 "frame_index": 963,
 "skeletons": [
  [
   [
    829.8245849609375,
    362.83154296875,
    0.992
   ],
   [
    842.9693603515625,
    344.689453125,
    0.957
   ],
   [
    808.317626953125,
    345.36236572265625,
    0.988
   ],
   [
    858.60302734375,
    366.79730224609375,
    -1.0
   ],
   [
    766.0633544921875,
    367.3949890136719,
    0.923
   ],
   [
    923.8232421875,
    492.74688720703125,
    0.983
   ],
   [
    695.18408203125,
    498.80499267578125,
    0.991
   ],
   [
    990.6447143554688,
    664.3906860351562,
    0.832
   ],
   [
    615.8421630859375,
    682.7169189453125,
    0.922
   ],
   [
    993.500244140625,
    778.0140380859375,
    0.669
   ],
   [
    655.5750122070312,
    788.35595703125,
    0.81
   ],
   [
    917.5322265625,
    782.384521484375,
    0.818
   ],
   [
    759.7583618164062,
    789.6416015625,
    0.856
   ],
   [
    986.7437744140625,
    925.1436767578125,
    -1.0
   ],
   [
    745.7246704101562,
    932.4715576171875,
    -1.0
   ],
   [
    981.2110595703125,
    985.085693359375,
    -1.0
   ],
   [
    707.1669921875,
    992.6978759765625,
    -1.0
   ]
  ]
 ],
 "skeleton_percentage": [
  100
 ],
 "angle": [
  284
 ]
}