{
 "frame_index": 964,
 "skeletons": [
  [
   [
    830.4981079101562,
    361.7053527832031,
    0.992
   ],
   [
    845.6851806640625,
    343.810302734375,
    0.962
   ],
   [
    808.6904296875,
    344.14984130859375,
    0.985
   ],
   [
    864.5133056640625,
    367.2051086425781,
    0.591
   ],
   [
    769.14453125,
    367.4254150390625,
    0.904
   ],
   [
    926.2772216796875,
    495.194091796875,
    0.985
   ],
   [
    700.7828369140625,
    495.2230224609375,
    0.99
   ],
   [
    990.1026611328125,
    657.1461181640625,
    0.86
   ],
   [
    621.5804443359375,
    656.5432739257812,
    0.908
   ],
   [
    993.6619262695312,
    767.4325561523438,
    0.718
   ],
   [
    636.0743408203125,
    733.5634765625,
    0.807
   ],
   [
    909.2679443359375,
    784.1127319335938,
    0.841
   ],
   [
    755.828857421875,
    788.5116577148438,
    0.864
   ],
   [
    969.62841796875,
    922.4998168945312,
    -1.0
   ],
   [
    744.28759765625,
    930.3363647460938,
    -1.0
   ],
   [
    958.667724609375,
    982.8052368164062,
    -1.0
   ],
   [
    723.2371215820312,
    992.58837890625,
    -1.0
   ]
  ],
  [
   [
    830.4205322265625,
    363.43572998046875,
    0.989
   ],
   [
    846.7427978515625,
    343.7161865234375,
    0.947
   ],
   [
    809.1388549804688,
    343.1278991699219,
    0.983
   ],
   [
    865.12158203125,
    364.19207763671875,
    0.563
   ],
   [
    768.9500732421875,
    362.1579895019531,
    0.912
   ],
   [
    924.0274658203125,
    495.84173583984375,
    0.981
   ],
   [
    702.2776489257812,
    501.9786376953125,
    0.991
   ],
   [
    988.893798828125,
    659.434814453125,
    0.818
   ],
   [
    617.8883056640625,
    674.54296875,
    0.924
   ],
   [
    987.9948120117188,
    774.1123046875,
    0.702
   ],
   [
    626.187744140625,
    773.4728393554688,
    0.842
   ],
   [
    909.745361328125,
    784.9597778320312,
    0.857
   ],
   [
    765.1526489257812,
    789.726806640625,
    0.897
   ],
   [
    920.6328735351562,
    972.9825439453125,
    -1.0
   ],
   [
    756.96533203125,
    979.2392578125,
    -1.0
   ],
   [
    886.8967895507812,
    1041.2239990234375,
    -1.0
   ],
   [
    743.0843505859375,
    1043.5255126953125,
    -1.0
   ]
  ]
 ],
 "skeleton_percentage": [
  100,
  100
 ],
 "angle": [
  286,
  247
 ]
}