{
 "frame_index": 965,
 "skeletons": [
  [
   [
    830.577880859375,
    361.69464111328125,
    0.992
   ],
   [
    845.7841186523438,
    343.8205261230469,
    0.962
   ],
   [
    808.8499145507812,
    344.0994873046875,
    0.985
   ],
   [
    864.5465087890625,
    367.27227783203125,
    0.59
   ],
   [
    769.4016723632812,
    367.32659912109375,
    0.904
   ],
   [
    926.2219848632812,
    495.32965087890625,
    0.985
   ],
   [
    700.7640380859375,
    495.53668212890625,
    0.989
   ],
   [
    990.22705078125,
    657.7637329101562,
    0.857
   ],
   [
    621.0894775390625,
    657.8323974609375,
    0.906
   ],
   [
    994.2830200195312,
    767.8632202148438,
    0.713
   ],
   [
    634.5985107421875,
    735.0730590820312,
    0.802
   ],
   [
    909.3662109375,
    784.283935546875,
    0.832
   ],
   [
    756.0013427734375,
    788.7980346679688,
    0.856
   ],
   [
    970.12646484375,
    920.509521484375,
    -1.0
   ],
   [
    744.7889404296875,
    928.4029541015625,
    -1.0
   ],
   [
    958.8268432617188,
    978.5993041992188,
    -1.0
   ],
   [
    723.5692138671875,
    988.1873779296875,
    -1.0
   ]
  ],
  [
   [
    830.4974365234375,
    363.3861083984375,
    0.989
   ],
   [
    846.8973999023438,
    343.6675109863281,
    0.947
   ],
   [
    809.2392578125,
    342.9841003417969,
    0.983
   ],
   [
    865.2764282226562,
    364.29229736328125,
    0.561
   ],
   [
    769.0969848632812,
    362.0451965332031,
    0.912
   ],
   [
    924.1030883789062,
    496.09393310546875,
    0.981
   ],
   [
    702.143798828125,
    502.5564880371094,
    0.991
   ],
   [
    989.386962890625,
    659.8935546875,
    0.815
   ],
   [
    617.41748046875,
    676.4991455078125,
    0.922
   ],
   [
    989.1875,
    774.0821533203125,
    0.697
   ],
   [
    623.6384887695312,
    777.468017578125,
    0.838
   ],
   [
    910.04443359375,
    785.75732421875,
    0.851
   ],
   [
    765.619384765625,
    790.7572021484375,
    0.892
   ],
   [
    921.5579223632812,
    972.2542724609375,
    -1.0
   ],
   [
    759.35107421875,
    978.5711059570312,
    -1.0
   ],
   [
    886.8792114257812,
    1040.0115966796875,
    -1.0
   ],
   [
    746.185302734375,
    1042.1640625,
    -1.0
   ]
  ]
 ],
 "skeleton_percentage": [
  100,
  100
 ],
 "angle": [
  286,
  248
 ]
}