{
 "frame_index": 966,
 "skeletons": [
  [
   [
    830.2040405273438,
    362.254638671875,
    0.992
   ],
   [
    845.9371337890625,
    344.8179931640625,
    0.963
   ],
   [
    809.0289916992188,
    344.3438720703125,
    0.987
   ],
   [
    865.380859375,
    369.4497985839844,
    0.572
   ],
   [
    769.695068359375,
    367.83514404296875,
    0.898
   ],
   [
    929.1784057617188,
    498.85552978515625,
    0.98
   ],
   [
    699.7863159179688,
    502.7789306640625,
    0.988
   ],
   [
    994.9227905273438,
    670.2628173828125,
    0.819
   ],
   [
    626.362548828125,
    684.9212646484375,
    0.894
   ],
   [
    1003.6602172851562,
    782.254150390625,
    0.648
   ],
   [
    646.7972412109375,
    801.0018310546875,
    0.759
   ],
   [
    913.8201904296875,
    792.0985107421875,
    0.767
   ],
   [
    757.49169921875,
    797.7053833007812,
    0.8
   ],
   [
    983.238525390625,
    934.5516357421875,
    -1.0
   ],
   [
    753.55322265625,
    938.9500122070312,
    -1.0
   ],
   [
    971.4395141601562,
    986.3347778320312,
    -1.0
   ],
   [
    724.2212524414062,
    991.2022705078125,
    -1.0
   ]
  ]
 ],
 "skeleton_percentage": [
  100
 ],
 "angle": [
  285
 ]
}