{
 "frame_index": 967,
 "skeletons": [
  [
   [
    833.861572265625,
    362.5637512207031,
    0.986
   ],
   [
    851.38330078125,
    344.49969482421875,
    0.957
   ],
   [
    811.3049926757812,
    344.87957763671875,
    0.979
   ],
   [
    871.6349487304688,
    369.9141540527344,
    0.66
   ],
   [
    772.6800537109375,
    371.25677490234375,
    0.865
   ],
   [
    938.5224609375,
    503.13360595703125,
    0.957
   ],
   [
    706.6209716796875,
    501.3853454589844,
    0.981
   ],
   [
    999.962646484375,
    686.8609008789062,
    0.629
   ],
   [
    640.9281005859375,
    669.87548828125,
    0.817
   ],
   [
    968.615234375,
    746.4559936523438,
    -1.0
   ],
   [
    669.6456298828125,
    693.876953125,
    0.645
   ],
   [
    914.1602783203125,
    785.4790649414062,
    0.542
   ],
   [
    761.5692138671875,
    787.07373046875,
    0.623
   ],
   [
    968.5697021484375,
    856.4122314453125,
    -1.0
   ],
   [
    770.8037109375,
    855.0589599609375,
    -1.0
   ],
   [
    954.2151489257812,
    904.99609375,
    -1.0
   ],
   [
    771.2067260742188,
    906.0897216796875,
    -1.0
   ]
  ]
 ],
 "skeleton_percentage": [
  100
 ],
 "angle": [
  287
 ]
}