{
 "frame_index": 968,
 "skeletons": [
  [
   [
    837.3480834960938,
    363.16552734375,
    0.984
   ],
   [
    855.19140625,
    345.76275634765625,
    0.954
   ],
   [
    814.5858154296875,
    346.2734069824219,
    0.976
   ],
   [
    876.4194946289062,
    373.3602294921875,
    0.673
   ],
   [
    777.1294555664062,
    375.19384765625,
    0.859
   ],
   [
    944.8226318359375,
    506.52496337890625,
    0.951
   ],
   [
    713.3262329101562,
    502.9565734863281,
    0.981
   ],
   [
    1006.4741821289062,
    690.670654296875,
    0.59
   ],
   [
    657.8796997070312,
    665.1854248046875,
    0.825
   ],
   [
    967.83349609375,
    734.97802734375,
    -1.0
   ],
   [
    701.3921508789062,
    662.2102661132812,
    0.659
   ],
   [
    920.1524658203125,
    789.0595703125,
    0.529
   ],
   [
    767.3446044921875,
    789.5379638671875,
    0.631
   ],
   [
    977.446533203125,
    857.6947631835938,
    -1.0
   ],
   [
    781.7039794921875,
    854.7777099609375,
    -1.0
   ],
   [
    964.716552734375,
    906.74462890625,
    -1.0
   ],
   [
    785.0855712890625,
    906.4645385742188,
    -1.0
   ]
  ]
 ],
 "skeleton_percentage": [
  100
 ],
 "angle": [
  287
 ]
}