{
 "frame_index": 969,
 "skeletons": [
  [
   [
    837.7003784179688,
    363.61041259765625,
    0.984
   ],
   [
    855.3612060546875,
    346.2151184082031,
    0.953
   ],
   [
    814.991943359375,
    346.79376220703125,
    0.977
   ],
   [
    876.251220703125,
    373.55145263671875,
    0.669
   ],
   [
    777.385009765625,
    375.49725341796875,
    0.861
   ],
   [
    944.943115234375,
    506.45343017578125,
    0.951
   ],
   [
    713.292724609375,
    502.6544494628906,
    0.981
   ],
   [
    1006.5927734375,
    691.0068969726562,
    0.594
   ],
   [
    657.6771850585938,
    664.8703002929688,
    0.827
   ],
   [
    967.4281005859375,
    735.1417236328125,
    -1.0
   ],
   [
    699.9067993164062,
    662.54443359375,
    0.662
   ],
   [
    920.1278686523438,
    787.9172973632812,
    0.53
   ],
   [
    767.2581787109375,
    788.2589721679688,
    0.632
   ],
   [
    977.0985717773438,
    856.5479736328125,
    -1.0
   ],
   [
    781.0643920898438,
    853.4869995117188,
    -1.0
   ],
   [
    964.0228271484375,
    904.712158203125,
    -1.0
   ],
   [
    784.516845703125,
    904.5979614257812,
    -1.0
   ]
  ]
 ],
 "skeleton_percentage": [
  100
 ],
 "angle": [
  287
 ]
}