{
 "frame_index": 970,
 "skeletons": [
  [
   [
    841.4945068359375,
    365.740478515625,
    0.983
   ],
   [
    860.238037109375,
    347.4443664550781,
    0.956
   ],
   [
    818.721923828125,
    348.31121826171875,
    0.974
   ],
   [
    883.8905639648438,
    373.91912841796875,
    0.705
   ],
   [
    782.7800903320312,
    376.404052734375,
    0.841
   ],
   [
    948.58837890625,
    509.82012939453125,
    0.95
   ],
   [
    720.196533203125,
    505.32562255859375,
    0.979
   ],
   [
    1006.7232055664062,
    694.85888671875,
    0.596
   ],
   [
    663.9376220703125,
    669.5521240234375,
    0.804
   ],
   [
    964.95751953125,
    729.205322265625,
    -1.0
   ],
   [
    717.38037109375,
    669.8164672851562,
    0.638
   ],
   [
    916.0980834960938,
    796.0948486328125,
    0.524
   ],
   [
    765.1632690429688,
    796.0680541992188,
    0.611
   ],
   [
    970.716064453125,
    868.7015991210938,
    -1.0
   ],
   [
    780.123779296875,
    864.913330078125,
    -1.0
   ],
   [
    961.3643188476562,
    916.3335571289062,
    -1.0
   ],
   [
    784.305419921875,
    917.9100341796875,
    -1.0
   ]
  ]
 ],
 "skeleton_percentage": [
  100
 ],
 "angle": [
  288
 ]
}