{
 "frame_index": 971,
 "skeletons": [
  [
   [
    848.0501708984375,
    370.1217956542969,
    0.98
   ],
   [
    866.99658203125,
    352.00665283203125,
    0.951
   ],
   [
    825.9175415039062,
    352.21954345703125,
    0.969
   ],
   [
    890.720947265625,
    378.782958984375,
    0.697
   ],
   [
    790.1195068359375,
    379.5932922363281,
    0.823
   ],
   [
    957.6066284179688,
    516.0484008789062,
    0.945
   ],
   [
    725.3450317382812,
    507.320068359375,
    0.975
   ],
   [
    1010.0407104492188,
    706.2603759765625,
    0.572
   ],
   [
    663.5497436523438,
    671.4428100585938,
    0.775
   ],
   [
    955.7938842773438,
    732.0152587890625,
    -1.0
   ],
   [
    708.0045776367188,
    671.5648803710938,
    0.598
   ],
   [
    925.429443359375,
    799.9085083007812,
    -1.0
   ],
   [
    772.084228515625,
    797.5061645507812,
    0.562
   ],
   [
    973.0116577148438,
    853.9151000976562,
    -1.0
   ],
   [
    777.4110107421875,
    846.1034545898438,
    -1.0
   ],
   [
    961.2325439453125,
    896.4658813476562,
    -1.0
   ],
   [
    783.5941162109375,
    894.5414428710938,
    -1.0
   ]
  ],
  [
   [
    1358.6649169921875,
    436.6284484863281,
    0.952
   ],
   [
    1372.9119873046875,
    405.00762939453125,
    0.961
   ],
   [
    1334.421875,
    421.10028076171875,
    0.864
   ],
   [
    1422.5198974609375,
    400.643798828125,
    0.841
   ],
   [
    1322.9549560546875,
    443.0111083984375,
    -1.0
   ],
   [
    1503.679443359375,
    508.68707275390625,
    0.811
   ],
   [
    1344.1473388671875,
    557.8369140625,
    0.765
   ],
   [
    1527.006591796875,
    615.9322509765625,
    -1.0
   ],
   [
    1348.650390625,
    663.2249145507812,
    -1.0
   ],
   [
    1417.182373046875,
    572.5718994140625,
    -1.0
   ],
   [
    1360.780029296875,
    589.829833984375,
    -1.0
   ],
   [
    1501.72900390625,
    704.0977783203125,
    -1.0
   ],
   [
    1398.7049560546875,
    719.5972900390625,
    -1.0
   ],
   [
    1482.21435546875,
    564.0806884765625,
    -1.0
   ],
   [
    1384.70751953125,
    571.5969848632812,
    -1.0
   ],
   [
    1461.3203125,
    625.3306884765625,
    -1.0
   ],
   [
    1435.6744384765625,
    644.7176513671875,
    -1.0
   ]
  ]
 ],
 "skeleton_percentage": [
  100,
  100
 ],
 "angle": [
  288,
  81
 ]
}