{
 "frame_index": 972,
 "skeletons": [
  [
   [
    849.18017578125,
    368.8059997558594,
    0.987
   ],
   [
    866.373046875,
    351.26519775390625,
    0.953
   ],
   [
    827.3036499023438,
    350.9832458496094,
    0.978
   ],
   [
    889.221923828125,
    377.5924072265625,
    0.629
   ],
   [
    790.8017578125,
    376.6063232421875,
    0.868
   ],
   [
    950.109130859375,
    516.3751220703125,
    0.972
   ],
   [
    724.8179321289062,
    506.09405517578125,
    0.981
   ],
   [
    1011.8902587890625,
    704.466552734375,
    0.723
   ],
   [
    649.6656494140625,
    668.1608276367188,
    0.835
   ],
   [
    1000.32177734375,
    778.1414794921875,
    0.536
   ],
   [
    699.3950805664062,
    660.0444946289062,
    0.697
   ],
   [
    921.3261108398438,
    794.6383056640625,
    0.558
   ],
   [
    769.7269287109375,
    793.0836181640625,
    0.622
   ],
   [
    970.5062255859375,
    860.994140625,
    -1.0
   ],
   [
    763.6687622070312,
    861.8360595703125,
    -1.0
   ],
   [
    952.410400390625,
    867.1673583984375,
    -1.0
   ],
   [
    748.3514404296875,
    868.14501953125,
    -1.0
   ]
  ],
  [
   [
    1358.0870361328125,
    444.369384765625,
    0.951
   ],
   [
    1372.239013671875,
    412.26348876953125,
    0.961
   ],
   [
    1334.1278076171875,
    428.00262451171875,
    0.859
   ],
   [
    1422.526611328125,
    404.2396545410156,
    0.845
   ],
   [
    1324.062744140625,
    445.69915771484375,
    -1.0
   ],
   [
    1503.518798828125,
    510.90447998046875,
    0.815
   ],
   [
    1345.928466796875,
    557.3505249023438,
    0.774
   ],
   [
    1519.685302734375,
    624.3966674804688,
    -1.0
   ],
   [
    1347.1832275390625,
    666.0022583007812,
    -1.0
   ],
   [
    1406.7791748046875,
    580.239990234375,
    -1.0
   ],
   [
    1357.28515625,
    591.548828125,
    -1.0
   ],
   [
    1499.80029296875,
    709.877685546875,
    -1.0
   ],
   [
    1398.5689697265625,
    723.7491455078125,
    -1.0
   ],
   [
    1475.162841796875,
    579.35693359375,
    -1.0
   ],
   [
    1381.3865966796875,
    585.727783203125,
    -1.0
   ],
   [
    1450.6234130859375,
    635.927978515625,
    -1.0
   ],
   [
    1427.443603515625,
    653.0049438476562,
    -1.0
   ]
  ]
 ],
 "skeleton_percentage": [
  100,
  100
 ],
 "angle": [
  289,
  81
 ]
}