{
 "frame_index": 973,
 "skeletons": [
  [
   [
    852.6854248046875,
    371.1902160644531,
    0.984
   ],
   [
    869.86328125,
    352.928466796875,
    0.959
   ],
   [
    830.9622802734375,
    353.4078369140625,
    0.97
   ],
   [
    893.3609619140625,
    377.4498291015625,
    0.742
   ],
   [
    799.0545654296875,
    377.63885498046875,
    0.836
   ],
   [
    958.3740234375,
    517.2869262695312,
    0.974
   ],
   [
    730.9407958984375,
    498.0189514160156,
    0.976
   ],
   [
    1017.5537109375,
    706.86376953125,
    0.752
   ],
   [
    657.7178955078125,
    661.8057861328125,
    0.776
   ],
   [
    989.2259521484375,
    767.6192626953125,
    0.551
   ],
   [
    714.5091552734375,
    685.9793701171875,
    0.609
   ],
   [
    916.583251953125,
    796.3427124023438,
    0.535
   ],
   [
    762.1112060546875,
    791.5032958984375,
    0.55
   ],
   [
    1002.609375,
    830.6929321289062,
    -1.0
   ],
   [
    765.602294921875,
    824.8712768554688,
    -1.0
   ],
   [
    1004.885986328125,
    856.1795654296875,
    -1.0
   ],
   [
    749.7385864257812,
    864.0595092773438,
    -1.0
   ]
  ],
  [
   [
    1367.957763671875,
    406.80914306640625,
    0.946
   ],
   [
    1379.54150390625,
    373.6595764160156,
    0.925
   ],
   [
    1339.9901123046875,
    390.2472839355469,
    0.893
   ],
   [
    1421.9130859375,
    376.760009765625,
    0.613
   ],
   [
    1323.005126953125,
    420.09930419921875,
    -1.0
   ],
   [
    1502.6329345703125,
    504.0831298828125,
    0.843
   ],
   [
    1345.6190185546875,
    560.8984375,
    0.851
   ],
   [
    1535.0130615234375,
    595.0216064453125,
    -1.0
   ],
   [
    1359.798828125,
    671.3268432617188,
    -1.0
   ],
   [
    1414.1258544921875,
    508.15057373046875,
    -1.0
   ],
   [
    1370.7437744140625,
    581.5298461914062,
    -1.0
   ],
   [
    1522.20166015625,
    759.0042724609375,
    -1.0
   ],
   [
    1418.052734375,
    779.6929931640625,
    -1.0
   ],
   [
    1505.813720703125,
    705.250732421875,
    -1.0
   ],
   [
    1417.8125,
    718.870361328125,
    -1.0
   ],
   [
    1483.7552490234375,
    759.000244140625,
    -1.0
   ],
   [
    1454.273681640625,
    787.1162109375,
    -1.0
   ]
  ]
 ],
 "skeleton_percentage": [
  100,
  100
 ],
 "angle": [
  288,
  80
 ]
}