{
 "frame_index": 974,
 "skeletons": [
  [
   [
    872.5584716796875,
    378.7087097167969,
    0.987
   ],
   [
    890.3062744140625,
    361.3775634765625,
    0.967
   ],
   [
    852.005615234375,
    360.9778747558594,
    0.976
   ],
   [
    914.4940185546875,
    386.1371154785156,
    0.745
   ],
   [
    822.0919189453125,
    384.2227478027344,
    0.828
   ],
   [
    976.1442260742188,
    518.230224609375,
    0.966
   ],
   [
    759.806640625,
    500.6827697753906,
    0.975
   ],
   [
    1036.507568359375,
    700.8536376953125,
    0.719
   ],
   [
    678.5541381835938,
    651.3677978515625,
    0.79
   ],
   [
    1028.174560546875,
    743.5003051757812,
    0.535
   ],
   [
    709.7390747070312,
    600.0826416015625,
    0.656
   ],
   [
    943.8326416015625,
    806.76416015625,
    0.569
   ],
   [
    795.03515625,
    801.5203857421875,
    0.606
   ],
   [
    1028.248291015625,
    872.0608520507812,
    -1.0
   ],
   [
    786.9962158203125,
    867.76171875,
    -1.0
   ],
   [
    1041.731201171875,
    924.8864135742188,
    -1.0
   ],
   [
    754.98388671875,
    926.3186645507812,
    -1.0
   ]
  ]
 ],
 "skeleton_percentage": [
  100
 ],
 "angle": [
  289
 ]
}