{
 "frame_index": 975,
 "skeletons": [
  [
   [
    879.1441040039062,
    384.0063171386719,
    0.986
   ],
   [
    897.6220703125,
    366.07611083984375,
    0.968
   ],
   [
    860.093994140625,
    366.8280029296875,
    0.977
   ],
   [
    923.2468872070312,
    388.23883056640625,
    0.768
   ],
   [
    832.0230712890625,
    388.8296813964844,
    0.835
   ],
   [
    992.2263793945312,
    515.4581298828125,
    0.964
   ],
   [
    766.2591552734375,
    513.5881958007812,
    0.981
   ],
   [
    1055.56591796875,
    698.7564086914062,
    0.685
   ],
   [
    708.4461669921875,
    686.7955932617188,
    0.814
   ],
   [
    1042.42626953125,
    734.848876953125,
    0.512
   ],
   [
    761.5313720703125,
    694.6295166015625,
    0.648
   ],
   [
    967.7367553710938,
    790.467041015625,
    0.557
   ],
   [
    817.8271484375,
    792.1732177734375,
    0.616
   ],
   [
    1024.5859375,
    869.6507568359375,
    -1.0
   ],
   [
    820.3698120117188,
    868.4447021484375,
    -1.0
   ],
   [
    1022.1784057617188,
    915.3231201171875,
    -1.0
   ],
   [
    820.4826049804688,
    917.5404052734375,
    -1.0
   ]
  ]
 ],
 "skeleton_percentage": [
  100
 ],
 "angle": [
  291
 ]
}