{
 "frame_index": 976,
 "skeletons": [
  [
   [
    897.125244140625,
    388.975341796875,
    0.987
   ],
   [
    914.936767578125,
    370.5303039550781,
    0.964
   ],
   [
    877.40185546875,
    370.2175598144531,
    0.975
   ],
   [
    941.5365600585938,
    394.8779296875,
    0.702
   ],
   [
    845.206787109375,
    394.5076904296875,
    0.802
   ],
   [
    1005.030029296875,
    527.47119140625,
    0.962
   ],
   [
    775.274169921875,
    532.6331787109375,
    0.977
   ],
   [
    1084.388427734375,
    701.0738525390625,
    0.68
   ],
   [
    701.712890625,
    705.896240234375,
    0.802
   ],
   [
    1074.8529052734375,
    752.1591796875,
    0.515
   ],
   [
    761.353271484375,
    687.67431640625,
    0.655
   ],
   [
    977.4772338867188,
    798.0862426757812,
    -1.0
   ],
   [
    819.7527465820312,
    801.9402465820312,
    0.536
   ],
   [
    1047.0494384765625,
    829.1488037109375,
    -1.0
   ],
   [
    818.3714599609375,
    832.550048828125,
    -1.0
   ],
   [
    1041.3245849609375,
    853.41796875,
    -1.0
   ],
   [
    795.7747802734375,
    847.8819580078125,
    -1.0
   ]
  ],
  [
   [
    1347.281494140625,
    343.2743225097656,
    0.983
   ],
   [
    1363.4713134765625,
    307.40838623046875,
    0.983
   ],
   [
    1320.3271484375,
    336.53326416015625,
    0.953
   ],
   [
    1425.281005859375,
    314.156005859375,
    0.912
   ],
   [
    1317.844970703125,
    376.9816589355469,
    0.553
   ],
   [
    1545.176513671875,
    427.4830322265625,
    0.927
   ],
   [
    1329.6337890625,
    531.2996826171875,
    0.957
   ],
   [
    1615.98876953125,
    494.8880310058594,
    0.564
   ],
   [
    1299.2735595703125,
    668.303955078125,
    0.657
   ],
   [
    1509.474609375,
    348.5013427734375,
    0.545
   ],
   [
    1282.1771240234375,
    590.503662109375,
    0.553
   ],
   [
    1577.7119140625,
    751.175537109375,
    -1.0
   ],
   [
    1431.8497314453125,
    787.112548828125,
    -1.0
   ],
   [
    1533.5751953125,
    713.68017578125,
    -1.0
   ],
   [
    1315.8201904296875,
    759.240478515625,
    -1.0
   ],
   [
    1534.48681640625,
    742.9345092773438,
    -1.0
   ],
   [
    1306.8734130859375,
    804.3740844726562,
    -1.0
   ]
  ]
 ],
 "skeleton_percentage": [
  100,
  100
 ],
 "angle": [
  296,
  78
 ]
}