{
 "frame_index": 977,
 "skeletons": [
  [
   [
    904.1953125,
    395.25982666015625,
    0.984
   ],
   [
    922.38720703125,
    376.7505798339844,
    0.964
   ],
   [
    884.8419189453125,
    378.041259765625,
    0.965
   ],
   [
    952.769287109375,
    400.34234619140625,
    0.781
   ],
   [
    858.474853515625,
    404.1474609375,
    0.742
   ],
   [
    1021.0625,
    533.0632934570312,
    0.968
   ],
   [
    799.7916259765625,
    534.5405883789062,
    0.979
   ],
   [
    1092.8720703125,
    698.6348876953125,
    0.746
   ],
   [
    725.786376953125,
    695.8026123046875,
    0.828
   ],
   [
    1070.506103515625,
    734.9547729492188,
    0.614
   ],
   [
    748.6339721679688,
    732.599365234375,
    0.692
   ],
   [
    983.7822875976562,
    781.99951171875,
    0.551
   ],
   [
    834.5572509765625,
    781.5999755859375,
    0.593
   ],
   [
    1027.0380859375,
    812.5197143554688,
    -1.0
   ],
   [
    819.7608032226562,
    808.2310180664062,
    -1.0
   ],
   [
    1018.1561279296875,
    824.9644775390625,
    -1.0
   ],
   [
    812.6141967773438,
    824.5313720703125,
    -1.0
   ]
  ],
  [
   [
    1341.152099609375,
    329.1552734375,
    0.982
   ],
   [
    1357.896484375,
    293.4026184082031,
    0.982
   ],
   [
    1315.56201171875,
    323.4228820800781,
    0.942
   ],
   [
    1422.0343017578125,
    302.12579345703125,
    0.913
   ],
   [
    1315.76904296875,
    365.71563720703125,
    -1.0
   ],
   [
    1539.1226806640625,
    418.81402587890625,
    0.937
   ],
   [
    1332.04296875,
    514.3269653320312,
    0.946
   ],
   [
    1611.529541015625,
    479.5115661621094,
    0.653
   ],
   [
    1305.2869873046875,
    635.194580078125,
    0.631
   ],
   [
    1514.8223876953125,
    326.79986572265625,
    0.649
   ],
   [
    1282.466552734375,
    575.6995239257812,
    0.566
   ],
   [
    1566.5445556640625,
    731.2125244140625,
    -1.0
   ],
   [
    1427.8121337890625,
    763.4710693359375,
    -1.0
   ],
   [
    1517.0052490234375,
    710.10693359375,
    -1.0
   ],
   [
    1322.194580078125,
    751.150634765625,
    -1.0
   ],
   [
    1536.461669921875,
    740.1427001953125,
    -1.0
   ],
   [
    1338.2374267578125,
    805.6904296875,
    -1.0
   ]
  ]
 ],
 "skeleton_percentage": [
  100,
  100
 ],
 "angle": [
  299,
  77
 ]
}