{
 "frame_index": 978,
 "skeletons": [
  [
   [
    904.72900390625,
    395.088134765625,
    0.984
   ],
   [
    922.6734619140625,
    376.5362548828125,
    0.963
   ],
   [
    885.37890625,
    377.86419677734375,
    0.965
   ],
   [
    952.6981201171875,
    400.1538391113281,
    0.777
   ],
   [
    858.9609375,
    404.06903076171875,
    0.742
   ],
   [
    1021.2913818359375,
    533.331787109375,
    0.968
   ],
   [
    799.67919921875,
    534.7003784179688,
    0.979
   ],
   [
    1092.933349609375,
    699.4434204101562,
    0.746
   ],
   [
    725.626220703125,
    695.4937133789062,
    0.826
   ],
   [
    1071.943115234375,
    733.00537109375,
    0.613
   ],
   [
    749.291259765625,
    723.9252319335938,
    0.691
   ],
   [
    983.2276611328125,
    782.743896484375,
    0.547
   ],
   [
    833.4183349609375,
    782.3756103515625,
    0.587
   ],
   [
    1028.395751953125,
    809.4022216796875,
    -1.0
   ],
   [
    818.3161010742188,
    805.8172607421875,
    -1.0
   ],
   [
    1018.5078125,
    821.42236328125,
    -1.0
   ],
   [
    808.6949462890625,
    821.6665649414062,
    -1.0
   ]
  ],
  [
   [
    1340.7913818359375,
    328.7771301269531,
    0.982
   ],
   [
    1357.3572998046875,
    293.0582580566406,
    0.982
   ],
   [
    1315.085205078125,
    323.20904541015625,
    0.945
   ],
   [
    1421.1649169921875,
    301.2838439941406,
    0.915
   ],
   [
    1315.5386962890625,
    365.19403076171875,
    -1.0
   ],
   [
    1539.289794921875,
    416.4256896972656,
    0.937
   ],
   [
    1333.224853515625,
    512.3753662109375,
    0.949
   ],
   [
    1614.331298828125,
    478.5947265625,
    0.643
   ],
   [
    1309.20703125,
    634.4517822265625,
    0.64
   ],
   [
    1520.872802734375,
    329.22906494140625,
    0.634
   ],
   [
    1282.4747314453125,
    576.8593139648438,
    0.565
   ],
   [
    1569.5009765625,
    726.7950439453125,
    -1.0
   ],
   [
    1431.3173828125,
    759.3211669921875,
    -1.0
   ],
   [
    1523.785400390625,
    710.987548828125,
    -1.0
   ],
   [
    1326.4619140625,
    752.187744140625,
    -1.0
   ],
   [
    1543.592041015625,
    742.578125,
    -1.0
   ],
   [
    1341.48388671875,
    808.1165771484375,
    -1.0
   ]
  ]
 ],
 "skeleton_percentage": [
  100,
  100
 ],
 "angle": [
  298,
  77
 ]
}