{
 "frame_index": 979,
 "skeletons": [
  [
   [
    925.1325073242188,
    406.1253662109375,
    0.982
   ],
   [
    943.8825073242188,
    387.1628723144531,
    0.962
   ],
   [
    906.275390625,
    387.64886474609375,
    0.961
   ],
   [
    975.4242553710938,
    410.2925720214844,
    0.782
   ],
   [
    881.2113037109375,
    411.93280029296875,
    0.723
   ],
   [
    1042.3251953125,
    544.1424560546875,
    0.962
   ],
   [
    826.105224609375,
    539.9677124023438,
    0.978
   ],
   [
    1105.53857421875,
    710.8782958984375,
    0.703
   ],
   [
    747.8956298828125,
    697.7362670898438,
    0.819
   ],
   [
    1075.6103515625,
    732.5386962890625,
    0.575
   ],
   [
    773.543701171875,
    731.5517578125,
    0.682
   ],
   [
    1012.0695190429688,
    790.8660278320312,
    0.524
   ],
   [
    866.3907470703125,
    788.33349609375,
    0.582
   ],
   [
    1047.9337158203125,
    789.6582641601562,
    -1.0
   ],
   [
    845.5606689453125,
    781.0860595703125,
    -1.0
   ],
   [
    1040.037353515625,
    813.1363525390625,
    -1.0
   ],
   [
    843.042236328125,
    809.7861328125,
    -1.0
   ]
  ],
  [
   [
    1335.137939453125,
    321.6954040527344,
    0.981
   ],
   [
    1353.4571533203125,
    284.9919128417969,
    0.981
   ],
   [
    1312.8177490234375,
    317.11004638671875,
    0.933
   ],
   [
    1424.357177734375,
    294.18603515625,
    0.905
   ],
   [
    1317.212646484375,
    361.0880126953125,
    -1.0
   ],
   [
    1537.4571533203125,
    402.8055419921875,
    0.942
   ],
   [
    1329.88525390625,
    525.9849243164062,
    0.943
   ],
   [
    1602.05322265625,
    425.33306884765625,
    0.723
   ],
   [
    1297.044189453125,
    637.975830078125,
    0.631
   ],
   [
    1475.269287109375,
    295.22003173828125,
    0.742
   ],
   [
    1284.1171875,
    544.4378662109375,
    0.618
   ],
   [
    1561.45068359375,
    724.712158203125,
    -1.0
   ],
   [
    1421.341796875,
    766.8755493164062,
    -1.0
   ],
   [
    1495.822021484375,
    666.4287109375,
    -1.0
   ],
   [
    1311.7471923828125,
    725.1136474609375,
    -1.0
   ],
   [
    1513.8775634765625,
    701.0077514648438,
    -1.0
   ],
   [
    1331.59765625,
    766.0072631835938,
    -1.0
   ]
  ]
 ],
 "skeleton_percentage": [
  100,
  100
 ],
 "angle": [
  308,
  76
 ]
}