{
 "frame_index": 980,
 "skeletons": [
  [
   [
    947.3138427734375,
    414.315673828125,
    0.986
   ],
   [
    966.54248046875,
    397.10418701171875,
    0.97
   ],
   [
    928.4183349609375,
    396.89288330078125,
    0.973
   ],
   [
    996.0616455078125,
    420.7345275878906,
    0.793
   ],
   [
    902.5358276367188,
    419.81793212890625,
    0.783
   ],
   [
    1059.8065185546875,
    549.6607666015625,
    0.964
   ],
   [
    842.3289184570312,
    546.1727294921875,
    0.974
   ],
   [
    1127.2886962890625,
    712.2838134765625,
    0.699
   ],
   [
    770.8939208984375,
    703.9462890625,
    0.769
   ],
   [
    1119.4793701171875,
    779.4625854492188,
    0.517
   ],
   [
    814.514404296875,
    745.9583740234375,
    0.595
   ],
   [
    1033.918701171875,
    799.7469482421875,
    -1.0
   ],
   [
    886.7576904296875,
    799.8917236328125,
    -1.0
   ],
   [
    1088.2049560546875,
    843.054931640625,
    -1.0
   ],
   [
    867.1950073242188,
    840.20263671875,
    -1.0
   ],
   [
    1096.301025390625,
    853.5089721679688,
    -1.0
   ],
   [
    865.8870849609375,
    851.9949951171875,
    -1.0
   ]
  ],
  [
   [
    1335.78759765625,
    311.15948486328125,
    0.979
   ],
   [
    1353.013427734375,
    276.3857727050781,
    0.978
   ],
   [
    1310.71484375,
    304.8258056640625,
    0.935
   ],
   [
    1414.2989501953125,
    282.43475341796875,
    0.897
   ],
   [
    1305.2421875,
    343.79608154296875,
    -1.0
   ],
   [
    1522.48681640625,
    386.3246154785156,
    0.936
   ],
   [
    1310.8818359375,
    493.76727294921875,
    0.945
   ],
   [
    1591.618896484375,
    407.0863952636719,
    0.691
   ],
   [
    1286.88232421875,
    600.5300903320312,
    0.636
   ],
   [
    1468.964111328125,
    276.6058044433594,
    0.693
   ],
   [
    1257.7850341796875,
    575.767333984375,
    0.582
   ],
   [
    1536.318603515625,
    679.5485229492188,
    -1.0
   ],
   [
    1395.9656982421875,
    717.797607421875,
    -1.0
   ],
   [
    1499.50341796875,
    667.6638793945312,
    -1.0
   ],
   [
    1320.4478759765625,
    715.8155517578125,
    -1.0
   ],
   [
    1509.0450439453125,
    714.525146484375,
    -1.0
   ],
   [
    1354.8837890625,
    777.4462280273438,
    -1.0
   ]
  ]
 ],
 "skeleton_percentage": [
  100,
  100
 ],
 "angle": [
  334,
  75
 ]
}