{
 "frame_index": 981,
 "skeletons": [
  [
   [
    946.6475830078125,
    414.5521545410156,
    0.986
   ],
   [
    966.0311279296875,
    397.09857177734375,
    0.971
   ],
   [
    927.5718383789062,
    397.076171875,
    0.972
   ],
   [
    996.1361083984375,
    420.5306396484375,
    0.799
   ],
   [
    901.9549560546875,
    420.0251770019531,
    0.778
   ],
   [
    1060.2440185546875,
    549.9940185546875,
    0.964
   ],
   [
    842.51025390625,
    546.1342163085938,
    0.974
   ],
   [
    1127.3021240234375,
    713.335205078125,
    0.697
   ],
   [
    770.8515014648438,
    703.757080078125,
    0.767
   ],
   [
    1119.57177734375,
    780.5502319335938,
    0.515
   ],
   [
    815.9073486328125,
    746.6517333984375,
    0.593
   ],
   [
    1034.0235595703125,
    800.5783081054688,
    -1.0
   ],
   [
    886.5646362304688,
    800.5296020507812,
    -1.0
   ],
   [
    1088.5836181640625,
    841.4150390625,
    -1.0
   ],
   [
    866.3524169921875,
    838.3597412109375,
    -1.0
   ],
   [
    1096.592529296875,
    851.007080078125,
    -1.0
   ],
   [
    864.2286376953125,
    850.147705078125,
    -1.0
   ]
  ],
  [
   [
    1336.52978515625,
    309.9722900390625,
    0.979
   ],
   [
    1353.4696044921875,
    275.65673828125,
    0.977
   ],
   [
    1311.5106201171875,
    303.69903564453125,
    0.932
   ],
   [
    1413.59619140625,
    282.75048828125,
    0.895
   ],
   [
    1305.339599609375,
    343.56561279296875,
    -1.0
   ],
   [
    1520.6942138671875,
    386.9534912109375,
    0.936
   ],
   [
    1309.9580078125,
    495.20098876953125,
    0.943
   ],
   [
    1589.3345947265625,
    405.27362060546875,
    0.697
   ],
   [
    1286.0399169921875,
    601.5467529296875,
    0.626
   ],
   [
    1465.718505859375,
    275.39202880859375,
    0.698
   ],
   [
    1257.56396484375,
    576.5367431640625,
    0.575
   ],
   [
    1534.9859619140625,
    680.74462890625,
    -1.0
   ],
   [
    1395.12548828125,
    719.5018920898438,
    -1.0
   ],
   [
    1498.476318359375,
    666.4890747070312,
    -1.0
   ],
   [
    1320.39013671875,
    715.1099853515625,
    -1.0
   ],
   [
    1508.1612548828125,
    713.4376220703125,
    -1.0
   ],
   [
    1355.1837158203125,
    775.494140625,
    -1.0
   ]
  ]
 ],
 "skeleton_percentage": [
  100,
  100
 ],
 "angle": [
  334,
  75
 ]
}