{
 "frame_index": 982,
 "skeletons": [
  [
   [
    971.6759033203125,
    419.26702880859375,
    0.987
   ],
   [
    989.3115234375,
    401.6436767578125,
    0.969
   ],
   [
    952.01318359375,
    402.42034912109375,
    0.979
   ],
   [
    1015.6220703125,
    424.6127014160156,
    0.743
   ],
   [
    923.4356689453125,
    425.85699462890625,
    0.833
   ],
   [
    1083.890380859375,
    551.412353515625,
    0.955
   ],
   [
    861.142578125,
    556.2574462890625,
    0.975
   ],
   [
    1164.3878173828125,
    716.86767578125,
    0.598
   ],
   [
    792.9517822265625,
    727.16015625,
    0.755
   ],
   [
    1159.6475830078125,
    764.682373046875,
    -1.0
   ],
   [
    843.744384765625,
    756.260498046875,
    0.559
   ],
   [
    1065.38330078125,
    804.5947265625,
    -1.0
   ],
   [
    916.14501953125,
    808.4322509765625,
    -1.0
   ],
   [
    1115.2928466796875,
    849.9901123046875,
    -1.0
   ],
   [
    894.233154296875,
    849.89013671875,
    -1.0
   ],
   [
    1123.3331298828125,
    870.3766479492188,
    -1.0
   ],
   [
    891.506103515625,
    868.6063842773438,
    -1.0
   ]
  ],
  [
   [
    1336.5224609375,
    305.8639831542969,
    0.984
   ],
   [
    1352.7679443359375,
    270.4430847167969,
    0.981
   ],
   [
    1312.6646728515625,
    299.59490966796875,
    0.924
   ],
   [
    1416.693359375,
    280.46295166015625,
    0.904
   ],
   [
    1313.6195068359375,
    345.7845153808594,
    -1.0
   ],
   [
    1522.5040283203125,
    385.165771484375,
    0.966
   ],
   [
    1326.87060546875,
    514.1514892578125,
    0.947
   ],
   [
    1586.3896484375,
    363.09698486328125,
    0.876
   ],
   [
    1336.661376953125,
    601.595703125,
    0.724
   ],
   [
    1455.650146484375,
    277.5843200683594,
    0.878
   ],
   [
    1394.5269775390625,
    474.08477783203125,
    0.759
   ],
   [
    1542.525634765625,
    749.1263427734375,
    0.655
   ],
   [
    1403.3272705078125,
    795.05078125,
    0.591
   ],
   [
    1521.7645263671875,
    770.501708984375,
    -1.0
   ],
   [
    1349.1142578125,
    837.3106689453125,
    -1.0
   ],
   [
    1528.052001953125,
    844.0852661132812,
    -1.0
   ],
   [
    1374.195556640625,
    906.0668334960938,
    -1.0
   ]
  ]
 ],
 "skeleton_percentage": [
  100,
  100
 ],
 "angle": [
  40,
  75
 ]
}