{
 "frame_index": 983,
 "skeletons": [
  [
   [
    988.8741455078125,
    424.8365478515625,
    0.986
   ],
   [
    1004.5029296875,
    406.107421875,
    0.967
   ],
   [
    967.6074829101562,
    410.34686279296875,
    0.977
   ],
   [
    1030.0255126953125,
    427.21697998046875,
    0.756
   ],
   [
    939.312744140625,
    437.0713806152344,
    0.827
   ],
   [
    1105.6514892578125,
    555.4739990234375,
    0.954
   ],
   [
    881.973388671875,
    565.5421142578125,
    0.974
   ],
   [
    1180.91064453125,
    728.7246704101562,
    0.593
   ],
   [
    828.8701171875,
    735.7377319335938,
    0.744
   ],
   [
    1172.926513671875,
    787.8693237304688,
    -1.0
   ],
   [
    871.5357055664062,
    768.0452880859375,
    0.532
   ],
   [
    1083.36767578125,
    809.410888671875,
    -1.0
   ],
   [
    934.6503295898438,
    813.9896850585938,
    -1.0
   ],
   [
    1122.0791015625,
    856.77783203125,
    -1.0
   ],
   [
    905.5074462890625,
    860.989990234375,
    -1.0
   ],
   [
    1119.17626953125,
    870.6531982421875,
    -1.0
   ],
   [
    905.7149047851562,
    879.99755859375,
    -1.0
   ]
  ]
 ],
 "skeleton_percentage": [
  100
 ],
 "angle": [
  78
 ]
}