{
 "frame_index": 984,
 "skeletons": [
  [
   [
    988.2485961914062,
    424.4117431640625,
    0.986
   ],
   [
    1004.0809326171875,
    405.8348388671875,
    0.967
   ],
   [
    967.0662231445312,
    410.2349853515625,
    0.976
   ],
   [
    1030.09326171875,
    427.3349304199219,
    0.772
   ],
   [
    939.6212158203125,
    437.660400390625,
    0.821
   ],
   [
    1106.0582275390625,
    556.4841918945312,
    0.957
   ],
   [
    882.7576904296875,
    564.7025146484375,
    0.975
   ],
   [
    1178.875,
    734.654052734375,
    0.609
   ],
   [
    828.528076171875,
    734.8624877929688,
    0.756
   ],
   [
    1167.1385498046875,
    800.9422607421875,
    -1.0
   ],
   [
    868.22998046875,
    768.69580078125,
    0.541
   ],
   [
    1080.3770751953125,
    811.1519775390625,
    -1.0
   ],
   [
    931.791259765625,
    814.31884765625,
    -1.0
   ],
   [
    1117.533447265625,
    855.5789794921875,
    -1.0
   ],
   [
    899.4986572265625,
    858.4810180664062,
    -1.0
   ],
   [
    1115.0042724609375,
    866.6114501953125,
    -1.0
   ],
   [
    899.322509765625,
    875.6319580078125,
    -1.0
   ]
  ]
 ],
 "skeleton_percentage": [
  100
 ],
 "angle": [
  79
 ]
}