{
 "frame_index": 985,
 "skeletons": [
  [
   [
    998.3109741210938,
    434.58966064453125,
    0.982
   ],
   [
    1014.6743774414062,
    414.24700927734375,
    0.965
   ],
   [
    977.8648681640625,
    420.44805908203125,
    0.968
   ],
   [
    1044.46142578125,
    432.39202880859375,
    0.806
   ],
   [
    955.5557861328125,
    446.3755187988281,
    0.781
   ],
   [
    1124.108642578125,
    558.735107421875,
    0.943
   ],
   [
    911.3190307617188,
    576.6994018554688,
    0.974
   ],
   [
    1203.9884033203125,
    717.2575073242188,
    0.536
   ],
   [
    858.6820678710938,
    736.1143798828125,
    0.742
   ],
   [
    1178.80517578125,
    739.2020263671875,
    -1.0
   ],
   [
    884.041259765625,
    755.5750122070312,
    0.535
   ],
   [
    1105.8194580078125,
    816.4752197265625,
    -1.0
   ],
   [
    967.8587036132812,
    822.7908325195312,
    -1.0
   ],
   [
    1123.766845703125,
    869.332763671875,
    -1.0
   ],
   [
    947.1763916015625,
    873.02783203125,
    -1.0
   ],
   [
    1110.688232421875,
    877.7181396484375,
    -1.0
   ],
   [
    952.982666015625,
    886.8363037109375,
    -1.0
   ]
  ],
  [
   [
    1328.642822265625,
    302.1812744140625,
    0.971
   ],
   [
    1347.9708251953125,
    261.91363525390625,
    0.977
   ],
   [
    1303.555419921875,
    296.763427734375,
    0.916
   ],
   [
    1428.614990234375,
    267.3556213378906,
    0.91
   ],
   [
    1311.0634765625,
    338.20947265625,
    -1.0
   ],
   [
    1544.617431640625,
    392.193603515625,
    0.91
   ],
   [
    1334.734375,
    510.53399658203125,
    0.906
   ],
   [
    1606.3134765625,
    419.1580810546875,
    0.549
   ],
   [
    1303.675537109375,
    612.319580078125,
    -1.0
   ],
   [
    1492.3543701171875,
    289.825439453125,
    0.576
   ],
   [
    1312.51513671875,
    517.2998046875,
    -1.0
   ],
   [
    1557.618896484375,
    679.7096557617188,
    -1.0
   ],
   [
    1418.6927490234375,
    722.08544921875,
    -1.0
   ],
   [
    1507.2685546875,
    637.7540283203125,
    -1.0
   ],
   [
    1342.39501953125,
    701.86572265625,
    -1.0
   ],
   [
    1515.4071044921875,
    613.9378662109375,
    -1.0
   ],
   [
    1351.9708251953125,
    697.7188720703125,
    -1.0
   ]
  ]
 ],
 "skeleton_percentage": [
  100,
  100
 ],
 "angle": [
  86,
  73
 ]
}