{
 "frame_index": 986,
 "skeletons": [
  [
   [
    998.30859375,
    434.819091796875,
    0.982
   ],
   [
    1014.6302490234375,
    414.4289245605469,
    0.965
   ],
   [
    977.8749389648438,
    420.5578308105469,
    0.968
   ],
   [
    1044.413818359375,
    432.452392578125,
    0.805
   ],
   [
    955.4794921875,
    446.243408203125,
    0.78
   ],
   [
    1124.2662353515625,
    558.7269287109375,
    0.943
   ],
   [
    911.1966552734375,
    576.5603637695312,
    0.974
   ],
   [
    1204.9334716796875,
    717.2344970703125,
    0.54
   ],
   [
    857.8916015625,
    736.3709106445312,
    0.742
   ],
   [
    1181.7930908203125,
    739.1121826171875,
    -1.0
   ],
   [
    883.2596435546875,
    756.0347900390625,
    0.536
   ],
   [
    1106.9420166015625,
    816.3751831054688,
    -1.0
   ],
   [
    968.5874633789062,
    822.7260131835938,
    -1.0
   ],
   [
    1125.3262939453125,
    865.8355712890625,
    -1.0
   ],
   [
    946.4584350585938,
    869.5439453125,
    -1.0
   ],
   [
    1113.008056640625,
    873.921630859375,
    -1.0
   ],
   [
    951.6036376953125,
    882.9695434570312,
    -1.0
   ]
  ],
  [
   [
    1328.3599853515625,
    302.9638977050781,
    0.972
   ],
   [
    1347.55615234375,
    262.38946533203125,
    0.977
   ],
   [
    1303.2083740234375,
    297.746826171875,
    0.917
   ],
   [
    1428.6414794921875,
    267.00042724609375,
    0.911
   ],
   [
    1310.9287109375,
    338.87841796875,
    -1.0
   ],
   [
    1545.1212158203125,
    390.9552001953125,
    0.911
   ],
   [
    1335.39501953125,
    510.525634765625,
    0.907
   ],
   [
    1605.814453125,
    418.2563781738281,
    0.552
   ],
   [
    1305.1539306640625,
    612.7676391601562,
    -1.0
   ],
   [
    1490.75048828125,
    290.46978759765625,
    0.579
   ],
   [
    1315.982421875,
    518.296630859375,
    -1.0
   ],
   [
    1559.10302734375,
    677.3338623046875,
    -1.0
   ],
   [
    1419.990966796875,
    720.222412109375,
    -1.0
   ],
   [
    1508.494384765625,
    636.62060546875,
    -1.0
   ],
   [
    1342.5931396484375,
    701.6879272460938,
    -1.0
   ],
   [
    1515.9603271484375,
    611.104736328125,
    -1.0
   ],
   [
    1350.645263671875,
    696.2217407226562,
    -1.0
   ]
  ]
 ],
 "skeleton_percentage": [
  100,
  100
 ],
 "angle": [
  85,
  73
 ]
}