{
 "frame_index": 987,
 "skeletons": [
  [
   [
    1011.1754150390625,
    438.05242919921875,
    0.977
   ],
   [
    1027.744873046875,
    417.8407287597656,
    0.961
   ],
   [
    991.27587890625,
    424.2518310546875,
    0.957
   ],
   [
    1058.5909423828125,
    436.362548828125,
    0.804
   ],
   [
    969.675537109375,
    450.8949279785156,
    0.726
   ],
   [
    1137.5775146484375,
    557.5570678710938,
    0.942
   ],
   [
    925.7391357421875,
    580.9525756835938,
    0.968
   ],
   [
    1213.847412109375,
    709.07763671875,
    0.582
   ],
   [
    883.912353515625,
    738.6882934570312,
    0.713
   ],
   [
    1180.31103515625,
    723.552978515625,
    -1.0
   ],
   [
    911.8665771484375,
    740.6192626953125,
    0.529
   ],
   [
    1119.041015625,
    810.103271484375,
    -1.0
   ],
   [
    979.9912719726562,
    818.85400390625,
    -1.0
   ],
   [
    1142.7144775390625,
    844.020263671875,
    -1.0
   ],
   [
    960.3619995117188,
    852.0347900390625,
    -1.0
   ],
   [
    1126.784912109375,
    859.95556640625,
    -1.0
   ],
   [
    965.5716552734375,
    869.6456298828125,
    -1.0
   ]
  ],
  [
   [
    1328.7235107421875,
    301.68994140625,
    0.972
   ],
   [
    1346.130859375,
    261.28936767578125,
    0.976
   ],
   [
    1304.10400390625,
    296.427001953125,
    0.91
   ],
   [
    1424.94775390625,
    262.4852600097656,
    0.917
   ],
   [
    1312.6859130859375,
    334.5882263183594,
    -1.0
   ],
   [
    1546.4798583984375,
    381.06005859375,
    0.923
   ],
   [
    1338.7730712890625,
    500.892822265625,
    0.918
   ],
   [
    1614.1329345703125,
    401.6086120605469,
    0.618
   ],
   [
    1308.73291015625,
    595.0300903320312,
    0.505
   ],
   [
    1486.990234375,
    289.7699279785156,
    0.642
   ],
   [
    1323.4345703125,
    515.2916259765625,
    -1.0
   ],
   [
    1566.9482421875,
    676.39306640625,
    -1.0
   ],
   [
    1428.25830078125,
    719.3058471679688,
    -1.0
   ],
   [
    1516.220947265625,
    649.2044677734375,
    -1.0
   ],
   [
    1350.63623046875,
    712.8466796875,
    -1.0
   ],
   [
    1526.936767578125,
    627.5081787109375,
    -1.0
   ],
   [
    1360.2896728515625,
    709.2821044921875,
    -1.0
   ]
  ]
 ],
 "skeleton_percentage": [
  100,
  100
 ],
 "angle": [
  87,
  72
 ]
}