{
 "frame_index": 991,
 "skeletons": [
  [
   [
    1035.576904296875,
    440.93060302734375,
    0.98
   ],
   [
    1051.381591796875,
    422.1896667480469,
    0.97
   ],
   [
    1013.881591796875,
    431.13299560546875,
    0.963
   ],
   [
    1081.9923095703125,
    445.2265625,
    0.859
   ],
   [
    994.62646484375,
    467.00115966796875,
    0.741
   ],
   [
    1170.7939453125,
    558.2691040039062,
    0.948
   ],
   [
    951.977783203125,
    590.996826171875,
    0.97
   ],
   [
    1255.385498046875,
    711.273681640625,
    0.585
   ],
   [
    910.56298828125,
    750.5714721679688,
    0.715
   ],
   [
    1249.881591796875,
    757.7265014648438,
    -1.0
   ],
   [
    933.4718017578125,
    757.52587890625,
    -1.0
   ],
   [
    1155.0369873046875,
    812.2926025390625,
    -1.0
   ],
   [
    1011.6700439453125,
    823.2804565429688,
    -1.0
   ],
   [
    1164.11572265625,
    844.3961181640625,
    -1.0
   ],
   [
    957.6608276367188,
    858.7699584960938,
    -1.0
   ],
   [
    1155.3883056640625,
    870.2554931640625,
    -1.0
   ],
   [
    959.28955078125,
    887.8269653320312,
    -1.0
   ]
  ],
  [
   [
    1329.477783203125,
    291.63232421875,
    0.986
   ],
   [
    1345.02734375,
    252.03863525390625,
    0.984
   ],
   [
    1303.280517578125,
    287.50836181640625,
    0.933
   ],
   [
    1412.4521484375,
    259.42669677734375,
    0.915
   ],
   [
    1306.3016357421875,
    338.881103515625,
    -1.0
   ],
   [
    1529.8385009765625,
    374.9667663574219,
    0.969
   ],
   [
    1321.2921142578125,
    516.6507568359375,
    0.953
   ],
   [
    1600.107666015625,
    369.37188720703125,
    0.881
   ],
   [
    1331.165283203125,
    619.536376953125,
    0.733
   ],
   [
    1466.344482421875,
    286.47369384765625,
    0.871
   ],
   [
    1324.677734375,
    543.7130737304688,
    0.73
   ],
   [
    1542.173583984375,
    786.5872192382812,
    0.663
   ],
   [
    1393.992919921875,
    835.9608764648438,
    0.602
   ],
   [
    1524.7037353515625,
    819.3309326171875,
    -1.0
   ],
   [
    1323.786865234375,
    890.435791015625,
    -1.0
   ],
   [
    1540.247802734375,
    874.7037963867188,
    -1.0
   ],
   [
    1357.437255859375,
    953.044189453125,
    -1.0
   ]
  ]
 ],
 "skeleton_percentage": [
  100,
  100
 ],
 "angle": [
  92,
  73
 ]
}