{
 "frame_index": 994,
 "skeletons": [
  [
   [
    1042.91064453125,
    448.6434631347656,
    0.981
   ],
   [
    1060.028564453125,
    429.4584045410156,
    0.971
   ],
   [
    1022.1611938476562,
    437.73516845703125,
    0.966
   ],
   [
    1092.298583984375,
    450.0213623046875,
    0.853
   ],
   [
    1003.4725341796875,
    469.5068664550781,
    0.741
   ],
   [
    1178.6903076171875,
    558.0984497070312,
    0.932
   ],
   [
    962.6622314453125,
    594.2725219726562,
    0.966
   ],
   [
    1267.7406005859375,
    696.861328125,
    0.505
   ],
   [
    928.542724609375,
    748.1934814453125,
    0.682
   ],
   [
    1250.5166015625,
    720.6007690429688,
    -1.0
   ],
   [
    944.334228515625,
    752.4437255859375,
    -1.0
   ],
   [
    1168.49658203125,
    807.3945922851562,
    -1.0
   ],
   [
    1029.427978515625,
    819.9342041015625,
    -1.0
   ],
   [
    1171.6485595703125,
    835.84619140625,
    -1.0
   ],
   [
    987.8304443359375,
    849.0928344726562,
    -1.0
   ],
   [
    1161.377685546875,
    869.9534912109375,
    -1.0
   ],
   [
    1006.314697265625,
    881.8749389648438,
    -1.0
   ]
  ],
  [
   [
    1329.077392578125,
    292.2210693359375,
    0.971
   ],
   [
    1344.84619140625,
    253.84002685546875,
    0.977
   ],
   [
    1302.102783203125,
    289.2284240722656,
    0.9
   ],
   [
    1419.0230712890625,
    261.0669250488281,
    0.922
   ],
   [
    1304.493408203125,
    335.46612548828125,
    -1.0
   ],
   [
    1541.7374267578125,
    383.050048828125,
    0.943
   ],
   [
    1331.7918701171875,
    497.7972106933594,
    0.916
   ],
   [
    1609.589599609375,
    405.2861328125,
    0.727
   ],
   [
    1340.089111328125,
    570.6685180664062,
    0.519
   ],
   [
    1479.402099609375,
    297.37384033203125,
    0.74
   ],
   [
    1378.2979736328125,
    429.00634765625,
    0.553
   ],
   [
    1566.4793701171875,
    688.7369384765625,
    -1.0
   ],
   [
    1422.7626953125,
    729.900146484375,
    -1.0
   ],
   [
    1529.5611572265625,
    643.040771484375,
    -1.0
   ],
   [
    1349.04052734375,
    708.9066772460938,
    -1.0
   ],
   [
    1552.508056640625,
    624.4345092773438,
    -1.0
   ],
   [
    1377.6812744140625,
    707.7718505859375,
    -1.0
   ]
  ]
 ],
 "skeleton_percentage": [
  100,
  100
 ],
 "angle": [
  92,
  72
 ]
}