{
 "frame_index": 995,
 "skeletons": [
  [
   [
    1046.7373046875,
    449.6602783203125,
    0.983
   ],
   [
    1063.8314208984375,
    430.691650390625,
    0.973
   ],
   [
    1025.864013671875,
    438.3917236328125,
    0.969
   ],
   [
    1095.557861328125,
    450.67706298828125,
    0.849
   ],
   [
    1005.5202026367188,
    469.0157470703125,
    0.745
   ],
   [
    1178.5477294921875,
    557.1731567382812,
    0.933
   ],
   [
    967.748779296875,
    593.631591796875,
    0.968
   ],
   [
    1267.2086181640625,
    693.5833129882812,
    0.521
   ],
   [
    932.8831787109375,
    743.3148193359375,
    0.705
   ],
   [
    1252.2728271484375,
    743.7874145507812,
    -1.0
   ],
   [
    943.3907470703125,
    749.63037109375,
    -1.0
   ],
   [
    1174.1201171875,
    807.6104736328125,
    -1.0
   ],
   [
    1036.8671875,
    820.12939453125,
    -1.0
   ],
   [
    1178.076416015625,
    838.345947265625,
    -1.0
   ],
   [
    988.486572265625,
    852.3187866210938,
    -1.0
   ],
   [
    1175.70947265625,
    869.5018310546875,
    -1.0
   ],
   [
    1004.7288208007812,
    878.22119140625,
    -1.0
   ]
  ],
  [
   [
    1333.2125244140625,
    295.911865234375,
    0.964
   ],
   [
    1347.095458984375,
    257.39569091796875,
    0.97
   ],
   [
    1307.308837890625,
    291.912841796875,
    0.877
   ],
   [
    1417.8529052734375,
    260.77001953125,
    0.917
   ],
   [
    1309.6395263671875,
    333.9084167480469,
    -1.0
   ],
   [
    1545.1512451171875,
    382.02850341796875,
    0.941
   ],
   [
    1327.274169921875,
    495.42138671875,
    0.92
   ],
   [
    1605.1776123046875,
    408.0773620605469,
    0.726
   ],
   [
    1323.8365478515625,
    570.9270629882812,
    0.541
   ],
   [
    1466.303955078125,
    300.4219665527344,
    0.735
   ],
   [
    1371.73388671875,
    429.4741516113281,
    0.565
   ],
   [
    1570.22412109375,
    692.4112548828125,
    -1.0
   ],
   [
    1420.5032958984375,
    733.58203125,
    -1.0
   ],
   [
    1529.8216552734375,
    633.47998046875,
    -1.0
   ],
   [
    1337.8544921875,
    699.6095581054688,
    -1.0
   ],
   [
    1546.9566650390625,
    610.9620361328125,
    -1.0
   ],
   [
    1364.575927734375,
    694.3555297851562,
    -1.0
   ]
  ]
 ],
 "skeleton_percentage": [
  100,
  100
 ],
 "angle": [
  92,
  72
 ]
}