{
 "frame_index": 996,
 "skeletons": [
  [
   [
    1043.8814697265625,
    450.05517578125,
    0.982
   ],
   [
    1059.887939453125,
    430.164794921875,
    0.972
   ],
   [
    1022.69580078125,
    439.35675048828125,
    0.969
   ],
   [
    1092.2327880859375,
    448.0600891113281,
    0.855
   ],
   [
    1006.17236328125,
    469.722412109375,
    0.754
   ],
   [
    1176.5570068359375,
    556.0474853515625,
    0.931
   ],
   [
    970.1189575195312,
    590.0054931640625,
    0.966
   ],
   [
    1255.7484130859375,
    699.216552734375,
    -1.0
   ],
   [
    932.640869140625,
    741.5590209960938,
    0.685
   ],
   [
    1235.3018798828125,
    746.7821044921875,
    -1.0
   ],
   [
    948.8633422851562,
    759.5179443359375,
    -1.0
   ],
   [
    1173.210693359375,
    814.017333984375,
    -1.0
   ],
   [
    1037.9063720703125,
    826.4518432617188,
    -1.0
   ],
   [
    1190.4295654296875,
    872.22705078125,
    -1.0
   ],
   [
    998.7164306640625,
    886.2156372070312,
    -1.0
   ],
   [
    1190.2757568359375,
    902.5900268554688,
    -1.0
   ],
   [
    1013.0745849609375,
    919.337158203125,
    -1.0
   ]
  ],
  [
   [
    1322.8658447265625,
    308.3533935546875,
    0.983
   ],
   [
    1338.912109375,
    265.6553649902344,
    0.982
   ],
   [
    1302.80419921875,
    301.82049560546875,
    0.89
   ],
   [
    1418.4765625,
    265.6024475097656,
    0.916
   ],
   [
    1316.163818359375,
    344.0516052246094,
    -1.0
   ],
   [
    1531.9173583984375,
    400.96759033203125,
    0.974
   ],
   [
    1334.4014892578125,
    547.7353515625,
    0.939
   ],
   [
    1582.066162109375,
    373.45037841796875,
    0.894
   ],
   [
    1323.7386474609375,
    651.5968017578125,
    0.631
   ],
   [
    1447.707275390625,
    272.1042785644531,
    0.883
   ],
   [
    1307.553955078125,
    546.5262451171875,
    0.666
   ],
   [
    1517.4029541015625,
    835.2939453125,
    0.835
   ],
   [
    1377.230712890625,
    881.504150390625,
    0.748
   ],
   [
    1452.55419921875,
    903.133056640625,
    -1.0
   ],
   [
    1280.1434326171875,
    978.2783203125,
    -1.0
   ],
   [
    1475.7718505859375,
    978.2514038085938,
    -1.0
   ],
   [
    1311.045654296875,
    1059.547119140625,
    -1.0
   ]
  ]
 ],
 "skeleton_percentage": [
  100,
  100
 ],
 "angle": [
  93,
  99
 ]
}