{
 "frame_index": 997,
 "skeletons": [
  [
   [
    1042.71240234375,
    450.07830810546875,
    0.981
   ],
   [
    1059.3197021484375,
    430.52606201171875,
    0.972
   ],
   [
    1021.9345703125,
    440.12255859375,
    0.965
   ],
   [
    1092.49072265625,
    450.1270751953125,
    0.866
   ],
   [
    1004.5339965820312,
    472.62139892578125,
    0.731
   ],
   [
    1181.08544921875,
    556.98974609375,
    0.936
   ],
   [
    967.8870849609375,
    596.1771850585938,
    0.969
   ],
   [
    1266.18603515625,
    699.0173950195312,
    0.525
   ],
   [
    933.3555908203125,
    748.0931396484375,
    0.705
   ],
   [
    1240.1043701171875,
    747.1964721679688,
    -1.0
   ],
   [
    948.0760498046875,
    749.61083984375,
    -1.0
   ],
   [
    1174.363525390625,
    808.5316772460938,
    -1.0
   ],
   [
    1035.9154052734375,
    821.54296875,
    -1.0
   ],
   [
    1175.34033203125,
    849.2821655273438,
    -1.0
   ],
   [
    986.2509765625,
    864.91259765625,
    -1.0
   ],
   [
    1169.681640625,
    883.7059936523438,
    -1.0
   ],
   [
    1000.9107666015625,
    896.9056396484375,
    -1.0
   ]
  ],
  [
   [
    1325.4205322265625,
    289.8907470703125,
    0.965
   ],
   [
    1342.1309814453125,
    256.9818115234375,
    0.97
   ],
   [
    1303.9716796875,
    283.27545166015625,
    0.875
   ],
   [
    1410.8370361328125,
    267.4087829589844,
    0.908
   ],
   [
    1306.610595703125,
    322.16815185546875,
    -1.0
   ],
   [
    1522.366455078125,
    381.64349365234375,
    0.941
   ],
   [
    1321.3145751953125,
    485.66168212890625,
    0.911
   ],
   [
    1592.836181640625,
    394.34930419921875,
    0.756
   ],
   [
    1327.9578857421875,
    560.6016845703125,
    0.54
   ],
   [
    1463.4884033203125,
    288.86993408203125,
    0.78
   ],
   [
    1379.1435546875,
    413.9486083984375,
    0.596
   ],
   [
    1547.8077392578125,
    669.6578369140625,
    -1.0
   ],
   [
    1409.7066650390625,
    707.3258666992188,
    -1.0
   ],
   [
    1518.18408203125,
    600.0897216796875,
    -1.0
   ],
   [
    1351.9095458984375,
    656.5734252929688,
    -1.0
   ],
   [
    1539.600830078125,
    593.0355224609375,
    -1.0
   ],
   [
    1385.3037109375,
    648.5075073242188,
    -1.0
   ]
  ]
 ],
 "skeleton_percentage": [
  100,
  100
 ],
 "angle": [
  94,
  72
 ]
}