{
 "frame_index": 998,
 "skeletons": [
  [
   [
    1040.1435546875,
    448.9742431640625,
    0.981
   ],
   [
    1056.91650390625,
    430.4052429199219,
    0.971
   ],
   [
    1019.6149291992188,
    438.3122863769531,
    0.966
   ],
   [
    1088.7789306640625,
    451.6330261230469,
    0.854
   ],
   [
    1000.967529296875,
    470.5128173828125,
    0.736
   ],
   [
    1175.377197265625,
    558.7313232421875,
    0.935
   ],
   [
    962.673095703125,
    594.9097290039062,
    0.967
   ],
   [
    1258.124267578125,
    701.4813232421875,
    0.524
   ],
   [
    935.943603515625,
    748.3313598632812,
    0.696
   ],
   [
    1235.74609375,
    751.1297607421875,
    -1.0
   ],
   [
    956.2373046875,
    749.8811645507812,
    -1.0
   ],
   [
    1168.877685546875,
    807.1012573242188,
    -1.0
   ],
   [
    1030.7716064453125,
    819.3258056640625,
    -1.0
   ],
   [
    1173.3848876953125,
    833.9337158203125,
    -1.0
   ],
   [
    986.661865234375,
    848.509521484375,
    -1.0
   ],
   [
    1158.869873046875,
    871.6864013671875,
    -1.0
   ],
   [
    1000.060791015625,
    881.7057495117188,
    -1.0
   ]
  ]
 ],
 "skeleton_percentage": [
  100
 ],
 "angle": [
  93
 ]
}