{
 "frame_index": 999,
 "skeletons": [
  [
   [
    1039.9774169921875,
    448.9618835449219,
    0.981
   ],
   [
    1056.720947265625,
    430.2041015625,
    0.972
   ],
   [
    1019.3349609375,
    438.4884033203125,
    0.966
   ],
   [
    1088.909423828125,
    451.301513671875,
    0.856
   ],
   [
    1000.9698486328125,
    470.9970703125,
    0.736
   ],
   [
    1176.193115234375,
    558.6770629882812,
    0.934
   ],
   [
    962.942138671875,
    595.455322265625,
    0.967
   ],
   [
    1259.289306640625,
    701.8643188476562,
    0.519
   ],
   [
    935.5160522460938,
    748.8931274414062,
    0.697
   ],
   [
    1237.2034912109375,
    751.626220703125,
    -1.0
   ],
   [
    956.0777587890625,
    748.8854370117188,
    -1.0
   ],
   [
    1169.377197265625,
    807.5562744140625,
    -1.0
   ],
   [
    1030.8907470703125,
    819.9556884765625,
    -1.0
   ],
   [
    1173.78662109375,
    836.9606323242188,
    -1.0
   ],
   [
    986.129638671875,
    852.0294799804688,
    -1.0
   ],
   [
    1159.69140625,
    873.97705078125,
    -1.0
   ],
   [
    998.8661499023438,
    885.008056640625,
    -1.0
   ]
  ]
 ],
 "skeleton_percentage": [
  100
 ],
 "angle": [
  93
 ]
}