{
 "frame_index": 1000,
 "skeletons": [
  [
   [
    1040.9736328125,
    446.0086669921875,
    0.982
   ],
   [
    1056.3426513671875,
    428.41796875,
    0.97
   ],
   [
    1019.682861328125,
    435.6590881347656,
    0.967
   ],
   [
    1084.394775390625,
    451.3243408203125,
    0.83
   ],
   [
    997.60302734375,
    469.4783935546875,
    0.752
   ],
   [
    1169.100341796875,
    557.2377319335938,
    0.941
   ],
   [
    958.6981201171875,
    594.3724365234375,
    0.968
   ],
   [
    1254.302001953125,
    699.7974853515625,
    0.571
   ],
   [
    930.4752197265625,
    749.9555053710938,
    0.715
   ],
   [
    1246.1500244140625,
    755.4578857421875,
    -1.0
   ],
   [
    940.498291015625,
    745.634765625,
    -1.0
   ],
   [
    1170.5693359375,
    803.973876953125,
    -1.0
   ],
   [
    1032.1790771484375,
    817.5909423828125,
    -1.0
   ],
   [
    1184.69970703125,
    827.363525390625,
    -1.0
   ],
   [
    984.1190185546875,
    844.3928833007812,
    -1.0
   ],
   [
    1179.291748046875,
    859.108154296875,
    -1.0
   ],
   [
    993.6259765625,
    869.7826538085938,
    -1.0
   ]
  ],
  [
   [
    1335.392333984375,
    304.7242126464844,
    0.967
   ],
   [
    1347.3748779296875,
    269.4346923828125,
    0.965
   ],
   [
    1311.00537109375,
    302.197509765625,
    0.874
   ],
   [
    1408.0152587890625,
    276.03411865234375,
    0.875
   ],
   [
    1311.2281494140625,
    346.0741882324219,
    -1.0
   ],
   [
    1512.330078125,
    391.32904052734375,
    0.95
   ],
   [
    1336.06396484375,
    497.70263671875,
    0.917
   ],
   [
    1559.410400390625,
    421.8650207519531,
    0.802
   ],
   [
    1351.368896484375,
    586.936767578125,
    0.586
   ],
   [
    1484.8092041015625,
    312.8953857421875,
    0.79
   ],
   [
    1366.98388671875,
    489.56817626953125,
    0.596
   ],
   [
    1549.8248291015625,
    686.1072998046875,
    -1.0
   ],
   [
    1428.1368408203125,
    725.6939697265625,
    -1.0
   ],
   [
    1505.139892578125,
    625.3006591796875,
    -1.0
   ],
   [
    1343.99169921875,
    687.8641357421875,
    -1.0
   ],
   [
    1525.1075439453125,
    595.26318359375,
    -1.0
   ],
   [
    1381.4383544921875,
    681.1624755859375,
    -1.0
   ]
  ]
 ],
 "skeleton_percentage": [
  100,
  100
 ],
 "angle": [
  93,
  74
 ]
}