{
 "frame_index": 1001,
 "skeletons": [
  [
   [
    1031.399658203125,
    448.05029296875,
    0.981
   ],
   [
    1047.6590576171875,
    428.8165283203125,
    0.969
   ],
   [
    1010.2535400390625,
    435.89434814453125,
    0.96
   ],
   [
    1079.489501953125,
    448.7972717285156,
    0.832
   ],
   [
    989.8134155273438,
    466.40899658203125,
    0.699
   ],
   [
    1161.0087890625,
    561.182861328125,
    0.947
   ],
   [
    954.5433349609375,
    594.3358764648438,
    0.964
   ],
   [
    1250.698486328125,
    695.7562866210938,
    0.594
   ],
   [
    916.4976806640625,
    745.0400390625,
    0.693
   ],
   [
    1252.1636962890625,
    758.694091796875,
    -1.0
   ],
   [
    922.4366455078125,
    774.1661376953125,
    -1.0
   ],
   [
    1149.314208984375,
    819.1683349609375,
    -1.0
   ],
   [
    1013.3406372070312,
    829.2284545898438,
    -1.0
   ],
   [
    1145.1015625,
    887.4219360351562,
    -1.0
   ],
   [
    957.9068603515625,
    900.18115234375,
    -1.0
   ],
   [
    1128.8660888671875,
    912.5245971679688,
    -1.0
   ],
   [
    955.326416015625,
    922.4849853515625,
    -1.0
   ]
  ],
  [
   [
    1336.392578125,
    332.10308837890625,
    0.969
   ],
   [
    1349.06884765625,
    296.85052490234375,
    0.969
   ],
   [
    1314.09521484375,
    325.5947265625,
    0.875
   ],
   [
    1407.988525390625,
    292.5931396484375,
    0.88
   ],
   [
    1314.8583984375,
    353.83453369140625,
    -1.0
   ],
   [
    1497.7099609375,
    391.0236511230469,
    0.954
   ],
   [
    1345.4127197265625,
    497.3770751953125,
    0.918
   ],
   [
    1520.572509765625,
    408.89080810546875,
    0.827
   ],
   [
    1370.08837890625,
    588.8909912109375,
    0.592
   ],
   [
    1430.12060546875,
    283.52777099609375,
    0.82
   ],
   [
    1378.20361328125,
    471.09576416015625,
    0.624
   ],
   [
    1543.218994140625,
    668.0166625976562,
    -1.0
   ],
   [
    1436.8934326171875,
    707.45556640625,
    -1.0
   ],
   [
    1490.21875,
    569.9375,
    -1.0
   ],
   [
    1354.5972900390625,
    630.7666625976562,
    -1.0
   ],
   [
    1491.941650390625,
    531.032958984375,
    -1.0
   ],
   [
    1387.1749267578125,
    605.521240234375,
    -1.0
   ]
  ]
 ],
 "skeleton_percentage": [
  100,
  100
 ],
 "angle": [
  94,
  74
 ]
}