{
 "frame_index": 1002,
 "skeletons": [
  [
   [
    1031.2352294921875,
    448.26025390625,
    0.981
   ],
   [
    1047.564453125,
    428.9000244140625,
    0.969
   ],
   [
    1010.148681640625,
    436.0213623046875,
    0.961
   ],
   [
    1079.4407958984375,
    448.5564880371094,
    0.834
   ],
   [
    989.8401489257812,
    466.2308349609375,
    0.699
   ],
   [
    1161.16455078125,
    560.8155517578125,
    0.947
   ],
   [
    954.5313720703125,
    594.2445068359375,
    0.964
   ],
   [
    1251.42626953125,
    695.10693359375,
    0.593
   ],
   [
    916.493408203125,
    745.2208251953125,
    0.691
   ],
   [
    1253.150146484375,
    759.881591796875,
    -1.0
   ],
   [
    923.0352783203125,
    776.8656005859375,
    -1.0
   ],
   [
    1148.7109375,
    820.3251342773438,
    -1.0
   ],
   [
    1013.0533447265625,
    830.2957763671875,
    -1.0
   ],
   [
    1140.1224365234375,
    896.3424682617188,
    -1.0
   ],
   [
    956.071044921875,
    909.0298461914062,
    -1.0
   ],
   [
    1123.2286376953125,
    924.3248291015625,
    -1.0
   ],
   [
    954.5042724609375,
    934.1904296875,
    -1.0
   ]
  ],
  [
   [
    1335.9248046875,
    332.0986328125,
    0.968
   ],
   [
    1348.9425048828125,
    296.7206726074219,
    0.968
   ],
   [
    1314.037109375,
    326.06158447265625,
    0.872
   ],
   [
    1409.6326904296875,
    293.0013427734375,
    0.878
   ],
   [
    1315.83203125,
    354.93902587890625,
    -1.0
   ],
   [
    1498.9071044921875,
    392.3822021484375,
    0.955
   ],
   [
    1345.7452392578125,
    498.110107421875,
    0.917
   ],
   [
    1516.8441162109375,
    410.94146728515625,
    0.828
   ],
   [
    1371.8736572265625,
    587.9619140625,
    0.592
   ],
   [
    1429.15576171875,
    282.56536865234375,
    0.822
   ],
   [
    1390.1998291015625,
    461.0285339355469,
    0.627
   ],
   [
    1541.6180419921875,
    667.8692626953125,
    -1.0
   ],
   [
    1433.976806640625,
    707.0584716796875,
    -1.0
   ],
   [
    1488.080322265625,
    566.5191650390625,
    -1.0
   ],
   [
    1350.171875,
    628.7635498046875,
    -1.0
   ],
   [
    1490.4769287109375,
    526.0013427734375,
    -1.0
   ],
   [
    1381.9852294921875,
    603.6417236328125,
    -1.0
   ]
  ]
 ],
 "skeleton_percentage": [
  100,
  100
 ],
 "angle": [
  94,
  74
 ]
}