{
 "frame_index": 1003,
 "skeletons": [
  [
   [
    1031.28515625,
    448.36834716796875,
    0.982
   ],
   [
    1046.0123291015625,
    429.73284912109375,
    0.968
   ],
   [
    1009.6602172851562,
    437.76861572265625,
    0.967
   ],
   [
    1073.3082275390625,
    449.50885009765625,
    0.812
   ],
   [
    986.739501953125,
    468.9683532714844,
    0.766
   ],
   [
    1154.15185546875,
    554.3347778320312,
    0.95
   ],
   [
    946.6114501953125,
    594.095458984375,
    0.969
   ],
   [
    1241.037109375,
    695.3248291015625,
    0.634
   ],
   [
    914.4591064453125,
    752.6939697265625,
    0.732
   ],
   [
    1252.934326171875,
    761.0875244140625,
    -1.0
   ],
   [
    929.8822021484375,
    751.787109375,
    0.533
   ],
   [
    1157.8084716796875,
    796.8895263671875,
    -1.0
   ],
   [
    1021.562255859375,
    813.5963745117188,
    -1.0
   ],
   [
    1184.375732421875,
    839.3941040039062,
    -1.0
   ],
   [
    988.9388427734375,
    862.07275390625,
    -1.0
   ],
   [
    1179.536376953125,
    860.3682861328125,
    -1.0
   ],
   [
    994.0372924804688,
    878.0469970703125,
    -1.0
   ]
  ],
  [
   [
    1338.48828125,
    402.0515441894531,
    0.934
   ],
   [
    1345.3629150390625,
    365.85211181640625,
    0.94
   ],
   [
    1319.8587646484375,
    393.3470458984375,
    0.782
   ],
   [
    1401.9617919921875,
    341.18804931640625,
    0.887
   ],
   [
    1333.450439453125,
    399.39007568359375,
    -1.0
   ],
   [
    1497.33740234375,
    426.93743896484375,
    0.945
   ],
   [
    1361.667236328125,
    506.65576171875,
    0.919
   ],
   [
    1502.5714111328125,
    452.98223876953125,
    0.786
   ],
   [
    1354.36962890625,
    576.2404174804688,
    0.618
   ],
   [
    1459.61083984375,
    321.8667907714844,
    0.756
   ],
   [
    1372.4869384765625,
    474.3292236328125,
    0.599
   ],
   [
    1524.0228271484375,
    687.5946044921875,
    -1.0
   ],
   [
    1428.333740234375,
    717.6875,
    -1.0
   ],
   [
    1469.578369140625,
    598.500732421875,
    -1.0
   ],
   [
    1335.416259765625,
    654.0377807617188,
    -1.0
   ],
   [
    1473.1485595703125,
    544.1328125,
    -1.0
   ],
   [
    1354.616455078125,
    637.129150390625,
    -1.0
   ]
  ]
 ],
 "skeleton_percentage": [
  100,
  100
 ],
 "angle": [
  93,
  76
 ]
}