{
 "frame_index": 1004,
 "skeletons": [
  [
   [
    1021.3958129882812,
    450.5802001953125,
    0.982
   ],
   [
    1037.837158203125,
    431.98101806640625,
    0.97
   ],
   [
    1000.313720703125,
    439.192138671875,
    0.964
   ],
   [
    1067.78369140625,
    451.86181640625,
    0.832
   ],
   [
    978.4383544921875,
    469.28814697265625,
    0.733
   ],
   [
    1146.9852294921875,
    557.5604248046875,
    0.952
   ],
   [
    938.4922485351562,
    594.0682373046875,
    0.967
   ],
   [
    1225.3594970703125,
    703.36572265625,
    0.655
   ],
   [
    906.5711059570312,
    755.49853515625,
    0.719
   ],
   [
    1222.209716796875,
    765.2455444335938,
    -1.0
   ],
   [
    919.9248046875,
    766.0374755859375,
    0.523
   ],
   [
    1144.9591064453125,
    798.0594482421875,
    -1.0
   ],
   [
    1008.0560302734375,
    812.4697265625,
    -1.0
   ],
   [
    1165.143798828125,
    836.6808471679688,
    -1.0
   ],
   [
    971.901123046875,
    855.0452270507812,
    -1.0
   ],
   [
    1157.033447265625,
    852.480712890625,
    -1.0
   ],
   [
    978.3958740234375,
    866.2479248046875,
    -1.0
   ]
  ],
  [
   [
    1342.554931640625,
    418.62176513671875,
    0.951
   ],
   [
    1350.2435302734375,
    382.2547302246094,
    0.959
   ],
   [
    1322.19140625,
    408.5442810058594,
    0.825
   ],
   [
    1408.0101318359375,
    351.8951416015625,
    0.9
   ],
   [
    1332.2666015625,
    408.7359619140625,
    -1.0
   ],
   [
    1506.9512939453125,
    428.2768249511719,
    0.948
   ],
   [
    1354.936279296875,
    513.0770874023438,
    0.905
   ],
   [
    1547.8392333984375,
    446.0164489746094,
    0.817
   ],
   [
    1332.0413818359375,
    590.9130859375,
    0.582
   ],
   [
    1523.564208984375,
    357.19854736328125,
    0.787
   ],
   [
    1325.64501953125,
    572.6130981445312,
    0.553
   ],
   [
    1520.349853515625,
    699.5564575195312,
    -1.0
   ],
   [
    1418.045166015625,
    731.5508422851562,
    -1.0
   ],
   [
    1462.7822265625,
    663.9470825195312,
    -1.0
   ],
   [
    1330.4998779296875,
    717.1258544921875,
    -1.0
   ],
   [
    1456.1895751953125,
    616.2586669921875,
    -1.0
   ],
   [
    1341.448486328125,
    703.131103515625,
    -1.0
   ]
  ]
 ],
 "skeleton_percentage": [
  100,
  100
 ],
 "angle": [
  93,
  77
 ]
}