{
 "frame_index": 1005,
 "skeletons": [
  [
   [
    1021.1189575195312,
    450.8572998046875,
    0.982
   ],
   [
    1037.6103515625,
    432.0948486328125,
    0.97
   ],
   [
    1000.02001953125,
    439.4634704589844,
    0.964
   ],
   [
    1067.846435546875,
    451.80047607421875,
    0.834
   ],
   [
    978.446044921875,
    469.52203369140625,
    0.73
   ],
   [
    1147.4957275390625,
    557.7772216796875,
    0.951
   ],
   [
    938.8868408203125,
    594.1566162109375,
    0.967
   ],
   [
    1225.76708984375,
    704.334716796875,
    0.651
   ],
   [
    906.5947265625,
    755.5856323242188,
    0.716
   ],
   [
    1222.330322265625,
    765.4747924804688,
    -1.0
   ],
   [
    919.16943359375,
    765.8633422851562,
    0.519
   ],
   [
    1145.757080078125,
    798.376708984375,
    -1.0
   ],
   [
    1008.876220703125,
    812.6888427734375,
    -1.0
   ],
   [
    1165.517578125,
    835.1553955078125,
    -1.0
   ],
   [
    972.271728515625,
    853.3826293945312,
    -1.0
   ],
   [
    1157.861572265625,
    850.8392944335938,
    -1.0
   ],
   [
    979.525390625,
    864.9164428710938,
    -1.0
   ]
  ],
  [
   [
    1341.21533203125,
    414.8975830078125,
    0.949
   ],
   [
    1349.37646484375,
    378.41851806640625,
    0.958
   ],
   [
    1320.973876953125,
    405.55987548828125,
    0.823
   ],
   [
    1408.224365234375,
    350.3660888671875,
    0.898
   ],
   [
    1332.076904296875,
    408.4693603515625,
    -1.0
   ],
   [
    1507.857666015625,
    428.66693115234375,
    0.945
   ],
   [
    1356.3441162109375,
    514.2584228515625,
    0.906
   ],
   [
    1543.125732421875,
    448.8536376953125,
    0.803
   ],
   [
    1333.2784423828125,
    593.2637939453125,
    0.583
   ],
   [
    1516.05810546875,
    353.86444091796875,
    0.77
   ],
   [
    1323.6785888671875,
    568.9491577148438,
    0.549
   ],
   [
    1524.085205078125,
    700.8778076171875,
    -1.0
   ],
   [
    1421.859130859375,
    732.9864501953125,
    -1.0
   ],
   [
    1463.587890625,
    661.4102172851562,
    -1.0
   ],
   [
    1330.1871337890625,
    715.385986328125,
    -1.0
   ],
   [
    1457.9697265625,
    613.876220703125,
    -1.0
   ],
   [
    1341.88427734375,
    703.03271484375,
    -1.0
   ]
  ]
 ],
 "skeleton_percentage": [
  100,
  100
 ],
 "angle": [
  93,
  77
 ]
}