{
 "frame_index": 1006,
 "skeletons": [
  [
   [
    1011.6141357421875,
    452.06988525390625,
    0.982
   ],
   [
    1027.982666015625,
    433.1236267089844,
    0.971
   ],
   [
    991.406005859375,
    441.1670837402344,
    0.961
   ],
   [
    1059.554443359375,
    451.3289794921875,
    0.85
   ],
   [
    972.4991455078125,
    470.2535705566406,
    0.71
   ],
   [
    1139.789794921875,
    555.5276489257812,
    0.955
   ],
   [
    933.8077392578125,
    595.249755859375,
    0.966
   ],
   [
    1219.3492431640625,
    698.15283203125,
    0.682
   ],
   [
    904.5096435546875,
    756.3614501953125,
    0.717
   ],
   [
    1218.5322265625,
    767.9149169921875,
    -1.0
   ],
   [
    917.694091796875,
    777.422119140625,
    0.515
   ],
   [
    1138.72216796875,
    799.0833740234375,
    -1.0
   ],
   [
    1002.53369140625,
    815.04150390625,
    -1.0
   ],
   [
    1165.6754150390625,
    843.8032836914062,
    -1.0
   ],
   [
    968.623779296875,
    864.2825317382812,
    -1.0
   ],
   [
    1162.520751953125,
    855.04833984375,
    -1.0
   ],
   [
    975.5140380859375,
    871.0479125976562,
    -1.0
   ]
  ],
  [
   [
    1353.446044921875,
    393.9806213378906,
    0.953
   ],
   [
    1361.639404296875,
    353.48138427734375,
    0.956
   ],
   [
    1329.091796875,
    386.07232666015625,
    0.862
   ],
   [
    1421.2152099609375,
    332.49322509765625,
    0.887
   ],
   [
    1338.029052734375,
    401.90625,
    -1.0
   ],
   [
    1535.404052734375,
    437.16229248046875,
    0.92
   ],
   [
    1367.96875,
    526.1377563476562,
    0.928
   ],
   [
    1582.96875,
    496.124267578125,
    0.638
   ],
   [
    1329.4710693359375,
    631.0382080078125,
    0.608
   ],
   [
    1525.112548828125,
    363.40386962890625,
    0.621
   ],
   [
    1304.91015625,
    585.6461181640625,
    0.538
   ],
   [
    1557.83447265625,
    728.81884765625,
    -1.0
   ],
   [
    1447.6123046875,
    760.3310546875,
    -1.0
   ],
   [
    1487.87939453125,
    678.5307006835938,
    -1.0
   ],
   [
    1341.264892578125,
    728.385009765625,
    -1.0
   ],
   [
    1483.171142578125,
    628.2789306640625,
    -1.0
   ],
   [
    1342.62451171875,
    721.80126953125,
    -1.0
   ]
  ]
 ],
 "skeleton_percentage": [
  100,
  100
 ],
 "angle": [
  94,
  77
 ]
}