{
 "frame_index": 1007,
 "skeletons": [
  [
   [
    1012.0745849609375,
    451.92718505859375,
    0.982
   ],
   [
    1028.465087890625,
    433.24078369140625,
    0.971
   ],
   [
    991.9283447265625,
    441.1533203125,
    0.961
   ],
   [
    1059.8924560546875,
    451.79815673828125,
    0.849
   ],
   [
    972.9146728515625,
    470.46435546875,
    0.71
   ],
   [
    1139.660888671875,
    554.94970703125,
    0.955
   ],
   [
    934.1500854492188,
    594.8095703125,
    0.967
   ],
   [
    1218.9600830078125,
    696.6240234375,
    0.687
   ],
   [
    905.3865966796875,
    755.5433349609375,
    0.722
   ],
   [
    1218.3131103515625,
    766.0892944335938,
    -1.0
   ],
   [
    919.441650390625,
    776.3585815429688,
    0.522
   ],
   [
    1139.4453125,
    796.404541015625,
    -1.0
   ],
   [
    1003.4930419921875,
    812.5654907226562,
    -1.0
   ],
   [
    1167.5654296875,
    840.8549194335938,
    -1.0
   ],
   [
    970.7646484375,
    861.4691162109375,
    -1.0
   ],
   [
    1164.886474609375,
    852.762451171875,
    -1.0
   ],
   [
    978.0211181640625,
    868.4947509765625,
    -1.0
   ]
  ],
  [
   [
    1353.3670654296875,
    389.2918395996094,
    0.956
   ],
   [
    1362.1654052734375,
    349.4903564453125,
    0.958
   ],
   [
    1329.42822265625,
    382.08526611328125,
    0.87
   ],
   [
    1421.904296875,
    331.5968017578125,
    0.884
   ],
   [
    1337.688232421875,
    400.75994873046875,
    -1.0
   ],
   [
    1533.6007080078125,
    435.6889343261719,
    0.921
   ],
   [
    1365.20263671875,
    526.7490844726562,
    0.928
   ],
   [
    1579.02099609375,
    489.0389099121094,
    0.652
   ],
   [
    1327.09619140625,
    628.2496337890625,
    0.614
   ],
   [
    1523.32568359375,
    360.2491149902344,
    0.64
   ],
   [
    1304.7625732421875,
    577.7144775390625,
    0.553
   ],
   [
    1555.843505859375,
    725.035888671875,
    -1.0
   ],
   [
    1444.3895263671875,
    757.5452880859375,
    -1.0
   ],
   [
    1486.6375732421875,
    669.840576171875,
    -1.0
   ],
   [
    1336.4130859375,
    721.8696899414062,
    -1.0
   ],
   [
    1483.7574462890625,
    627.132568359375,
    -1.0
   ],
   [
    1338.71142578125,
    720.5704345703125,
    -1.0
   ]
  ]
 ],
 "skeleton_percentage": [
  100,
  100
 ],
 "angle": [
  94,
  78
 ]
}