{
 "frame_index": 1008,
 "skeletons": [
  [
   [
    1004.7769775390625,
    452.4223937988281,
    0.981
   ],
   [
    1020.032470703125,
    433.209228515625,
    0.971
   ],
   [
    984.5704345703125,
    441.9077453613281,
    0.959
   ],
   [
    1051.17431640625,
    450.83056640625,
    0.855
   ],
   [
    966.6930541992188,
    471.4441223144531,
    0.705
   ],
   [
    1131.9794921875,
    556.2254638671875,
    0.959
   ],
   [
    930.4013671875,
    595.521240234375,
    0.967
   ],
   [
    1213.19677734375,
    697.0067138671875,
    0.709
   ],
   [
    893.986083984375,
    752.70068359375,
    0.731
   ],
   [
    1217.6143798828125,
    773.5615234375,
    0.516
   ],
   [
    907.3968505859375,
    771.605712890625,
    0.531
   ],
   [
    1128.4058837890625,
    801.0,
    -1.0
   ],
   [
    993.1612548828125,
    816.3195190429688,
    -1.0
   ],
   [
    1156.9075927734375,
    852.529541015625,
    -1.0
   ],
   [
    948.7569580078125,
    873.538330078125,
    -1.0
   ],
   [
    1159.2711181640625,
    861.4359741210938,
    -1.0
   ],
   [
    942.525634765625,
    879.7547607421875,
    -1.0
   ]
  ],
  [
   [
    1357.46142578125,
    385.536865234375,
    0.97
   ],
   [
    1368.531982421875,
    349.209716796875,
    0.97
   ],
   [
    1333.173828125,
    380.89739990234375,
    0.911
   ],
   [
    1427.619873046875,
    340.878662109375,
    0.877
   ],
   [
    1335.291748046875,
    408.4942932128906,
    -1.0
   ],
   [
    1519.005859375,
    432.206298828125,
    0.919
   ],
   [
    1366.855712890625,
    538.755126953125,
    0.924
   ],
   [
    1571.6766357421875,
    434.7186279296875,
    0.715
   ],
   [
    1332.260498046875,
    607.4248046875,
    0.647
   ],
   [
    1493.9720458984375,
    363.1333923339844,
    0.733
   ],
   [
    1317.4747314453125,
    571.4014282226562,
    0.637
   ],
   [
    1552.08251953125,
    720.165771484375,
    -1.0
   ],
   [
    1450.463134765625,
    760.0999145507812,
    -1.0
   ],
   [
    1495.333251953125,
    695.0618896484375,
    -1.0
   ],
   [
    1370.90869140625,
    754.1976928710938,
    -1.0
   ],
   [
    1510.175048828125,
    668.2318115234375,
    -1.0
   ],
   [
    1379.28564453125,
    749.073486328125,
    -1.0
   ]
  ]
 ],
 "skeleton_percentage": [
  100,
  100
 ],
 "angle": [
  95,
  79
 ]
}