{
 "frame_index": 1009,
 "skeletons": [
  [
   [
    1005.5344848632812,
    454.6806640625,
    0.979
   ],
   [
    1021.5313720703125,
    434.61151123046875,
    0.966
   ],
   [
    983.9771728515625,
    442.2940673828125,
    0.962
   ],
   [
    1051.227294921875,
    452.8177185058594,
    0.805
   ],
   [
    959.6337890625,
    470.7430114746094,
    0.736
   ],
   [
    1131.531982421875,
    562.2188110351562,
    0.931
   ],
   [
    923.80224609375,
    598.3902587890625,
    0.963
   ],
   [
    1216.5693359375,
    696.6483154296875,
    0.533
   ],
   [
    893.65673828125,
    751.2821044921875,
    0.679
   ],
   [
    1177.771484375,
    729.2283935546875,
    -1.0
   ],
   [
    912.1137084960938,
    765.7736206054688,
    -1.0
   ],
   [
    1130.840087890625,
    809.507080078125,
    -1.0
   ],
   [
    993.961181640625,
    823.5599365234375,
    -1.0
   ],
   [
    1149.7547607421875,
    840.7115478515625,
    -1.0
   ],
   [
    963.4854736328125,
    854.2518310546875,
    -1.0
   ],
   [
    1141.5968017578125,
    868.540283203125,
    -1.0
   ],
   [
    972.70751953125,
    877.6301879882812,
    -1.0
   ]
  ],
  [
   [
    1368.1724853515625,
    435.28582763671875,
    0.96
   ],
   [
    1374.01513671875,
    399.7283935546875,
    0.964
   ],
   [
    1340.7276611328125,
    420.0997009277344,
    0.847
   ],
   [
    1425.0966796875,
    371.96942138671875,
    0.827
   ],
   [
    1342.375244140625,
    425.84197998046875,
    -1.0
   ],
   [
    1522.654052734375,
    437.67266845703125,
    0.928
   ],
   [
    1403.884033203125,
    518.1510009765625,
    0.889
   ],
   [
    1595.38525390625,
    462.4814453125,
    0.623
   ],
   [
    1433.6953125,
    600.0036010742188,
    0.527
   ],
   [
    1511.8671875,
    354.57696533203125,
    0.586
   ],
   [
    1403.998779296875,
    522.654296875,
    0.504
   ],
   [
    1591.531494140625,
    655.3494873046875,
    -1.0
   ],
   [
    1507.840576171875,
    684.4866943359375,
    -1.0
   ],
   [
    1550.7703857421875,
    642.0169067382812,
    -1.0
   ],
   [
    1463.0819091796875,
    664.0489501953125,
    -1.0
   ],
   [
    1535.93359375,
    647.4830932617188,
    -1.0
   ],
   [
    1470.428955078125,
    686.589599609375,
    -1.0
   ]
  ]
 ],
 "skeleton_percentage": [
  100,
  100
 ],
 "angle": [
  95,
  78
 ]
}