{
 "frame_index": 1010,
 "skeletons": [
  [
   [
    1005.3150634765625,
    453.13818359375,
    0.979
   ],
   [
    1020.6509399414062,
    433.43499755859375,
    0.963
   ],
   [
    983.04638671875,
    441.32122802734375,
    0.966
   ],
   [
    1048.4205322265625,
    452.6767578125,
    0.787
   ],
   [
    957.74951171875,
    471.325439453125,
    0.772
   ],
   [
    1127.976806640625,
    565.2716674804688,
    0.921
   ],
   [
    919.951416015625,
    598.7603149414062,
    0.964
   ],
   [
    1212.6708984375,
    695.474853515625,
    -1.0
   ],
   [
    883.7525634765625,
    744.6082763671875,
    0.677
   ],
   [
    1182.0040283203125,
    724.96044921875,
    -1.0
   ],
   [
    900.0362548828125,
    764.58740234375,
    -1.0
   ],
   [
    1122.2413330078125,
    820.8056030273438,
    -1.0
   ],
   [
    986.4837646484375,
    833.868408203125,
    -1.0
   ],
   [
    1139.6883544921875,
    875.5354614257812,
    -1.0
   ],
   [
    960.6964111328125,
    888.2019653320312,
    -1.0
   ],
   [
    1127.042236328125,
    899.7772216796875,
    -1.0
   ],
   [
    967.2823486328125,
    912.3458251953125,
    -1.0
   ]
  ]
 ],
 "skeleton_percentage": [
  100
 ],
 "angle": [
  98
 ]
}