{
 "frame_index": 1011,
 "skeletons": [
  [
   [
    1005.1881103515625,
    452.99951171875,
    0.979
   ],
   [
    1020.499755859375,
    433.3272705078125,
    0.963
   ],
   [
    982.975341796875,
    441.1615905761719,
    0.966
   ],
   [
    1048.2197265625,
    452.5540771484375,
    0.787
   ],
   [
    957.69580078125,
    471.09136962890625,
    0.773
   ],
   [
    1127.814453125,
    565.0790405273438,
    0.922
   ],
   [
    919.6668090820312,
    598.3947143554688,
    0.964
   ],
   [
    1212.416015625,
    695.2108764648438,
    -1.0
   ],
   [
    883.8251953125,
    744.0408935546875,
    0.681
   ],
   [
    1181.524658203125,
    724.480712890625,
    -1.0
   ],
   [
    900.077880859375,
    763.7942504882812,
    -1.0
   ],
   [
    1121.560791015625,
    819.829345703125,
    -1.0
   ],
   [
    985.6783447265625,
    832.8338012695312,
    -1.0
   ],
   [
    1139.95361328125,
    872.946533203125,
    -1.0
   ],
   [
    960.6328125,
    885.589599609375,
    -1.0
   ],
   [
    1126.569580078125,
    897.2228393554688,
    -1.0
   ],
   [
    966.9193115234375,
    909.7553100585938,
    -1.0
   ]
  ]
 ],
 "skeleton_percentage": [
  100
 ],
 "angle": [
  98
 ]
}