{
 "frame_index": 1012,
 "skeletons": [
  [
   [
    1008.4412841796875,
    454.0389404296875,
    0.981
   ],
   [
    1021.45654296875,
    435.0033874511719,
    0.958
   ],
   [
    986.0006103515625,
    442.300048828125,
    0.972
   ],
   [
    1042.7535400390625,
    452.8235778808594,
    0.716
   ],
   [
    955.5327758789062,
    470.4725341796875,
    0.828
   ],
   [
    1117.77685546875,
    561.6051025390625,
    0.933
   ],
   [
    911.904052734375,
    595.3079833984375,
    0.969
   ],
   [
    1206.0848388671875,
    688.9358520507812,
    0.523
   ],
   [
    878.6636962890625,
    741.2130126953125,
    0.724
   ],
   [
    1186.1015625,
    727.4306030273438,
    -1.0
   ],
   [
    901.4346923828125,
    757.8473510742188,
    0.52
   ],
   [
    1110.3443603515625,
    813.0888061523438,
    -1.0
   ],
   [
    975.1972045898438,
    827.33642578125,
    -1.0
   ],
   [
    1135.374267578125,
    880.9242553710938,
    -1.0
   ],
   [
    955.2120361328125,
    896.647705078125,
    -1.0
   ],
   [
    1120.217529296875,
    906.1331176757812,
    -1.0
   ],
   [
    955.50341796875,
    920.1937255859375,
    -1.0
   ]
  ]
 ],
 "skeleton_percentage": [
  100
 ],
 "angle": [
  99
 ]
}