{
 "frame_index": 1013,
 "skeletons": [
  [
   [
    1011.2833251953125,
    455.3709716796875,
    0.981
   ],
   [
    1023.0413818359375,
    437.0785217285156,
    0.952
   ],
   [
    988.7723388671875,
    442.4614562988281,
    0.974
   ],
   [
    1040.11669921875,
    455.672607421875,
    0.64
   ],
   [
    953.0029296875,
    469.35772705078125,
    0.847
   ],
   [
    1111.6636962890625,
    564.96337890625,
    0.934
   ],
   [
    905.8380126953125,
    596.33349609375,
    0.967
   ],
   [
    1198.3619384765625,
    693.9526977539062,
    0.523
   ],
   [
    874.781005859375,
    745.9934692382812,
    0.71
   ],
   [
    1169.45263671875,
    719.3385009765625,
    -1.0
   ],
   [
    908.580078125,
    747.2435302734375,
    0.523
   ],
   [
    1112.152099609375,
    801.350830078125,
    -1.0
   ],
   [
    975.8782958984375,
    816.0501708984375,
    -1.0
   ],
   [
    1148.6015625,
    833.5986328125,
    -1.0
   ],
   [
    964.6484375,
    848.2796630859375,
    -1.0
   ],
   [
    1134.7279052734375,
    851.8815307617188,
    -1.0
   ],
   [
    964.9124755859375,
    860.7412719726562,
    -1.0
   ]
  ]
 ],
 "skeleton_percentage": [
  100
 ],
 "angle": [
  99
 ]
}