{
 "frame_index": 1014,
 "skeletons": [
  [
   [
    1011.850341796875,
    455.29327392578125,
    0.981
   ],
   [
    1023.4581298828125,
    437.0684509277344,
    0.951
   ],
   [
    989.3750610351562,
    442.3499450683594,
    0.974
   ],
   [
    1040.089599609375,
    455.75335693359375,
    0.633
   ],
   [
    953.2922973632812,
    469.1840515136719,
    0.85
   ],
   [
    1112.033447265625,
    565.20849609375,
    0.934
   ],
   [
    905.570556640625,
    596.3074340820312,
    0.967
   ],
   [
    1199.2554931640625,
    694.4745483398438,
    0.523
   ],
   [
    874.6525268554688,
    746.3427734375,
    0.711
   ],
   [
    1170.5888671875,
    720.3511962890625,
    -1.0
   ],
   [
    908.6221923828125,
    748.6829833984375,
    0.524
   ],
   [
    1112.869873046875,
    802.389404296875,
    -1.0
   ],
   [
    976.2286376953125,
    817.0197143554688,
    -1.0
   ],
   [
    1149.027587890625,
    836.6217041015625,
    -1.0
   ],
   [
    964.9978637695312,
    851.171630859375,
    -1.0
   ],
   [
    1134.60400390625,
    855.8160400390625,
    -1.0
   ],
   [
    965.24853515625,
    864.474609375,
    -1.0
   ]
  ]
 ],
 "skeleton_percentage": [
  100
 ],
 "angle": [
  99
 ]
}