{
 "frame_index": 1015,
 "skeletons": [
  [
   [
    1019.7088623046875,
    455.6336669921875,
    0.981
   ],
   [
    1029.014892578125,
    438.73480224609375,
    0.933
   ],
   [
    997.4693603515625,
    441.4818115234375,
    0.977
   ],
   [
    1037.8004150390625,
    459.28216552734375,
    -1.0
   ],
   [
    953.9552001953125,
    467.4798583984375,
    0.886
   ],
   [
    1106.372802734375,
    568.8917236328125,
    0.937
   ],
   [
    898.5701293945312,
    595.97412109375,
    0.967
   ],
   [
    1192.957275390625,
    699.5674438476562,
    0.537
   ],
   [
    870.2430419921875,
    749.715087890625,
    0.726
   ],
   [
    1142.4071044921875,
    703.0266723632812,
    -1.0
   ],
   [
    916.4632568359375,
    735.60595703125,
    0.569
   ],
   [
    1109.685791015625,
    803.9371948242188,
    -1.0
   ],
   [
    971.5072631835938,
    817.6485595703125,
    -1.0
   ],
   [
    1149.5244140625,
    821.7177734375,
    -1.0
   ],
   [
    968.9056396484375,
    832.72412109375,
    -1.0
   ],
   [
    1129.752197265625,
    850.987548828125,
    -1.0
   ],
   [
    965.9188232421875,
    851.272216796875,
    -1.0
   ]
  ]
 ],
 "skeleton_percentage": [
  100
 ],
 "angle": [
  99
 ]
}