{
 "frame_index": 1016,
 "skeletons": [
  [
   [
    1024.2440185546875,
    455.640380859375,
    0.984
   ],
   [
    1032.0701904296875,
    439.9800109863281,
    0.926
   ],
   [
    1002.1348876953125,
    441.48345947265625,
    0.983
   ],
   [
    1035.479736328125,
    461.24139404296875,
    -1.0
   ],
   [
    954.3272705078125,
    466.1942138671875,
    0.92
   ],
   [
    1098.654052734375,
    572.4314575195312,
    0.943
   ],
   [
    892.5146484375,
    594.32470703125,
    0.971
   ],
   [
    1187.747314453125,
    701.8825073242188,
    0.554
   ],
   [
    863.0323486328125,
    750.8171997070312,
    0.752
   ],
   [
    1173.8968505859375,
    725.1436767578125,
    -1.0
   ],
   [
    887.6204223632812,
    782.6776123046875,
    0.577
   ],
   [
    1100.19287109375,
    806.6683959960938,
    -1.0
   ],
   [
    964.9686279296875,
    820.0206298828125,
    -1.0
   ],
   [
    1146.001953125,
    832.5263671875,
    -1.0
   ],
   [
    970.765625,
    844.0025024414062,
    -1.0
   ],
   [
    1126.115234375,
    860.9159545898438,
    -1.0
   ],
   [
    976.4459228515625,
    866.2296752929688,
    -1.0
   ]
  ]
 ],
 "skeleton_percentage": [
  100
 ],
 "angle": [
  101
 ]
}