{
 "frame_index": 1017,
 "skeletons": [
  [
   [
    1027.02294921875,
    452.58282470703125,
    0.981
   ],
   [
    1033.65283203125,
    436.8656005859375,
    0.904
   ],
   [
    1005.3704223632812,
    439.1304016113281,
    0.98
   ],
   [
    1034.227294921875,
    458.14306640625,
    -1.0
   ],
   [
    957.407470703125,
    464.1200866699219,
    0.926
   ],
   [
    1099.3037109375,
    571.188232421875,
    0.945
   ],
   [
    891.9732666015625,
    592.0318603515625,
    0.972
   ],
   [
    1187.8240966796875,
    704.5398559570312,
    0.571
   ],
   [
    860.5189208984375,
    750.975830078125,
    0.764
   ],
   [
    1188.7232666015625,
    746.6618041992188,
    -1.0
   ],
   [
    873.0013427734375,
    802.737548828125,
    0.572
   ],
   [
    1097.6395263671875,
    822.5722045898438,
    -1.0
   ],
   [
    961.91015625,
    835.7261352539062,
    0.532
   ],
   [
    1142.83984375,
    899.7482299804688,
    -1.0
   ],
   [
    967.3042602539062,
    913.3822021484375,
    -1.0
   ],
   [
    1121.1943359375,
    934.0093994140625,
    -1.0
   ],
   [
    969.8172607421875,
    945.6110229492188,
    -1.0
   ]
  ],
  [
   [
    1381.824951171875,
    436.71221923828125,
    0.932
   ],
   [
    1392.8560791015625,
    420.4293212890625,
    0.956
   ],
   [
    1376.4285888671875,
    424.538818359375,
    0.77
   ],
   [
    1433.76025390625,
    427.75177001953125,
    0.895
   ],
   [
    1390.091064453125,
    438.7862548828125,
    -1.0
   ],
   [
    1493.2750244140625,
    499.8062438964844,
    0.823
   ],
   [
    1406.96826171875,
    521.5123291015625,
    0.647
   ],
   [
    1548.8076171875,
    521.8632202148438,
    -1.0
   ],
   [
    1421.6280517578125,
    571.0147705078125,
    -1.0
   ],
   [
    1497.3883056640625,
    452.92327880859375,
    -1.0
   ],
   [
    1426.076416015625,
    539.427734375,
    -1.0
   ],
   [
    1515.4859619140625,
    639.9127807617188,
    -1.0
   ],
   [
    1459.9483642578125,
    646.67333984375,
    -1.0
   ],
   [
    1501.90673828125,
    595.8824462890625,
    -1.0
   ],
   [
    1455.281494140625,
    597.7734375,
    -1.0
   ],
   [
    1517.46142578125,
    626.148681640625,
    -1.0
   ],
   [
    1501.77734375,
    634.8843994140625,
    -1.0
   ]
  ]
 ],
 "skeleton_percentage": [
  100,
  100
 ],
 "angle": [
  99,
  80
 ]
}