{
 "frame_index": 1018,
 "skeletons": [
  [
   [
    1027.8739013671875,
    454.748779296875,
    0.977
   ],
   [
    1035.0506591796875,
    438.8982238769531,
    0.884
   ],
   [
    1005.888427734375,
    440.01971435546875,
    0.975
   ],
   [
    1036.6234130859375,
    461.1556091308594,
    -1.0
   ],
   [
    959.750732421875,
    463.9016418457031,
    0.928
   ],
   [
    1099.9630126953125,
    575.912841796875,
    0.961
   ],
   [
    892.0972900390625,
    588.2741088867188,
    0.969
   ],
   [
    1185.260009765625,
    714.402099609375,
    0.647
   ],
   [
    862.5050048828125,
    748.028564453125,
    0.742
   ],
   [
    1195.0987548828125,
    775.5211181640625,
    -1.0
   ],
   [
    886.055908203125,
    796.840576171875,
    0.548
   ],
   [
    1093.8916015625,
    826.034912109375,
    -1.0
   ],
   [
    954.9842529296875,
    836.802734375,
    0.508
   ],
   [
    1158.5374755859375,
    871.803955078125,
    -1.0
   ],
   [
    956.669189453125,
    887.1441650390625,
    -1.0
   ],
   [
    1135.459228515625,
    902.701171875,
    -1.0
   ],
   [
    952.427490234375,
    918.6893920898438,
    -1.0
   ]
  ]
 ],
 "skeleton_percentage": [
  100
 ],
 "angle": [
  101
 ]
}