{
 "frame_index": 1019,
 "skeletons": [
  [
   [
    1035.409423828125,
    456.1951904296875,
    0.965
   ],
   [
    1040.1033935546875,
    440.50213623046875,
    0.806
   ],
   [
    1015.1544189453125,
    440.6458740234375,
    0.964
   ],
   [
    1035.3466796875,
    461.8442687988281,
    -1.0
   ],
   [
    966.634765625,
    461.7435302734375,
    0.935
   ],
   [
    1102.131103515625,
    578.997314453125,
    0.963
   ],
   [
    890.7496948242188,
    587.9327392578125,
    0.967
   ],
   [
    1185.42822265625,
    719.8060913085938,
    0.668
   ],
   [
    864.08056640625,
    747.6659545898438,
    0.741
   ],
   [
    1183.165771484375,
    784.55029296875,
    -1.0
   ],
   [
    899.7452392578125,
    789.9937133789062,
    0.553
   ],
   [
    1098.0128173828125,
    826.73681640625,
    -1.0
   ],
   [
    956.8544311523438,
    836.7383422851562,
    0.501
   ],
   [
    1160.798828125,
    866.9329833984375,
    -1.0
   ],
   [
    961.5913696289062,
    882.8184814453125,
    -1.0
   ],
   [
    1130.64013671875,
    895.91552734375,
    -1.0
   ],
   [
    961.5711669921875,
    910.7498779296875,
    -1.0
   ]
  ]
 ],
 "skeleton_percentage": [
  100
 ],
 "angle": [
  101
 ]
}