{
 "frame_index": 1020,
 "skeletons": [
  [
   [
    1037.6229248046875,
    458.5090026855469,
    0.964
   ],
   [
    1041.530029296875,
    442.4393005371094,
    0.787
   ],
   [
    1018.1832275390625,
    442.3878479003906,
    0.964
   ],
   [
    1034.42431640625,
    461.8942565917969,
    -1.0
   ],
   [
    968.253662109375,
    460.6717529296875,
    0.941
   ],
   [
    1100.2650146484375,
    577.7559204101562,
    0.965
   ],
   [
    888.486328125,
    587.0870361328125,
    0.967
   ],
   [
    1185.35546875,
    718.0496826171875,
    0.685
   ],
   [
    864.3993530273438,
    747.9241333007812,
    0.742
   ],
   [
    1183.8360595703125,
    784.57958984375,
    -1.0
   ],
   [
    907.5733642578125,
    782.9957885742188,
    0.564
   ],
   [
    1098.3115234375,
    824.4402465820312,
    -1.0
   ],
   [
    956.34326171875,
    835.253173828125,
    -1.0
   ],
   [
    1163.938232421875,
    858.793701171875,
    -1.0
   ],
   [
    962.19873046875,
    876.4149169921875,
    -1.0
   ],
   [
    1135.204833984375,
    886.5269165039062,
    -1.0
   ],
   [
    964.1578369140625,
    900.945068359375,
    -1.0
   ]
  ]
 ],
 "skeleton_percentage": [
  100
 ],
 "angle": [
  101
 ]
}