{
 "frame_index": 1021,
 "skeletons": [
  [
   [
    1037.81787109375,
    454.6469421386719,
    0.967
   ],
   [
    1041.9742431640625,
    439.2761535644531,
    0.811
   ],
   [
    1017.3021240234375,
    439.56085205078125,
    0.965
   ],
   [
    1035.941162109375,
    460.7376708984375,
    -1.0
   ],
   [
    967.710205078125,
    461.4537353515625,
    0.935
   ],
   [
    1100.3387451171875,
    574.4935302734375,
    0.965
   ],
   [
    891.6696166992188,
    586.3150024414062,
    0.967
   ],
   [
    1186.9656982421875,
    710.2265625,
    0.696
   ],
   [
    862.1640014648438,
    744.943359375,
    0.752
   ],
   [
    1187.420166015625,
    773.6519165039062,
    -1.0
   ],
   [
    894.8659057617188,
    789.5897827148438,
    0.574
   ],
   [
    1097.8541259765625,
    821.2428588867188,
    -1.0
   ],
   [
    957.781494140625,
    832.6576538085938,
    -1.0
   ],
   [
    1161.289794921875,
    854.3889770507812,
    -1.0
   ],
   [
    958.1429443359375,
    871.2973022460938,
    -1.0
   ],
   [
    1141.25927734375,
    882.817138671875,
    -1.0
   ],
   [
    960.457763671875,
    897.58056640625,
    -1.0
   ]
  ]
 ],
 "skeleton_percentage": [
  100
 ],
 "angle": [
  100
 ]
}