{
 "frame_index": 1022,
 "skeletons": [
  [
   [
    1045.315673828125,
    451.86016845703125,
    0.961
   ],
   [
    1048.0777587890625,
    437.4505920410156,
    0.768
   ],
   [
    1025.4566650390625,
    437.2086181640625,
    0.96
   ],
   [
    1038.8509521484375,
    460.04376220703125,
    -1.0
   ],
   [
    975.1788330078125,
    459.78204345703125,
    0.937
   ],
   [
    1101.451904296875,
    571.8724365234375,
    0.965
   ],
   [
    895.3939208984375,
    582.7921142578125,
    0.967
   ],
   [
    1188.890869140625,
    702.93017578125,
    0.716
   ],
   [
    863.852783203125,
    738.0445556640625,
    0.764
   ],
   [
    1187.2071533203125,
    754.4987182617188,
    0.514
   ],
   [
    902.6259765625,
    771.6040649414062,
    0.606
   ],
   [
    1096.2757568359375,
    814.0720825195312,
    -1.0
   ],
   [
    957.6904296875,
    825.83056640625,
    0.509
   ],
   [
    1169.4072265625,
    836.2581787109375,
    -1.0
   ],
   [
    967.65087890625,
    853.3140869140625,
    -1.0
   ],
   [
    1150.64892578125,
    868.883056640625,
    -1.0
   ],
   [
    968.0092163085938,
    883.13525390625,
    -1.0
   ]
  ]
 ],
 "skeleton_percentage": [
  100
 ],
 "angle": [
  99
 ]
}