{
 "frame_index": 1023,
 "skeletons": [
  [
   [
    1045.14013671875,
    453.0496826171875,
    0.962
   ],
   [
    1048.00244140625,
    438.554931640625,
    0.77
   ],
   [
    1025.43115234375,
    438.2547912597656,
    0.961
   ],
   [
    1038.851318359375,
    460.7141418457031,
    -1.0
   ],
   [
    974.99560546875,
    460.0853576660156,
    0.938
   ],
   [
    1101.112060546875,
    571.9810180664062,
    0.965
   ],
   [
    895.1214599609375,
    582.5940551757812,
    0.967
   ],
   [
    1188.5166015625,
    703.435302734375,
    0.718
   ],
   [
    864.0263671875,
    738.11669921875,
    0.767
   ],
   [
    1187.22509765625,
    754.955322265625,
    0.516
   ],
   [
    901.5785522460938,
    771.769775390625,
    0.61
   ],
   [
    1096.69140625,
    813.3387451171875,
    -1.0
   ],
   [
    957.9010009765625,
    825.036376953125,
    0.511
   ],
   [
    1171.650390625,
    834.6428833007812,
    -1.0
   ],
   [
    968.276123046875,
    851.533935546875,
    -1.0
   ],
   [
    1152.719482421875,
    866.2626342773438,
    -1.0
   ],
   [
    967.5968627929688,
    880.118408203125,
    -1.0
   ]
  ]
 ],
 "skeleton_percentage": [
  100
 ],
 "angle": [
  99
 ]
}