{
 "frame_index": 1024,
 "skeletons": [
  [
   [
    1049.335693359375,
    461.537109375,
    0.971
   ],
   [
    1052.7586669921875,
    446.0971984863281,
    0.801
   ],
   [
    1030.378173828125,
    445.55889892578125,
    0.972
   ],
   [
    1044.2637939453125,
    463.84124755859375,
    -1.0
   ],
   [
    978.08447265625,
    461.08489990234375,
    0.948
   ],
   [
    1103.2569580078125,
    571.1209716796875,
    0.968
   ],
   [
    897.2764892578125,
    580.2968139648438,
    0.969
   ],
   [
    1191.497314453125,
    698.38623046875,
    0.729
   ],
   [
    867.8845825195312,
    734.5241088867188,
    0.78
   ],
   [
    1194.9718017578125,
    749.75537109375,
    0.534
   ],
   [
    906.286376953125,
    781.4014892578125,
    0.63
   ],
   [
    1101.7735595703125,
    809.1535034179688,
    0.505
   ],
   [
    962.4633178710938,
    820.4949951171875,
    0.515
   ],
   [
    1174.63818359375,
    833.1002197265625,
    -1.0
   ],
   [
    969.9479370117188,
    848.4093017578125,
    -1.0
   ],
   [
    1153.82421875,
    857.5970458984375,
    -1.0
   ],
   [
    967.0953369140625,
    869.3587646484375,
    -1.0
   ]
  ]
 ],
 "skeleton_percentage": [
  100
 ],
 "angle": [
  99
 ]
}