{
 "frame_index": 1025,
 "skeletons": [
  [
   [
    1053.6697998046875,
    447.8758850097656,
    0.977
   ],
   [
    1057.8326416015625,
    432.51751708984375,
    0.869
   ],
   [
    1031.5185546875,
    433.881103515625,
    0.976
   ],
   [
    1051.680419921875,
    453.60968017578125,
    -1.0
   ],
   [
    977.903076171875,
    459.1288146972656,
    0.931
   ],
   [
    1109.715087890625,
    566.889892578125,
    0.955
   ],
   [
    907.7017822265625,
    587.0175170898438,
    0.973
   ],
   [
    1195.945068359375,
    700.4541015625,
    0.645
   ],
   [
    866.9078979492188,
    747.005859375,
    0.783
   ],
   [
    1177.7509765625,
    720.8214721679688,
    -1.0
   ],
   [
    897.9588623046875,
    771.3802490234375,
    0.63
   ],
   [
    1099.7745361328125,
    804.4498901367188,
    -1.0
   ],
   [
    966.19677734375,
    817.6815185546875,
    -1.0
   ],
   [
    1149.2705078125,
    812.3464965820312,
    -1.0
   ],
   [
    974.9853515625,
    825.5079345703125,
    -1.0
   ],
   [
    1122.56396484375,
    828.125732421875,
    -1.0
   ],
   [
    966.4940185546875,
    837.135498046875,
    -1.0
   ]
  ]
 ],
 "skeleton_percentage": [
  100
 ],
 "angle": [
  97
 ]
}