{
 "frame_index": 1026,
 "skeletons": [
  [
   [
    1053.491455078125,
    447.4717712402344,
    0.977
   ],
   [
    1057.585205078125,
    432.1932373046875,
    0.87
   ],
   [
    1031.23583984375,
    433.68914794921875,
    0.976
   ],
   [
    1051.468994140625,
    453.45867919921875,
    -1.0
   ],
   [
    977.8214721679688,
    459.3797607421875,
    0.931
   ],
   [
    1109.7275390625,
    566.4385986328125,
    0.956
   ],
   [
    908.1282348632812,
    586.9517822265625,
    0.974
   ],
   [
    1195.72021484375,
    699.9164428710938,
    0.65
   ],
   [
    866.9756469726562,
    746.9814453125,
    0.788
   ],
   [
    1178.2254638671875,
    721.634521484375,
    -1.0
   ],
   [
    896.495361328125,
    773.381103515625,
    0.635
   ],
   [
    1099.91259765625,
    804.6088256835938,
    -1.0
   ],
   [
    966.6009521484375,
    817.927978515625,
    -1.0
   ],
   [
    1148.580322265625,
    813.0858154296875,
    -1.0
   ],
   [
    973.9210205078125,
    826.4353637695312,
    -1.0
   ],
   [
    1122.1063232421875,
    828.8424682617188,
    -1.0
   ],
   [
    965.058349609375,
    838.3621215820312,
    -1.0
   ]
  ]
 ],
 "skeleton_percentage": [
  100
 ],
 "angle": [
  97
 ]
}