{
 "frame_index": 1027,
 "skeletons": [
  [
   [
    1051.63037109375,
    438.7865295410156,
    0.979
   ],
   [
    1060.1116943359375,
    423.0334167480469,
    0.916
   ],
   [
    1027.271240234375,
    426.18096923828125,
    0.976
   ],
   [
    1064.46044921875,
    447.66241455078125,
    -1.0
   ],
   [
    979.270751953125,
    457.75079345703125,
    0.905
   ],
   [
    1126.3902587890625,
    564.6014404296875,
    0.95
   ],
   [
    915.552978515625,
    583.5452880859375,
    0.973
   ],
   [
    1206.839111328125,
    706.0831909179688,
    0.612
   ],
   [
    871.0629272460938,
    740.2260131835938,
    0.772
   ],
   [
    1186.3377685546875,
    736.8316040039062,
    -1.0
   ],
   [
    899.40625,
    767.8673095703125,
    0.6
   ],
   [
    1103.9193115234375,
    809.849609375,
    -1.0
   ],
   [
    965.2545776367188,
    821.0549926757812,
    -1.0
   ],
   [
    1153.816650390625,
    849.35888671875,
    -1.0
   ],
   [
    975.5137939453125,
    861.00439453125,
    -1.0
   ],
   [
    1125.0927734375,
    869.5043334960938,
    -1.0
   ],
   [
    965.1783447265625,
    882.930908203125,
    -1.0
   ]
  ]
 ],
 "skeleton_percentage": [
  100
 ],
 "angle": [
  93
 ]
}