{
 "frame_index": 1028,
 "skeletons": [
  [
   [
    1051.3763427734375,
    438.8489990234375,
    0.98
   ],
   [
    1060.054931640625,
    423.03521728515625,
    0.918
   ],
   [
    1027.025634765625,
    426.25225830078125,
    0.976
   ],
   [
    1064.8233642578125,
    447.68255615234375,
    -1.0
   ],
   [
    979.3826293945312,
    457.8292236328125,
    0.905
   ],
   [
    1127.04736328125,
    564.6165771484375,
    0.95
   ],
   [
    916.0380249023438,
    583.5042114257812,
    0.973
   ],
   [
    1208.259033203125,
    705.9782104492188,
    0.609
   ],
   [
    871.6875,
    740.3161010742188,
    0.775
   ],
   [
    1188.006591796875,
    736.39208984375,
    -1.0
   ],
   [
    898.4949951171875,
    770.6856689453125,
    0.601
   ],
   [
    1104.4827880859375,
    812.22119140625,
    -1.0
   ],
   [
    965.7064208984375,
    823.30859375,
    0.506
   ],
   [
    1154.028076171875,
    857.3618774414062,
    -1.0
   ],
   [
    975.44677734375,
    868.614990234375,
    -1.0
   ],
   [
    1126.1865234375,
    879.6383056640625,
    -1.0
   ],
   [
    965.3054809570312,
    892.968017578125,
    -1.0
   ]
  ]
 ],
 "skeleton_percentage": [
  100
 ],
 "angle": [
  93
 ]
}