{
 "frame_index": 1029,
 "skeletons": [
  [
   [
    1054.17578125,
    439.66351318359375,
    0.981
   ],
   [
    1064.1083984375,
    423.0376281738281,
    0.927
   ],
   [
    1029.280517578125,
    426.48126220703125,
    0.977
   ],
   [
    1071.29833984375,
    446.737060546875,
    -1.0
   ],
   [
    982.2742309570312,
    457.03436279296875,
    0.901
   ],
   [
    1134.5174560546875,
    560.4569091796875,
    0.947
   ],
   [
    922.8012084960938,
    582.2396240234375,
    0.973
   ],
   [
    1218.6002197265625,
    700.1246337890625,
    0.592
   ],
   [
    881.7072143554688,
    742.4735107421875,
    0.778
   ],
   [
    1208.06787109375,
    733.0768432617188,
    -1.0
   ],
   [
    907.766845703125,
    776.2520141601562,
    0.597
   ],
   [
    1118.1229248046875,
    810.7166748046875,
    -1.0
   ],
   [
    978.2384033203125,
    822.9911499023438,
    -1.0
   ],
   [
    1163.15283203125,
    854.8936157226562,
    -1.0
   ],
   [
    977.9397583007812,
    867.7158203125,
    -1.0
   ],
   [
    1132.76025390625,
    883.0087280273438,
    -1.0
   ],
   [
    963.1895751953125,
    896.7061157226562,
    -1.0
   ]
  ]
 ],
 "skeleton_percentage": [
  100
 ],
 "angle": [
  90
 ]
}