{
 "frame_index": 1030,
 "skeletons": [
  [
   [
    1039.97216796875,
    441.3057861328125,
    0.983
   ],
   [
    1056.37158203125,
    422.73443603515625,
    0.955
   ],
   [
    1018.7986450195312,
    425.61114501953125,
    0.972
   ],
   [
    1078.189697265625,
    441.7132568359375,
    0.68
   ],
   [
    984.9706420898438,
    448.42340087890625,
    0.83
   ],
   [
    1144.6175537109375,
    555.77880859375,
    0.954
   ],
   [
    931.603759765625,
    576.1902465820312,
    0.977
   ],
   [
    1222.958740234375,
    695.0294189453125,
    0.655
   ],
   [
    887.4515991210938,
    732.8326416015625,
    0.8
   ],
   [
    1203.339111328125,
    750.4736328125,
    -1.0
   ],
   [
    901.5516357421875,
    785.4801635742188,
    0.624
   ],
   [
    1127.4124755859375,
    825.1759643554688,
    0.604
   ],
   [
    987.4896240234375,
    834.5648803710938,
    0.664
   ],
   [
    1153.4359130859375,
    932.5599975585938,
    -1.0
   ],
   [
    977.8485717773438,
    940.4652099609375,
    -1.0
   ],
   [
    1127.805419921875,
    970.2030029296875,
    -1.0
   ],
   [
    974.910888671875,
    974.3909912109375,
    -1.0
   ]
  ]
 ],
 "skeleton_percentage": [
  100
 ],
 "angle": [
  89
 ]
}