{
 "frame_index": 1031,
 "skeletons": [
  [
   [
    1042.0469970703125,
    430.9082336425781,
    0.987
   ],
   [
    1057.3831787109375,
    413.24871826171875,
    0.97
   ],
   [
    1019.9862060546875,
    416.29095458984375,
    0.981
   ],
   [
    1080.226806640625,
    433.7632141113281,
    0.745
   ],
   [
    988.7927856445312,
    440.8626708984375,
    0.863
   ],
   [
    1151.2606201171875,
    546.3580932617188,
    0.951
   ],
   [
    937.5100708007812,
    565.8016357421875,
    0.975
   ],
   [
    1233.588134765625,
    687.7350463867188,
    0.637
   ],
   [
    894.9603271484375,
    723.2914428710938,
    0.787
   ],
   [
    1220.171142578125,
    726.4771728515625,
    -1.0
   ],
   [
    935.33935546875,
    747.5936279296875,
    0.627
   ],
   [
    1145.0484619140625,
    806.0245971679688,
    -1.0
   ],
   [
    1005.4854736328125,
    816.951416015625,
    -1.0
   ],
   [
    1194.1234130859375,
    874.4022216796875,
    -1.0
   ],
   [
    1010.33642578125,
    883.3968505859375,
    -1.0
   ],
   [
    1180.886962890625,
    908.417236328125,
    -1.0
   ],
   [
    1001.389404296875,
    915.384765625,
    -1.0
   ]
  ]
 ],
 "skeleton_percentage": [
  100
 ],
 "angle": [
  88
 ]
}