{
 "frame_index": 1032,
 "skeletons": [
  [
   [
    1043.501708984375,
    431.2430419921875,
    0.988
   ],
   [
    1058.2913818359375,
    413.6662902832031,
    0.97
   ],
   [
    1021.6263427734375,
    416.5806884765625,
    0.982
   ],
   [
    1079.8709716796875,
    433.7939453125,
    0.733
   ],
   [
    989.720703125,
    440.644287109375,
    0.867
   ],
   [
    1151.443115234375,
    545.01611328125,
    0.956
   ],
   [
    937.6453857421875,
    565.4385986328125,
    0.976
   ],
   [
    1236.5955810546875,
    685.612060546875,
    0.672
   ],
   [
    895.0693359375,
    724.317138671875,
    0.802
   ],
   [
    1220.090087890625,
    722.6890869140625,
    0.532
   ],
   [
    934.8995361328125,
    746.975341796875,
    0.652
   ],
   [
    1144.7967529296875,
    809.642822265625,
    -1.0
   ],
   [
    1004.91162109375,
    820.6439208984375,
    0.519
   ],
   [
    1190.6826171875,
    882.9974365234375,
    -1.0
   ],
   [
    1005.9215698242188,
    891.8040161132812,
    -1.0
   ],
   [
    1175.35888671875,
    920.7749633789062,
    -1.0
   ],
   [
    992.352783203125,
    926.0146484375,
    -1.0
   ]
  ]
 ],
 "skeleton_percentage": [
  100
 ],
 "angle": [
  88
 ]
}