{
 "frame_index": 1033,
 "skeletons": [
  [
   [
    1048.235107421875,
    424.7344665527344,
    0.987
   ],
   [
    1064.2857666015625,
    405.6094665527344,
    0.972
   ],
   [
    1027.873046875,
    411.61834716796875,
    0.977
   ],
   [
    1090.73779296875,
    425.90667724609375,
    0.795
   ],
   [
    1003.69384765625,
    440.3009033203125,
    0.812
   ],
   [
    1171.578857421875,
    540.3877563476562,
    0.953
   ],
   [
    953.7255859375,
    572.512451171875,
    0.977
   ],
   [
    1255.7781982421875,
    688.4389038085938,
    0.61
   ],
   [
    907.5382690429688,
    735.2943115234375,
    0.772
   ],
   [
    1234.953125,
    769.0695190429688,
    -1.0
   ],
   [
    922.1666259765625,
    778.261962890625,
    0.567
   ],
   [
    1158.121826171875,
    819.650390625,
    0.512
   ],
   [
    1017.19384765625,
    831.7926635742188,
    0.589
   ],
   [
    1174.6580810546875,
    945.531982421875,
    -1.0
   ],
   [
    996.92578125,
    958.717529296875,
    -1.0
   ],
   [
    1156.18603515625,
    1008.030029296875,
    -1.0
   ],
   [
    998.3091430664062,
    1015.2100830078125,
    -1.0
   ]
  ]
 ],
 "skeleton_percentage": [
  100
 ],
 "angle": [
  89
 ]
}