{
 "frame_index": 1034,
 "skeletons": [
  [
   [
    1057.2005615234375,
    421.83770751953125,
    0.984
   ],
   [
    1073.22265625,
    400.25274658203125,
    0.972
   ],
   [
    1036.1248779296875,
    409.4383850097656,
    0.969
   ],
   [
    1104.56884765625,
    417.4989013671875,
    0.836
   ],
   [
    1016.7392578125,
    438.8897705078125,
    0.758
   ],
   [
    1192.855224609375,
    529.60595703125,
    0.944
   ],
   [
    972.031494140625,
    571.8455200195312,
    0.973
   ],
   [
    1287.8807373046875,
    659.65625,
    0.575
   ],
   [
    919.752685546875,
    732.357421875,
    0.747
   ],
   [
    1285.50537109375,
    696.65380859375,
    -1.0
   ],
   [
    936.401123046875,
    781.5135498046875,
    0.532
   ],
   [
    1188.6356201171875,
    802.799560546875,
    -1.0
   ],
   [
    1046.0142822265625,
    820.234130859375,
    0.534
   ],
   [
    1201.1771240234375,
    908.1769409179688,
    -1.0
   ],
   [
    1016.6046752929688,
    926.7866821289062,
    -1.0
   ],
   [
    1193.521240234375,
    967.7444458007812,
    -1.0
   ],
   [
    1026.30322265625,
    987.611572265625,
    -1.0
   ]
  ]
 ],
 "skeleton_percentage": [
  100
 ],
 "angle": [
  85
 ]
}