{
 "frame_index": 1035,
 "skeletons": [
  [
   [
    1059.2989501953125,
    422.83978271484375,
    0.986
   ],
   [
    1073.7108154296875,
    401.01422119140625,
    0.976
   ],
   [
    1036.0914306640625,
    410.49786376953125,
    0.972
   ],
   [
    1104.69677734375,
    417.5174560546875,
    0.862
   ],
   [
    1017.8519897460938,
    439.3731689453125,
    0.798
   ],
   [
    1189.345947265625,
    527.5869750976562,
    0.963
   ],
   [
    977.832763671875,
    562.5540161132812,
    0.979
   ],
   [
    1274.94580078125,
    657.899169921875,
    0.732
   ],
   [
    919.6138916015625,
    720.9903564453125,
    0.827
   ],
   [
    1273.5516357421875,
    688.3870239257812,
    0.604
   ],
   [
    972.64208984375,
    758.8851928710938,
    0.68
   ],
   [
    1184.2596435546875,
    810.6536865234375,
    0.585
   ],
   [
    1044.310791015625,
    827.9419555664062,
    0.643
   ],
   [
    1228.66015625,
    893.0443725585938,
    -1.0
   ],
   [
    1024.376220703125,
    913.1266479492188,
    -1.0
   ],
   [
    1225.3388671875,
    957.1295166015625,
    -1.0
   ],
   [
    1001.4229736328125,
    987.019775390625,
    -1.0
   ]
  ]
 ],
 "skeleton_percentage": [
  100
 ],
 "angle": [
  86
 ]
}