{
 "frame_index": 1036,
 "skeletons": [
  [
   [
    1086.172119140625,
    421.0181579589844,
    0.98
   ],
   [
    1102.22412109375,
    399.1798095703125,
    0.925
   ],
   [
    1062.8126220703125,
    404.45263671875,
    0.969
   ],
   [
    1124.0989990234375,
    415.77294921875,
    0.641
   ],
   [
    1031.45361328125,
    429.3466796875,
    0.873
   ],
   [
    1190.996826171875,
    537.5176391601562,
    0.971
   ],
   [
    983.9533081054688,
    565.7885131835938,
    0.99
   ],
   [
    1280.638916015625,
    672.252685546875,
    0.702
   ],
   [
    949.1185913085938,
    741.6917724609375,
    0.912
   ],
   [
    1299.4027099609375,
    724.87890625,
    0.545
   ],
   [
    922.7316284179688,
    835.0213623046875,
    0.772
   ],
   [
    1143.932373046875,
    854.2335205078125,
    0.854
   ],
   [
    1012.9442138671875,
    861.058837890625,
    0.917
   ],
   [
    1104.117431640625,
    1011.2999267578125,
    -1.0
   ],
   [
    961.3153076171875,
    1021.54833984375,
    -1.0
   ],
   [
    1057.190185546875,
    1080.0,
    -1.0
   ],
   [
    974.075439453125,
    1080.0,
    -1.0
   ]
  ],
  [
   [
    1087.9383544921875,
    417.15869140625,
    0.989
   ],
   [
    1100.734619140625,
    397.0311584472656,
    0.964
   ],
   [
    1064.0052490234375,
    403.1800537109375,
    0.983
   ],
   [
    1118.65087890625,
    415.4410400390625,
    0.63
   ],
   [
    1029.4864501953125,
    431.0369567871094,
    0.877
   ],
   [
    1190.667236328125,
    522.5969848632812,
    0.955
   ],
   [
    987.6478271484375,
    561.6754150390625,
    0.983
   ],
   [
    1293.36279296875,
    637.9400024414062,
    0.644
   ],
   [
    946.4891967773438,
    723.1309814453125,
    0.854
   ],
   [
    1312.24560546875,
    673.97265625,
    0.521
   ],
   [
    938.0054931640625,
    791.4732666015625,
    0.697
   ],
   [
    1182.3057861328125,
    811.3369140625,
    0.665
   ],
   [
    1051.864501953125,
    826.801513671875,
    0.757
   ],
   [
    1168.776611328125,
    955.52294921875,
    -1.0
   ],
   [
    1006.1988525390625,
    972.0796508789062,
    -1.0
   ],
   [
    1141.142333984375,
    1048.7918701171875,
    -1.0
   ],
   [
    993.328125,
    1064.320068359375,
    -1.0
   ]
  ]
 ],
 "skeleton_percentage": [
  100,
  100
 ],
 "angle": [
  135,
  86
 ]
}