{
 "frame_index": 1037,
 "skeletons": [
  [
   [
    1114.9727783203125,
    394.26690673828125,
    0.987
   ],
   [
    1126.5465087890625,
    371.7195739746094,
    0.975
   ],
   [
    1088.8782958984375,
    384.35552978515625,
    0.977
   ],
   [
    1152.2945556640625,
    387.7251892089844,
    0.821
   ],
   [
    1065.3634033203125,
    418.0815124511719,
    0.827
   ],
   [
    1237.7860107421875,
    496.54229736328125,
    0.967
   ],
   [
    1027.02197265625,
    543.3234252929688,
    0.98
   ],
   [
    1337.75439453125,
    623.487060546875,
    0.737
   ],
   [
    972.1329345703125,
    708.3660278320312,
    0.819
   ],
   [
    1371.1279296875,
    631.185546875,
    0.6
   ],
   [
    978.6890869140625,
    753.3402099609375,
    0.653
   ],
   [
    1230.76953125,
    776.0798950195312,
    0.632
   ],
   [
    1094.5484619140625,
    797.9089965820312,
    0.675
   ],
   [
    1263.4654541015625,
    868.646728515625,
    -1.0
   ],
   [
    1065.27294921875,
    895.4595947265625,
    -1.0
   ],
   [
    1250.5537109375,
    931.31396484375,
    -1.0
   ],
   [
    1039.489501953125,
    972.8267211914062,
    -1.0
   ]
  ],
  [
   [
    1113.3060302734375,
    393.9092102050781,
    0.986
   ],
   [
    1127.9898681640625,
    370.88067626953125,
    0.957
   ],
   [
    1087.684814453125,
    380.4079284667969,
    0.974
   ],
   [
    1153.7861328125,
    388.2392578125,
    0.726
   ],
   [
    1057.6873779296875,
    412.3818054199219,
    0.835
   ],
   [
    1227.5322265625,
    509.7765197753906,
    0.98
   ],
   [
    1027.945068359375,
    548.423828125,
    0.986
   ],
   [
    1334.6190185546875,
    624.9267578125,
    0.79
   ],
   [
    990.156005859375,
    723.1567993164062,
    0.869
   ],
   [
    1358.5723876953125,
    630.1657104492188,
    0.653
   ],
   [
    952.1764526367188,
    809.4288330078125,
    0.728
   ],
   [
    1196.965087890625,
    815.981201171875,
    0.891
   ],
   [
    1071.0675048828125,
    825.1497802734375,
    0.914
   ],
   [
    1151.90966796875,
    992.327880859375,
    -1.0
   ],
   [
    1012.064453125,
    1001.3809814453125,
    0.528
   ],
   [
    1114.367919921875,
    1065.2293701171875,
    -1.0
   ],
   [
    1007.1944580078125,
    1080.0,
    -1.0
   ]
  ]
 ],
 "skeleton_percentage": [
  100,
  100
 ],
 "angle": [
  84,
  126
 ]
}