{
 "frame_index": 1038,
 "skeletons": [
  [
   [
    1129.52734375,
    388.3330078125,
    0.987
   ],
   [
    1141.462158203125,
    364.50640869140625,
    0.975
   ],
   [
    1104.328369140625,
    376.5782775878906,
    0.969
   ],
   [
    1169.222412109375,
    379.4576110839844,
    0.831
   ],
   [
    1083.05224609375,
    407.9299621582031,
    0.767
   ],
   [
    1255.1533203125,
    483.297119140625,
    0.977
   ],
   [
    1046.6143798828125,
    536.087158203125,
    0.979
   ],
   [
    1353.83544921875,
    602.54541015625,
    0.859
   ],
   [
    995.8782958984375,
    707.4879150390625,
    0.849
   ],
   [
    1399.580322265625,
    587.576171875,
    0.765
   ],
   [
    1026.921630859375,
    721.5310668945312,
    0.741
   ],
   [
    1276.9366455078125,
    775.6025390625,
    0.718
   ],
   [
    1134.228515625,
    804.2017822265625,
    0.715
   ],
   [
    1351.320068359375,
    863.771728515625,
    -1.0
   ],
   [
    1113.85205078125,
    898.92578125,
    -1.0
   ],
   [
    1366.2978515625,
    923.6848754882812,
    -1.0
   ],
   [
    1086.0245361328125,
    969.8746337890625,
    -1.0
   ]
  ]
 ],
 "skeleton_percentage": [
  100
 ],
 "angle": [
  82
 ]
}