{
 "frame_index": 1039,
 "skeletons": [
  [
   [
    1139.0635986328125,
    384.3489990234375,
    0.983
   ],
   [
    1152.90283203125,
    357.50445556640625,
    0.973
   ],
   [
    1113.534423828125,
    371.01727294921875,
    0.959
   ],
   [
    1186.29248046875,
    368.9508361816406,
    0.867
   ],
   [
    1096.43212890625,
    400.81866455078125,
    0.719
   ],
   [
    1277.651611328125,
    477.205810546875,
    0.969
   ],
   [
    1064.8021240234375,
    533.061279296875,
    0.976
   ],
   [
    1390.90576171875,
    593.828369140625,
    0.792
   ],
   [
    1013.21484375,
    698.85888671875,
    0.81
   ],
   [
    1409.62109375,
    596.5980834960938,
    0.68
   ],
   [
    1045.72802734375,
    715.2159423828125,
    0.677
   ],
   [
    1290.190185546875,
    784.1716918945312,
    0.629
   ],
   [
    1144.447998046875,
    811.4525756835938,
    0.653
   ],
   [
    1347.8519287109375,
    854.7654418945312,
    -1.0
   ],
   [
    1111.79736328125,
    888.5037841796875,
    -1.0
   ],
   [
    1373.1580810546875,
    911.3054809570312,
    -1.0
   ],
   [
    1104.67529296875,
    954.89892578125,
    -1.0
   ]
  ]
 ],
 "skeleton_percentage": [
  100
 ],
 "angle": [
  82
 ]
}