{
 "frame_index": 1040,
 "skeletons": [
  [
   [
    1148.15576171875,
    376.71990966796875,
    0.984
   ],
   [
    1163.074462890625,
    349.3466796875,
    0.976
   ],
   [
    1121.3355712890625,
    364.9405517578125,
    0.957
   ],
   [
    1199.648681640625,
    361.8223571777344,
    0.888
   ],
   [
    1103.210205078125,
    399.28497314453125,
    0.684
   ],
   [
    1295.8602294921875,
    472.07666015625,
    0.97
   ],
   [
    1078.147705078125,
    532.9093627929688,
    0.977
   ],
   [
    1414.592041015625,
    605.8012084960938,
    0.793
   ],
   [
    1031.593017578125,
    701.6076049804688,
    0.807
   ],
   [
    1377.091796875,
    666.0262451171875,
    0.654
   ],
   [
    1049.576416015625,
    731.4551391601562,
    0.648
   ],
   [
    1296.41357421875,
    799.3225708007812,
    0.603
   ],
   [
    1146.820556640625,
    823.303466796875,
    0.63
   ],
   [
    1333.992431640625,
    855.1766967773438,
    -1.0
   ],
   [
    1092.3994140625,
    884.5303344726562,
    -1.0
   ],
   [
    1357.1729736328125,
    895.97900390625,
    -1.0
   ],
   [
    1079.6519775390625,
    928.129638671875,
    -1.0
   ]
  ]
 ],
 "skeleton_percentage": [
  100
 ],
 "angle": [
  82
 ]
}