{
 "frame_index": 1041,
 "skeletons": [
  [
   [
    1147.804443359375,
    376.74127197265625,
    0.984
   ],
   [
    1162.876708984375,
    349.4197082519531,
    0.977
   ],
   [
    1121.16015625,
    364.9400939941406,
    0.957
   ],
   [
    1199.766357421875,
    361.65838623046875,
    0.89
   ],
   [
    1103.026123046875,
    398.97650146484375,
    0.678
   ],
   [
    1295.365234375,
    471.3232727050781,
    0.971
   ],
   [
    1078.041015625,
    532.630126953125,
    0.977
   ],
   [
    1413.619873046875,
    604.4326171875,
    0.801
   ],
   [
    1031.505126953125,
    701.0281372070312,
    0.809
   ],
   [
    1371.354248046875,
    666.77685546875,
    0.667
   ],
   [
    1049.4361572265625,
    731.5413208007812,
    0.654
   ],
   [
    1295.3990478515625,
    797.521240234375,
    0.61
   ],
   [
    1146.0869140625,
    821.4700927734375,
    0.634
   ],
   [
    1330.806396484375,
    853.502685546875,
    -1.0
   ],
   [
    1091.1322021484375,
    882.6678466796875,
    -1.0
   ],
   [
    1354.346923828125,
    893.6676635742188,
    -1.0
   ],
   [
    1079.4912109375,
    924.5751342773438,
    -1.0
   ]
  ]
 ],
 "skeleton_percentage": [
  100
 ],
 "angle": [
  82
 ]
}