{
 "frame_index": 1042,
 "skeletons": [
  [
   [
    1170.35546875,
    366.12469482421875,
    0.986
   ],
   [
    1182.7366943359375,
    340.3751220703125,
    0.969
   ],
   [
    1143.9840087890625,
    353.82550048828125,
    0.969
   ],
   [
    1210.90283203125,
    353.0981140136719,
    0.808
   ],
   [
    1119.63818359375,
    385.6991271972656,
    0.774
   ],
   [
    1302.36962890625,
    462.2174377441406,
    0.971
   ],
   [
    1091.3509521484375,
    517.249755859375,
    0.984
   ],
   [
    1424.3885498046875,
    596.4686279296875,
    0.797
   ],
   [
    1047.747802734375,
    683.6114501953125,
    0.875
   ],
   [
    1401.0252685546875,
    658.916259765625,
    0.67
   ],
   [
    1050.563720703125,
    718.827880859375,
    0.745
   ],
   [
    1313.06787109375,
    781.5107421875,
    0.696
   ],
   [
    1167.801513671875,
    804.1961059570312,
    0.752
   ],
   [
    1360.988525390625,
    862.7916259765625,
    -1.0
   ],
   [
    1121.76220703125,
    888.6128540039062,
    -1.0
   ],
   [
    1384.491455078125,
    909.001953125,
    -1.0
   ],
   [
    1105.021240234375,
    935.3702392578125,
    -1.0
   ]
  ]
 ],
 "skeleton_percentage": [
  100
 ],
 "angle": [
  82
 ]
}