{
 "frame_index": 1043,
 "skeletons": [
  [
   [
    1182.27783203125,
    356.7404479980469,
    0.984
   ],
   [
    1194.511962890625,
    333.9888610839844,
    0.96
   ],
   [
    1154.7138671875,
    342.8001708984375,
    0.97
   ],
   [
    1219.296630859375,
    354.263427734375,
    0.68
   ],
   [
    1122.486572265625,
    377.57135009765625,
    0.759
   ],
   [
    1306.216064453125,
    463.9803466796875,
    0.945
   ],
   [
    1099.072021484375,
    516.0504760742188,
    0.974
   ],
   [
    1438.92138671875,
    587.8884887695312,
    0.692
   ],
   [
    1063.5958251953125,
    679.2687377929688,
    0.842
   ],
   [
    1433.6839599609375,
    637.3260498046875,
    0.568
   ],
   [
    1053.2169189453125,
    707.90576171875,
    0.709
   ],
   [
    1345.9844970703125,
    779.4083862304688,
    -1.0
   ],
   [
    1201.231689453125,
    802.5286865234375,
    0.549
   ],
   [
    1410.3255615234375,
    776.817138671875,
    -1.0
   ],
   [
    1158.533203125,
    797.6273193359375,
    -1.0
   ],
   [
    1443.0238037109375,
    812.7945556640625,
    -1.0
   ],
   [
    1143.9005126953125,
    823.7969970703125,
    -1.0
   ]
  ]
 ],
 "skeleton_percentage": [
  100
 ],
 "angle": [
  82
 ]
}