{
 "frame_index": 1044,
 "skeletons": [
  [
   [
    1183.302001953125,
    356.1175231933594,
    0.985
   ],
   [
    1195.48193359375,
    333.969482421875,
    0.96
   ],
   [
    1155.921630859375,
    341.87664794921875,
    0.971
   ],
   [
    1219.25634765625,
    355.1722412109375,
    0.669
   ],
   [
    1121.9564208984375,
    376.45953369140625,
    0.765
   ],
   [
    1306.9876708984375,
    465.1643371582031,
    0.95
   ],
   [
    1097.306640625,
    515.5912475585938,
    0.974
   ],
   [
    1440.718994140625,
    591.989013671875,
    0.715
   ],
   [
    1064.0660400390625,
    680.7400512695312,
    0.841
   ],
   [
    1432.274658203125,
    650.6566772460938,
    0.581
   ],
   [
    1055.336181640625,
    708.1023559570312,
    0.708
   ],
   [
    1347.2208251953125,
    782.1270751953125,
    -1.0
   ],
   [
    1199.270751953125,
    804.0763549804688,
    0.558
   ],
   [
    1411.0030517578125,
    786.1341552734375,
    -1.0
   ],
   [
    1148.7769775390625,
    805.7363891601562,
    -1.0
   ],
   [
    1443.7916259765625,
    819.8842163085938,
    -1.0
   ],
   [
    1128.1629638671875,
    827.0359497070312,
    -1.0
   ]
  ]
 ],
 "skeleton_percentage": [
  100
 ],
 "angle": [
  82
 ]
}