{
 "frame_index": 1045,
 "skeletons": [
  [
   [
    1187.3984375,
    351.66265869140625,
    0.988
   ],
   [
    1201.223876953125,
    328.4892272949219,
    0.975
   ],
   [
    1158.6177978515625,
    339.74554443359375,
    0.976
   ],
   [
    1231.06591796875,
    351.05072021484375,
    0.778
   ],
   [
    1130.289306640625,
    379.65118408203125,
    0.76
   ],
   [
    1323.108642578125,
    461.2470703125,
    0.952
   ],
   [
    1110.2081298828125,
    515.6610107421875,
    0.974
   ],
   [
    1446.4879150390625,
    589.8291625976562,
    0.704
   ],
   [
    1069.2711181640625,
    681.7369995117188,
    0.823
   ],
   [
    1450.064453125,
    626.0850830078125,
    0.555
   ],
   [
    1061.138916015625,
    703.4842529296875,
    0.667
   ],
   [
    1358.36279296875,
    788.359375,
    0.531
   ],
   [
    1208.277587890625,
    811.80029296875,
    0.605
   ],
   [
    1419.920166015625,
    882.7864990234375,
    -1.0
   ],
   [
    1153.66455078125,
    906.161376953125,
    -1.0
   ],
   [
    1448.038818359375,
    927.4652709960938,
    -1.0
   ],
   [
    1116.0196533203125,
    948.457763671875,
    -1.0
   ]
  ]
 ],
 "skeleton_percentage": [
  100
 ],
 "angle": [
  81
 ]
}