{
 "frame_index": 1046,
 "skeletons": [
  [
   [
    1190.39306640625,
    347.6626281738281,
    0.988
   ],
   [
    1202.1058349609375,
    323.446533203125,
    0.977
   ],
   [
    1161.7115478515625,
    338.7509765625,
    0.975
   ],
   [
    1231.4888916015625,
    342.69732666015625,
    0.831
   ],
   [
    1137.13720703125,
    380.9110107421875,
    0.781
   ],
   [
    1332.883544921875,
    447.6573486328125,
    0.962
   ],
   [
    1116.55126953125,
    513.6321411132812,
    0.98
   ],
   [
    1443.381591796875,
    584.4628295898438,
    0.719
   ],
   [
    1077.2972412109375,
    685.7327880859375,
    0.834
   ],
   [
    1425.2159423828125,
    636.8392944335938,
    0.542
   ],
   [
    1077.317138671875,
    701.75634765625,
    0.654
   ],
   [
    1368.509033203125,
    761.11572265625,
    0.514
   ],
   [
    1217.942626953125,
    787.6444702148438,
    0.594
   ],
   [
    1399.036376953125,
    856.10107421875,
    -1.0
   ],
   [
    1137.9635009765625,
    887.4078369140625,
    -1.0
   ],
   [
    1409.1363525390625,
    889.1715087890625,
    -1.0
   ],
   [
    1101.87939453125,
    919.5869750976562,
    -1.0
   ]
  ]
 ],
 "skeleton_percentage": [
  100
 ],
 "angle": [
  81
 ]
}