{
 "frame_index": 1047,
 "skeletons": [
  [
   [
    1190.4803466796875,
    347.42144775390625,
    0.988
   ],
   [
    1202.431884765625,
    323.4618225097656,
    0.977
   ],
   [
    1161.86962890625,
    338.2984924316406,
    0.975
   ],
   [
    1231.7108154296875,
    343.1496276855469,
    0.827
   ],
   [
    1136.6748046875,
    380.3553771972656,
    0.779
   ],
   [
    1331.9810791015625,
    448.3115234375,
    0.962
   ],
   [
    1115.6553955078125,
    513.6201782226562,
    0.979
   ],
   [
    1441.81591796875,
    585.7344360351562,
    0.725
   ],
   [
    1077.491943359375,
    686.2147216796875,
    0.833
   ],
   [
    1420.679443359375,
    638.9448852539062,
    0.551
   ],
   [
    1075.81201171875,
    701.99609375,
    0.657
   ],
   [
    1366.57470703125,
    761.78271484375,
    0.514
   ],
   [
    1215.962646484375,
    787.9552001953125,
    0.59
   ],
   [
    1398.129150390625,
    854.6326904296875,
    -1.0
   ],
   [
    1137.939697265625,
    885.2902221679688,
    -1.0
   ],
   [
    1407.62451171875,
    887.6121826171875,
    -1.0
   ],
   [
    1102.265380859375,
    916.305908203125,
    -1.0
   ]
  ]
 ],
 "skeleton_percentage": [
  100
 ],
 "angle": [
  81
 ]
}