{
 "frame_index": 1048,
 "skeletons": [
  [
   [
    1199.248046875,
    346.77166748046875,
    0.987
   ],
   [
    1212.194580078125,
    321.1249084472656,
    0.971
   ],
   [
    1167.787841796875,
    335.76080322265625,
    0.969
   ],
   [
    1241.8052978515625,
    339.95343017578125,
    0.809
   ],
   [
    1136.2738037109375,
    376.6495361328125,
    0.78
   ],
   [
    1343.097900390625,
    448.47442626953125,
    0.975
   ],
   [
    1111.8057861328125,
    514.1879272460938,
    0.985
   ],
   [
    1470.531982421875,
    581.4295043945312,
    0.82
   ],
   [
    1071.071533203125,
    689.8007202148438,
    0.889
   ],
   [
    1453.704345703125,
    641.7568969726562,
    0.705
   ],
   [
    1095.835205078125,
    698.3497314453125,
    0.783
   ],
   [
    1380.667236328125,
    774.794921875,
    0.698
   ],
   [
    1222.494140625,
    804.849853515625,
    0.758
   ],
   [
    1424.0145263671875,
    847.4514770507812,
    -1.0
   ],
   [
    1180.5234375,
    885.6172485351562,
    -1.0
   ],
   [
    1432.895751953125,
    894.8192138671875,
    -1.0
   ],
   [
    1167.3267822265625,
    931.3595581054688,
    -1.0
   ]
  ]
 ],
 "skeleton_percentage": [
  100
 ],
 "angle": [
  81
 ]
}