{
 "frame_index": 1049,
 "skeletons": [
  [
   [
    1199.19970703125,
    346.7536315917969,
    0.987
   ],
   [
    1212.1591796875,
    321.1695251464844,
    0.971
   ],
   [
    1167.849853515625,
    335.796142578125,
    0.969
   ],
   [
    1241.8416748046875,
    339.90399169921875,
    0.812
   ],
   [
    1136.4658203125,
    376.5947265625,
    0.779
   ],
   [
    1343.3558349609375,
    448.3129577636719,
    0.975
   ],
   [
    1111.99853515625,
    514.0955810546875,
    0.985
   ],
   [
    1468.881103515625,
    581.8892822265625,
    0.818
   ],
   [
    1071.6865234375,
    690.0146484375,
    0.887
   ],
   [
    1450.0487060546875,
    642.8827514648438,
    0.7
   ],
   [
    1096.12451171875,
    698.5109252929688,
    0.778
   ],
   [
    1380.82373046875,
    772.582763671875,
    0.692
   ],
   [
    1222.74658203125,
    802.4775390625,
    0.753
   ],
   [
    1421.0313720703125,
    843.36328125,
    -1.0
   ],
   [
    1178.625244140625,
    881.5574340820312,
    -1.0
   ],
   [
    1427.7841796875,
    889.0582275390625,
    -1.0
   ],
   [
    1165.6923828125,
    925.51513671875,
    -1.0
   ]
  ]
 ],
 "skeleton_percentage": [
  100
 ],
 "angle": [
  81
 ]
}