{
 "frame_index": 1050,
 "skeletons": [
  [
   [
    1201.530517578125,
    349.07574462890625,
    0.987
   ],
   [
    1215.77001953125,
    323.2100830078125,
    0.975
   ],
   [
    1170.9989013671875,
    337.867919921875,
    0.969
   ],
   [
    1248.7628173828125,
    341.09429931640625,
    0.836
   ],
   [
    1142.90673828125,
    377.67144775390625,
    0.754
   ],
   [
    1344.89013671875,
    448.5252685546875,
    0.97
   ],
   [
    1121.679443359375,
    511.2708435058594,
    0.984
   ],
   [
    1461.5615234375,
    579.417724609375,
    0.797
   ],
   [
    1073.136962890625,
    676.9943237304688,
    0.881
   ],
   [
    1428.271240234375,
    651.4049072265625,
    0.68
   ],
   [
    1083.9267578125,
    697.0829467773438,
    0.769
   ],
   [
    1375.77001953125,
    776.3731689453125,
    0.645
   ],
   [
    1221.8701171875,
    803.8826904296875,
    0.718
   ],
   [
    1418.411376953125,
    832.3800048828125,
    -1.0
   ],
   [
    1174.7928466796875,
    867.0709228515625,
    -1.0
   ],
   [
    1431.537109375,
    884.1945190429688,
    -1.0
   ],
   [
    1159.226318359375,
    917.614501953125,
    -1.0
   ]
  ]
 ],
 "skeleton_percentage": [
  100
 ],
 "angle": [
  81
 ]
}