{
 "frame_index": 1051,
 "skeletons": [
  [
   [
    1204.068115234375,
    345.4316101074219,
    0.987
   ],
   [
    1218.595703125,
    320.49359130859375,
    0.973
   ],
   [
    1174.320068359375,
    333.75128173828125,
    0.969
   ],
   [
    1251.0091552734375,
    339.36529541015625,
    0.825
   ],
   [
    1146.02978515625,
    372.5936279296875,
    0.761
   ],
   [
    1347.90771484375,
    446.99774169921875,
    0.97
   ],
   [
    1122.6168212890625,
    507.6605529785156,
    0.985
   ],
   [
    1464.7420654296875,
    576.404052734375,
    0.794
   ],
   [
    1076.65673828125,
    673.126953125,
    0.886
   ],
   [
    1452.0740966796875,
    649.0856323242188,
    0.673
   ],
   [
    1081.33544921875,
    694.4979858398438,
    0.773
   ],
   [
    1381.33056640625,
    766.4309692382812,
    0.701
   ],
   [
    1226.6357421875,
    793.6414794921875,
    0.77
   ],
   [
    1425.3773193359375,
    841.0906982421875,
    -1.0
   ],
   [
    1181.107666015625,
    875.9486083984375,
    -1.0
   ],
   [
    1435.578857421875,
    900.5498657226562,
    -1.0
   ],
   [
    1167.881103515625,
    933.4072265625,
    -1.0
   ]
  ]
 ],
 "skeleton_percentage": [
  100
 ],
 "angle": [
  82
 ]
}