{
 "frame_index": 1052,
 "skeletons": [
  [
   [
    1198.2470703125,
    341.85040283203125,
    0.99
   ],
   [
    1213.006103515625,
    318.42547607421875,
    0.982
   ],
   [
    1171.154052734375,
    333.981201171875,
    0.976
   ],
   [
    1249.6759033203125,
    340.05108642578125,
    0.87
   ],
   [
    1150.3388671875,
    378.3009338378906,
    0.737
   ],
   [
    1355.194091796875,
    440.35760498046875,
    0.949
   ],
   [
    1126.5675048828125,
    518.2054443359375,
    0.983
   ],
   [
    1474.9248046875,
    568.44677734375,
    0.667
   ],
   [
    1074.5838623046875,
    689.3673706054688,
    0.863
   ],
   [
    1446.72900390625,
    644.6549682617188,
    0.519
   ],
   [
    1074.90869140625,
    695.5335693359375,
    0.699
   ],
   [
    1390.142578125,
    753.1393432617188,
    -1.0
   ],
   [
    1234.318115234375,
    783.667236328125,
    0.609
   ],
   [
    1416.7216796875,
    837.0811157226562,
    -1.0
   ],
   [
    1161.0540771484375,
    872.7916259765625,
    -1.0
   ],
   [
    1439.177734375,
    904.2659912109375,
    -1.0
   ],
   [
    1137.2230224609375,
    926.2754516601562,
    -1.0
   ]
  ]
 ],
 "skeleton_percentage": [
  100
 ],
 "angle": [
  81
 ]
}