{
 "frame_index": 1053,
 "skeletons": [
  [
   [
    1200.2930908203125,
    343.81329345703125,
    0.985
   ],
   [
    1216.1341552734375,
    317.7724609375,
    0.975
   ],
   [
    1171.209228515625,
    332.707763671875,
    0.963
   ],
   [
    1253.944091796875,
    336.2019348144531,
    0.869
   ],
   [
    1148.2216796875,
    372.6539611816406,
    0.721
   ],
   [
    1359.4603271484375,
    446.0543212890625,
    0.964
   ],
   [
    1124.238037109375,
    508.7758483886719,
    0.983
   ],
   [
    1462.673095703125,
    583.4046020507812,
    0.731
   ],
   [
    1074.408203125,
    678.1216430664062,
    0.856
   ],
   [
    1435.0316162109375,
    639.5859375,
    0.579
   ],
   [
    1083.6004638671875,
    687.626953125,
    0.704
   ],
   [
    1396.8138427734375,
    761.7547607421875,
    0.572
   ],
   [
    1234.469482421875,
    789.0694580078125,
    0.669
   ],
   [
    1432.2098388671875,
    804.6890258789062,
    -1.0
   ],
   [
    1169.7794189453125,
    840.52197265625,
    -1.0
   ],
   [
    1441.24365234375,
    848.6244506835938,
    -1.0
   ],
   [
    1160.8515625,
    885.6666259765625,
    -1.0
   ]
  ]
 ],
 "skeleton_percentage": [
  100
 ],
 "angle": [
  80
 ]
}