{
 "frame_index": 1054,
 "skeletons": [
  [
   [
    1200.4443359375,
    340.9949035644531,
    0.986
   ],
   [
    1216.595703125,
    315.40985107421875,
    0.977
   ],
   [
    1170.857421875,
    330.44873046875,
    0.963
   ],
   [
    1253.940185546875,
    334.7034912109375,
    0.88
   ],
   [
    1147.481689453125,
    371.78729248046875,
    0.72
   ],
   [
    1354.1668701171875,
    446.6436767578125,
    0.973
   ],
   [
    1121.216064453125,
    504.82012939453125,
    0.984
   ],
   [
    1451.366943359375,
    582.1880493164062,
    0.794
   ],
   [
    1069.1597900390625,
    669.68310546875,
    0.866
   ],
   [
    1419.0699462890625,
    638.71826171875,
    0.664
   ],
   [
    1086.0836181640625,
    682.85107421875,
    0.736
   ],
   [
    1366.7154541015625,
    771.5198364257812,
    0.685
   ],
   [
    1209.856689453125,
    795.7710571289062,
    0.749
   ],
   [
    1381.322509765625,
    852.8349609375,
    -1.0
   ],
   [
    1155.03271484375,
    887.0689086914062,
    -1.0
   ],
   [
    1374.649169921875,
    908.2593994140625,
    -1.0
   ],
   [
    1148.9884033203125,
    948.8343505859375,
    -1.0
   ]
  ]
 ],
 "skeleton_percentage": [
  100
 ],
 "angle": [
  81
 ]
}