{
 "frame_index": 1055,
 "skeletons": [
  [
   [
    1197.9510498046875,
    338.4011535644531,
    0.987
   ],
   [
    1215.0267333984375,
    315.0448303222656,
    0.974
   ],
   [
    1170.278564453125,
    328.90313720703125,
    0.974
   ],
   [
    1253.4268798828125,
    337.4248046875,
    0.847
   ],
   [
    1148.6708984375,
    373.2256164550781,
    0.765
   ],
   [
    1342.4483642578125,
    446.6484375,
    0.947
   ],
   [
    1126.27197265625,
    514.5615234375,
    0.982
   ],
   [
    1445.8963623046875,
    570.95263671875,
    0.599
   ],
   [
    1084.6514892578125,
    682.5269165039062,
    0.854
   ],
   [
    1418.081787109375,
    630.2005615234375,
    -1.0
   ],
   [
    1078.6048583984375,
    712.4976806640625,
    0.677
   ],
   [
    1344.499267578125,
    750.022216796875,
    0.529
   ],
   [
    1200.41796875,
    773.4358520507812,
    0.677
   ],
   [
    1331.4991455078125,
    862.405029296875,
    -1.0
   ],
   [
    1130.2109375,
    890.7101440429688,
    -1.0
   ],
   [
    1321.947021484375,
    903.4749755859375,
    -1.0
   ],
   [
    1124.065185546875,
    925.1337890625,
    -1.0
   ]
  ]
 ],
 "skeleton_percentage": [
  100
 ],
 "angle": [
  80
 ]
}