{
 "frame_index": 1056,
 "skeletons": [
  [
   [
    1198.06103515625,
    338.96856689453125,
    0.988
   ],
   [
    1214.5882568359375,
    315.4610595703125,
    0.975
   ],
   [
    1170.3619384765625,
    329.7534484863281,
    0.974
   ],
   [
    1252.46240234375,
    336.281494140625,
    0.849
   ],
   [
    1148.2137451171875,
    373.1078796386719,
    0.763
   ],
   [
    1341.367919921875,
    443.613037109375,
    0.952
   ],
   [
    1129.2626953125,
    508.7445068359375,
    0.984
   ],
   [
    1440.92041015625,
    570.4239501953125,
    0.635
   ],
   [
    1086.4447021484375,
    668.4515380859375,
    0.874
   ],
   [
    1392.7215576171875,
    642.7496948242188,
    0.502
   ],
   [
    1083.7354736328125,
    698.5662841796875,
    0.722
   ],
   [
    1346.00732421875,
    743.2644653320312,
    0.592
   ],
   [
    1204.9801025390625,
    764.73486328125,
    0.733
   ],
   [
    1322.49267578125,
    866.4822998046875,
    -1.0
   ],
   [
    1131.65869140625,
    891.9654541015625,
    -1.0
   ],
   [
    1316.15283203125,
    912.4004516601562,
    -1.0
   ],
   [
    1129.33544921875,
    930.96728515625,
    -1.0
   ]
  ]
 ],
 "skeleton_percentage": [
  100
 ],
 "angle": [
  81
 ]
}