{
 "frame_index": 1057,
 "skeletons": [
  [
   [
    1192.1134033203125,
    341.79998779296875,
    0.989
   ],
   [
    1208.5831298828125,
    318.4814758300781,
    0.981
   ],
   [
    1166.1214599609375,
    331.0888977050781,
    0.975
   ],
   [
    1244.302490234375,
    338.3063659667969,
    0.871
   ],
   [
    1145.723876953125,
    370.13946533203125,
    0.738
   ],
   [
    1332.1717529296875,
    441.1429443359375,
    0.961
   ],
   [
    1122.06787109375,
    507.23797607421875,
    0.983
   ],
   [
    1434.3922119140625,
    575.398193359375,
    0.73
   ],
   [
    1076.02197265625,
    680.7498168945312,
    0.863
   ],
   [
    1396.982177734375,
    650.1135864257812,
    0.587
   ],
   [
    1073.9771728515625,
    698.7296142578125,
    0.709
   ],
   [
    1348.3475341796875,
    756.2865600585938,
    0.555
   ],
   [
    1202.210693359375,
    781.0288696289062,
    0.652
   ],
   [
    1373.368408203125,
    827.760009765625,
    -1.0
   ],
   [
    1125.224365234375,
    856.268310546875,
    -1.0
   ],
   [
    1389.927490234375,
    873.849853515625,
    -1.0
   ],
   [
    1096.9244384765625,
    890.7125244140625,
    -1.0
   ]
  ]
 ],
 "skeleton_percentage": [
  100
 ],
 "angle": [
  80
 ]
}