{
 "frame_index": 1058,
 "skeletons": [
  [
   [
    1192.334716796875,
    341.8737487792969,
    0.989
   ],
   [
    1208.812744140625,
    318.68621826171875,
    0.981
   ],
   [
    1166.3382568359375,
    331.22540283203125,
    0.975
   ],
   [
    1244.38525390625,
    338.4822082519531,
    0.87
   ],
   [
    1145.852783203125,
    370.12127685546875,
    0.742
   ],
   [
    1331.275146484375,
    441.1007995605469,
    0.96
   ],
   [
    1122.296142578125,
    506.25872802734375,
    0.983
   ],
   [
    1432.148681640625,
    574.74755859375,
    0.723
   ],
   [
    1075.96630859375,
    678.52490234375,
    0.861
   ],
   [
    1396.015625,
    649.5418701171875,
    0.577
   ],
   [
    1074.7373046875,
    697.4721069335938,
    0.704
   ],
   [
    1346.70166015625,
    754.4969482421875,
    0.558
   ],
   [
    1201.46728515625,
    778.8770141601562,
    0.656
   ],
   [
    1370.5853271484375,
    832.4044189453125,
    -1.0
   ],
   [
    1124.8455810546875,
    860.6162109375,
    -1.0
   ],
   [
    1386.5745849609375,
    878.4217529296875,
    -1.0
   ],
   [
    1096.184814453125,
    895.6552734375,
    -1.0
   ]
  ]
 ],
 "skeleton_percentage": [
  100
 ],
 "angle": [
  80
 ]
}