{
 "frame_index": 1059,
 "skeletons": [
  [
   [
    1189.3988037109375,
    342.2496337890625,
    0.989
   ],
   [
    1204.122802734375,
    317.2980651855469,
    0.982
   ],
   [
    1161.4501953125,
    333.315185546875,
    0.975
   ],
   [
    1240.0699462890625,
    336.8238525390625,
    0.88
   ],
   [
    1142.468017578125,
    376.3440856933594,
    0.745
   ],
   [
    1336.8154296875,
    442.3856201171875,
    0.96
   ],
   [
    1121.297119140625,
    511.92718505859375,
    0.983
   ],
   [
    1442.2344970703125,
    577.557861328125,
    0.718
   ],
   [
    1069.1268310546875,
    683.4419555664062,
    0.858
   ],
   [
    1424.0322265625,
    637.4033203125,
    0.567
   ],
   [
    1072.3143310546875,
    691.2896728515625,
    0.699
   ],
   [
    1361.7952880859375,
    766.6268310546875,
    0.59
   ],
   [
    1213.07666015625,
    794.3164672851562,
    0.685
   ],
   [
    1391.1307373046875,
    872.8096923828125,
    -1.0
   ],
   [
    1139.635498046875,
    906.7855224609375,
    -1.0
   ],
   [
    1409.157958984375,
    928.1141357421875,
    -1.0
   ],
   [
    1108.615234375,
    959.6325073242188,
    -1.0
   ]
  ]
 ],
 "skeleton_percentage": [
  100
 ],
 "angle": [
  81
 ]
}