{
 "frame_index": 1060,
 "skeletons": [
  [
   [
    1184.1966552734375,
    346.2222900390625,
    0.989
   ],
   [
    1197.1177978515625,
    320.6305236816406,
    0.98
   ],
   [
    1155.980712890625,
    337.284912109375,
    0.974
   ],
   [
    1230.8074951171875,
    337.1256103515625,
    0.863
   ],
   [
    1135.03466796875,
    378.2196350097656,
    0.74
   ],
   [
    1328.175048828125,
    439.4435119628906,
    0.962
   ],
   [
    1117.959228515625,
    511.1379089355469,
    0.982
   ],
   [
    1432.038330078125,
    574.4439697265625,
    0.741
   ],
   [
    1068.473388671875,
    681.0720825195312,
    0.858
   ],
   [
    1417.9595947265625,
    642.43017578125,
    0.586
   ],
   [
    1054.417236328125,
    702.2782592773438,
    0.701
   ],
   [
    1371.294189453125,
    745.859619140625,
    0.536
   ],
   [
    1224.4735107421875,
    775.6461181640625,
    0.624
   ],
   [
    1409.3564453125,
    816.7166748046875,
    -1.0
   ],
   [
    1147.594482421875,
    852.7325439453125,
    -1.0
   ],
   [
    1433.985595703125,
    852.847900390625,
    -1.0
   ],
   [
    1120.881103515625,
    886.8858032226562,
    -1.0
   ]
  ]
 ],
 "skeleton_percentage": [
  100
 ],
 "angle": [
  80
 ]
}