{
 "frame_index": 1061,
 "skeletons": [
  [
   [
    1178.445068359375,
    345.7841491699219,
    0.987
   ],
   [
    1192.0732421875,
    321.05999755859375,
    0.97
   ],
   [
    1148.592529296875,
    335.8663330078125,
    0.975
   ],
   [
    1224.2481689453125,
    339.6914978027344,
    0.794
   ],
   [
    1120.561767578125,
    378.0288391113281,
    0.787
   ],
   [
    1314.668212890625,
    446.60357666015625,
    0.959
   ],
   [
    1102.996337890625,
    512.469970703125,
    0.983
   ],
   [
    1433.7666015625,
    572.0476684570312,
    0.681
   ],
   [
    1065.9296875,
    677.4817504882812,
    0.872
   ],
   [
    1422.866455078125,
    628.3118896484375,
    0.554
   ],
   [
    1047.127685546875,
    717.7647705078125,
    0.733
   ],
   [
    1334.2236328125,
    732.3048706054688,
    0.56
   ],
   [
    1194.5435791015625,
    756.8824462890625,
    0.684
   ],
   [
    1327.9053955078125,
    779.637451171875,
    -1.0
   ],
   [
    1128.17626953125,
    808.0482177734375,
    -1.0
   ],
   [
    1324.7022705078125,
    812.9461669921875,
    -1.0
   ],
   [
    1135.187255859375,
    838.9586181640625,
    -1.0
   ]
  ]
 ],
 "skeleton_percentage": [
  100
 ],
 "angle": [
  80
 ]
}