{
 "frame_index": 1062,
 "skeletons": [
  [
   [
    1178.82080078125,
    347.1204528808594,
    0.988
   ],
   [
    1191.2872314453125,
    322.182373046875,
    0.977
   ],
   [
    1150.5357666015625,
    336.68206787109375,
    0.974
   ],
   [
    1220.956298828125,
    338.9957275390625,
    0.83
   ],
   [
    1125.013427734375,
    375.7672119140625,
    0.761
   ],
   [
    1315.1756591796875,
    442.57177734375,
    0.967
   ],
   [
    1103.9732666015625,
    510.174560546875,
    0.983
   ],
   [
    1434.64990234375,
    575.263427734375,
    0.772
   ],
   [
    1059.7908935546875,
    680.784423828125,
    0.866
   ],
   [
    1420.0108642578125,
    638.8702392578125,
    0.633
   ],
   [
    1043.6429443359375,
    699.3815307617188,
    0.726
   ],
   [
    1345.425048828125,
    742.38720703125,
    0.548
   ],
   [
    1199.36669921875,
    769.3760375976562,
    0.625
   ],
   [
    1377.27490234375,
    774.7755126953125,
    -1.0
   ],
   [
    1122.9481201171875,
    806.043212890625,
    -1.0
   ],
   [
    1398.1376953125,
    806.2884521484375,
    -1.0
   ],
   [
    1101.7415771484375,
    831.9464721679688,
    -1.0
   ]
  ]
 ],
 "skeleton_percentage": [
  100
 ],
 "angle": [
  80
 ]
}