{
 "frame_index": 1063,
 "skeletons": [
  [
   [
    1157.8848876953125,
    352.42303466796875,
    0.987
   ],
   [
    1172.0584716796875,
    328.33843994140625,
    0.973
   ],
   [
    1132.5452880859375,
    343.26947021484375,
    0.971
   ],
   [
    1206.849609375,
    344.0095520019531,
    0.849
   ],
   [
    1113.348388671875,
    381.9217529296875,
    0.751
   ],
   [
    1296.221435546875,
    444.2763977050781,
    0.96
   ],
   [
    1090.690673828125,
    515.2589111328125,
    0.986
   ],
   [
    1416.71484375,
    545.9605102539062,
    0.707
   ],
   [
    1056.3880615234375,
    666.1997680664062,
    0.889
   ],
   [
    1393.107177734375,
    598.2431640625,
    0.629
   ],
   [
    1056.046630859375,
    693.6039428710938,
    0.776
   ],
   [
    1293.2073974609375,
    725.7739868164062,
    0.668
   ],
   [
    1160.270263671875,
    748.9935302734375,
    0.776
   ],
   [
    1260.698486328125,
    805.1575927734375,
    -1.0
   ],
   [
    1089.5667724609375,
    833.3092041015625,
    -1.0
   ],
   [
    1249.0574951171875,
    877.552001953125,
    -1.0
   ],
   [
    1096.00732421875,
    897.6837158203125,
    -1.0
   ]
  ]
 ],
 "skeleton_percentage": [
  100
 ],
 "angle": [
  85
 ]
}