{
 "frame_index": 1064,
 "skeletons": [
  [
   [
    1150.2508544921875,
    359.5130615234375,
    0.987
   ],
   [
    1162.614013671875,
    332.7788391113281,
    0.978
   ],
   [
    1122.772705078125,
    348.7284851074219,
    0.967
   ],
   [
    1193.9241943359375,
    345.7651062011719,
    0.873
   ],
   [
    1101.89111328125,
    385.4609375,
    0.725
   ],
   [
    1289.7318115234375,
    450.68463134765625,
    0.973
   ],
   [
    1076.5552978515625,
    523.01318359375,
    0.982
   ],
   [
    1409.853515625,
    577.8143310546875,
    0.798
   ],
   [
    1037.52392578125,
    693.2926635742188,
    0.848
   ],
   [
    1404.30419921875,
    636.4330444335938,
    0.673
   ],
   [
    1036.142578125,
    700.405517578125,
    0.711
   ],
   [
    1306.001220703125,
    758.7725830078125,
    0.591
   ],
   [
    1161.6549072265625,
    788.53271484375,
    0.64
   ],
   [
    1334.24072265625,
    753.1053466796875,
    -1.0
   ],
   [
    1096.853271484375,
    791.9482421875,
    -1.0
   ],
   [
    1343.856201171875,
    800.3029174804688,
    -1.0
   ],
   [
    1090.615478515625,
    836.44189453125,
    -1.0
   ]
  ]
 ],
 "skeleton_percentage": [
  100
 ],
 "angle": [
  80
 ]
}