{
 "frame_index": 1065,
 "skeletons": [
  [
   [
    1150.058349609375,
    359.4268798828125,
    0.987
   ],
   [
    1162.617431640625,
    332.62396240234375,
    0.979
   ],
   [
    1122.447998046875,
    348.5911865234375,
    0.967
   ],
   [
    1194.170166015625,
    345.7845764160156,
    0.875
   ],
   [
    1101.585693359375,
    385.54168701171875,
    0.723
   ],
   [
    1289.40771484375,
    450.724609375,
    0.974
   ],
   [
    1076.473876953125,
    524.0296630859375,
    0.983
   ],
   [
    1410.6005859375,
    575.3428955078125,
    0.811
   ],
   [
    1036.8033447265625,
    693.9611206054688,
    0.853
   ],
   [
    1404.914794921875,
    633.01904296875,
    0.693
   ],
   [
    1038.127685546875,
    699.4691162109375,
    0.723
   ],
   [
    1304.5325927734375,
    766.4269409179688,
    0.633
   ],
   [
    1160.698974609375,
    796.66552734375,
    0.677
   ],
   [
    1331.685302734375,
    777.9845581054688,
    -1.0
   ],
   [
    1099.8204345703125,
    817.461181640625,
    -1.0
   ],
   [
    1341.2684326171875,
    830.112548828125,
    -1.0
   ],
   [
    1092.9290771484375,
    866.50439453125,
    -1.0
   ]
  ]
 ],
 "skeleton_percentage": [
  100
 ],
 "angle": [
  81
 ]
}