{
 "frame_index": 1066,
 "skeletons": [
  [
   [
    1143.0706787109375,
    360.6252136230469,
    0.988
   ],
   [
    1154.733154296875,
    335.9193420410156,
    0.979
   ],
   [
    1114.3480224609375,
    350.8795166015625,
    0.97
   ],
   [
    1185.2020263671875,
    349.44635009765625,
    0.869
   ],
   [
    1089.5791015625,
    386.07989501953125,
    0.762
   ],
   [
    1271.02294921875,
    454.1020202636719,
    0.979
   ],
   [
    1069.5985107421875,
    512.68115234375,
    0.982
   ],
   [
    1376.21240234375,
    584.0472412109375,
    0.874
   ],
   [
    1029.278564453125,
    676.2490234375,
    0.864
   ],
   [
    1377.581787109375,
    658.725830078125,
    0.78
   ],
   [
    1041.990966796875,
    700.068359375,
    0.761
   ],
   [
    1278.2447509765625,
    740.7352294921875,
    0.669
   ],
   [
    1142.431396484375,
    766.1541748046875,
    0.669
   ],
   [
    1320.873291015625,
    737.2498779296875,
    -1.0
   ],
   [
    1098.645263671875,
    772.2576904296875,
    -1.0
   ],
   [
    1333.09228515625,
    771.656982421875,
    -1.0
   ],
   [
    1074.738037109375,
    812.1962890625,
    -1.0
   ]
  ]
 ],
 "skeleton_percentage": [
  100
 ],
 "angle": [
  80
 ]
}