{
 "frame_index": 1067,
 "skeletons": [
  [
   [
    1092.8521728515625,
    366.78692626953125,
    0.986
   ],
   [
    1109.2215576171875,
    343.75567626953125,
    0.972
   ],
   [
    1068.380126953125,
    356.0261535644531,
    0.949
   ],
   [
    1143.0262451171875,
    359.611083984375,
    0.854
   ],
   [
    1047.00732421875,
    390.63787841796875,
    0.619
   ],
   [
    1218.0126953125,
    452.5634765625,
    0.986
   ],
   [
    1023.338134765625,
    519.1395874023438,
    0.983
   ],
   [
    1341.136474609375,
    556.9407958984375,
    0.926
   ],
   [
    992.2344360351562,
    683.27490234375,
    0.888
   ],
   [
    1370.4005126953125,
    586.4324951171875,
    0.899
   ],
   [
    988.2247924804688,
    685.5838623046875,
    0.842
   ],
   [
    1211.552978515625,
    705.6692504882812,
    0.893
   ],
   [
    1094.468505859375,
    731.0711059570312,
    0.88
   ],
   [
    1177.393310546875,
    813.8052978515625,
    -1.0
   ],
   [
    1081.4327392578125,
    848.2998046875,
    -1.0
   ],
   [
    1153.6754150390625,
    907.2965698242188,
    -1.0
   ],
   [
    1108.40087890625,
    933.94970703125,
    -1.0
   ]
  ]
 ],
 "skeleton_percentage": [
  100
 ],
 "angle": [
  89
 ]
}