{
 "frame_index": 1068,
 "skeletons": [
  [
   [
    1082.419921875,
    374.549560546875,
    0.979
   ],
   [
    1094.763427734375,
    348.54180908203125,
    0.954
   ],
   [
    1054.5118408203125,
    360.0650634765625,
    0.936
   ],
   [
    1118.8839111328125,
    359.70391845703125,
    0.668
   ],
   [
    1018.9285888671875,
    389.1166076660156,
    0.602
   ],
   [
    1187.6168212890625,
    454.78289794921875,
    0.961
   ],
   [
    1007.58984375,
    531.736328125,
    0.97
   ],
   [
    1290.5203857421875,
    547.925048828125,
    0.847
   ],
   [
    984.9801025390625,
    701.7730102539062,
    0.838
   ],
   [
    1321.206787109375,
    583.17431640625,
    0.789
   ],
   [
    950.2576904296875,
    702.2578125,
    0.769
   ],
   [
    1238.7301025390625,
    732.6970825195312,
    0.753
   ],
   [
    1117.09716796875,
    766.2573852539062,
    0.756
   ],
   [
    1224.8873291015625,
    775.1998291015625,
    -1.0
   ],
   [
    1038.4356689453125,
    819.7745361328125,
    -1.0
   ],
   [
    1242.93359375,
    851.1793212890625,
    -1.0
   ],
   [
    1045.25927734375,
    881.5440673828125,
    -1.0
   ]
  ]
 ],
 "skeleton_percentage": [
  100
 ],
 "angle": [
  81
 ]
}