{
 "frame_index": 1069,
 "skeletons": [
  [
   [
    1045.128662109375,
    382.566162109375,
    0.989
   ],
   [
    1058.482421875,
    356.68572998046875,
    0.98
   ],
   [
    1022.0755615234375,
    370.4451904296875,
    0.957
   ],
   [
    1093.769287109375,
    364.6359558105469,
    0.865
   ],
   [
    1005.8736572265625,
    398.25921630859375,
    0.561
   ],
   [
    1174.025634765625,
    464.47955322265625,
    0.979
   ],
   [
    989.9263916015625,
    512.8486938476562,
    0.977
   ],
   [
    1270.047119140625,
    581.0238647460938,
    0.903
   ],
   [
    907.0709838867188,
    628.3170776367188,
    0.87
   ],
   [
    1319.535888671875,
    588.5986328125,
    0.836
   ],
   [
    797.7288818359375,
    550.4176635742188,
    0.812
   ],
   [
    1197.041015625,
    737.5927734375,
    0.731
   ],
   [
    1064.5113525390625,
    757.275146484375,
    0.711
   ],
   [
    1258.273681640625,
    763.2352294921875,
    -1.0
   ],
   [
    994.6324462890625,
    793.7373046875,
    -1.0
   ],
   [
    1309.8841552734375,
    803.597900390625,
    -1.0
   ],
   [
    966.4682006835938,
    837.614501953125,
    -1.0
   ]
  ]
 ],
 "skeleton_percentage": [
  100
 ],
 "angle": [
  71
 ]
}