{
 "frame_index": 1070,
 "skeletons": [
  [
   [
    1031.120849609375,
    386.8736572265625,
    0.981
   ],
   [
    1043.140625,
    361.0425109863281,
    0.968
   ],
   [
    1001.3801879882812,
    370.71990966796875,
    0.968
   ],
   [
    1067.42138671875,
    375.1639404296875,
    0.73
   ],
   [
    964.9487915039062,
    400.08502197265625,
    0.756
   ],
   [
    1150.573974609375,
    503.77032470703125,
    0.917
   ],
   [
    937.2727661132812,
    549.7744140625,
    0.939
   ],
   [
    1235.96533203125,
    641.278076171875,
    -1.0
   ],
   [
    892.5614013671875,
    714.7630615234375,
    0.518
   ],
   [
    1245.2193603515625,
    617.95263671875,
    -1.0
   ],
   [
    880.22607421875,
    674.223876953125,
    -1.0
   ],
   [
    1185.0452880859375,
    762.8023681640625,
    -1.0
   ],
   [
    1047.021240234375,
    785.2576904296875,
    -1.0
   ],
   [
    1205.24609375,
    728.9072265625,
    -1.0
   ],
   [
    1006.687744140625,
    755.9800415039062,
    -1.0
   ],
   [
    1198.21484375,
    752.56201171875,
    -1.0
   ],
   [
    1011.1436767578125,
    782.4541625976562,
    -1.0
   ]
  ]
 ],
 "skeleton_percentage": [
  100
 ],
 "angle": [
  67
 ]
}