{
 "frame_index": 1071,
 "skeletons": [
  [
   [
    1031.4970703125,
    386.4685363769531,
    0.98
   ],
   [
    1043.4244384765625,
    360.6343688964844,
    0.968
   ],
   [
    1001.6806640625,
    370.47265625,
    0.965
   ],
   [
    1067.8192138671875,
    374.3460693359375,
    0.736
   ],
   [
    964.7960815429688,
    399.9425354003906,
    0.733
   ],
   [
    1150.760986328125,
    500.45086669921875,
    0.922
   ],
   [
    937.6322021484375,
    550.4583740234375,
    0.934
   ],
   [
    1238.703857421875,
    631.707275390625,
    -1.0
   ],
   [
    895.869140625,
    713.2501831054688,
    -1.0
   ],
   [
    1248.38525390625,
    615.171875,
    -1.0
   ],
   [
    880.4203491210938,
    673.792236328125,
    -1.0
   ],
   [
    1186.493896484375,
    760.7137451171875,
    -1.0
   ],
   [
    1048.0784912109375,
    784.779052734375,
    -1.0
   ],
   [
    1206.3028564453125,
    717.1627807617188,
    -1.0
   ],
   [
    1004.9095458984375,
    746.7299194335938,
    -1.0
   ],
   [
    1201.92578125,
    738.869384765625,
    -1.0
   ],
   [
    1012.1493530273438,
    768.7705078125,
    -1.0
   ]
  ]
 ],
 "skeleton_percentage": [
  100
 ],
 "angle": [
  68
 ]
}