{
 "frame_index": 1072,
 "skeletons": [
  [
   [
    996.2474365234375,
    396.9331970214844,
    0.988
   ],
   [
    1010.4854736328125,
    372.93951416015625,
    0.972
   ],
   [
    970.0238037109375,
    382.76666259765625,
    0.972
   ],
   [
    1036.6724853515625,
    387.56634521484375,
    0.732
   ],
   [
    937.2940063476562,
    411.21893310546875,
    0.762
   ],
   [
    1103.99658203125,
    495.333984375,
    0.964
   ],
   [
    908.1373291015625,
    550.509765625,
    0.976
   ],
   [
    1209.8480224609375,
    606.3798828125,
    0.781
   ],
   [
    861.2347412109375,
    714.1849975585938,
    0.816
   ],
   [
    1250.28125,
    644.4342041015625,
    0.667
   ],
   [
    856.4716796875,
    730.3216552734375,
    0.699
   ],
   [
    1130.134521484375,
    775.5657348632812,
    0.672
   ],
   [
    998.148681640625,
    803.6028442382812,
    0.69
   ],
   [
    1183.2413330078125,
    877.754150390625,
    -1.0
   ],
   [
    987.373046875,
    913.2205810546875,
    -1.0
   ],
   [
    1204.9222412109375,
    936.4639892578125,
    -1.0
   ],
   [
    982.8343505859375,
    967.442626953125,
    -1.0
   ]
  ]
 ],
 "skeleton_percentage": [
  100
 ],
 "angle": [
  71
 ]
}