{
 "frame_index": 1073,
 "skeletons": [
  [
   [
    968.4435424804688,
    398.1832275390625,
    0.99
   ],
   [
    981.871826171875,
    373.98455810546875,
    0.973
   ],
   [
    942.974853515625,
    383.6157531738281,
    0.977
   ],
   [
    1007.396240234375,
    387.2613525390625,
    0.728
   ],
   [
    910.9173583984375,
    409.7275390625,
    0.802
   ],
   [
    1084.7115478515625,
    497.23760986328125,
    0.967
   ],
   [
    877.7987060546875,
    549.9566040039062,
    0.98
   ],
   [
    1199.8250732421875,
    615.0872802734375,
    0.77
   ],
   [
    840.578125,
    717.8633422851562,
    0.841
   ],
   [
    1242.5284423828125,
    680.5420532226562,
    0.653
   ],
   [
    866.420166015625,
    767.1580810546875,
    0.717
   ],
   [
    1117.4365234375,
    791.9979248046875,
    0.718
   ],
   [
    981.5579223632812,
    819.046875,
    0.752
   ],
   [
    1151.5780029296875,
    944.7535400390625,
    -1.0
   ],
   [
    974.8736572265625,
    977.6170654296875,
    -1.0
   ],
   [
    1164.9329833984375,
    1025.3016357421875,
    -1.0
   ],
   [
    983.1953125,
    1053.6763916015625,
    -1.0
   ]
  ],
  [
   [
    970.4822998046875,
    396.0004577636719,
    0.989
   ],
   [
    985.264892578125,
    373.96014404296875,
    0.951
   ],
   [
    946.1650390625,
    378.99798583984375,
    0.979
   ],
   [
    1007.38916015625,
    389.8102111816406,
    0.581
   ],
   [
    908.3915405273438,
    401.521728515625,
    0.866
   ],
   [
    1072.741455078125,
    503.1805114746094,
    0.986
   ],
   [
    876.6183471679688,
    542.108642578125,
    0.989
   ],
   [
    1186.4088134765625,
    622.46142578125,
    0.873
   ],
   [
    859.134033203125,
    733.7788696289062,
    0.92
   ],
   [
    1241.3515625,
    662.2366333007812,
    0.795
   ],
   [
    867.3209228515625,
    818.3922119140625,
    0.849
   ],
   [
    1085.814208984375,
    801.276611328125,
    0.928
   ],
   [
    959.1223754882812,
    817.2237548828125,
    0.942
   ],
   [
    1061.3699951171875,
    970.1841430664062,
    0.561
   ],
   [
    918.5135498046875,
    987.87890625,
    0.606
   ],
   [
    1031.6240234375,
    1038.9984130859375,
    -1.0
   ],
   [
    920.875244140625,
    1053.3319091796875,
    -1.0
   ]
  ]
 ],
 "skeleton_percentage": [
  100,
  100
 ],
 "angle": [
  67,
  152
 ]
}