{
 "frame_index": 1074,
 "skeletons": [
  [
   [
    968.0311279296875,
    397.65142822265625,
    0.99
   ],
   [
    981.3378295898438,
    373.5196533203125,
    0.973
   ],
   [
    942.5722045898438,
    383.2872619628906,
    0.977
   ],
   [
    1006.8814086914062,
    386.9580078125,
    0.731
   ],
   [
    910.67333984375,
    409.7806091308594,
    0.798
   ],
   [
    1083.48828125,
    497.14495849609375,
    0.967
   ],
   [
    877.7911376953125,
    549.9207763671875,
    0.98
   ],
   [
    1199.5863037109375,
    615.7586669921875,
    0.775
   ],
   [
    840.2923583984375,
    717.7523193359375,
    0.836
   ],
   [
    1243.0126953125,
    680.098876953125,
    0.658
   ],
   [
    868.8330078125,
    760.6761474609375,
    0.714
   ],
   [
    1115.7965087890625,
    789.5662841796875,
    0.709
   ],
   [
    980.57080078125,
    816.7784423828125,
    0.739
   ],
   [
    1153.2335205078125,
    936.7794799804688,
    -1.0
   ],
   [
    976.642822265625,
    970.036865234375,
    -1.0
   ],
   [
    1168.9951171875,
    1013.716064453125,
    -1.0
   ],
   [
    984.8597412109375,
    1042.31201171875,
    -1.0
   ]
  ],
  [
   [
    970.1284790039062,
    395.48577880859375,
    0.989
   ],
   [
    984.886962890625,
    373.3766784667969,
    0.953
   ],
   [
    945.7698974609375,
    378.533447265625,
    0.979
   ],
   [
    1007.3377685546875,
    389.27685546875,
    0.588
   ],
   [
    908.12939453125,
    401.2394714355469,
    0.862
   ],
   [
    1072.5384521484375,
    503.4599609375,
    0.986
   ],
   [
    876.572509765625,
    541.2618408203125,
    0.989
   ],
   [
    1186.4775390625,
    624.4590454101562,
    0.877
   ],
   [
    860.1259765625,
    731.5357666015625,
    0.918
   ],
   [
    1241.3677978515625,
    662.4855346679688,
    0.803
   ],
   [
    871.0208129882812,
    809.224853515625,
    0.851
   ],
   [
    1084.3485107421875,
    798.82568359375,
    0.93
   ],
   [
    957.157470703125,
    814.4288330078125,
    0.942
   ],
   [
    1064.02587890625,
    966.4660034179688,
    0.577
   ],
   [
    917.0787353515625,
    984.1671752929688,
    0.618
   ],
   [
    1037.4736328125,
    1037.1279296875,
    -1.0
   ],
   [
    919.075927734375,
    1051.905029296875,
    -1.0
   ]
  ]
 ],
 "skeleton_percentage": [
  100,
  100
 ],
 "angle": [
  66,
  151
 ]
}