{
 "frame_index": 1075,
 "skeletons": [
  [
   [
    942.6150512695312,
    396.4495849609375,
    0.99
   ],
   [
    956.1104736328125,
    372.2794189453125,
    0.976
   ],
   [
    917.32958984375,
    382.63189697265625,
    0.973
   ],
   [
    983.6973266601562,
    386.5696105957031,
    0.757
   ],
   [
    886.7330932617188,
    411.05706787109375,
    0.748
   ],
   [
    1063.61328125,
    489.8203125,
    0.977
   ],
   [
    850.2365112304688,
    548.2228393554688,
    0.976
   ],
   [
    1179.0714111328125,
    617.7216796875,
    0.853
   ],
   [
    807.1175537109375,
    726.2998046875,
    0.823
   ],
   [
    1226.1678466796875,
    705.8739624023438,
    0.73
   ],
   [
    845.1245727539062,
    743.8123168945312,
    0.707
   ],
   [
    1090.85205078125,
    781.4983520507812,
    0.75
   ],
   [
    944.6051025390625,
    811.0479125976562,
    0.729
   ],
   [
    1158.6221923828125,
    901.9528198242188,
    -1.0
   ],
   [
    931.1468505859375,
    941.9359130859375,
    -1.0
   ],
   [
    1174.309326171875,
    991.0995483398438,
    -1.0
   ],
   [
    904.1881103515625,
    1021.0146484375,
    -1.0
   ]
  ],
  [
   [
    947.6005859375,
    395.99853515625,
    0.986
   ],
   [
    964.2176513671875,
    369.932373046875,
    0.951
   ],
   [
    921.3158569335938,
    375.9469299316406,
    0.973
   ],
   [
    990.9910888671875,
    381.10906982421875,
    0.633
   ],
   [
    882.5804443359375,
    394.8017578125,
    0.841
   ],
   [
    1059.79345703125,
    504.1205749511719,
    0.98
   ],
   [
    847.0135498046875,
    545.511962890625,
    0.985
   ],
   [
    1177.6995849609375,
    642.728759765625,
    0.84
   ],
   [
    818.92626953125,
    749.7702026367188,
    0.896
   ],
   [
    1216.71435546875,
    699.592041015625,
    0.731
   ],
   [
    857.1544189453125,
    800.354736328125,
    0.801
   ],
   [
    1071.8516845703125,
    851.3842163085938,
    0.854
   ],
   [
    928.2034912109375,
    867.9578857421875,
    0.88
   ],
   [
    1055.401611328125,
    989.9847412109375,
    -1.0
   ],
   [
    865.1167602539062,
    1010.709228515625,
    -1.0
   ],
   [
    1046.95849609375,
    1030.420654296875,
    -1.0
   ],
   [
    851.7806396484375,
    1043.009033203125,
    -1.0
   ]
  ]
 ],
 "skeleton_percentage": [
  100,
  100
 ],
 "angle": [
  51,
  165
 ]
}