{
 "frame_index": 1076,
 "skeletons": [
  [
   [
    924.1634521484375,
    396.4877014160156,
    0.991
   ],
   [
    936.5009765625,
    373.58538818359375,
    0.971
   ],
   [
    900.6485595703125,
    381.57843017578125,
    0.981
   ],
   [
    959.6922607421875,
    388.42926025390625,
    0.666
   ],
   [
    868.45556640625,
    406.3594970703125,
    0.828
   ],
   [
    1041.38623046875,
    495.28936767578125,
    0.979
   ],
   [
    828.4241943359375,
    542.018310546875,
    0.985
   ],
   [
    1142.4722900390625,
    647.119873046875,
    0.849
   ],
   [
    790.4893798828125,
    735.4901733398438,
    0.887
   ],
   [
    1171.9453125,
    732.5886840820312,
    0.722
   ],
   [
    819.339599609375,
    787.76806640625,
    0.777
   ],
   [
    1079.9886474609375,
    783.2474365234375,
    0.72
   ],
   [
    933.779541015625,
    808.48583984375,
    0.74
   ],
   [
    1154.4486083984375,
    875.228759765625,
    -1.0
   ],
   [
    924.1261596679688,
    905.428466796875,
    -1.0
   ],
   [
    1158.409912109375,
    946.9751586914062,
    -1.0
   ],
   [
    897.6370239257812,
    969.1060791015625,
    -1.0
   ]
  ]
 ],
 "skeleton_percentage": [
  100
 ],
 "angle": [
  25
 ]
}