{
 "frame_index": 1077,
 "skeletons": [
  [
   [
    926.5946044921875,
    397.1615295410156,
    0.989
   ],
   [
    939.298095703125,
    374.1028747558594,
    0.97
   ],
   [
    902.1107177734375,
    381.1978454589844,
    0.977
   ],
   [
    962.2439575195312,
    389.697509765625,
    0.707
   ],
   [
    870.637939453125,
    405.0201416015625,
    0.827
   ],
   [
    1043.3572998046875,
    501.1405029296875,
    0.979
   ],
   [
    828.2045288085938,
    535.9256591796875,
    0.978
   ],
   [
    1143.1197509765625,
    663.8182983398438,
    0.843
   ],
   [
    800.5592651367188,
    731.9718017578125,
    0.834
   ],
   [
    1161.539306640625,
    721.9685668945312,
    0.705
   ],
   [
    865.3566284179688,
    740.3140869140625,
    0.717
   ],
   [
    1070.80126953125,
    796.169677734375,
    0.677
   ],
   [
    921.4030151367188,
    817.8675537109375,
    0.669
   ],
   [
    1171.331787109375,
    845.6332397460938,
    -1.0
   ],
   [
    923.7080078125,
    872.7420043945312,
    -1.0
   ],
   [
    1177.52880859375,
    914.8038940429688,
    -1.0
   ],
   [
    891.2607421875,
    939.6646728515625,
    -1.0
   ]
  ]
 ],
 "skeleton_percentage": [
  100
 ],
 "angle": [
  26
 ]
}