{
 "frame_index": 1078,
 "skeletons": [
  [
   [
    906.89306640625,
    391.51556396484375,
    0.988
   ],
   [
    919.7349853515625,
    368.35205078125,
    0.971
   ],
   [
    881.7112426757812,
    376.866943359375,
    0.973
   ],
   [
    943.9345092773438,
    385.22833251953125,
    0.765
   ],
   [
    852.6385498046875,
    404.65667724609375,
    0.808
   ],
   [
    1025.712646484375,
    498.6515808105469,
    0.98
   ],
   [
    813.9252319335938,
    533.8876953125,
    0.98
   ],
   [
    1125.4658203125,
    665.2978515625,
    0.857
   ],
   [
    782.2443237304688,
    728.50439453125,
    0.842
   ],
   [
    1147.4134521484375,
    737.0842895507812,
    0.707
   ],
   [
    829.0478515625,
    753.227783203125,
    0.704
   ],
   [
    1047.824951171875,
    796.7222900390625,
    0.674
   ],
   [
    898.2052001953125,
    817.23193359375,
    0.666
   ],
   [
    1144.505615234375,
    843.5692749023438,
    -1.0
   ],
   [
    877.9007568359375,
    870.4169311523438,
    -1.0
   ],
   [
    1166.560302734375,
    894.8457641601562,
    -1.0
   ],
   [
    847.2022705078125,
    924.2789306640625,
    -1.0
   ]
  ]
 ],
 "skeleton_percentage": [
  100
 ],
 "angle": [
  3
 ]
}