{
 "frame_index": 1079,
 "skeletons": [
  [
   [
    906.907958984375,
    391.5229797363281,
    0.988
   ],
   [
    919.696044921875,
    368.2913818359375,
    0.971
   ],
   [
    881.6993408203125,
    376.9266357421875,
    0.973
   ],
   [
    943.8828735351562,
    384.99566650390625,
    0.764
   ],
   [
    852.7490844726562,
    404.6182861328125,
    0.81
   ],
   [
    1025.751220703125,
    498.132080078125,
    0.98
   ],
   [
    814.223876953125,
    533.586181640625,
    0.98
   ],
   [
    1125.335205078125,
    663.7354736328125,
    0.856
   ],
   [
    782.3223266601562,
    727.6033325195312,
    0.841
   ],
   [
    1149.099365234375,
    735.619873046875,
    0.704
   ],
   [
    828.9651489257812,
    752.9353637695312,
    0.702
   ],
   [
    1047.6822509765625,
    798.594482421875,
    0.687
   ],
   [
    898.1962280273438,
    819.2506713867188,
    0.679
   ],
   [
    1144.5478515625,
    854.859130859375,
    -1.0
   ],
   [
    878.3743286132812,
    882.1305541992188,
    -1.0
   ],
   [
    1165.5775146484375,
    908.75537109375,
    -1.0
   ],
   [
    845.5771484375,
    939.0342407226562,
    -1.0
   ]
  ]
 ],
 "skeleton_percentage": [
  100
 ],
 "angle": [
  3
 ]
}