{
 "frame_index": 1080,
 "skeletons": [
  [
   [
    892.0263671875,
    393.5692138671875,
    0.991
   ],
   [
    906.4187622070312,
    369.8865966796875,
    0.977
   ],
   [
    868.6630859375,
    378.09844970703125,
    0.977
   ],
   [
    932.83251953125,
    383.867431640625,
    0.774
   ],
   [
    839.1864624023438,
    402.52801513671875,
    0.785
   ],
   [
    1017.1282958984375,
    497.7937316894531,
    0.979
   ],
   [
    803.4589233398438,
    537.9891357421875,
    0.987
   ],
   [
    1120.09423828125,
    644.888916015625,
    0.848
   ],
   [
    757.0512084960938,
    713.0260620117188,
    0.895
   ],
   [
    1130.41064453125,
    742.8169555664062,
    0.73
   ],
   [
    754.3170166015625,
    779.9825439453125,
    0.785
   ],
   [
    1043.260498046875,
    810.3079833984375,
    0.824
   ],
   [
    899.169921875,
    829.5115356445312,
    0.847
   ],
   [
    1082.4940185546875,
    942.4107055664062,
    -1.0
   ],
   [
    869.6876220703125,
    964.6270751953125,
    -1.0
   ],
   [
    1098.681640625,
    1032.8714599609375,
    -1.0
   ],
   [
    869.2890014648438,
    1050.24267578125,
    -1.0
   ]
  ],
  [
   [
    893.98681640625,
    392.2635498046875,
    0.986
   ],
   [
    909.1798095703125,
    367.8774719238281,
    0.948
   ],
   [
    871.380615234375,
    373.7249755859375,
    0.969
   ],
   [
    936.3883056640625,
    379.4006652832031,
    0.689
   ],
   [
    841.3455810546875,
    392.3236999511719,
    0.837
   ],
   [
    1013.9422607421875,
    506.79840087890625,
    0.986
   ],
   [
    804.5184326171875,
    537.7894287109375,
    0.991
   ],
   [
    1109.430908203125,
    668.2715454101562,
    0.89
   ],
   [
    772.0989990234375,
    742.099853515625,
    0.939
   ],
   [
    1133.68701171875,
    748.0991821289062,
    0.814
   ],
   [
    771.2781982421875,
    875.0765991210938,
    0.87
   ],
   [
    1036.70263671875,
    816.5115966796875,
    0.897
   ],
   [
    897.2705078125,
    831.58544921875,
    0.922
   ],
   [
    1044.198486328125,
    981.70849609375,
    -1.0
   ],
   [
    866.419921875,
    997.1524658203125,
    -1.0
   ],
   [
    1047.352783203125,
    1019.95751953125,
    -1.0
   ],
   [
    892.509521484375,
    1038.6107177734375,
    -1.0
   ]
  ]
 ],
 "skeleton_percentage": [
  100,
  100
 ],
 "angle": [
  340,
  191
 ]
}