{
 "frame_index": 1081,
 "skeletons": [
  [
   [
    882.1953735351562,
    388.24859619140625,
    0.993
   ],
   [
    896.9468994140625,
    366.0086975097656,
    0.975
   ],
   [
    859.4137573242188,
    371.7239685058594,
    0.981
   ],
   [
    922.3013916015625,
    383.00372314453125,
    0.73
   ],
   [
    826.734130859375,
    396.3282165527344,
    0.823
   ],
   [
    1000.8279418945312,
    496.649658203125,
    0.986
   ],
   [
    784.3822021484375,
    542.0635986328125,
    0.992
   ],
   [
    1102.9193115234375,
    649.3173828125,
    0.901
   ],
   [
    747.567138671875,
    742.568115234375,
    0.941
   ],
   [
    1116.8441162109375,
    761.3007202148438,
    0.816
   ],
   [
    758.5975952148438,
    822.049072265625,
    0.867
   ],
   [
    1026.982421875,
    820.9619750976562,
    0.917
   ],
   [
    877.119384765625,
    842.2547607421875,
    0.931
   ],
   [
    1071.319580078125,
    994.7626953125,
    -1.0
   ],
   [
    845.288818359375,
    1020.2202758789062,
    -1.0
   ],
   [
    1077.5687255859375,
    1080.0,
    -1.0
   ],
   [
    824.7640380859375,
    1080.0,
    -1.0
   ]
  ],
  [
   [
    882.536376953125,
    388.882568359375,
    0.994
   ],
   [
    897.4989624023438,
    366.8145446777344,
    0.977
   ],
   [
    860.425048828125,
    372.309814453125,
    0.984
   ],
   [
    922.3907470703125,
    383.5426940917969,
    0.72
   ],
   [
    829.1895751953125,
    396.196533203125,
    0.835
   ],
   [
    999.1549072265625,
    494.5326232910156,
    0.987
   ],
   [
    787.11572265625,
    538.1249389648438,
    0.991
   ],
   [
    1094.02392578125,
    652.249755859375,
    0.905
   ],
   [
    755.6395874023438,
    733.6224365234375,
    0.929
   ],
   [
    1127.368896484375,
    761.5194091796875,
    0.814
   ],
   [
    768.759765625,
    768.318603515625,
    0.852
   ],
   [
    1024.072021484375,
    810.2943115234375,
    0.896
   ],
   [
    876.4652709960938,
    830.9228515625,
    0.906
   ],
   [
    1070.87744140625,
    977.4007568359375,
    -1.0
   ],
   [
    833.3956298828125,
    1005.3955078125,
    -1.0
   ],
   [
    1088.7061767578125,
    1077.31103515625,
    -1.0
   ],
   [
    812.9276733398438,
    1080.0,
    -1.0
   ]
  ]
 ],
 "skeleton_percentage": [
  100,
  100
 ],
 "angle": [
  198,
  302
 ]
}