{
 "frame_index": 1082,
 "skeletons": [
  [
   [
    875.6082763671875,
    385.99090576171875,
    0.99
   ],
   [
    890.4466552734375,
    365.6815185546875,
    0.974
   ],
   [
    852.7000122070312,
    370.1346130371094,
    0.98
   ],
   [
    913.4044189453125,
    384.8108825683594,
    0.753
   ],
   [
    819.9698486328125,
    395.38201904296875,
    0.831
   ],
   [
    992.5632934570312,
    502.19110107421875,
    0.97
   ],
   [
    776.9510498046875,
    529.5103759765625,
    0.983
   ],
   [
    1095.615234375,
    663.1044921875,
    0.762
   ],
   [
    752.2484130859375,
    704.7341918945312,
    0.842
   ],
   [
    1097.235107421875,
    721.2374267578125,
    0.609
   ],
   [
    767.92626953125,
    695.7291259765625,
    0.706
   ],
   [
    1002.4524536132812,
    788.9188842773438,
    0.603
   ],
   [
    856.8118896484375,
    802.31201171875,
    0.646
   ],
   [
    1062.7147216796875,
    823.993896484375,
    -1.0
   ],
   [
    839.3577880859375,
    838.7947998046875,
    -1.0
   ],
   [
    1080.69580078125,
    886.3844604492188,
    -1.0
   ],
   [
    844.4360961914062,
    892.3082275390625,
    -1.0
   ]
  ]
 ],
 "skeleton_percentage": [
  100
 ],
 "angle": [
  313
 ]
}