{
 "frame_index": 1083,
 "skeletons": [
  [
   [
    875.5464477539062,
    385.94305419921875,
    0.99
   ],
   [
    890.4494018554688,
    365.6103515625,
    0.975
   ],
   [
    852.649658203125,
    370.06585693359375,
    0.981
   ],
   [
    913.475341796875,
    384.78936767578125,
    0.754
   ],
   [
    819.9986572265625,
    395.34942626953125,
    0.831
   ],
   [
    992.92138671875,
    502.2569274902344,
    0.97
   ],
   [
    777.1287841796875,
    529.7763671875,
    0.983
   ],
   [
    1095.841796875,
    663.8018798828125,
    0.759
   ],
   [
    752.7040405273438,
    705.5869140625,
    0.841
   ],
   [
    1095.24951171875,
    721.5021362304688,
    0.603
   ],
   [
    768.0466918945312,
    695.5244140625,
    0.703
   ],
   [
    1002.8780517578125,
    791.6273193359375,
    0.607
   ],
   [
    856.994873046875,
    804.941650390625,
    0.65
   ],
   [
    1062.481689453125,
    830.1910400390625,
    -1.0
   ],
   [
    838.5035400390625,
    844.7611083984375,
    -1.0
   ],
   [
    1080.2392578125,
    893.8570556640625,
    -1.0
   ],
   [
    842.5078125,
    899.180419921875,
    -1.0
   ]
  ]
 ],
 "skeleton_percentage": [
  100
 ],
 "angle": [
  313
 ]
}