{
 "frame_index": 1084,
 "skeletons": [
  [
   [
    868.5611572265625,
    385.1949462890625,
    0.99
   ],
   [
    884.6497192382812,
    365.806640625,
    0.975
   ],
   [
    845.5108642578125,
    369.2500305175781,
    0.981
   ],
   [
    908.441162109375,
    387.1417236328125,
    0.747
   ],
   [
    811.7935791015625,
    395.50921630859375,
    0.832
   ],
   [
    985.3698120117188,
    499.7344665527344,
    0.967
   ],
   [
    764.5650634765625,
    532.4892578125,
    0.979
   ],
   [
    1086.003173828125,
    657.5111694335938,
    0.746
   ],
   [
    740.319580078125,
    716.336181640625,
    0.819
   ],
   [
    1096.0947265625,
    736.7510375976562,
    0.565
   ],
   [
    769.2592163085938,
    723.769287109375,
    0.658
   ],
   [
    999.8756103515625,
    790.6318359375,
    0.523
   ],
   [
    849.5813598632812,
    807.48779296875,
    0.56
   ],
   [
    1067.130126953125,
    831.7744140625,
    -1.0
   ],
   [
    834.5209350585938,
    851.059814453125,
    -1.0
   ],
   [
    1078.0849609375,
    888.484619140625,
    -1.0
   ],
   [
    829.98583984375,
    893.612060546875,
    -1.0
   ]
  ]
 ],
 "skeleton_percentage": [
  100
 ],
 "angle": [
  304
 ]
}