{
 "frame_index": 1085,
 "skeletons": [
  [
   [
    862.1262817382812,
    384.59210205078125,
    0.99
   ],
   [
    877.19677734375,
    365.01556396484375,
    0.973
   ],
   [
    838.2200317382812,
    368.8147888183594,
    0.982
   ],
   [
    898.5324096679688,
    385.45263671875,
    0.71
   ],
   [
    801.4384765625,
    394.6919860839844,
    0.843
   ],
   [
    974.8807983398438,
    497.8960876464844,
    0.972
   ],
   [
    754.2562255859375,
    524.6937255859375,
    0.981
   ],
   [
    1080.194580078125,
    667.1596069335938,
    0.779
   ],
   [
    726.02392578125,
    708.6849365234375,
    0.833
   ],
   [
    1085.7337646484375,
    739.9178466796875,
    0.616
   ],
   [
    752.4711303710938,
    695.3604125976562,
    0.698
   ],
   [
    985.3758544921875,
    776.45556640625,
    0.537
   ],
   [
    835.9483642578125,
    790.3416137695312,
    0.564
   ],
   [
    1055.76904296875,
    786.9076538085938,
    -1.0
   ],
   [
    823.2158203125,
    802.5257568359375,
    -1.0
   ],
   [
    1068.2841796875,
    841.8604736328125,
    -1.0
   ],
   [
    817.184326171875,
    845.3770751953125,
    -1.0
   ]
  ]
 ],
 "skeleton_percentage": [
  100
 ],
 "angle": [
  297
 ]
}