{
 "frame_index": 1086,
 "skeletons": [
  [
   [
    861.62646484375,
    383.6655578613281,
    0.991
   ],
   [
    876.7208251953125,
    365.3818359375,
    0.971
   ],
   [
    837.6795043945312,
    367.3312683105469,
    0.984
   ],
   [
    895.4150390625,
    388.19573974609375,
    0.65
   ],
   [
    797.7925415039062,
    393.07574462890625,
    0.866
   ],
   [
    967.6107788085938,
    500.51947021484375,
    0.97
   ],
   [
    748.833740234375,
    525.3545532226562,
    0.979
   ],
   [
    1073.2847900390625,
    667.258056640625,
    0.763
   ],
   [
    722.301025390625,
    712.16845703125,
    0.819
   ],
   [
    1089.830078125,
    741.7648315429688,
    0.582
   ],
   [
    741.5194702148438,
    707.9411010742188,
    0.671
   ],
   [
    982.4811401367188,
    785.775146484375,
    0.543
   ],
   [
    834.271240234375,
    799.7894897460938,
    0.567
   ],
   [
    1057.8759765625,
    825.831787109375,
    -1.0
   ],
   [
    828.864013671875,
    840.8951416015625,
    -1.0
   ],
   [
    1068.3333740234375,
    882.71533203125,
    -1.0
   ],
   [
    818.5001220703125,
    883.4622802734375,
    -1.0
   ]
  ]
 ],
 "skeleton_percentage": [
  100
 ],
 "angle": [
  297
 ]
}