{
 "frame_index": 1087,
 "skeletons": [
  [
   [
    858.8878173828125,
    381.2932434082031,
    0.99
   ],
   [
    875.041748046875,
    361.00750732421875,
    0.965
   ],
   [
    835.2797241210938,
    362.55633544921875,
    0.979
   ],
   [
    897.8285522460938,
    384.04486083984375,
    0.646
   ],
   [
    797.3929443359375,
    386.85382080078125,
    0.847
   ],
   [
    966.40283203125,
    510.00067138671875,
    0.981
   ],
   [
    742.8201904296875,
    528.3709716796875,
    0.981
   ],
   [
    1068.3922119140625,
    670.9881591796875,
    0.842
   ],
   [
    712.6246337890625,
    711.2188720703125,
    0.843
   ],
   [
    1087.09619140625,
    758.72119140625,
    0.709
   ],
   [
    775.9859619140625,
    720.8929443359375,
    0.743
   ],
   [
    982.1893310546875,
    818.6597900390625,
    0.711
   ],
   [
    827.8402099609375,
    833.629150390625,
    0.716
   ],
   [
    1071.376220703125,
    899.3641357421875,
    -1.0
   ],
   [
    838.69482421875,
    919.679931640625,
    -1.0
   ],
   [
    1076.274169921875,
    949.3848266601562,
    -1.0
   ],
   [
    836.3968505859375,
    958.8079833984375,
    -1.0
   ]
  ],
  [
   [
    861.0369873046875,
    377.9592590332031,
    0.984
   ],
   [
    877.57177734375,
    354.4368896484375,
    0.94
   ],
   [
    836.8560791015625,
    355.8342590332031,
    0.965
   ],
   [
    898.2025146484375,
    371.821044921875,
    0.609
   ],
   [
    795.3416748046875,
    374.8951416015625,
    0.84
   ],
   [
    955.5692138671875,
    507.72930908203125,
    0.983
   ],
   [
    750.0407104492188,
    533.865234375,
    0.986
   ],
   [
    1053.6187744140625,
    672.1890258789062,
    0.871
   ],
   [
    714.6365966796875,
    739.4324340820312,
    0.891
   ],
   [
    1061.29150390625,
    779.2095947265625,
    0.777
   ],
   [
    758.4163818359375,
    810.1763305664062,
    0.807
   ],
   [
    962.705810546875,
    851.2506103515625,
    0.885
   ],
   [
    827.152587890625,
    863.2256469726562,
    0.892
   ],
   [
    947.9866333007812,
    1011.203369140625,
    -1.0
   ],
   [
    801.0931396484375,
    1026.1614990234375,
    -1.0
   ],
   [
    929.2494506835938,
    1069.9853515625,
    -1.0
   ],
   [
    796.5067138671875,
    1070.0078125,
    -1.0
   ]
  ]
 ],
 "skeleton_percentage": [
  100,
  100
 ],
 "angle": [
  300,
  205
 ]
}