{
 "frame_index": 1088,
 "skeletons": [
  [
   [
    859.2703857421875,
    380.49053955078125,
    0.983
   ],
   [
    874.4151611328125,
    360.0661926269531,
    0.956
   ],
   [
    834.4803466796875,
    361.742919921875,
    0.965
   ],
   [
    894.977294921875,
    382.76116943359375,
    0.685
   ],
   [
    797.3666381835938,
    386.8336486816406,
    0.82
   ],
   [
    963.6809692382812,
    509.2969970703125,
    0.98
   ],
   [
    744.7957763671875,
    524.0311279296875,
    0.974
   ],
   [
    1066.697509765625,
    675.3834228515625,
    0.839
   ],
   [
    721.6802978515625,
    710.669921875,
    0.781
   ],
   [
    1080.5609130859375,
    743.0128173828125,
    0.692
   ],
   [
    786.6495361328125,
    721.2261962890625,
    0.66
   ],
   [
    974.2366943359375,
    810.6751098632812,
    0.696
   ],
   [
    823.2896118164062,
    825.4337768554688,
    0.666
   ],
   [
    1087.485107421875,
    848.749755859375,
    -1.0
   ],
   [
    853.5106201171875,
    868.127685546875,
    -1.0
   ],
   [
    1098.2716064453125,
    907.8614501953125,
    -1.0
   ],
   [
    851.9448852539062,
    923.611083984375,
    -1.0
   ]
  ],
  [
   [
    860.846435546875,
    378.252685546875,
    0.983
   ],
   [
    877.396728515625,
    354.58099365234375,
    0.939
   ],
   [
    836.65966796875,
    356.1094665527344,
    0.964
   ],
   [
    898.228271484375,
    371.73046875,
    0.612
   ],
   [
    795.3828735351562,
    375.013916015625,
    0.836
   ],
   [
    955.9036865234375,
    507.55279541015625,
    0.983
   ],
   [
    750.4649658203125,
    533.713134765625,
    0.985
   ],
   [
    1054.158447265625,
    672.4547119140625,
    0.869
   ],
   [
    714.0491943359375,
    737.8027954101562,
    0.885
   ],
   [
    1059.618408203125,
    783.054931640625,
    0.774
   ],
   [
    756.9561157226562,
    809.7837524414062,
    0.801
   ],
   [
    965.642578125,
    848.2329711914062,
    0.883
   ],
   [
    830.6259765625,
    860.7425537109375,
    0.889
   ],
   [
    955.5184936523438,
    1006.8978271484375,
    -1.0
   ],
   [
    811.236572265625,
    1022.3089599609375,
    -1.0
   ],
   [
    938.942138671875,
    1067.6014404296875,
    -1.0
   ],
   [
    810.3321533203125,
    1067.8404541015625,
    -1.0
   ]
  ]
 ],
 "skeleton_percentage": [
  100,
  100
 ],
 "angle": [
  299,
  205
 ]
}