{
 "frame_index": 1089,
 "skeletons": [
  [
   [
    860.4417724609375,
    378.9950866699219,
    0.981
   ],
   [
    874.6821899414062,
    358.6685791015625,
    0.95
   ],
   [
    836.00439453125,
    360.88519287109375,
    0.963
   ],
   [
    893.4459228515625,
    380.4793395996094,
    0.676
   ],
   [
    799.1419677734375,
    385.796142578125,
    0.83
   ],
   [
    960.8897705078125,
    506.52294921875,
    0.981
   ],
   [
    742.8720703125,
    520.2611083984375,
    0.974
   ],
   [
    1064.08056640625,
    670.080810546875,
    0.844
   ],
   [
    715.3460693359375,
    702.42138671875,
    0.781
   ],
   [
    1078.68994140625,
    741.349609375,
    0.694
   ],
   [
    778.130126953125,
    719.4527587890625,
    0.657
   ],
   [
    963.25634765625,
    802.2825927734375,
    0.702
   ],
   [
    813.4599609375,
    816.8457641601562,
    0.669
   ],
   [
    1081.06396484375,
    837.951904296875,
    -1.0
   ],
   [
    849.0615234375,
    857.9337158203125,
    -1.0
   ],
   [
    1094.0621337890625,
    894.0299072265625,
    -1.0
   ],
   [
    851.5103759765625,
    913.0706176757812,
    -1.0
   ]
  ],
  [
   [
    861.5787963867188,
    377.5370178222656,
    0.981
   ],
   [
    877.5323486328125,
    353.973388671875,
    0.929
   ],
   [
    838.0013427734375,
    355.4813232421875,
    0.961
   ],
   [
    896.6449584960938,
    369.7266845703125,
    0.594
   ],
   [
    797.5523681640625,
    372.6197509765625,
    0.846
   ],
   [
    954.7315673828125,
    503.19287109375,
    0.984
   ],
   [
    750.0623779296875,
    526.7266235351562,
    0.986
   ],
   [
    1050.622802734375,
    664.0584716796875,
    0.876
   ],
   [
    712.1119384765625,
    725.4168701171875,
    0.888
   ],
   [
    1063.0699462890625,
    767.9915771484375,
    0.778
   ],
   [
    750.07568359375,
    798.9263916015625,
    0.802
   ],
   [
    962.0390625,
    841.4696044921875,
    0.896
   ],
   [
    828.468017578125,
    853.6093139648438,
    0.899
   ],
   [
    957.5888671875,
    1003.233642578125,
    -1.0
   ],
   [
    818.2598876953125,
    1019.036376953125,
    -1.0
   ],
   [
    936.3370971679688,
    1069.0887451171875,
    -1.0
   ],
   [
    820.1505126953125,
    1073.1160888671875,
    -1.0
   ]
  ]
 ],
 "skeleton_percentage": [
  100,
  100
 ],
 "angle": [
  300,
  206
 ]
}