{
 "frame_index": 1090,
 "skeletons": [
  [
   [
    862.34814453125,
    380.21966552734375,
    0.991
   ],
   [
    877.31689453125,
    362.6142883300781,
    0.967
   ],
   [
    838.9248046875,
    362.64581298828125,
    0.986
   ],
   [
    893.8284912109375,
    385.1941223144531,
    0.588
   ],
   [
    796.0880126953125,
    385.3620300292969,
    0.894
   ],
   [
    959.739990234375,
    500.03668212890625,
    0.972
   ],
   [
    738.7941284179688,
    518.0341186523438,
    0.981
   ],
   [
    1060.0789794921875,
    664.82275390625,
    0.749
   ],
   [
    712.0137329101562,
    704.6028442382812,
    0.824
   ],
   [
    1086.236083984375,
    744.9790649414062,
    0.563
   ],
   [
    751.2976684570312,
    731.4573974609375,
    0.672
   ],
   [
    972.813720703125,
    760.7671508789062,
    0.553
   ],
   [
    826.209716796875,
    774.8622436523438,
    0.582
   ],
   [
    1063.56787109375,
    777.472412109375,
    -1.0
   ],
   [
    855.0648193359375,
    791.29541015625,
    -1.0
   ],
   [
    1066.797607421875,
    832.4915771484375,
    -1.0
   ],
   [
    860.7530517578125,
    834.4393310546875,
    -1.0
   ]
  ]
 ],
 "skeleton_percentage": [
  100
 ],
 "angle": [
  298
 ]
}