{
 "frame_index": 1091,
 "skeletons": [
  [
   [
    863.8602905273438,
    376.0688781738281,
    0.981
   ],
   [
    878.0301513671875,
    356.71441650390625,
    0.946
   ],
   [
    838.5437622070312,
    358.0198974609375,
    0.965
   ],
   [
    895.3675537109375,
    381.30706787109375,
    0.651
   ],
   [
    799.5931396484375,
    385.22760009765625,
    0.846
   ],
   [
    959.5845947265625,
    507.8724060058594,
    0.98
   ],
   [
    742.9169311523438,
    518.7310791015625,
    0.978
   ],
   [
    1061.67919921875,
    666.0196533203125,
    0.845
   ],
   [
    710.2852783203125,
    698.996826171875,
    0.82
   ],
   [
    1085.687744140625,
    731.690673828125,
    0.7
   ],
   [
    777.485595703125,
    732.6490478515625,
    0.696
   ],
   [
    958.2244262695312,
    805.326904296875,
    0.723
   ],
   [
    807.98876953125,
    818.7760620117188,
    0.709
   ],
   [
    1074.71630859375,
    840.170654296875,
    -1.0
   ],
   [
    834.2850952148438,
    857.6622314453125,
    -1.0
   ],
   [
    1088.343994140625,
    894.4392700195312,
    -1.0
   ],
   [
    826.4478759765625,
    913.7642822265625,
    -1.0
   ]
  ]
 ],
 "skeleton_percentage": [
  100
 ],
 "angle": [
  300
 ]
}