{
 "frame_index": 1092,
 "skeletons": [
  [
   [
    864.0368041992188,
    374.5008544921875,
    0.991
   ],
   [
    878.543212890625,
    357.25732421875,
    0.967
   ],
   [
    839.6306762695312,
    358.20208740234375,
    0.983
   ],
   [
    897.1591796875,
    382.6769714355469,
    0.631
   ],
   [
    800.094970703125,
    385.095458984375,
    0.874
   ],
   [
    960.0394287109375,
    501.19403076171875,
    0.981
   ],
   [
    745.2052001953125,
    512.171142578125,
    0.981
   ],
   [
    1054.70166015625,
    664.283203125,
    0.845
   ],
   [
    709.3064575195312,
    695.9718627929688,
    0.847
   ],
   [
    1089.294921875,
    735.4172973632812,
    0.691
   ],
   [
    759.8740234375,
    737.8679809570312,
    0.719
   ],
   [
    961.2665405273438,
    784.27734375,
    0.69
   ],
   [
    813.0400390625,
    795.8322143554688,
    0.684
   ],
   [
    1071.1356201171875,
    829.4967041015625,
    -1.0
   ],
   [
    829.3729248046875,
    841.630615234375,
    -1.0
   ],
   [
    1087.580322265625,
    878.899169921875,
    -1.0
   ],
   [
    809.0340576171875,
    890.31640625,
    -1.0
   ]
  ]
 ],
 "skeleton_percentage": [
  100
 ],
 "angle": [
  299
 ]
}