{
 "frame_index": 1093,
 "skeletons": [
  [
   [
    864.6150512695312,
    379.78076171875,
    0.991
   ],
   [
    881.4585571289062,
    359.90728759765625,
    0.962
   ],
   [
    840.967529296875,
    359.553955078125,
    0.981
   ],
   [
    902.2449951171875,
    384.3980712890625,
    0.583
   ],
   [
    799.8406982421875,
    382.5835876464844,
    0.865
   ],
   [
    967.0040283203125,
    510.7406005859375,
    0.982
   ],
   [
    742.98291015625,
    520.93701171875,
    0.985
   ],
   [
    1074.628662109375,
    680.0303955078125,
    0.858
   ],
   [
    711.2345581054688,
    706.6444702148438,
    0.884
   ],
   [
    1087.778564453125,
    763.453857421875,
    0.75
   ],
   [
    771.5029296875,
    715.807373046875,
    0.809
   ],
   [
    980.2567138671875,
    824.8172607421875,
    0.755
   ],
   [
    825.9161376953125,
    836.0802001953125,
    0.774
   ],
   [
    1072.888671875,
    885.7890625,
    -1.0
   ],
   [
    840.3446044921875,
    898.87646484375,
    -1.0
   ],
   [
    1081.908203125,
    952.11865234375,
    -1.0
   ],
   [
    839.3665771484375,
    952.572509765625,
    -1.0
   ]
  ],
  [
   [
    865.60009765625,
    379.8228759765625,
    0.992
   ],
   [
    883.2998657226562,
    359.88720703125,
    0.957
   ],
   [
    842.3502197265625,
    358.8512878417969,
    0.985
   ],
   [
    904.38720703125,
    382.0599060058594,
    0.511
   ],
   [
    796.1273803710938,
    378.3006591796875,
    0.893
   ],
   [
    963.423095703125,
    510.24462890625,
    0.983
   ],
   [
    743.8086547851562,
    525.5164184570312,
    0.988
   ],
   [
    1072.70751953125,
    679.7708740234375,
    0.849
   ],
   [
    711.2514038085938,
    714.658203125,
    0.911
   ],
   [
    1082.7071533203125,
    773.86328125,
    0.736
   ],
   [
    756.617431640625,
    752.597412109375,
    0.83
   ],
   [
    989.240478515625,
    841.1629028320312,
    0.867
   ],
   [
    839.2701416015625,
    852.0333251953125,
    0.889
   ],
   [
    1033.420166015625,
    987.01025390625,
    -1.0
   ],
   [
    835.458740234375,
    995.682373046875,
    -1.0
   ],
   [
    1056.842529296875,
    1032.162841796875,
    -1.0
   ],
   [
    847.5280151367188,
    1020.14892578125,
    -1.0
   ]
  ]
 ],
 "skeleton_percentage": [
  100,
  100
 ],
 "angle": [
  301,
  217
 ]
}