{
 "frame_index": 1094,
 "skeletons": [
  [
   [
    869.8452758789062,
    374.123779296875,
    0.984
   ],
   [
    885.1102294921875,
    354.7950439453125,
    0.95
   ],
   [
    845.4749755859375,
    354.3267822265625,
    0.969
   ],
   [
    902.2326049804688,
    378.97625732421875,
    0.622
   ],
   [
    804.7750244140625,
    378.527099609375,
    0.846
   ],
   [
    966.0732421875,
    502.391357421875,
    0.981
   ],
   [
    746.6057739257812,
    516.1301879882812,
    0.979
   ],
   [
    1070.6683349609375,
    665.6237182617188,
    0.856
   ],
   [
    719.90185546875,
    705.3331298828125,
    0.834
   ],
   [
    1090.8079833984375,
    735.841796875,
    0.722
   ],
   [
    777.7093505859375,
    720.4105834960938,
    0.724
   ],
   [
    975.1343994140625,
    806.23095703125,
    0.724
   ],
   [
    822.72119140625,
    820.4140625,
    0.711
   ],
   [
    1086.6142578125,
    826.4093017578125,
    -1.0
   ],
   [
    842.9986572265625,
    843.9644775390625,
    -1.0
   ],
   [
    1098.9639892578125,
    889.7401123046875,
    -1.0
   ],
   [
    838.1174926757812,
    898.934326171875,
    -1.0
   ]
  ],
  [
   [
    869.9727783203125,
    376.1976013183594,
    0.991
   ],
   [
    887.524658203125,
    356.17474365234375,
    0.955
   ],
   [
    847.0739135742188,
    355.371337890625,
    0.985
   ],
   [
    908.6973876953125,
    377.2177734375,
    -1.0
   ],
   [
    801.47216796875,
    373.9417419433594,
    0.895
   ],
   [
    964.4080810546875,
    500.0525207519531,
    0.982
   ],
   [
    747.7971801757812,
    521.216552734375,
    0.988
   ],
   [
    1067.1156005859375,
    656.0663452148438,
    0.851
   ],
   [
    711.1843872070312,
    714.55419921875,
    0.908
   ],
   [
    1088.7041015625,
    748.1705322265625,
    0.74
   ],
   [
    746.939697265625,
    791.7857666015625,
    0.823
   ],
   [
    991.9072265625,
    812.8782348632812,
    0.859
   ],
   [
    843.1756591796875,
    827.5740966796875,
    0.88
   ],
   [
    1046.708251953125,
    962.3289184570312,
    -1.0
   ],
   [
    843.1396484375,
    975.2594604492188,
    -1.0
   ],
   [
    1064.9140625,
    1007.7802734375,
    -1.0
   ],
   [
    847.324462890625,
    1002.5321044921875,
    -1.0
   ]
  ]
 ],
 "skeleton_percentage": [
  100,
  100
 ],
 "angle": [
  302,
  224
 ]
}