{
 "frame_index": 1095,
 "skeletons": [
  [
   [
    869.69677734375,
    373.8461608886719,
    0.984
   ],
   [
    885.0379028320312,
    354.7052001953125,
    0.95
   ],
   [
    845.4105224609375,
    354.1029052734375,
    0.969
   ],
   [
    902.304931640625,
    379.12213134765625,
    0.627
   ],
   [
    804.91845703125,
    378.44561767578125,
    0.845
   ],
   [
    965.990966796875,
    502.2655334472656,
    0.981
   ],
   [
    746.6442260742188,
    516.1891479492188,
    0.979
   ],
   [
    1070.032958984375,
    664.77490234375,
    0.856
   ],
   [
    720.0250244140625,
    704.8595581054688,
    0.836
   ],
   [
    1091.416015625,
    736.0750122070312,
    0.723
   ],
   [
    777.3938598632812,
    720.6041259765625,
    0.727
   ],
   [
    976.1822509765625,
    802.1925659179688,
    0.719
   ],
   [
    824.0363159179688,
    816.6229248046875,
    0.707
   ],
   [
    1088.552001953125,
    815.1102905273438,
    -1.0
   ],
   [
    845.4193725585938,
    832.938232421875,
    -1.0
   ],
   [
    1101.0386962890625,
    876.43408203125,
    -1.0
   ],
   [
    842.7484130859375,
    885.5330810546875,
    -1.0
   ]
  ]
 ],
 "skeleton_percentage": [
  100
 ],
 "angle": [
  302
 ]
}