{
 "frame_index": 1096,
 "skeletons": [
  [
   [
    876.1781616210938,
    373.4326171875,
    0.991
   ],
   [
    891.5748291015625,
    354.080078125,
    0.962
   ],
   [
    852.8905029296875,
    354.41796875,
    0.982
   ],
   [
    910.3796997070312,
    376.985595703125,
    0.58
   ],
   [
    811.392333984375,
    376.9813232421875,
    0.884
   ],
   [
    976.5071411132812,
    498.4562072753906,
    0.984
   ],
   [
    751.6990966796875,
    513.1992797851562,
    0.985
   ],
   [
    1073.29052734375,
    649.6734619140625,
    0.863
   ],
   [
    710.8800659179688,
    688.939453125,
    0.883
   ],
   [
    1103.5546875,
    741.45361328125,
    0.729
   ],
   [
    762.3140869140625,
    726.7476806640625,
    0.783
   ],
   [
    989.4325561523438,
    807.5291748046875,
    0.781
   ],
   [
    833.375732421875,
    820.3428955078125,
    0.795
   ],
   [
    1060.637451171875,
    913.6492309570312,
    -1.0
   ],
   [
    820.2247924804688,
    930.9197387695312,
    -1.0
   ],
   [
    1064.407958984375,
    964.6862182617188,
    -1.0
   ],
   [
    810.841796875,
    973.2661743164062,
    -1.0
   ]
  ],
  [
   [
    875.06201171875,
    371.82220458984375,
    0.984
   ],
   [
    892.18994140625,
    348.02044677734375,
    0.941
   ],
   [
    850.5352783203125,
    349.4083251953125,
    0.965
   ],
   [
    913.2152099609375,
    363.85791015625,
    0.592
   ],
   [
    807.27587890625,
    366.6756591796875,
    0.829
   ],
   [
    969.2021484375,
    496.54620361328125,
    0.985
   ],
   [
    757.9890747070312,
    518.1439819335938,
    0.985
   ],
   [
    1060.2447509765625,
    655.0578002929688,
    0.894
   ],
   [
    711.0501708984375,
    719.8515014648438,
    0.893
   ],
   [
    1071.1151123046875,
    749.491943359375,
    0.82
   ],
   [
    744.7567749023438,
    809.337646484375,
    0.823
   ],
   [
    968.6954956054688,
    838.4019775390625,
    0.901
   ],
   [
    828.4080810546875,
    848.4644165039062,
    0.9
   ],
   [
    956.8357543945312,
    1005.4698486328125,
    -1.0
   ],
   [
    797.748779296875,
    1017.7714233398438,
    -1.0
   ],
   [
    935.6617431640625,
    1075.927001953125,
    -1.0
   ],
   [
    785.6414794921875,
    1080.0,
    -1.0
   ]
  ]
 ],
 "skeleton_percentage": [
  100,
  100
 ],
 "angle": [
  305,
  205
 ]
}