{
 "frame_index": 1097,
 "skeletons": [
  [
   [
    876.230712890625,
    373.35101318359375,
    0.991
   ],
   [
    891.5364990234375,
    353.9372863769531,
    0.961
   ],
   [
    852.9761352539062,
    354.3730773925781,
    0.982
   ],
   [
    910.2310791015625,
    376.66473388671875,
    0.576
   ],
   [
    811.4533081054688,
    376.8036804199219,
    0.885
   ],
   [
    976.6361083984375,
    498.3399353027344,
    0.984
   ],
   [
    751.5224609375,
    513.0918579101562,
    0.986
   ],
   [
    1073.469482421875,
    649.81591796875,
    0.864
   ],
   [
    711.5550537109375,
    688.9782104492188,
    0.885
   ],
   [
    1103.0684814453125,
    742.2192993164062,
    0.731
   ],
   [
    764.5756225585938,
    726.9036254882812,
    0.785
   ],
   [
    989.4854736328125,
    808.1326904296875,
    0.789
   ],
   [
    833.3197021484375,
    820.985595703125,
    0.802
   ],
   [
    1060.5689697265625,
    918.0732421875,
    -1.0
   ],
   [
    821.147705078125,
    935.5179443359375,
    -1.0
   ],
   [
    1064.20556640625,
    969.7666625976562,
    -1.0
   ],
   [
    812.5294189453125,
    978.673095703125,
    -1.0
   ]
  ],
  [
   [
    874.9888916015625,
    371.9283447265625,
    0.984
   ],
   [
    891.9893798828125,
    348.22308349609375,
    0.94
   ],
   [
    850.5942993164062,
    349.5966796875,
    0.965
   ],
   [
    912.7142944335938,
    364.100830078125,
    0.589
   ],
   [
    807.5318603515625,
    366.84716796875,
    0.83
   ],
   [
    968.7061157226562,
    496.5401916503906,
    0.985
   ],
   [
    758.1627807617188,
    518.1614379882812,
    0.985
   ],
   [
    1059.3291015625,
    655.0247192382812,
    0.895
   ],
   [
    712.09814453125,
    720.1087646484375,
    0.893
   ],
   [
    1070.9036865234375,
    750.4029541015625,
    0.821
   ],
   [
    746.1824951171875,
    811.294921875,
    0.823
   ],
   [
    968.6419677734375,
    835.9103393554688,
    0.901
   ],
   [
    829.5164794921875,
    846.1683349609375,
    0.899
   ],
   [
    956.40576171875,
    1003.2357177734375,
    -1.0
   ],
   [
    802.704833984375,
    1015.8326416015625,
    -1.0
   ],
   [
    932.8698120117188,
    1074.6595458984375,
    -1.0
   ],
   [
    792.4442138671875,
    1079.151611328125,
    -1.0
   ]
  ]
 ],
 "skeleton_percentage": [
  100,
  100
 ],
 "angle": [
  305,
  205
 ]
}