{
 "frame_index": 1098,
 "skeletons": [
  [
   [
    885.3326416015625,
    373.14056396484375,
    0.993
   ],
   [
    898.8436279296875,
    355.2236328125,
    0.967
   ],
   [
    863.12060546875,
    355.34259033203125,
    0.988
   ],
   [
    913.3917846679688,
    376.61065673828125,
    0.518
   ],
   [
    819.6630249023438,
    375.7705993652344,
    0.907
   ],
   [
    978.0082397460938,
    488.82196044921875,
    0.979
   ],
   [
    762.2145385742188,
    507.39532470703125,
    0.985
   ],
   [
    1080.264404296875,
    656.2239990234375,
    0.828
   ],
   [
    720.7648315429688,
    701.6369018554688,
    0.875
   ],
   [
    1102.41552734375,
    727.8935546875,
    0.672
   ],
   [
    750.2233276367188,
    705.7274169921875,
    0.761
   ],
   [
    997.4439697265625,
    779.9111938476562,
    0.671
   ],
   [
    846.7948608398438,
    792.6162109375,
    0.693
   ],
   [
    1080.917236328125,
    841.9239501953125,
    -1.0
   ],
   [
    827.568359375,
    855.1056518554688,
    -1.0
   ],
   [
    1105.5911865234375,
    896.4578857421875,
    -1.0
   ],
   [
    800.78759765625,
    894.458251953125,
    -1.0
   ]
  ]
 ],
 "skeleton_percentage": [
  100
 ],
 "angle": [
  307
 ]
}