{
 "frame_index": 1099,
 "skeletons": [
  [
   [
    888.335205078125,
    367.964599609375,
    0.993
   ],
   [
    902.6641845703125,
    348.1689147949219,
    0.969
   ],
   [
    865.3211059570312,
    350.31658935546875,
    0.985
   ],
   [
    919.94873046875,
    369.4688720703125,
    0.572
   ],
   [
    823.061767578125,
    374.57177734375,
    0.869
   ],
   [
    987.39990234375,
    485.3985900878906,
    0.978
   ],
   [
    769.3793334960938,
    520.3782958984375,
    0.984
   ],
   [
    1094.5498046875,
    638.8123168945312,
    0.83
   ],
   [
    726.3723754882812,
    713.045166015625,
    0.864
   ],
   [
    1134.5439453125,
    739.8916625976562,
    0.667
   ],
   [
    732.0430908203125,
    741.2406005859375,
    0.732
   ],
   [
    1006.4483642578125,
    803.537841796875,
    0.734
   ],
   [
    855.547607421875,
    821.4742431640625,
    0.745
   ],
   [
    1059.020263671875,
    932.5534057617188,
    -1.0
   ],
   [
    825.43701171875,
    955.2645263671875,
    -1.0
   ],
   [
    1069.890869140625,
    992.0916748046875,
    -1.0
   ],
   [
    801.8142700195312,
    995.9335327148438,
    -1.0
   ]
  ]
 ],
 "skeleton_percentage": [
  100
 ],
 "angle": [
  313
 ]
}