{
 "frame_index": 1100,
 "skeletons": [
  [
   [
    888.2401123046875,
    367.96759033203125,
    0.993
   ],
   [
    902.6134033203125,
    348.11181640625,
    0.969
   ],
   [
    865.3084716796875,
    350.1385803222656,
    0.986
   ],
   [
    919.7698974609375,
    369.3653869628906,
    0.566
   ],
   [
    823.011962890625,
    374.080078125,
    0.874
   ],
   [
    987.590087890625,
    485.5981750488281,
    0.978
   ],
   [
    768.7935791015625,
    520.675048828125,
    0.984
   ],
   [
    1093.844482421875,
    638.5349731445312,
    0.824
   ],
   [
    726.63720703125,
    713.4229736328125,
    0.867
   ],
   [
    1134.4600830078125,
    739.2299194335938,
    0.66
   ],
   [
    732.444580078125,
    741.7879028320312,
    0.735
   ],
   [
    1007.8767700195312,
    805.1746215820312,
    0.743
   ],
   [
    856.914794921875,
    823.3075561523438,
    0.758
   ],
   [
    1059.0516357421875,
    941.840087890625,
    -1.0
   ],
   [
    828.394287109375,
    964.8964233398438,
    -1.0
   ],
   [
    1067.9842529296875,
    1006.499267578125,
    -1.0
   ],
   [
    806.3340454101562,
    1010.492919921875,
    -1.0
   ]
  ]
 ],
 "skeleton_percentage": [
  100
 ],
 "angle": [
  313
 ]
}