{
 "frame_index": 1101,
 "skeletons": [
  [
   [
    896.2113647460938,
    366.8681945800781,
    0.987
   ],
   [
    909.7666625976562,
    345.6860046386719,
    0.958
   ],
   [
    873.0335693359375,
    348.57147216796875,
    0.974
   ],
   [
    926.9073486328125,
    364.7596435546875,
    0.661
   ],
   [
    835.7711791992188,
    371.214599609375,
    0.857
   ],
   [
    995.7774658203125,
    487.4638366699219,
    0.982
   ],
   [
    778.06787109375,
    510.49755859375,
    0.984
   ],
   [
    1095.92626953125,
    659.6087036132812,
    0.856
   ],
   [
    738.7828369140625,
    706.7213745117188,
    0.863
   ],
   [
    1118.7183837890625,
    740.94775390625,
    0.713
   ],
   [
    783.5062866210938,
    715.2822265625,
    0.747
   ],
   [
    1016.8159790039062,
    783.5740356445312,
    0.698
   ],
   [
    865.3212890625,
    800.6212158203125,
    0.706
   ],
   [
    1109.2486572265625,
    812.7000732421875,
    -1.0
   ],
   [
    855.4421997070312,
    834.9188232421875,
    -1.0
   ],
   [
    1148.534912109375,
    858.8417358398438,
    -1.0
   ],
   [
    864.5819091796875,
    873.495849609375,
    -1.0
   ]
  ]
 ],
 "skeleton_percentage": [
  100
 ],
 "angle": [
  324
 ]
}