{
 "frame_index": 1102,
 "skeletons": [
  [
   [
    906.1705322265625,
    360.48455810546875,
    0.99
   ],
   [
    921.9013671875,
    339.1249694824219,
    0.954
   ],
   [
    883.580322265625,
    341.62835693359375,
    0.977
   ],
   [
    944.4058837890625,
    357.5935363769531,
    0.628
   ],
   [
    845.201171875,
    363.20672607421875,
    0.868
   ],
   [
    1009.575439453125,
    479.6644592285156,
    0.988
   ],
   [
    793.0146484375,
    515.0345458984375,
    0.993
   ],
   [
    1093.0341796875,
    630.1947021484375,
    0.919
   ],
   [
    748.70556640625,
    717.5850830078125,
    0.953
   ],
   [
    1127.3770751953125,
    715.7515869140625,
    0.864
   ],
   [
    770.8577880859375,
    793.1290283203125,
    0.909
   ],
   [
    1043.5111083984375,
    785.5153198242188,
    0.931
   ],
   [
    897.6982421875,
    805.855224609375,
    0.944
   ],
   [
    1071.54541015625,
    963.4229736328125,
    -1.0
   ],
   [
    887.509521484375,
    989.3955688476562,
    -1.0
   ],
   [
    1071.2486572265625,
    1034.2520751953125,
    -1.0
   ],
   [
    895.8658447265625,
    1048.7021484375,
    -1.0
   ]
  ]
 ],
 "skeleton_percentage": [
  100
 ],
 "angle": [
  197
 ]
}