{
 "frame_index": 1103,
 "skeletons": [
  [
   [
    916.775146484375,
    361.5649108886719,
    0.988
   ],
   [
    931.3529663085938,
    339.6405029296875,
    0.969
   ],
   [
    893.590576171875,
    345.38848876953125,
    0.973
   ],
   [
    955.2789916992188,
    357.3359069824219,
    0.746
   ],
   [
    863.8504638671875,
    369.8418273925781,
    0.817
   ],
   [
    1026.266845703125,
    476.4586486816406,
    0.984
   ],
   [
    809.8428955078125,
    504.49383544921875,
    0.982
   ],
   [
    1113.73828125,
    633.3743896484375,
    0.885
   ],
   [
    768.2232666015625,
    691.9590454101562,
    0.849
   ],
   [
    1146.5089111328125,
    702.9827880859375,
    0.761
   ],
   [
    820.0750732421875,
    728.7734375,
    0.731
   ],
   [
    1031.8326416015625,
    779.723388671875,
    0.799
   ],
   [
    882.3687744140625,
    799.517822265625,
    0.778
   ],
   [
    1137.09375,
    874.149169921875,
    -1.0
   ],
   [
    897.2191772460938,
    900.8893432617188,
    -1.0
   ],
   [
    1153.958984375,
    933.2323608398438,
    -1.0
   ],
   [
    884.8944091796875,
    962.6422119140625,
    -1.0
   ]
  ],
  [
   [
    917.2022094726562,
    362.76629638671875,
    0.99
   ],
   [
    933.267822265625,
    340.4831237792969,
    0.959
   ],
   [
    895.2923583984375,
    344.0927429199219,
    0.979
   ],
   [
    958.6280517578125,
    357.23834228515625,
    0.653
   ],
   [
    861.8951416015625,
    364.5286560058594,
    0.869
   ],
   [
    1026.61376953125,
    481.378662109375,
    0.987
   ],
   [
    810.4531860351562,
    512.5940551757812,
    0.992
   ],
   [
    1109.29736328125,
    629.3489379882812,
    0.905
   ],
   [
    776.6829833984375,
    702.4276733398438,
    0.945
   ],
   [
    1149.0655517578125,
    709.6683349609375,
    0.851
   ],
   [
    814.9381103515625,
    781.9412841796875,
    0.899
   ],
   [
    1052.557861328125,
    783.3180541992188,
    0.923
   ],
   [
    907.6815185546875,
    803.4561767578125,
    0.939
   ],
   [
    1094.333984375,
    962.7509765625,
    -1.0
   ],
   [
    910.6669921875,
    988.8195190429688,
    -1.0
   ],
   [
    1091.80859375,
    1036.99267578125,
    -1.0
   ],
   [
    929.792724609375,
    1057.49072265625,
    -1.0
   ]
  ]
 ],
 "skeleton_percentage": [
  100,
  100
 ],
 "angle": [
  357,
  180
 ]
}