{
 "frame_index": 1104,
 "skeletons": [
  [
   [
    917.177978515625,
    362.1361083984375,
    0.99
   ],
   [
    931.6014404296875,
    339.70947265625,
    0.968
   ],
   [
    894.030517578125,
    346.1374206542969,
    0.977
   ],
   [
    954.6377563476562,
    356.2120056152344,
    0.711
   ],
   [
    860.8602905273438,
    371.0979309082031,
    0.837
   ],
   [
    1030.3035888671875,
    474.9649658203125,
    0.98
   ],
   [
    809.486083984375,
    514.54150390625,
    0.989
   ],
   [
    1124.607177734375,
    619.6309814453125,
    0.837
   ],
   [
    759.6150512695312,
    697.0977783203125,
    0.904
   ],
   [
    1142.21875,
    703.636962890625,
    0.715
   ],
   [
    776.316162109375,
    767.3541259765625,
    0.793
   ],
   [
    1047.12939453125,
    780.55908203125,
    0.845
   ],
   [
    900.5421142578125,
    802.6036376953125,
    0.87
   ],
   [
    1104.2218017578125,
    924.705810546875,
    -1.0
   ],
   [
    910.9425048828125,
    950.9430541992188,
    -1.0
   ],
   [
    1106.0277099609375,
    1001.7017822265625,
    -1.0
   ],
   [
    918.9906005859375,
    1023.320068359375,
    -1.0
   ]
  ],
  [
   [
    917.692138671875,
    361.80328369140625,
    0.99
   ],
   [
    933.6158447265625,
    339.890380859375,
    0.959
   ],
   [
    895.751220703125,
    343.56781005859375,
    0.98
   ],
   [
    958.427734375,
    357.06463623046875,
    0.65
   ],
   [
    861.90966796875,
    364.93548583984375,
    0.875
   ],
   [
    1025.2923583984375,
    479.9542236328125,
    0.987
   ],
   [
    810.2601928710938,
    514.170654296875,
    0.993
   ],
   [
    1104.8583984375,
    622.0075073242188,
    0.901
   ],
   [
    773.6661987304688,
    702.996337890625,
    0.948
   ],
   [
    1148.10400390625,
    707.5028686523438,
    0.839
   ],
   [
    793.501708984375,
    804.3367309570312,
    0.897
   ],
   [
    1052.9373779296875,
    778.0460205078125,
    0.922
   ],
   [
    907.9264526367188,
    799.242919921875,
    0.941
   ],
   [
    1095.1767578125,
    956.219482421875,
    -1.0
   ],
   [
    903.384521484375,
    982.9837646484375,
    -1.0
   ],
   [
    1095.984375,
    1022.6429443359375,
    -1.0
   ],
   [
    922.75,
    1044.489990234375,
    -1.0
   ]
  ]
 ],
 "skeleton_percentage": [
  100,
  100
 ],
 "angle": [
  358,
  182
 ]
}