{
 "frame_index": 1105,
 "skeletons": [
  [
   [
    937.1200561523438,
    352.7110290527344,
    0.993
   ],
   [
    950.4483642578125,
    330.5184631347656,
    0.965
   ],
   [
    912.756103515625,
    336.72998046875,
    0.984
   ],
   [
    972.2437744140625,
    347.96234130859375,
    0.641
   ],
   [
    877.622802734375,
    362.02587890625,
    0.891
   ],
   [
    1043.579345703125,
    474.2558898925781,
    0.992
   ],
   [
    831.0784912109375,
    507.63775634765625,
    0.994
   ],
   [
    1125.0921630859375,
    625.34130859375,
    0.93
   ],
   [
    792.6138916015625,
    701.21142578125,
    0.956
   ],
   [
    1179.6513671875,
    705.4791870117188,
    0.881
   ],
   [
    809.951416015625,
    835.5001831054688,
    0.907
   ],
   [
    1064.1328125,
    785.512939453125,
    0.967
   ],
   [
    929.2471923828125,
    806.5328369140625,
    0.973
   ],
   [
    1082.3787841796875,
    1005.0989990234375,
    0.534
   ],
   [
    944.297607421875,
    1031.19384765625,
    0.572
   ],
   [
    1054.409423828125,
    1080.0,
    -1.0
   ],
   [
    961.075927734375,
    1080.0,
    -1.0
   ]
  ]
 ],
 "skeleton_percentage": [
  100
 ],
 "angle": [
  168
 ]
}