{
 "frame_index": 1106,
 "skeletons": [
  [
   [
    972.4963989257812,
    341.9591064453125,
    0.991
   ],
   [
    993.649169921875,
    318.2798156738281,
    0.977
   ],
   [
    947.6395263671875,
    325.55517578125,
    0.981
   ],
   [
    1032.331787109375,
    337.1454162597656,
    0.857
   ],
   [
    925.81005859375,
    355.6131591796875,
    0.824
   ],
   [
    1116.111328125,
    456.0041198730469,
    0.98
   ],
   [
    888.38232421875,
    504.2408447265625,
    0.995
   ],
   [
    1204.711181640625,
    607.444091796875,
    0.775
   ],
   [
    826.40966796875,
    698.1673583984375,
    0.952
   ],
   [
    1237.031005859375,
    686.572021484375,
    0.666
   ],
   [
    822.3521118164062,
    761.4447021484375,
    0.862
   ],
   [
    1110.5067138671875,
    762.5685424804688,
    0.923
   ],
   [
    966.8120727539062,
    780.6765747070312,
    0.961
   ],
   [
    1087.574462890625,
    949.315673828125,
    -1.0
   ],
   [
    926.1580810546875,
    973.3914184570312,
    0.594
   ],
   [
    1034.30908203125,
    1052.144775390625,
    -1.0
   ],
   [
    906.9358520507812,
    1070.746826171875,
    -1.0
   ]
  ],
  [
   [
    358.7296142578125,
    49.44012451171875,
    -1.0
   ],
   [
    354.5043640136719,
    41.645599365234375,
    -1.0
   ],
   [
    350.78076171875,
    21.458587646484375,
    -1.0
   ],
   [
    281.2178649902344,
    78.0963134765625,
    -1.0
   ],
   [
    257.3684997558594,
    33.550140380859375,
    -1.0
   ],
   [
    227.1178436279297,
    191.82984924316406,
    0.644
   ],
   [
    153.18194580078125,
    151.11557006835938,
    -1.0
   ],
   [
    331.4222412109375,
    199.6663055419922,
    0.719
   ],
   [
    229.28265380859375,
    162.92431640625,
    -1.0
   ],
   [
    492.8946533203125,
    69.034423828125,
    0.679
   ],
   [
    453.81353759765625,
    13.620758056640625,
    -1.0
   ],
   [
    202.41600036621094,
    574.42138671875,
    0.864
   ],
   [
    137.60610961914062,
    573.24853515625,
    0.738
   ],
   [
    265.44775390625,
    815.9302368164062,
    0.581
   ],
   [
    177.65379333496094,
    814.1788330078125,
    -1.0
   ],
   [
    228.3478546142578,
    1002.0328369140625,
    -1.0
   ],
   [
    123.04193115234375,
    976.2401733398438,
    -1.0
   ]
  ]
 ],
 "skeleton_percentage": [
  100,
  0
 ],
 "angle": [
  147,
  270
 ]
}