{
 "frame_index": 1107,
 "skeletons": [
  [
   [
    998.9571533203125,
    337.78582763671875,
    0.989
   ],
   [
    1017.67333984375,
    311.7001647949219,
    0.973
   ],
   [
    971.6011962890625,
    321.3887939453125,
    0.972
   ],
   [
    1054.3582763671875,
    329.866943359375,
    0.798
   ],
   [
    943.6671752929688,
    353.96551513671875,
    0.748
   ],
   [
    1146.434814453125,
    441.70916748046875,
    0.964
   ],
   [
    912.1283569335938,
    499.656005859375,
    0.992
   ],
   [
    1245.2054443359375,
    585.3118896484375,
    0.715
   ],
   [
    856.7227783203125,
    686.894287109375,
    0.933
   ],
   [
    1232.580810546875,
    637.1118774414062,
    0.614
   ],
   [
    819.96044921875,
    684.3543090820312,
    0.842
   ],
   [
    1169.2314453125,
    757.1240234375,
    0.814
   ],
   [
    1012.662841796875,
    779.0293579101562,
    0.899
   ],
   [
    1177.169677734375,
    778.0870361328125,
    -1.0
   ],
   [
    943.738525390625,
    806.7718505859375,
    0.512
   ],
   [
    1162.0738525390625,
    909.6226806640625,
    -1.0
   ],
   [
    936.3489990234375,
    925.6566162109375,
    -1.0
   ]
  ]
 ],
 "skeleton_percentage": [
  100
 ],
 "angle": [
  107
 ]
}