{
 "frame_index": 1108,
 "skeletons": [
  [
   [
    1039.4840087890625,
    326.0172119140625,
    0.99
   ],
   [
    1055.9696044921875,
    297.06396484375,
    0.976
   ],
   [
    1011.7919311523438,
    309.6844482421875,
    0.982
   ],
   [
    1092.1171875,
    309.17669677734375,
    0.83
   ],
   [
    988.9871826171875,
    340.1855773925781,
    0.835
   ],
   [
    1189.83642578125,
    429.3853454589844,
    0.952
   ],
   [
    962.7914428710938,
    491.0459289550781,
    0.991
   ],
   [
    1303.341552734375,
    583.7122192382812,
    -1.0
   ],
   [
    891.0466918945312,
    693.4771728515625,
    0.896
   ],
   [
    1299.399169921875,
    653.6526489257812,
    -1.0
   ],
   [
    878.01806640625,
    786.843017578125,
    0.69
   ],
   [
    1216.3826904296875,
    769.5771484375,
    0.713
   ],
   [
    1067.460693359375,
    792.4242553710938,
    0.86
   ],
   [
    1196.321044921875,
    864.7857055664062,
    -1.0
   ],
   [
    978.142822265625,
    887.05810546875,
    -1.0
   ],
   [
    1183.4356689453125,
    970.6746826171875,
    -1.0
   ],
   [
    957.3781127929688,
    988.786376953125,
    -1.0
   ]
  ]
 ],
 "skeleton_percentage": [
  100
 ],
 "angle": [
  122
 ]
}