{
 "frame_index": 1109,
 "skeletons": [
  [
   [
    1039.6412353515625,
    325.5573425292969,
    0.99
   ],
   [
    1056.04736328125,
    296.59326171875,
    0.977
   ],
   [
    1011.80810546875,
    309.4285583496094,
    0.983
   ],
   [
    1092.301513671875,
    308.9363098144531,
    0.832
   ],
   [
    989.0460205078125,
    340.4267272949219,
    0.837
   ],
   [
    1189.431640625,
    430.31231689453125,
    0.952
   ],
   [
    962.0155029296875,
    490.4607238769531,
    0.991
   ],
   [
    1300.30419921875,
    585.13232421875,
    0.505
   ],
   [
    888.78857421875,
    690.5242919921875,
    0.897
   ],
   [
    1295.741943359375,
    655.6414794921875,
    -1.0
   ],
   [
    877.309814453125,
    784.8920288085938,
    0.696
   ],
   [
    1213.71484375,
    770.5233764648438,
    0.709
   ],
   [
    1064.1365966796875,
    793.0383911132812,
    0.857
   ],
   [
    1198.3089599609375,
    870.7745361328125,
    -1.0
   ],
   [
    977.802001953125,
    893.0330200195312,
    -1.0
   ],
   [
    1186.7618408203125,
    976.5372314453125,
    -1.0
   ],
   [
    956.3994140625,
    996.4405517578125,
    -1.0
   ]
  ],
  [
   [
    1040.350341796875,
    325.1927490234375,
    0.991
   ],
   [
    1055.4932861328125,
    296.19842529296875,
    0.981
   ],
   [
    1013.1419677734375,
    310.0423278808594,
    0.982
   ],
   [
    1091.790283203125,
    306.9193115234375,
    0.845
   ],
   [
    991.2676391601562,
    340.1747741699219,
    0.805
   ],
   [
    1193.353515625,
    426.244384765625,
    0.965
   ],
   [
    961.8081665039062,
    487.0553283691406,
    0.99
   ],
   [
    1299.541259765625,
    584.2423706054688,
    0.621
   ],
   [
    883.6773681640625,
    685.0040283203125,
    0.886
   ],
   [
    1304.407470703125,
    652.14501953125,
    -1.0
   ],
   [
    874.0308837890625,
    765.8633422851562,
    0.691
   ],
   [
    1224.9837646484375,
    755.6466064453125,
    0.762
   ],
   [
    1070.4873046875,
    780.9437255859375,
    0.86
   ],
   [
    1235.9874267578125,
    872.6057739257812,
    -1.0
   ],
   [
    993.1280517578125,
    899.8361206054688,
    -1.0
   ],
   [
    1237.9158935546875,
    979.3040771484375,
    -1.0
   ],
   [
    967.334716796875,
    1007.19970703125,
    -1.0
   ]
  ]
 ],
 "skeleton_percentage": [
  100,
  100
 ],
 "angle": [
  122,
  76
 ]
}