{
 "frame_index": 1110,
 "skeletons": [
  [
   [
    1066.7269287109375,
    315.4591369628906,
    0.986
   ],
   [
    1082.415771484375,
    286.9024658203125,
    0.976
   ],
   [
    1036.35595703125,
    300.3228759765625,
    0.923
   ],
   [
    1115.3016357421875,
    299.9272766113281,
    0.865
   ],
   [
    1009.7237548828125,
    333.64593505859375,
    0.503
   ],
   [
    1188.3819580078125,
    412.5762939453125,
    0.988
   ],
   [
    1021.470947265625,
    481.49468994140625,
    0.982
   ],
   [
    1314.710205078125,
    526.9572143554688,
    0.936
   ],
   [
    973.6075439453125,
    666.5044555664062,
    0.853
   ],
   [
    1358.5830078125,
    575.2846069335938,
    0.897
   ],
   [
    922.9938354492188,
    726.1336669921875,
    0.784
   ],
   [
    1221.84521484375,
    735.4432983398438,
    0.909
   ],
   [
    1131.98486328125,
    761.061767578125,
    0.884
   ],
   [
    1093.8701171875,
    773.186767578125,
    -1.0
   ],
   [
    1069.18212890625,
    805.0389404296875,
    -1.0
   ],
   [
    1085.7142333984375,
    864.6337280273438,
    -1.0
   ],
   [
    1129.989990234375,
    894.881591796875,
    -1.0
   ]
  ]
 ],
 "skeleton_percentage": [
  100
 ],
 "angle": [
  73
 ]
}