{
 "frame_index": 1111,
 "skeletons": [
  [
   [
    1093.582763671875,
    295.552978515625,
    0.989
   ],
   [
    1107.480712890625,
    266.45355224609375,
    0.984
   ],
   [
    1065.5411376953125,
    285.0902404785156,
    0.956
   ],
   [
    1148.5916748046875,
    279.61328125,
    0.903
   ],
   [
    1047.4234619140625,
    323.9601745605469,
    0.567
   ],
   [
    1257.125244140625,
    389.02935791015625,
    0.985
   ],
   [
    1031.392333984375,
    466.0445556640625,
    0.984
   ],
   [
    1372.961669921875,
    553.6364135742188,
    0.911
   ],
   [
    983.060791015625,
    674.356201171875,
    0.873
   ],
   [
    1398.1175537109375,
    628.815673828125,
    0.817
   ],
   [
    1008.4305419921875,
    676.12255859375,
    0.76
   ],
   [
    1294.49755859375,
    707.8563842773438,
    0.839
   ],
   [
    1137.47607421875,
    740.1454467773438,
    0.821
   ],
   [
    1323.8123779296875,
    775.5433349609375,
    -1.0
   ],
   [
    1047.8780517578125,
    820.620361328125,
    -1.0
   ],
   [
    1354.9720458984375,
    869.1341552734375,
    -1.0
   ],
   [
    1011.0224609375,
    912.8004150390625,
    -1.0
   ]
  ]
 ],
 "skeleton_percentage": [
  100
 ],
 "angle": [
  71
 ]
}