{
 "frame_index": 1112,
 "skeletons": [
  [
   [
    1126.897216796875,
    283.4703369140625,
    0.985
   ],
   [
    1138.6895751953125,
    254.34754943847656,
    0.976
   ],
   [
    1096.652099609375,
    272.5299072265625,
    0.95
   ],
   [
    1173.6728515625,
    268.37322998046875,
    0.883
   ],
   [
    1074.79345703125,
    311.3214111328125,
    0.657
   ],
   [
    1279.4287109375,
    386.56256103515625,
    0.987
   ],
   [
    1054.872314453125,
    447.8056640625,
    0.984
   ],
   [
    1399.461669921875,
    549.7854614257812,
    0.92
   ],
   [
    1018.987060546875,
    645.3631591796875,
    0.87
   ],
   [
    1400.318115234375,
    582.5714721679688,
    0.837
   ],
   [
    1097.76318359375,
    636.1610717773438,
    0.771
   ],
   [
    1308.933349609375,
    715.7156372070312,
    0.865
   ],
   [
    1153.31201171875,
    745.1317749023438,
    0.84
   ],
   [
    1381.428955078125,
    784.0702514648438,
    -1.0
   ],
   [
    1120.5509033203125,
    821.558349609375,
    -1.0
   ],
   [
    1414.157470703125,
    847.0316162109375,
    -1.0
   ],
   [
    1087.517578125,
    895.34326171875,
    -1.0
   ]
  ]
 ],
 "skeleton_percentage": [
  100
 ],
 "angle": [
  71
 ]
}