{
 "frame_index": 1113,
 "skeletons": [
  [
   [
    1126.71533203125,
    283.1725158691406,
    0.985
   ],
   [
    1138.75390625,
    254.15380859375,
    0.976
   ],
   [
    1096.4364013671875,
    272.08917236328125,
    0.95
   ],
   [
    1173.9910888671875,
    268.42822265625,
    0.882
   ],
   [
    1074.366455078125,
    310.80291748046875,
    0.652
   ],
   [
    1278.477783203125,
    386.418212890625,
    0.988
   ],
   [
    1054.544189453125,
    447.7118225097656,
    0.983
   ],
   [
    1397.36962890625,
    548.6244506835938,
    0.922
   ],
   [
    1019.9688720703125,
    644.459228515625,
    0.867
   ],
   [
    1403.003173828125,
    581.4652709960938,
    0.841
   ],
   [
    1101.2818603515625,
    626.5350341796875,
    0.774
   ],
   [
    1308.469482421875,
    714.735595703125,
    0.877
   ],
   [
    1153.522216796875,
    744.505615234375,
    0.851
   ],
   [
    1382.44873046875,
    787.224853515625,
    -1.0
   ],
   [
    1124.7950439453125,
    825.9661865234375,
    -1.0
   ],
   [
    1413.9609375,
    856.3342895507812,
    -1.0
   ],
   [
    1091.7596435546875,
    905.041015625,
    -1.0
   ]
  ]
 ],
 "skeleton_percentage": [
  100
 ],
 "angle": [
  71
 ]
}