{
 "frame_index": 1114,
 "skeletons": [
  [
   [
    1137.5694580078125,
    272.4684753417969,
    0.985
   ],
   [
    1151.250244140625,
    245.38677978515625,
    0.979
   ],
   [
    1109.07470703125,
    263.0752258300781,
    0.95
   ],
   [
    1192.0025634765625,
    263.80682373046875,
    0.896
   ],
   [
    1090.942138671875,
    305.22686767578125,
    0.605
   ],
   [
    1302.582763671875,
    377.48529052734375,
    0.982
   ],
   [
    1069.3458251953125,
    451.08709716796875,
    0.982
   ],
   [
    1427.0355224609375,
    520.2408447265625,
    0.893
   ],
   [
    1037.8970947265625,
    646.5870361328125,
    0.857
   ],
   [
    1444.31787109375,
    559.522705078125,
    0.787
   ],
   [
    1115.998046875,
    655.7001953125,
    0.731
   ],
   [
    1348.0576171875,
    714.3177490234375,
    0.802
   ],
   [
    1186.023193359375,
    750.0003662109375,
    0.784
   ],
   [
    1424.3543701171875,
    768.8992309570312,
    -1.0
   ],
   [
    1155.524658203125,
    812.7918090820312,
    -1.0
   ],
   [
    1463.4237060546875,
    821.754638671875,
    -1.0
   ],
   [
    1136.32568359375,
    868.7327880859375,
    -1.0
   ]
  ]
 ],
 "skeleton_percentage": [
  100
 ],
 "angle": [
  73
 ]
}