{
 "frame_index": 1115,
 "skeletons": [
  [
   [
    1162.968505859375,
    254.90716552734375,
    0.976
   ],
   [
    1176.33203125,
    228.62863159179688,
    0.961
   ],
   [
    1130.6025390625,
    245.73892211914062,
    0.929
   ],
   [
    1212.7012939453125,
    255.53379821777344,
    0.85
   ],
   [
    1108.108642578125,
    297.658203125,
    0.624
   ],
   [
    1322.45166015625,
    375.477783203125,
    0.98
   ],
   [
    1090.5137939453125,
    445.17620849609375,
    0.981
   ],
   [
    1452.992919921875,
    518.298095703125,
    0.884
   ],
   [
    1066.86376953125,
    638.3029174804688,
    0.868
   ],
   [
    1496.024169921875,
    565.9310302734375,
    0.765
   ],
   [
    1132.858642578125,
    650.8445434570312,
    0.739
   ],
   [
    1364.6226806640625,
    719.9542846679688,
    0.843
   ],
   [
    1203.11962890625,
    755.1368408203125,
    0.84
   ],
   [
    1460.8333740234375,
    781.861083984375,
    -1.0
   ],
   [
    1187.4603271484375,
    827.829833984375,
    -1.0
   ],
   [
    1490.905029296875,
    839.6248779296875,
    -1.0
   ],
   [
    1161.6116943359375,
    895.028564453125,
    -1.0
   ]
  ]
 ],
 "skeleton_percentage": [
  100
 ],
 "angle": [
  74
 ]
}