{
 "frame_index": 1116,
 "skeletons": [
  [
   [
    1162.2802734375,
    255.67742919921875,
    0.977
   ],
   [
    1175.77099609375,
    229.19479370117188,
    0.964
   ],
   [
    1129.9720458984375,
    246.3704833984375,
    0.932
   ],
   [
    1212.4681396484375,
    255.95082092285156,
    0.853
   ],
   [
    1107.74755859375,
    298.1700744628906,
    0.619
   ],
   [
    1323.4375,
    375.0477294921875,
    0.979
   ],
   [
    1090.447509765625,
    445.6841125488281,
    0.979
   ],
   [
    1453.2081298828125,
    519.3258056640625,
    0.874
   ],
   [
    1064.777099609375,
    642.51416015625,
    0.853
   ],
   [
    1498.91455078125,
    558.46435546875,
    0.741
   ],
   [
    1117.5848388671875,
    661.4261474609375,
    0.707
   ],
   [
    1368.5135498046875,
    715.779296875,
    0.825
   ],
   [
    1205.356689453125,
    751.3570556640625,
    0.82
   ],
   [
    1468.4365234375,
    770.84765625,
    -1.0
   ],
   [
    1182.493896484375,
    816.4034423828125,
    -1.0
   ],
   [
    1500.3045654296875,
    830.1171875,
    -1.0
   ],
   [
    1152.978515625,
    885.9160766601562,
    -1.0
   ]
  ]
 ],
 "skeleton_percentage": [
  100
 ],
 "angle": [
  74
 ]
}