{
 "frame_index": 1117,
 "skeletons": [
  [
   [
    1180.212646484375,
    256.8350830078125,
    0.988
   ],
   [
    1191.69091796875,
    227.3444366455078,
    0.981
   ],
   [
    1146.463134765625,
    248.7216339111328,
    0.962
   ],
   [
    1228.4921875,
    244.81756591796875,
    0.879
   ],
   [
    1122.2197265625,
    296.3241271972656,
    0.67
   ],
   [
    1345.45361328125,
    357.445556640625,
    0.983
   ],
   [
    1109.7978515625,
    435.4984130859375,
    0.982
   ],
   [
    1473.239990234375,
    510.1809997558594,
    0.881
   ],
   [
    1086.739990234375,
    629.20947265625,
    0.854
   ],
   [
    1479.1820068359375,
    584.48388671875,
    0.745
   ],
   [
    1147.1729736328125,
    650.6156616210938,
    0.711
   ],
   [
    1401.0517578125,
    704.1905517578125,
    0.832
   ],
   [
    1236.3438720703125,
    741.1093139648438,
    0.823
   ],
   [
    1482.9349365234375,
    803.8013916015625,
    -1.0
   ],
   [
    1198.2353515625,
    851.129638671875,
    -1.0
   ],
   [
    1506.337646484375,
    868.1300048828125,
    -1.0
   ],
   [
    1161.9935302734375,
    923.6119995117188,
    -1.0
   ]
  ]
 ],
 "skeleton_percentage": [
  100
 ],
 "angle": [
  74
 ]
}