{
 "frame_index": 1118,
 "skeletons": [
  [
   [
    1180.550537109375,
    256.93511962890625,
    0.988
   ],
   [
    1191.8897705078125,
    227.482177734375,
    0.98
   ],
   [
    1146.798583984375,
    248.80393981933594,
    0.962
   ],
   [
    1228.3536376953125,
    244.750244140625,
    0.877
   ],
   [
    1122.1962890625,
    296.1170654296875,
    0.674
   ],
   [
    1345.3223876953125,
    357.152099609375,
    0.982
   ],
   [
    1109.6510009765625,
    435.1354064941406,
    0.981
   ],
   [
    1473.7928466796875,
    510.5089416503906,
    0.876
   ],
   [
    1087.4666748046875,
    629.2387084960938,
    0.85
   ],
   [
    1479.5032958984375,
    587.8690185546875,
    0.736
   ],
   [
    1149.977294921875,
    651.4530029296875,
    0.703
   ],
   [
    1401.968994140625,
    701.95654296875,
    0.811
   ],
   [
    1237.277587890625,
    738.8173828125,
    0.803
   ],
   [
    1482.5235595703125,
    794.8311767578125,
    -1.0
   ],
   [
    1197.7784423828125,
    842.0077514648438,
    -1.0
   ],
   [
    1505.4722900390625,
    854.2080688476562,
    -1.0
   ],
   [
    1162.34716796875,
    908.995849609375,
    -1.0
   ]
  ]
 ],
 "skeleton_percentage": [
  100
 ],
 "angle": [
  74
 ]
}