{
 "frame_index": 1119,
 "skeletons": [
  [
   [
    1185.6043701171875,
    253.64007568359375,
    0.989
   ],
   [
    1199.2412109375,
    224.85504150390625,
    0.984
   ],
   [
    1151.82275390625,
    246.21240234375,
    0.965
   ],
   [
    1241.3837890625,
    246.393310546875,
    0.894
   ],
   [
    1128.98828125,
    296.245361328125,
    0.653
   ],
   [
    1362.0826416015625,
    364.61737060546875,
    0.974
   ],
   [
    1116.54541015625,
    446.4978332519531,
    0.978
   ],
   [
    1493.3834228515625,
    516.78076171875,
    0.809
   ],
   [
    1097.4541015625,
    652.432373046875,
    0.803
   ],
   [
    1516.153564453125,
    526.5278930664062,
    0.657
   ],
   [
    1171.3460693359375,
    664.6642456054688,
    0.633
   ],
   [
    1436.34326171875,
    716.95751953125,
    0.679
   ],
   [
    1271.675537109375,
    758.2666625976562,
    0.679
   ],
   [
    1503.829345703125,
    812.964599609375,
    -1.0
   ],
   [
    1259.85400390625,
    861.3818359375,
    -1.0
   ],
   [
    1534.0037841796875,
    879.7064208984375,
    -1.0
   ],
   [
    1257.5615234375,
    937.531982421875,
    -1.0
   ]
  ]
 ],
 "skeleton_percentage": [
  100
 ],
 "angle": [
  73
 ]
}