{
 "frame_index": 1120,
 "skeletons": [
  [
   [
    1200.6728515625,
    251.79322814941406,
    0.987
   ],
   [
    1210.898681640625,
    223.44696044921875,
    0.979
   ],
   [
    1166.5582275390625,
    245.25746154785156,
    0.961
   ],
   [
    1246.6832275390625,
    243.47076416015625,
    0.869
   ],
   [
    1141.6123046875,
    295.7322692871094,
    0.683
   ],
   [
    1367.109375,
    357.66259765625,
    0.975
   ],
   [
    1125.92333984375,
    443.1275634765625,
    0.978
   ],
   [
    1494.3941650390625,
    492.7337951660156,
    0.824
   ],
   [
    1113.3287353515625,
    642.794921875,
    0.811
   ],
   [
    1523.0260009765625,
    450.6949462890625,
    0.699
   ],
   [
    1174.5960693359375,
    639.54443359375,
    0.66
   ],
   [
    1437.742919921875,
    694.2713012695312,
    0.677
   ],
   [
    1276.1644287109375,
    737.2721557617188,
    0.671
   ],
   [
    1498.770263671875,
    763.619140625,
    -1.0
   ],
   [
    1255.3414306640625,
    814.943115234375,
    -1.0
   ],
   [
    1516.294677734375,
    829.25244140625,
    -1.0
   ],
   [
    1252.6180419921875,
    894.8541870117188,
    -1.0
   ]
  ]
 ],
 "skeleton_percentage": [
  100
 ],
 "angle": [
  73
 ]
}