{
 "frame_index": 1121,
 "skeletons": [
  [
   [
    1201.1636962890625,
    251.44107055664062,
    0.987
   ],
   [
    1211.1326904296875,
    223.25820922851562,
    0.979
   ],
   [
    1166.964599609375,
    245.0321502685547,
    0.962
   ],
   [
    1246.431640625,
    243.55377197265625,
    0.866
   ],
   [
    1141.66943359375,
    295.8694152832031,
    0.689
   ],
   [
    1367.288330078125,
    357.3562316894531,
    0.975
   ],
   [
    1126.2056884765625,
    443.4095764160156,
    0.978
   ],
   [
    1496.1322021484375,
    491.995849609375,
    0.819
   ],
   [
    1112.350341796875,
    642.984130859375,
    0.814
   ],
   [
    1524.755126953125,
    453.2972412109375,
    0.691
   ],
   [
    1170.2615966796875,
    640.9066772460938,
    0.661
   ],
   [
    1439.1092529296875,
    693.5946044921875,
    0.663
   ],
   [
    1277.33203125,
    736.7217407226562,
    0.662
   ],
   [
    1500.4427490234375,
    761.8386840820312,
    -1.0
   ],
   [
    1254.0113525390625,
    813.2088623046875,
    -1.0
   ],
   [
    1518.655517578125,
    825.962890625,
    -1.0
   ],
   [
    1249.371337890625,
    890.8467407226562,
    -1.0
   ]
  ]
 ],
 "skeleton_percentage": [
  100
 ],
 "angle": [
  73
 ]
}