{
 "frame_index": 1122,
 "skeletons": [
  [
   [
    1205.06787109375,
    244.35699462890625,
    0.982
   ],
   [
    1215.1961669921875,
    218.26446533203125,
    0.974
   ],
   [
    1171.7330322265625,
    237.61477661132812,
    0.956
   ],
   [
    1250.560546875,
    243.48480224609375,
    0.846
   ],
   [
    1147.593994140625,
    291.5429992675781,
    0.654
   ],
   [
    1376.395263671875,
    353.3453063964844,
    0.959
   ],
   [
    1139.9388427734375,
    442.0528564453125,
    0.969
   ],
   [
    1516.7523193359375,
    490.8216247558594,
    0.723
   ],
   [
    1144.37548828125,
    640.6864013671875,
    0.772
   ],
   [
    1539.0860595703125,
    563.2440185546875,
    0.508
   ],
   [
    1230.97021484375,
    662.5072631835938,
    0.552
   ],
   [
    1457.081787109375,
    697.8597412109375,
    0.594
   ],
   [
    1290.719482421875,
    739.6488647460938,
    0.625
   ],
   [
    1532.911865234375,
    780.0867919921875,
    -1.0
   ],
   [
    1244.530517578125,
    831.1295166015625,
    -1.0
   ],
   [
    1553.11865234375,
    845.0174560546875,
    -1.0
   ],
   [
    1210.3470458984375,
    893.6182250976562,
    -1.0
   ]
  ]
 ],
 "skeleton_percentage": [
  100
 ],
 "angle": [
  73
 ]
}