{
 "frame_index": 1123,
 "skeletons": [
  [
   [
    1207.964599609375,
    244.7299346923828,
    0.984
   ],
   [
    1219.4644775390625,
    217.36270141601562,
    0.977
   ],
   [
    1175.0167236328125,
    237.86468505859375,
    0.959
   ],
   [
    1257.582763671875,
    241.03660583496094,
    0.861
   ],
   [
    1153.0064697265625,
    290.89599609375,
    0.641
   ],
   [
    1385.1959228515625,
    352.59619140625,
    0.957
   ],
   [
    1148.7452392578125,
    442.0007629394531,
    0.973
   ],
   [
    1518.8505859375,
    505.3499755859375,
    0.715
   ],
   [
    1149.5697021484375,
    647.204345703125,
    0.796
   ],
   [
    1531.227783203125,
    602.318603515625,
    -1.0
   ],
   [
    1214.80126953125,
    676.5178833007812,
    0.575
   ],
   [
    1466.3486328125,
    703.1732177734375,
    0.605
   ],
   [
    1301.018310546875,
    743.6610717773438,
    0.656
   ],
   [
    1530.490478515625,
    807.645263671875,
    -1.0
   ],
   [
    1246.2796630859375,
    858.1065673828125,
    -1.0
   ],
   [
    1547.62060546875,
    877.809326171875,
    -1.0
   ],
   [
    1211.63720703125,
    925.4771118164062,
    -1.0
   ]
  ]
 ],
 "skeleton_percentage": [
  100
 ],
 "angle": [
  73
 ]
}