{
 "frame_index": 1124,
 "skeletons": [
  [
   [
    1205.1536865234375,
    247.32290649414062,
    0.986
   ],
   [
    1217.9283447265625,
    217.64352416992188,
    0.981
   ],
   [
    1173.162109375,
    241.05194091796875,
    0.963
   ],
   [
    1262.221923828125,
    237.58282470703125,
    0.895
   ],
   [
    1157.09619140625,
    292.41949462890625,
    0.639
   ],
   [
    1392.0230712890625,
    345.67901611328125,
    0.954
   ],
   [
    1155.997314453125,
    443.406005859375,
    0.975
   ],
   [
    1535.43212890625,
    480.1497802734375,
    0.667
   ],
   [
    1159.2294921875,
    640.6463623046875,
    0.789
   ],
   [
    1540.32568359375,
    555.8685913085938,
    -1.0
   ],
   [
    1246.24755859375,
    682.2399291992188,
    0.555
   ],
   [
    1475.524658203125,
    691.622802734375,
    0.591
   ],
   [
    1312.216064453125,
    736.3873901367188,
    0.658
   ],
   [
    1543.7640380859375,
    792.929443359375,
    -1.0
   ],
   [
    1275.65234375,
    845.9668579101562,
    -1.0
   ],
   [
    1574.12255859375,
    869.7273559570312,
    -1.0
   ],
   [
    1261.489990234375,
    922.5247192382812,
    -1.0
   ]
  ]
 ],
 "skeleton_percentage": [
  100
 ],
 "angle": [
  73
 ]
}