{
 "frame_index": 1125,
 "skeletons": [
  [
   [
    1205.158447265625,
    247.55177307128906,
    0.985
   ],
   [
    1217.957275390625,
    217.81150817871094,
    0.981
   ],
   [
    1173.0994873046875,
    241.27244567871094,
    0.963
   ],
   [
    1262.39892578125,
    237.74148559570312,
    0.895
   ],
   [
    1156.8681640625,
    292.7835388183594,
    0.642
   ],
   [
    1391.909423828125,
    345.49737548828125,
    0.954
   ],
   [
    1155.1920166015625,
    444.5790710449219,
    0.975
   ],
   [
    1535.223876953125,
    478.61737060546875,
    0.666
   ],
   [
    1160.084716796875,
    642.1956787109375,
    0.793
   ],
   [
    1535.823974609375,
    553.3643188476562,
    -1.0
   ],
   [
    1253.5509033203125,
    682.1161499023438,
    0.563
   ],
   [
    1475.0,
    693.064208984375,
    0.591
   ],
   [
    1311.094482421875,
    738.408447265625,
    0.661
   ],
   [
    1543.04443359375,
    788.930419921875,
    -1.0
   ],
   [
    1275.32470703125,
    842.51513671875,
    -1.0
   ],
   [
    1573.149658203125,
    866.1571655273438,
    -1.0
   ],
   [
    1261.962890625,
    918.555908203125,
    -1.0
   ]
  ]
 ],
 "skeleton_percentage": [
  100
 ],
 "angle": [
  73
 ]
}