{
 "frame_index": 1126,
 "skeletons": [
  [
   [
    1213.98876953125,
    260.82550048828125,
    0.982
   ],
   [
    1223.322509765625,
    226.88674926757812,
    0.978
   ],
   [
    1181.918212890625,
    254.83245849609375,
    0.945
   ],
   [
    1265.307373046875,
    234.52963256835938,
    0.905
   ],
   [
    1168.6287841796875,
    299.747802734375,
    0.607
   ],
   [
    1394.3072509765625,
    336.489501953125,
    0.973
   ],
   [
    1164.4300537109375,
    448.73077392578125,
    0.975
   ],
   [
    1525.30126953125,
    451.14239501953125,
    0.808
   ],
   [
    1164.464599609375,
    638.684326171875,
    0.78
   ],
   [
    1518.0589599609375,
    470.6152038574219,
    0.652
   ],
   [
    1238.794921875,
    644.9244384765625,
    0.596
   ],
   [
    1466.483642578125,
    694.7294311523438,
    0.751
   ],
   [
    1308.439453125,
    746.3523559570312,
    0.745
   ],
   [
    1529.55419921875,
    780.0368041992188,
    -1.0
   ],
   [
    1275.0791015625,
    845.9783935546875,
    -1.0
   ],
   [
    1544.664794921875,
    855.8497924804688,
    -1.0
   ],
   [
    1259.5892333984375,
    928.3116455078125,
    -1.0
   ]
  ],
  [
   [
    1216.2763671875,
    261.1770324707031,
    0.98
   ],
   [
    1227.436767578125,
    226.14990234375,
    0.966
   ],
   [
    1182.735595703125,
    252.77737426757812,
    0.946
   ],
   [
    1267.724853515625,
    232.19729614257812,
    0.878
   ],
   [
    1165.9053955078125,
    297.09893798828125,
    0.716
   ],
   [
    1380.019775390625,
    331.18621826171875,
    0.973
   ],
   [
    1176.6846923828125,
    456.332763671875,
    0.986
   ],
   [
    1525.275146484375,
    421.99725341796875,
    0.771
   ],
   [
    1183.8060302734375,
    655.10546875,
    0.874
   ],
   [
    1504.871826171875,
    465.14056396484375,
    0.631
   ],
   [
    1284.3140869140625,
    619.728515625,
    0.739
   ],
   [
    1446.987548828125,
    701.5597534179688,
    0.852
   ],
   [
    1314.754638671875,
    752.8954467773438,
    0.897
   ],
   [
    1415.785400390625,
    890.1190795898438,
    -1.0
   ],
   [
    1272.783447265625,
    958.7926025390625,
    -1.0
   ],
   [
    1422.244140625,
    979.229736328125,
    -1.0
   ],
   [
    1300.6959228515625,
    1037.928955078125,
    -1.0
   ]
  ]
 ],
 "skeleton_percentage": [
  100,
  100
 ],
 "angle": [
  74,
  99
 ]
}