{
 "frame_index": 1127,
 "skeletons": [
  [
   [
    1219.987060546875,
    263.55352783203125,
    0.987
   ],
   [
    1230.123291015625,
    228.74569702148438,
    0.977
   ],
   [
    1187.3221435546875,
    258.9276428222656,
    0.966
   ],
   [
    1274.333984375,
    235.4186553955078,
    0.888
   ],
   [
    1174.73681640625,
    307.9410400390625,
    0.72
   ],
   [
    1391.807373046875,
    332.64617919921875,
    0.969
   ],
   [
    1177.472900390625,
    466.09600830078125,
    0.99
   ],
   [
    1522.94189453125,
    430.212890625,
    0.761
   ],
   [
    1169.8780517578125,
    662.407958984375,
    0.913
   ],
   [
    1489.125732421875,
    478.79949951171875,
    0.656
   ],
   [
    1211.572998046875,
    690.1189575195312,
    0.793
   ],
   [
    1456.3043212890625,
    694.2173461914062,
    0.805
   ],
   [
    1314.413330078125,
    749.7371826171875,
    0.878
   ],
   [
    1468.046142578125,
    830.736328125,
    -1.0
   ],
   [
    1276.147216796875,
    901.5750732421875,
    -1.0
   ],
   [
    1472.47998046875,
    918.18505859375,
    -1.0
   ],
   [
    1282.279052734375,
    984.968994140625,
    -1.0
   ]
  ]
 ],
 "skeleton_percentage": [
  100
 ],
 "angle": [
  80
 ]
}