{
 "frame_index": 1128,
 "skeletons": [
  [
   [
    1223.19482421875,
    263.169677734375,
    0.985
   ],
   [
    1233.8607177734375,
    229.76943969726562,
    0.972
   ],
   [
    1190.99267578125,
    255.76080322265625,
    0.958
   ],
   [
    1273.5751953125,
    237.54229736328125,
    0.871
   ],
   [
    1171.224365234375,
    302.21209716796875,
    0.7
   ],
   [
    1383.8446044921875,
    334.6435852050781,
    0.973
   ],
   [
    1171.1468505859375,
    467.35797119140625,
    0.987
   ],
   [
    1519.8577880859375,
    411.6837158203125,
    0.809
   ],
   [
    1176.5596923828125,
    662.82958984375,
    0.896
   ],
   [
    1482.7843017578125,
    473.623779296875,
    0.701
   ],
   [
    1202.22314453125,
    694.2152099609375,
    0.778
   ],
   [
    1445.603759765625,
    689.0849609375,
    0.818
   ],
   [
    1303.347412109375,
    741.572021484375,
    0.867
   ],
   [
    1438.54443359375,
    797.5347900390625,
    -1.0
   ],
   [
    1246.0694580078125,
    864.2931518554688,
    -1.0
   ],
   [
    1447.567626953125,
    883.4276733398438,
    -1.0
   ],
   [
    1269.5615234375,
    935.7550048828125,
    -1.0
   ]
  ]
 ],
 "skeleton_percentage": [
  100
 ],
 "angle": [
  81
 ]
}