{
 "frame_index": 1129,
 "skeletons": [
  [
   [
    1220.169921875,
    264.84442138671875,
    0.987
   ],
   [
    1232.0028076171875,
    228.48040771484375,
    0.979
   ],
   [
    1187.041259765625,
    260.2107238769531,
    0.964
   ],
   [
    1282.19287109375,
    235.2037353515625,
    0.896
   ],
   [
    1174.1590576171875,
    311.4202880859375,
    0.633
   ],
   [
    1404.6268310546875,
    331.4922180175781,
    0.954
   ],
   [
    1188.677001953125,
    465.28143310546875,
    0.986
   ],
   [
    1496.8109130859375,
    458.8065185546875,
    0.651
   ],
   [
    1207.7752685546875,
    666.6725463867188,
    0.882
   ],
   [
    1349.81494140625,
    430.29949951171875,
    0.555
   ],
   [
    1289.607177734375,
    547.9334106445312,
    0.767
   ],
   [
    1479.6016845703125,
    697.2197265625,
    0.667
   ],
   [
    1329.8040771484375,
    747.28857421875,
    0.791
   ],
   [
    1465.84423828125,
    774.8448486328125,
    -1.0
   ],
   [
    1253.90283203125,
    837.3333740234375,
    -1.0
   ],
   [
    1475.804443359375,
    860.5127563476562,
    -1.0
   ],
   [
    1258.089599609375,
    910.7020263671875,
    -1.0
   ]
  ],
  [
   [
    1218.474609375,
    267.1900939941406,
    0.986
   ],
   [
    1232.196044921875,
    230.5360565185547,
    0.978
   ],
   [
    1185.748779296875,
    259.4772033691406,
    0.958
   ],
   [
    1280.620361328125,
    237.75140380859375,
    0.906
   ],
   [
    1172.8018798828125,
    307.52349853515625,
    0.662
   ],
   [
    1390.87109375,
    339.38482666015625,
    0.968
   ],
   [
    1196.2978515625,
    471.26727294921875,
    0.988
   ],
   [
    1493.7916259765625,
    452.6772766113281,
    0.773
   ],
   [
    1214.688720703125,
    668.2020263671875,
    0.909
   ],
   [
    1349.2216796875,
    472.11444091796875,
    0.681
   ],
   [
    1293.4873046875,
    564.769287109375,
    0.818
   ],
   [
    1469.5283203125,
    724.1083374023438,
    0.849
   ],
   [
    1333.1031494140625,
    773.5047607421875,
    0.91
   ],
   [
    1438.813232421875,
    910.9468994140625,
    -1.0
   ],
   [
    1257.283935546875,
    972.81494140625,
    -1.0
   ],
   [
    1487.521728515625,
    1009.1104736328125,
    -1.0
   ],
   [
    1291.743408203125,
    1049.480224609375,
    -1.0
   ]
  ]
 ],
 "skeleton_percentage": [
  100,
  100
 ],
 "angle": [
  75,
  100
 ]
}