{
 "frame_index": 1130,
 "skeletons": [
  [
   [
    1226.311279296875,
    276.5758056640625,
    0.981
   ],
   [
    1234.48388671875,
    242.91650390625,
    0.982
   ],
   [
    1196.3507080078125,
    272.6387939453125,
    0.947
   ],
   [
    1278.9267578125,
    249.7682647705078,
    0.914
   ],
   [
    1187.4969482421875,
    319.91705322265625,
    0.561
   ],
   [
    1402.064697265625,
    332.6424560546875,
    0.959
   ],
   [
    1199.1905517578125,
    456.86077880859375,
    0.963
   ],
   [
    1506.852294921875,
    441.8656311035156,
    0.642
   ],
   [
    1196.662353515625,
    646.696533203125,
    0.618
   ],
   [
    1421.87451171875,
    462.1285400390625,
    -1.0
   ],
   [
    1230.880859375,
    675.4520874023438,
    -1.0
   ],
   [
    1465.1326904296875,
    617.7626342773438,
    0.529
   ],
   [
    1327.4530029296875,
    666.0521240234375,
    0.528
   ],
   [
    1448.6787109375,
    449.4780578613281,
    -1.0
   ],
   [
    1203.2154541015625,
    509.08001708984375,
    -1.0
   ],
   [
    1447.32861328125,
    587.632568359375,
    -1.0
   ],
   [
    1189.3277587890625,
    644.3721923828125,
    -1.0
   ]
  ]
 ],
 "skeleton_percentage": [
  100
 ],
 "angle": [
  81
 ]
}