{
 "frame_index": 1131,
 "skeletons": [
  [
   [
    1226.951416015625,
    290.91082763671875,
    0.983
   ],
   [
    1237.12939453125,
    255.7655029296875,
    0.977
   ],
   [
    1198.56982421875,
    285.210693359375,
    0.944
   ],
   [
    1282.7117919921875,
    258.2418212890625,
    0.882
   ],
   [
    1188.562744140625,
    326.9544982910156,
    0.544
   ],
   [
    1394.0386962890625,
    341.2370910644531,
    0.959
   ],
   [
    1202.897705078125,
    476.8818359375,
    0.973
   ],
   [
    1493.4697265625,
    439.9320068359375,
    0.734
   ],
   [
    1199.043212890625,
    674.6043090820312,
    0.756
   ],
   [
    1354.7021484375,
    440.9642028808594,
    0.664
   ],
   [
    1199.72119140625,
    664.4154663085938,
    0.639
   ],
   [
    1454.3216552734375,
    627.318115234375,
    -1.0
   ],
   [
    1327.6334228515625,
    679.4888916015625,
    -1.0
   ],
   [
    1442.0400390625,
    482.51739501953125,
    -1.0
   ],
   [
    1251.73291015625,
    545.2237548828125,
    -1.0
   ],
   [
    1442.705078125,
    592.023681640625,
    -1.0
   ],
   [
    1265.0345458984375,
    638.73095703125,
    -1.0
   ]
  ]
 ],
 "skeleton_percentage": [
  100
 ],
 "angle": [
  79
 ]
}