{
 "frame_index": 1132,
 "skeletons": [
  [
   [
    1233.146484375,
    293.97845458984375,
    0.983
   ],
   [
    1243.7359619140625,
    261.7351379394531,
    0.978
   ],
   [
    1203.7989501953125,
    288.71539306640625,
    0.946
   ],
   [
    1286.6661376953125,
    269.80426025390625,
    0.88
   ],
   [
    1189.4093017578125,
    333.6134033203125,
    0.56
   ],
   [
    1396.77099609375,
    357.17364501953125,
    0.956
   ],
   [
    1202.4630126953125,
    496.0809326171875,
    0.97
   ],
   [
    1516.8270263671875,
    422.2550048828125,
    0.723
   ],
   [
    1214.552001953125,
    676.8037109375,
    0.736
   ],
   [
    1422.02099609375,
    414.85528564453125,
    0.629
   ],
   [
    1224.9154052734375,
    648.858154296875,
    0.603
   ],
   [
    1474.2135009765625,
    666.4305419921875,
    0.585
   ],
   [
    1344.0262451171875,
    722.8881225585938,
    0.603
   ],
   [
    1483.396484375,
    668.2158813476562,
    -1.0
   ],
   [
    1297.1524658203125,
    735.81005859375,
    -1.0
   ],
   [
    1494.420166015625,
    759.862060546875,
    -1.0
   ],
   [
    1310.339111328125,
    805.8945922851562,
    -1.0
   ]
  ]
 ],
 "skeleton_percentage": [
  100
 ],
 "angle": [
  81
 ]
}