{
 "frame_index": 1133,
 "skeletons": [
  [
   [
    1243.359130859375,
    299.10125732421875,
    0.979
   ],
   [
    1251.974365234375,
    267.13165283203125,
    0.976
   ],
   [
    1208.160888671875,
    297.71429443359375,
    0.948
   ],
   [
    1295.8316650390625,
    282.76849365234375,
    0.888
   ],
   [
    1191.3790283203125,
    355.25872802734375,
    0.632
   ],
   [
    1410.51318359375,
    387.279541015625,
    0.939
   ],
   [
    1208.535888671875,
    512.117919921875,
    0.948
   ],
   [
    1526.4912109375,
    437.1136779785156,
    0.592
   ],
   [
    1227.105712890625,
    652.926513671875,
    0.561
   ],
   [
    1436.6356201171875,
    376.30914306640625,
    -1.0
   ],
   [
    1248.270751953125,
    630.4620361328125,
    -1.0
   ],
   [
    1455.744384765625,
    711.9098510742188,
    -1.0
   ],
   [
    1323.54541015625,
    763.6444702148438,
    -1.0
   ],
   [
    1486.0186767578125,
    688.91064453125,
    -1.0
   ],
   [
    1311.1900634765625,
    752.3765258789062,
    -1.0
   ],
   [
    1477.45361328125,
    753.072021484375,
    -1.0
   ],
   [
    1313.341064453125,
    823.1724853515625,
    -1.0
   ]
  ]
 ],
 "skeleton_percentage": [
  100
 ],
 "angle": [
  78
 ]
}