{
 "frame_index": 1135,
 "skeletons": [
  [
   [
    1242.8487548828125,
    306.62384033203125,
    0.985
   ],
   [
    1251.7589111328125,
    272.9205627441406,
    0.986
   ],
   [
    1206.9173583984375,
    305.7698974609375,
    0.962
   ],
   [
    1299.6580810546875,
    288.89111328125,
    0.911
   ],
   [
    1195.7779541015625,
    365.71856689453125,
    0.623
   ],
   [
    1436.281982421875,
    387.3240051269531,
    0.932
   ],
   [
    1223.9842529296875,
    533.1705322265625,
    0.947
   ],
   [
    1589.83349609375,
    463.25628662109375,
    0.545
   ],
   [
    1227.341796875,
    709.5445556640625,
    0.545
   ],
   [
    1552.75244140625,
    514.185546875,
    -1.0
   ],
   [
    1209.1878662109375,
    715.7325439453125,
    -1.0
   ],
   [
    1528.3221435546875,
    749.321533203125,
    -1.0
   ],
   [
    1387.578369140625,
    809.5499267578125,
    -1.0
   ],
   [
    1562.79736328125,
    753.3217163085938,
    -1.0
   ],
   [
    1336.9659423828125,
    829.0629272460938,
    -1.0
   ],
   [
    1558.6875,
    804.38427734375,
    -1.0
   ],
   [
    1304.93310546875,
    871.183837890625,
    -1.0
   ]
  ]
 ],
 "skeleton_percentage": [
  100
 ],
 "angle": [
  78
 ]
}