{
 "frame_index": 1136,
 "skeletons": [
  [
   [
    1246.946533203125,
    310.005126953125,
    0.983
   ],
   [
    1255.6575927734375,
    275.6807861328125,
    0.984
   ],
   [
    1211.4837646484375,
    310.2481689453125,
    0.96
   ],
   [
    1306.5517578125,
    291.40325927734375,
    0.908
   ],
   [
    1201.693115234375,
    371.46990966796875,
    0.612
   ],
   [
    1452.133544921875,
    391.02777099609375,
    0.915
   ],
   [
    1225.899658203125,
    537.3170166015625,
    0.942
   ],
   [
    1588.373046875,
    465.0806579589844,
    -1.0
   ],
   [
    1247.1494140625,
    710.4849853515625,
    0.507
   ],
   [
    1516.24609375,
    429.199462890625,
    -1.0
   ],
   [
    1248.71435546875,
    661.8024291992188,
    -1.0
   ],
   [
    1542.2523193359375,
    741.3782958984375,
    -1.0
   ],
   [
    1388.115478515625,
    801.005126953125,
    -1.0
   ],
   [
    1584.7646484375,
    709.1514892578125,
    -1.0
   ],
   [
    1327.3856201171875,
    783.3685302734375,
    -1.0
   ],
   [
    1571.517333984375,
    748.181884765625,
    -1.0
   ],
   [
    1292.71240234375,
    819.6311645507812,
    -1.0
   ]
  ]
 ],
 "skeleton_percentage": [
  100
 ],
 "angle": [
  78
 ]
}