{
 "frame_index": 1137,
 "skeletons": [
  [
   [
    1246.8741455078125,
    309.97869873046875,
    0.983
   ],
   [
    1255.560791015625,
    275.70916748046875,
    0.984
   ],
   [
    1211.449951171875,
    310.1895446777344,
    0.96
   ],
   [
    1306.4989013671875,
    291.5602111816406,
    0.909
   ],
   [
    1201.524658203125,
    371.65997314453125,
    0.608
   ],
   [
    1452.254150390625,
    390.3885498046875,
    0.917
   ],
   [
    1224.924072265625,
    537.8795166015625,
    0.944
   ],
   [
    1585.51806640625,
    460.85992431640625,
    -1.0
   ],
   [
    1242.83544921875,
    710.5514526367188,
    0.521
   ],
   [
    1505.662109375,
    414.9555358886719,
    -1.0
   ],
   [
    1243.190185546875,
    663.132568359375,
    -1.0
   ],
   [
    1543.12158203125,
    740.8379516601562,
    -1.0
   ],
   [
    1388.11767578125,
    801.0113525390625,
    -1.0
   ],
   [
    1584.936767578125,
    708.031494140625,
    -1.0
   ],
   [
    1327.19921875,
    781.9890747070312,
    -1.0
   ],
   [
    1570.603759765625,
    748.1763916015625,
    -1.0
   ],
   [
    1291.80419921875,
    819.3316040039062,
    -1.0
   ]
  ]
 ],
 "skeleton_percentage": [
  100
 ],
 "angle": [
  77
 ]
}