{
 "frame_index": 1138,
 "skeletons": [
  [
   [
    1247.3375244140625,
    312.2235107421875,
    0.983
   ],
   [
    1256.467041015625,
    276.4556884765625,
    0.983
   ],
   [
    1212.656982421875,
    312.8205871582031,
    0.961
   ],
   [
    1310.5655517578125,
    288.4898681640625,
    0.901
   ],
   [
    1204.0418701171875,
    370.6333923339844,
    0.635
   ],
   [
    1455.133544921875,
    387.1004333496094,
    0.912
   ],
   [
    1227.212158203125,
    531.9022216796875,
    0.952
   ],
   [
    1580.20654296875,
    458.08953857421875,
    -1.0
   ],
   [
    1264.973388671875,
    696.6759643554688,
    0.581
   ],
   [
    1524.6617431640625,
    404.4931640625,
    -1.0
   ],
   [
    1306.27880859375,
    625.8741455078125,
    -1.0
   ],
   [
    1554.2197265625,
    718.6029052734375,
    -1.0
   ],
   [
    1398.3126220703125,
    779.961181640625,
    -1.0
   ],
   [
    1597.097412109375,
    696.006591796875,
    -1.0
   ],
   [
    1347.9207763671875,
    775.808837890625,
    -1.0
   ],
   [
    1590.9788818359375,
    726.9344482421875,
    -1.0
   ],
   [
    1335.184326171875,
    810.4883422851562,
    -1.0
   ]
  ]
 ],
 "skeleton_percentage": [
  100
 ],
 "angle": [
  77
 ]
}