{
 "frame_index": 1139,
 "skeletons": [
  [
   [
    1247.119140625,
    311.9900207519531,
    0.983
   ],
   [
    1256.51025390625,
    276.26385498046875,
    0.983
   ],
   [
    1212.360595703125,
    312.4881591796875,
    0.962
   ],
   [
    1310.7930908203125,
    288.75189208984375,
    0.901
   ],
   [
    1203.6025390625,
    370.5438537597656,
    0.633
   ],
   [
    1456.1153564453125,
    387.96295166015625,
    0.911
   ],
   [
    1226.92041015625,
    532.4403076171875,
    0.951
   ],
   [
    1581.217041015625,
    460.7900390625,
    -1.0
   ],
   [
    1265.4361572265625,
    698.5673217773438,
    0.574
   ],
   [
    1523.460693359375,
    406.1619873046875,
    -1.0
   ],
   [
    1305.474609375,
    627.370849609375,
    -1.0
   ],
   [
    1556.4482421875,
    720.6909790039062,
    -1.0
   ],
   [
    1400.045166015625,
    781.8431396484375,
    -1.0
   ],
   [
    1598.15087890625,
    699.7047729492188,
    -1.0
   ],
   [
    1350.148681640625,
    778.8658447265625,
    -1.0
   ],
   [
    1591.553466796875,
    731.4451904296875,
    -1.0
   ],
   [
    1339.2418212890625,
    814.0113525390625,
    -1.0
   ]
  ]
 ],
 "skeleton_percentage": [
  100
 ],
 "angle": [
  77
 ]
}