{
 "frame_index": 1140,
 "skeletons": [
  [
   [
    1252.1607666015625,
    318.8398132324219,
    0.974
   ],
   [
    1258.820556640625,
    281.8648681640625,
    0.976
   ],
   [
    1218.4488525390625,
    320.7586669921875,
    0.931
   ],
   [
    1314.539794921875,
    289.02325439453125,
    0.892
   ],
   [
    1209.4794921875,
    377.7528991699219,
    -1.0
   ],
   [
    1454.3155517578125,
    379.5826721191406,
    0.915
   ],
   [
    1239.775146484375,
    530.4024658203125,
    0.916
   ],
   [
    1546.671630859375,
    421.1546630859375,
    0.526
   ],
   [
    1310.40625,
    647.0025634765625,
    -1.0
   ],
   [
    1398.7081298828125,
    348.9419860839844,
    -1.0
   ],
   [
    1397.18310546875,
    491.96209716796875,
    -1.0
   ],
   [
    1544.933349609375,
    688.42626953125,
    -1.0
   ],
   [
    1393.3406982421875,
    749.7343139648438,
    -1.0
   ],
   [
    1578.3958740234375,
    581.1329345703125,
    -1.0
   ],
   [
    1348.1103515625,
    665.3460693359375,
    -1.0
   ],
   [
    1560.14453125,
    616.51953125,
    -1.0
   ],
   [
    1342.3306884765625,
    697.674072265625,
    -1.0
   ]
  ]
 ],
 "skeleton_percentage": [
  100
 ],
 "angle": [
  77
 ]
}