{
 "frame_index": 1141,
 "skeletons": [
  [
   [
    1254.8154296875,
    329.1058349609375,
    0.976
   ],
   [
    1260.976806640625,
    288.3944396972656,
    0.975
   ],
   [
    1221.6719970703125,
    329.6413879394531,
    0.932
   ],
   [
    1318.5093994140625,
    286.7452392578125,
    0.885
   ],
   [
    1214.74853515625,
    378.91937255859375,
    0.519
   ],
   [
    1453.8294677734375,
    379.1656494140625,
    0.922
   ],
   [
    1251.2847900390625,
    538.5054931640625,
    0.939
   ],
   [
    1547.021484375,
    424.7293701171875,
    0.558
   ],
   [
    1339.07861328125,
    663.5626831054688,
    0.583
   ],
   [
    1427.0693359375,
    343.27081298828125,
    -1.0
   ],
   [
    1446.799072265625,
    471.9754638671875,
    0.515
   ],
   [
    1563.37646484375,
    681.7860107421875,
    -1.0
   ],
   [
    1420.6279296875,
    749.4647827148438,
    -1.0
   ],
   [
    1598.70849609375,
    591.3609008789062,
    -1.0
   ],
   [
    1396.255859375,
    686.7040405273438,
    -1.0
   ],
   [
    1593.593017578125,
    605.8251342773438,
    -1.0
   ],
   [
    1410.305908203125,
    697.9619140625,
    -1.0
   ]
  ]
 ],
 "skeleton_percentage": [
  100
 ],
 "angle": [
  77
 ]
}