{
 "frame_index": 1142,
 "skeletons": [
  [
   [
    1254.830810546875,
    329.4842529296875,
    0.976
   ],
   [
    1260.781005859375,
    288.76953125,
    0.974
   ],
   [
    1221.875732421875,
    329.6510925292969,
    0.934
   ],
   [
    1317.486083984375,
    286.2332458496094,
    0.884
   ],
   [
    1215.239013671875,
    377.59527587890625,
    0.532
   ],
   [
    1451.4949951171875,
    377.6651916503906,
    0.922
   ],
   [
    1252.2412109375,
    535.968994140625,
    0.943
   ],
   [
    1544.65966796875,
    423.831298828125,
    0.555
   ],
   [
    1340.0889892578125,
    661.78466796875,
    0.603
   ],
   [
    1430.814208984375,
    345.042724609375,
    -1.0
   ],
   [
    1449.129638671875,
    472.111328125,
    0.531
   ],
   [
    1562.640869140625,
    678.13232421875,
    -1.0
   ],
   [
    1422.24560546875,
    745.7799072265625,
    -1.0
   ],
   [
    1598.689697265625,
    592.02392578125,
    -1.0
   ],
   [
    1399.6622314453125,
    687.43115234375,
    -1.0
   ],
   [
    1594.67333984375,
    610.9725341796875,
    -1.0
   ],
   [
    1414.245361328125,
    703.3159790039062,
    -1.0
   ]
  ]
 ],
 "skeleton_percentage": [
  100
 ],
 "angle": [
  77
 ]
}