{
 "frame_index": 1143,
 "skeletons": [
  [
   [
    1261.687744140625,
    356.4630432128906,
    0.965
   ],
   [
    1267.3919677734375,
    313.7037048339844,
    0.972
   ],
   [
    1233.2840576171875,
    352.1803894042969,
    0.876
   ],
   [
    1327.253662109375,
    298.93060302734375,
    0.903
   ],
   [
    1231.64892578125,
    383.1711730957031,
    -1.0
   ],
   [
    1455.25146484375,
    397.839111328125,
    0.948
   ],
   [
    1268.44873046875,
    545.0631103515625,
    0.896
   ],
   [
    1563.1644287109375,
    414.18133544921875,
    0.736
   ],
   [
    1315.192626953125,
    646.5037841796875,
    -1.0
   ],
   [
    1477.6884765625,
    362.5306396484375,
    0.681
   ],
   [
    1401.459228515625,
    510.4809265136719,
    -1.0
   ],
   [
    1534.0604248046875,
    690.16552734375,
    -1.0
   ],
   [
    1404.656494140625,
    750.9967041015625,
    -1.0
   ],
   [
    1535.0341796875,
    602.90283203125,
    -1.0
   ],
   [
    1363.531005859375,
    692.1539306640625,
    -1.0
   ],
   [
    1540.09423828125,
    580.4723510742188,
    -1.0
   ],
   [
    1374.254150390625,
    670.263916015625,
    -1.0
   ]
  ]
 ],
 "skeleton_percentage": [
  100
 ],
 "angle": [
  77
 ]
}