{
 "frame_index": 1144,
 "skeletons": [
  [
   [
    1277.494384765625,
    364.3336486816406,
    -1.0
   ],
   [
    1325.854736328125,
    328.4739074707031,
    -1.0
   ],
   [
    1268.826416015625,
    339.7119140625,
    -1.0
   ],
   [
    1455.30908203125,
    393.28515625,
    -1.0
   ],
   [
    1286.9462890625,
    400.84954833984375,
    -1.0
   ],
   [
    1533.033203125,
    642.3131103515625,
    0.729
   ],
   [
    1357.908447265625,
    585.3578491210938,
    0.787
   ],
   [
    1586.8443603515625,
    788.41748046875,
    0.719
   ],
   [
    1371.4619140625,
    662.1405029296875,
    0.818
   ],
   [
    1410.5870361328125,
    568.6456909179688,
    0.912
   ],
   [
    1358.80126953125,
    585.901123046875,
    0.865
   ],
   [
    1269.2529296875,
    868.9742431640625,
    0.781
   ],
   [
    1147.5899658203125,
    783.50146484375,
    0.836
   ],
   [
    689.5910034179688,
    868.319580078125,
    0.572
   ],
   [
    632.9576416015625,
    775.738037109375,
    0.577
   ],
   [
    599.9508056640625,
    813.1788330078125,
    -1.0
   ],
   [
    550.2855834960938,
    767.010986328125,
    -1.0
   ]
  ]
 ],
 "skeleton_percentage": [
  0
 ],
 "angle": [
  193
 ]
}