{
 "frame_index": 1145,
 "skeletons": [
  [
   [
    1288.6767578125,
    398.2294006347656,
    0.955
   ],
   [
    1297.98095703125,
    356.9530334472656,
    0.962
   ],
   [
    1254.987548828125,
    395.80230712890625,
    0.88
   ],
   [
    1361.033935546875,
    350.969970703125,
    0.868
   ],
   [
    1252.203125,
    436.2205810546875,
    -1.0
   ],
   [
    1488.5849609375,
    439.2175598144531,
    0.897
   ],
   [
    1305.841064453125,
    563.2645263671875,
    0.898
   ],
   [
    1601.5859375,
    471.5169677734375,
    0.594
   ],
   [
    1303.342041015625,
    651.4796142578125,
    0.549
   ],
   [
    1535.829833984375,
    414.00421142578125,
    0.586
   ],
   [
    1328.8382568359375,
    546.2283325195312,
    0.533
   ],
   [
    1561.87060546875,
    696.83203125,
    -1.0
   ],
   [
    1438.701904296875,
    745.8629150390625,
    -1.0
   ],
   [
    1557.7598876953125,
    624.5587158203125,
    -1.0
   ],
   [
    1379.344482421875,
    696.2949829101562,
    -1.0
   ],
   [
    1563.67822265625,
    622.5630493164062,
    -1.0
   ],
   [
    1361.0780029296875,
    715.254638671875,
    -1.0
   ]
  ]
 ],
 "skeleton_percentage": [
  100
 ],
 "angle": [
  79
 ]
}