{
 "frame_index": 1146,
 "skeletons": [
  [
   [
    1289.335693359375,
    397.39599609375,
    0.953
   ],
   [
    1298.2890625,
    356.4453125,
    0.961
   ],
   [
    1255.95751953125,
    395.39373779296875,
    0.873
   ],
   [
    1361.0806884765625,
    351.1454772949219,
    0.87
   ],
   [
    1253.5469970703125,
    436.74969482421875,
    -1.0
   ],
   [
    1488.6636962890625,
    439.21087646484375,
    0.898
   ],
   [
    1307.7156982421875,
    563.9774780273438,
    0.894
   ],
   [
    1599.195068359375,
    470.327392578125,
    0.604
   ],
   [
    1305.67529296875,
    649.9545288085938,
    0.542
   ],
   [
    1521.326416015625,
    415.4116516113281,
    0.597
   ],
   [
    1334.58984375,
    542.8702392578125,
    0.533
   ],
   [
    1561.511474609375,
    696.9278564453125,
    -1.0
   ],
   [
    1438.9842529296875,
    745.98388671875,
    -1.0
   ],
   [
    1557.673828125,
    624.4150390625,
    -1.0
   ],
   [
    1380.51318359375,
    696.0687255859375,
    -1.0
   ],
   [
    1563.55029296875,
    622.2469482421875,
    -1.0
   ],
   [
    1360.317626953125,
    713.5936279296875,
    -1.0
   ]
  ]
 ],
 "skeleton_percentage": [
  100
 ],
 "angle": [
  79
 ]
}