{
 "frame_index": 1180,
 "skeletons": [
  [
   [
    1228.9342041015625,
    392.902587890625,
    0.932
   ],
   [
    1232.772705078125,
    360.490966796875,
    0.946
   ],
   [
    1215.5189208984375,
    386.3899841308594,
    0.708
   ],
   [
    1285.459228515625,
    337.6772155761719,
    0.885
   ],
   [
    1237.293212890625,
    391.3515930175781,
    -1.0
   ],
   [
    1407.1480712890625,
    388.2486572265625,
    0.954
   ],
   [
    1292.980712890625,
    497.991943359375,
    0.896
   ],
   [
    1510.3345947265625,
    425.0023193359375,
    0.803
   ],
   [
    1348.06005859375,
    600.5293579101562,
    -1.0
   ],
   [
    1470.1905517578125,
    392.21875,
    0.722
   ],
   [
    1325.1201171875,
    458.3321533203125,
    -1.0
   ],
   [
    1531.198486328125,
    602.572021484375,
    0.6
   ],
   [
    1456.316650390625,
    648.5164794921875,
    -1.0
   ],
   [
    1537.1231689453125,
    464.9876403808594,
    -1.0
   ],
   [
    1435.2008056640625,
    531.8611450195312,
    -1.0
   ],
   [
    1571.539794921875,
    516.8109130859375,
    -1.0
   ],
   [
    1504.3824462890625,
    568.738525390625,
    -1.0
   ]
  ]
 ],
 "skeleton_percentage": [
  100
 ],
 "angle": [
  79
 ]
}