{
 "frame_index": 1182,
 "skeletons": [
  [
   [
    1238.606689453125,
    387.72625732421875,
    0.898
   ],
   [
    1236.2705078125,
    356.55963134765625,
    0.926
   ],
   [
    1223.288330078125,
    377.7232360839844,
    0.62
   ],
   [
    1273.5904541015625,
    323.8882751464844,
    0.921
   ],
   [
    1243.01318359375,
    372.1874084472656,
    -1.0
   ],
   [
    1416.412109375,
    366.33868408203125,
    0.971
   ],
   [
    1286.9793701171875,
    475.6443786621094,
    0.917
   ],
   [
    1565.986328125,
    423.16351318359375,
    0.806
   ],
   [
    1342.6646728515625,
    607.0626220703125,
    -1.0
   ],
   [
    1562.3858642578125,
    444.6486511230469,
    0.593
   ],
   [
    1342.1744384765625,
    495.29864501953125,
    -1.0
   ],
   [
    1550.4869384765625,
    604.93603515625,
    0.662
   ],
   [
    1467.901123046875,
    652.3050537109375,
    0.518
   ],
   [
    1558.564208984375,
    550.05908203125,
    -1.0
   ],
   [
    1442.8515625,
    616.6547241210938,
    -1.0
   ],
   [
    1582.452392578125,
    611.4896850585938,
    -1.0
   ],
   [
    1504.802490234375,
    654.0126342773438,
    -1.0
   ]
  ]
 ],
 "skeleton_percentage": [
  100
 ],
 "angle": [
  78
 ]
}