{
 "frame_index": 1183,
 "skeletons": [
  [
   [
    1227.3280029296875,
    344.7296142578125,
    0.972
   ],
   [
    1234.418212890625,
    306.13446044921875,
    0.975
   ],
   [
    1203.156982421875,
    343.530517578125,
    0.912
   ],
   [
    1294.2745361328125,
    293.5525817871094,
    0.883
   ],
   [
    1212.336181640625,
    375.51165771484375,
    -1.0
   ],
   [
    1440.9149169921875,
    347.7127990722656,
    0.913
   ],
   [
    1259.597900390625,
    503.4984130859375,
    0.916
   ],
   [
    1573.36376953125,
    432.51568603515625,
    -1.0
   ],
   [
    1331.8662109375,
    673.13037109375,
    -1.0
   ],
   [
    1562.0958251953125,
    485.03704833984375,
    -1.0
   ],
   [
    1366.884765625,
    559.3333740234375,
    -1.0
   ],
   [
    1583.238525390625,
    623.7586669921875,
    -1.0
   ],
   [
    1458.652099609375,
    686.5518798828125,
    -1.0
   ],
   [
    1561.3267822265625,
    542.742431640625,
    -1.0
   ],
   [
    1357.948486328125,
    636.6311645507812,
    -1.0
   ],
   [
    1596.75,
    641.6422119140625,
    -1.0
   ],
   [
    1420.447021484375,
    718.1390380859375,
    -1.0
   ]
  ]
 ],
 "skeleton_percentage": [
  100
 ],
 "angle": [
  78
 ]
}