{
 "frame_index": 1184,
 "skeletons": [
  [
   [
    1227.135986328125,
    344.8299560546875,
    0.972
   ],
   [
    1234.324462890625,
    306.71368408203125,
    0.975
   ],
   [
    1202.9552001953125,
    343.68194580078125,
    0.912
   ],
   [
    1293.919921875,
    294.49005126953125,
    0.886
   ],
   [
    1211.7109375,
    375.576171875,
    -1.0
   ],
   [
    1440.603759765625,
    349.29510498046875,
    0.917
   ],
   [
    1258.772216796875,
    503.1563415527344,
    0.918
   ],
   [
    1575.01220703125,
    437.3326416015625,
    0.509
   ],
   [
    1332.193115234375,
    673.1310424804688,
    -1.0
   ],
   [
    1564.748291015625,
    499.90447998046875,
    -1.0
   ],
   [
    1368.5859375,
    566.332763671875,
    -1.0
   ],
   [
    1582.41259765625,
    624.0423583984375,
    -1.0
   ],
   [
    1457.43701171875,
    686.1525268554688,
    -1.0
   ],
   [
    1563.2296142578125,
    559.391845703125,
    -1.0
   ],
   [
    1360.6300048828125,
    652.1346435546875,
    -1.0
   ],
   [
    1599.1856689453125,
    652.8418579101562,
    -1.0
   ],
   [
    1422.599365234375,
    727.8785400390625,
    -1.0
   ]
  ]
 ],
 "skeleton_percentage": [
  100
 ],
 "angle": [
  78
 ]
}