{
 "frame_index": 1185,
 "skeletons": [
  [
   [
    1228.20654296875,
    345.35125732421875,
    0.97
   ],
   [
    1233.3577880859375,
    308.25469970703125,
    0.973
   ],
   [
    1206.52734375,
    343.2303161621094,
    0.905
   ],
   [
    1292.71533203125,
    284.94927978515625,
    0.879
   ],
   [
    1221.3970947265625,
    363.007080078125,
    -1.0
   ],
   [
    1422.97216796875,
    327.3436279296875,
    0.907
   ],
   [
    1271.5506591796875,
    478.6580810546875,
    0.919
   ],
   [
    1549.7926025390625,
    399.01800537109375,
    -1.0
   ],
   [
    1320.9462890625,
    631.1536254882812,
    -1.0
   ],
   [
    1552.406005859375,
    447.14642333984375,
    -1.0
   ],
   [
    1310.52197265625,
    493.4272155761719,
    -1.0
   ],
   [
    1542.27978515625,
    597.8670043945312,
    -1.0
   ],
   [
    1439.0841064453125,
    657.4972534179688,
    -1.0
   ],
   [
    1514.81591796875,
    535.7342529296875,
    -1.0
   ],
   [
    1344.0771484375,
    628.3001708984375,
    -1.0
   ],
   [
    1565.7447509765625,
    623.1827392578125,
    -1.0
   ],
   [
    1409.079833984375,
    696.447265625,
    -1.0
   ]
  ]
 ],
 "skeleton_percentage": [
  100
 ],
 "angle": [
  77
 ]
}