{
 "frame_index": 1186,
 "skeletons": [
  [
   [
    1229.135498046875,
    340.79656982421875,
    0.947
   ],
   [
    1235.5433349609375,
    301.43975830078125,
    0.971
   ],
   [
    1204.248046875,
    333.4337158203125,
    0.786
   ],
   [
    1289.64892578125,
    278.8607177734375,
    0.934
   ],
   [
    1213.7613525390625,
    350.10919189453125,
    -1.0
   ],
   [
    1407.8203125,
    348.725830078125,
    0.952
   ],
   [
    1289.4693603515625,
    464.83795166015625,
    0.853
   ],
   [
    1513.6514892578125,
    457.30169677734375,
    0.681
   ],
   [
    1344.12158203125,
    610.6888427734375,
    -1.0
   ],
   [
    1467.6015625,
    472.6055603027344,
    0.516
   ],
   [
    1322.1878662109375,
    450.7746276855469,
    -1.0
   ],
   [
    1514.7403564453125,
    574.0543212890625,
    0.56
   ],
   [
    1438.8055419921875,
    616.8046875,
    -1.0
   ],
   [
    1456.5601806640625,
    486.13232421875,
    -1.0
   ],
   [
    1351.1988525390625,
    555.0313110351562,
    -1.0
   ],
   [
    1502.299072265625,
    567.4564819335938,
    -1.0
   ],
   [
    1408.861328125,
    632.6343994140625,
    -1.0
   ]
  ]
 ],
 "skeleton_percentage": [
  100
 ],
 "angle": [
  77
 ]
}