{
 "frame_index": 1187,
 "skeletons": [
  [
   [
    1222.83740234375,
    331.361083984375,
    0.963
   ],
   [
    1228.3714599609375,
    296.0695495605469,
    0.965
   ],
   [
    1200.681396484375,
    329.2089538574219,
    0.878
   ],
   [
    1283.609375,
    276.1493835449219,
    0.868
   ],
   [
    1210.7047119140625,
    348.66998291015625,
    -1.0
   ],
   [
    1391.0042724609375,
    322.25836181640625,
    0.926
   ],
   [
    1272.2115478515625,
    452.4185485839844,
    0.916
   ],
   [
    1511.200927734375,
    367.3736572265625,
    0.59
   ],
   [
    1358.1494140625,
    577.2939453125,
    -1.0
   ],
   [
    1503.2216796875,
    376.02685546875,
    -1.0
   ],
   [
    1376.72412109375,
    465.7113037109375,
    -1.0
   ],
   [
    1495.650634765625,
    542.90380859375,
    0.576
   ],
   [
    1415.4349365234375,
    593.6552734375,
    0.556
   ],
   [
    1462.627685546875,
    479.97625732421875,
    -1.0
   ],
   [
    1339.0908203125,
    557.135498046875,
    -1.0
   ],
   [
    1521.6708984375,
    564.2020263671875,
    -1.0
   ],
   [
    1417.879150390625,
    632.246826171875,
    -1.0
   ]
  ]
 ],
 "skeleton_percentage": [
  100
 ],
 "angle": [
  77
 ]
}