{
 "frame_index": 1188,
 "skeletons": [
  [
   [
    1227.5872802734375,
    335.9814453125,
    0.96
   ],
   [
    1232.2032470703125,
    299.48114013671875,
    0.973
   ],
   [
    1203.4144287109375,
    333.14599609375,
    0.857
   ],
   [
    1283.17138671875,
    280.16973876953125,
    0.915
   ],
   [
    1208.216796875,
    353.48187255859375,
    -1.0
   ],
   [
    1400.2462158203125,
    328.5797119140625,
    0.949
   ],
   [
    1267.62353515625,
    464.3388977050781,
    0.897
   ],
   [
    1525.48193359375,
    375.8043212890625,
    0.681
   ],
   [
    1333.706787109375,
    596.575439453125,
    -1.0
   ],
   [
    1529.0277099609375,
    382.57037353515625,
    -1.0
   ],
   [
    1370.5233154296875,
    481.6183776855469,
    -1.0
   ],
   [
    1525.89501953125,
    550.4176635742188,
    0.618
   ],
   [
    1433.2764892578125,
    605.3344116210938,
    0.509
   ],
   [
    1487.460693359375,
    481.79827880859375,
    -1.0
   ],
   [
    1319.2635498046875,
    563.008544921875,
    -1.0
   ],
   [
    1546.327880859375,
    560.7017211914062,
    -1.0
   ],
   [
    1354.8388671875,
    632.8140869140625,
    -1.0
   ]
  ]
 ],
 "skeleton_percentage": [
  100
 ],
 "angle": [
  77
 ]
}