{
 "frame_index": 1189,
 "skeletons": [
  [
   [
    1217.7906494140625,
    336.678466796875,
    0.955
   ],
   [
    1222.113525390625,
    303.29559326171875,
    0.968
   ],
   [
    1195.9581298828125,
    332.574462890625,
    0.837
   ],
   [
    1269.818603515625,
    281.71441650390625,
    0.897
   ],
   [
    1201.16015625,
    348.5748596191406,
    -1.0
   ],
   [
    1381.25439453125,
    317.7756042480469,
    0.941
   ],
   [
    1267.4002685546875,
    434.3894348144531,
    0.85
   ],
   [
    1549.3846435546875,
    351.7832336425781,
    0.707
   ],
   [
    1354.794189453125,
    537.4906005859375,
    -1.0
   ],
   [
    1564.79052734375,
    388.75665283203125,
    0.583
   ],
   [
    1385.1171875,
    466.31866455078125,
    -1.0
   ],
   [
    1481.2275390625,
    533.9734497070312,
    0.666
   ],
   [
    1405.6846923828125,
    575.8206787109375,
    0.555
   ],
   [
    1403.0057373046875,
    480.6561584472656,
    0.552
   ],
   [
    1289.103271484375,
    541.30224609375,
    -1.0
   ],
   [
    1481.699462890625,
    591.7852783203125,
    -1.0
   ],
   [
    1384.4954833984375,
    641.3604736328125,
    -1.0
   ]
  ]
 ],
 "skeleton_percentage": [
  100
 ],
 "angle": [
  77
 ]
}