{
 "frame_index": 1190,
 "skeletons": [
  [
   [
    1217.4644775390625,
    330.85504150390625,
    0.968
   ],
   [
    1220.5953369140625,
    292.5823974609375,
    0.969
   ],
   [
    1190.9344482421875,
    327.99322509765625,
    0.89
   ],
   [
    1266.7525634765625,
    276.6235656738281,
    0.867
   ],
   [
    1189.4339599609375,
    358.2745361328125,
    -1.0
   ],
   [
    1384.3582763671875,
    326.72015380859375,
    0.944
   ],
   [
    1246.241943359375,
    481.3356628417969,
    0.899
   ],
   [
    1562.757568359375,
    337.84417724609375,
    0.741
   ],
   [
    1363.3519287109375,
    606.4931640625,
    0.52
   ],
   [
    1575.595947265625,
    359.1887512207031,
    0.65
   ],
   [
    1428.23486328125,
    511.8146667480469,
    -1.0
   ],
   [
    1493.7735595703125,
    618.3638916015625,
    0.518
   ],
   [
    1395.452880859375,
    677.793701171875,
    -1.0
   ],
   [
    1454.4969482421875,
    504.9744873046875,
    -1.0
   ],
   [
    1287.218017578125,
    589.8787841796875,
    -1.0
   ],
   [
    1513.33251953125,
    595.8909301757812,
    -1.0
   ],
   [
    1362.560546875,
    664.012939453125,
    -1.0
   ]
  ]
 ],
 "skeleton_percentage": [
  100
 ],
 "angle": [
  79
 ]
}