{
 "frame_index": 1191,
 "skeletons": [
  [
   [
    1217.422607421875,
    331.2171936035156,
    0.97
   ],
   [
    1220.5753173828125,
    292.8216857910156,
    0.97
   ],
   [
    1190.956787109375,
    328.31298828125,
    0.895
   ],
   [
    1267.220947265625,
    277.0649719238281,
    0.865
   ],
   [
    1189.48828125,
    358.6967468261719,
    -1.0
   ],
   [
    1385.6630859375,
    327.31536865234375,
    0.947
   ],
   [
    1245.531494140625,
    483.46441650390625,
    0.908
   ],
   [
    1565.224853515625,
    336.31793212890625,
    0.758
   ],
   [
    1364.0252685546875,
    610.8154907226562,
    0.558
   ],
   [
    1584.2867431640625,
    352.4123840332031,
    0.672
   ],
   [
    1434.982421875,
    514.052978515625,
    -1.0
   ],
   [
    1500.0830078125,
    624.6715087890625,
    0.525
   ],
   [
    1399.2137451171875,
    685.3314819335938,
    -1.0
   ],
   [
    1466.284912109375,
    508.6756591796875,
    -1.0
   ],
   [
    1291.177978515625,
    594.89697265625,
    -1.0
   ],
   [
    1527.5933837890625,
    595.5987548828125,
    -1.0
   ],
   [
    1364.782958984375,
    664.8552856445312,
    -1.0
   ]
  ]
 ],
 "skeleton_percentage": [
  100
 ],
 "angle": [
  79
 ]
}