{
 "frame_index": 1192,
 "skeletons": [
  [
   [
    1207.407958984375,
    325.2171936035156,
    0.97
   ],
   [
    1213.5582275390625,
    287.3126525878906,
    0.97
   ],
   [
    1181.29150390625,
    323.34197998046875,
    0.898
   ],
   [
    1266.669189453125,
    274.5354309082031,
    0.876
   ],
   [
    1183.2763671875,
    354.63592529296875,
    -1.0
   ],
   [
    1387.610595703125,
    330.5443115234375,
    0.945
   ],
   [
    1241.278564453125,
    475.880615234375,
    0.933
   ],
   [
    1541.330322265625,
    365.5308837890625,
    0.7
   ],
   [
    1331.4991455078125,
    599.54541015625,
    0.587
   ],
   [
    1498.7266845703125,
    386.356201171875,
    0.59
   ],
   [
    1362.6658935546875,
    487.0696105957031,
    -1.0
   ],
   [
    1497.3909912109375,
    594.1214599609375,
    0.554
   ],
   [
    1396.158447265625,
    649.9998779296875,
    0.525
   ],
   [
    1484.40380859375,
    487.9364013671875,
    -1.0
   ],
   [
    1320.9515380859375,
    567.0299072265625,
    -1.0
   ],
   [
    1526.793701171875,
    555.2471313476562,
    -1.0
   ],
   [
    1375.9471435546875,
    617.0130004882812,
    -1.0
   ]
  ]
 ],
 "skeleton_percentage": [
  100
 ],
 "angle": [
  78
 ]
}