{
 "frame_index": 1196,
 "skeletons": [
  [
   [
    1168.5870361328125,
    344.7941589355469,
    0.971
   ],
   [
    1177.2086181640625,
    312.09716796875,
    0.976
   ],
   [
    1138.7220458984375,
    340.64288330078125,
    0.905
   ],
   [
    1224.7392578125,
    317.03863525390625,
    0.915
   ],
   [
    1131.0572509765625,
    381.6587219238281,
    -1.0
   ],
   [
    1348.459716796875,
    398.9028625488281,
    0.96
   ],
   [
    1176.3397216796875,
    515.9569702148438,
    0.934
   ],
   [
    1481.968505859375,
    461.55645751953125,
    0.751
   ],
   [
    1209.127685546875,
    647.53515625,
    0.543
   ],
   [
    1481.520263671875,
    491.7613525390625,
    0.605
   ],
   [
    1237.5240478515625,
    609.7810668945312,
    -1.0
   ],
   [
    1471.0018310546875,
    628.4232177734375,
    0.59
   ],
   [
    1355.234375,
    680.4771728515625,
    0.515
   ],
   [
    1498.381103515625,
    599.748291015625,
    -1.0
   ],
   [
    1320.603515625,
    669.4415893554688,
    -1.0
   ],
   [
    1530.344970703125,
    647.6856689453125,
    -1.0
   ],
   [
    1341.271240234375,
    716.0952758789062,
    -1.0
   ]
  ]
 ],
 "skeleton_percentage": [
  100
 ],
 "angle": [
  80
 ]
}