{
 "frame_index": 1197,
 "skeletons": [
  [
   [
    1168.7999267578125,
    343.974609375,
    0.973
   ],
   [
    1177.6285400390625,
    311.84014892578125,
    0.978
   ],
   [
    1139.131591796875,
    340.2847900390625,
    0.911
   ],
   [
    1224.1488037109375,
    317.42803955078125,
    0.914
   ],
   [
    1131.037109375,
    381.791748046875,
    -1.0
   ],
   [
    1343.098876953125,
    394.35028076171875,
    0.962
   ],
   [
    1176.89013671875,
    516.83056640625,
    0.937
   ],
   [
    1477.95849609375,
    454.3658752441406,
    0.775
   ],
   [
    1211.00341796875,
    651.5975341796875,
    0.568
   ],
   [
    1481.224365234375,
    490.142333984375,
    0.641
   ],
   [
    1234.5958251953125,
    608.131103515625,
    -1.0
   ],
   [
    1476.53955078125,
    630.4449462890625,
    0.592
   ],
   [
    1366.0654296875,
    685.830810546875,
    0.516
   ],
   [
    1503.4813232421875,
    602.0076904296875,
    -1.0
   ],
   [
    1340.732177734375,
    675.2692260742188,
    -1.0
   ],
   [
    1544.5074462890625,
    650.1121215820312,
    -1.0
   ],
   [
    1374.8056640625,
    717.1243896484375,
    -1.0
   ]
  ]
 ],
 "skeleton_percentage": [
  100
 ],
 "angle": [
  80
 ]
}