{
 "frame_index": 1198,
 "skeletons": [
  [
   [
    1165.71923828125,
    340.04498291015625,
    0.966
   ],
   [
    1174.322998046875,
    306.32958984375,
    0.96
   ],
   [
    1135.1922607421875,
    336.1938171386719,
    0.898
   ],
   [
    1220.60107421875,
    316.4249572753906,
    0.844
   ],
   [
    1125.69189453125,
    387.8066711425781,
    -1.0
   ],
   [
    1344.3939208984375,
    392.94281005859375,
    0.932
   ],
   [
    1174.110107421875,
    543.0029907226562,
    0.939
   ],
   [
    1476.716796875,
    450.52044677734375,
    0.639
   ],
   [
    1229.042236328125,
    714.9186401367188,
    0.637
   ],
   [
    1402.4432373046875,
    464.86572265625,
    0.503
   ],
   [
    1237.287109375,
    637.9337158203125,
    0.507
   ],
   [
    1468.46484375,
    690.1652221679688,
    -1.0
   ],
   [
    1352.13916015625,
    749.2523803710938,
    0.512
   ],
   [
    1464.3740234375,
    634.2822265625,
    -1.0
   ],
   [
    1293.349853515625,
    710.219482421875,
    -1.0
   ],
   [
    1475.679931640625,
    719.26025390625,
    -1.0
   ],
   [
    1320.802001953125,
    769.7220458984375,
    -1.0
   ]
  ]
 ],
 "skeleton_percentage": [
  100
 ],
 "angle": [
  88
 ]
}