{
 "frame_index": 1199,
 "skeletons": [
  [
   [
    1162.8946533203125,
    347.18975830078125,
    0.958
   ],
   [
    1169.53173828125,
    313.3685607910156,
    0.95
   ],
   [
    1132.8955078125,
    344.18914794921875,
    0.87
   ],
   [
    1215.5921630859375,
    318.76239013671875,
    0.84
   ],
   [
    1124.9456787109375,
    390.35723876953125,
    -1.0
   ],
   [
    1351.298095703125,
    400.76251220703125,
    0.928
   ],
   [
    1175.8118896484375,
    525.5340576171875,
    0.945
   ],
   [
    1470.151611328125,
    469.5755310058594,
    0.637
   ],
   [
    1209.15869140625,
    684.3648071289062,
    0.685
   ],
   [
    1347.935302734375,
    433.55169677734375,
    0.564
   ],
   [
    1217.302490234375,
    670.171142578125,
    0.568
   ],
   [
    1459.0555419921875,
    644.5902099609375,
    -1.0
   ],
   [
    1340.049072265625,
    690.1749267578125,
    0.513
   ],
   [
    1427.740478515625,
    621.7742919921875,
    -1.0
   ],
   [
    1246.73095703125,
    673.2697143554688,
    -1.0
   ],
   [
    1411.629150390625,
    695.05859375,
    -1.0
   ],
   [
    1233.65234375,
    742.4737548828125,
    -1.0
   ]
  ]
 ],
 "skeleton_percentage": [
  100
 ],
 "angle": [
  88
 ]
}