{
 "frame_index": 1200,
 "skeletons": [
  [
   [
    1164.7574462890625,
    346.3671569824219,
    0.94
   ],
   [
    1170.1180419921875,
    312.19696044921875,
    0.926
   ],
   [
    1132.854736328125,
    343.3565979003906,
    0.82
   ],
   [
    1214.679443359375,
    318.3602294921875,
    0.808
   ],
   [
    1123.766357421875,
    392.10797119140625,
    -1.0
   ],
   [
    1339.498291015625,
    398.91302490234375,
    0.939
   ],
   [
    1181.9990234375,
    515.2384643554688,
    0.936
   ],
   [
    1440.34326171875,
    441.65277099609375,
    0.734
   ],
   [
    1214.1365966796875,
    652.74267578125,
    0.704
   ],
   [
    1327.3026123046875,
    426.16754150390625,
    0.678
   ],
   [
    1218.59716796875,
    666.76171875,
    0.642
   ],
   [
    1421.4322509765625,
    615.2066040039062,
    0.648
   ],
   [
    1315.5970458984375,
    657.1101684570312,
    0.65
   ],
   [
    1411.103271484375,
    572.1907958984375,
    -1.0
   ],
   [
    1258.465087890625,
    624.67529296875,
    -1.0
   ],
   [
    1370.2138671875,
    665.6041870117188,
    -1.0
   ],
   [
    1231.013427734375,
    727.4317626953125,
    -1.0
   ]
  ]
 ],
 "skeleton_percentage": [
  100
 ],
 "angle": [
  89
 ]
}