{
 "frame_index": 1201,
 "skeletons": [
  [
   [
    1164.5096435546875,
    359.71966552734375,
    0.965
   ],
   [
    1170.5196533203125,
    325.94842529296875,
    0.964
   ],
   [
    1134.8095703125,
    353.4320983886719,
    0.875
   ],
   [
    1212.1092529296875,
    323.2881774902344,
    0.889
   ],
   [
    1124.7724609375,
    387.0019226074219,
    -1.0
   ],
   [
    1332.6212158203125,
    398.15435791015625,
    0.972
   ],
   [
    1167.271728515625,
    511.1650085449219,
    0.96
   ],
   [
    1457.2822265625,
    465.6307067871094,
    0.879
   ],
   [
    1178.248779296875,
    653.0556640625,
    0.777
   ],
   [
    1424.0791015625,
    508.5751647949219,
    0.796
   ],
   [
    1194.8355712890625,
    681.1048583984375,
    0.671
   ],
   [
    1445.4998779296875,
    665.277099609375,
    0.768
   ],
   [
    1326.3997802734375,
    714.4278564453125,
    0.726
   ],
   [
    1470.400634765625,
    662.9232177734375,
    -1.0
   ],
   [
    1254.905029296875,
    725.3143920898438,
    -1.0
   ],
   [
    1511.760009765625,
    711.3316040039062,
    -1.0
   ],
   [
    1241.6156005859375,
    776.7830810546875,
    -1.0
   ]
  ]
 ],
 "skeleton_percentage": [
  100
 ],
 "angle": [
  90
 ]
}