{
 "frame_index": 1202,
 "skeletons": [
  [
   [
    1165.1611328125,
    358.78765869140625,
    0.967
   ],
   [
    1171.33251953125,
    325.28387451171875,
    0.966
   ],
   [
    1135.2449951171875,
    352.72601318359375,
    0.877
   ],
   [
    1212.1318359375,
    322.8458251953125,
    0.89
   ],
   [
    1124.0584716796875,
    386.6199645996094,
    -1.0
   ],
   [
    1328.0504150390625,
    393.3500061035156,
    0.972
   ],
   [
    1169.05859375,
    507.4518127441406,
    0.958
   ],
   [
    1454.019775390625,
    462.8870544433594,
    0.892
   ],
   [
    1178.901611328125,
    650.2846069335938,
    0.778
   ],
   [
    1414.896728515625,
    517.818115234375,
    0.814
   ],
   [
    1193.3055419921875,
    675.6834716796875,
    0.681
   ],
   [
    1446.59326171875,
    665.4193725585938,
    0.77
   ],
   [
    1331.29248046875,
    715.0402221679688,
    0.719
   ],
   [
    1470.982666015625,
    659.5244140625,
    -1.0
   ],
   [
    1258.9906005859375,
    721.7484741210938,
    -1.0
   ],
   [
    1524.2366943359375,
    711.081787109375,
    -1.0
   ],
   [
    1249.5062255859375,
    772.9273681640625,
    -1.0
   ]
  ]
 ],
 "skeleton_percentage": [
  100
 ],
 "angle": [
  90
 ]
}