{
 "frame_index": 1203,
 "skeletons": [
  [
   [
    1164.1590576171875,
    356.13909912109375,
    0.95
   ],
   [
    1170.2864990234375,
    321.81903076171875,
    0.948
   ],
   [
    1133.47216796875,
    350.7107849121094,
    0.858
   ],
   [
    1211.86767578125,
    323.7780456542969,
    0.867
   ],
   [
    1128.250732421875,
    389.5577087402344,
    -1.0
   ],
   [
    1333.39208984375,
    408.22802734375,
    0.949
   ],
   [
    1181.583740234375,
    521.0546264648438,
    0.946
   ],
   [
    1464.230224609375,
    483.9348449707031,
    0.737
   ],
   [
    1212.94091796875,
    669.4974975585938,
    0.675
   ],
   [
    1467.77587890625,
    493.7232971191406,
    0.591
   ],
   [
    1213.4500732421875,
    661.3953857421875,
    0.518
   ],
   [
    1448.7127685546875,
    701.2911376953125,
    0.567
   ],
   [
    1343.5965576171875,
    750.3334350585938,
    0.556
   ],
   [
    1471.718994140625,
    658.4320678710938,
    -1.0
   ],
   [
    1290.619140625,
    722.8394775390625,
    -1.0
   ],
   [
    1496.387939453125,
    696.5319213867188,
    -1.0
   ],
   [
    1283.5826416015625,
    769.679931640625,
    -1.0
   ]
  ]
 ],
 "skeleton_percentage": [
  100
 ],
 "angle": [
  89
 ]
}