{
 "frame_index": 1204,
 "skeletons": [
  [
   [
    1167.960693359375,
    357.64971923828125,
    -1.0
   ],
   [
    1166.5369873046875,
    333.84710693359375,
    -1.0
   ],
   [
    1153.0355224609375,
    348.70697021484375,
    -1.0
   ],
   [
    1183.453369140625,
    348.6471862792969,
    0.696
   ],
   [
    1167.7513427734375,
    381.42791748046875,
    -1.0
   ],
   [
    1285.606201171875,
    450.27880859375,
    0.918
   ],
   [
    1232.622802734375,
    498.4991455078125,
    0.888
   ],
   [
    1412.628662109375,
    500.06549072265625,
    0.601
   ],
   [
    1264.32421875,
    589.6878662109375,
    0.505
   ],
   [
    1441.5556640625,
    429.74176025390625,
    -1.0
   ],
   [
    1242.1265869140625,
    514.006103515625,
    -1.0
   ],
   [
    1372.8074951171875,
    671.3882446289062,
    0.678
   ],
   [
    1344.984619140625,
    688.1372680664062,
    0.663
   ],
   [
    1317.8406982421875,
    610.3690185546875,
    -1.0
   ],
   [
    1290.4114990234375,
    634.193359375,
    -1.0
   ],
   [
    1303.5882568359375,
    657.9283447265625,
    -1.0
   ],
   [
    1293.017822265625,
    689.8167114257812,
    -1.0
   ]
  ]
 ],
 "skeleton_percentage": [
  0
 ],
 "angle": [
  90
 ]
}