{
 "frame_index": 1206,
 "skeletons": [
  [
   [
    1154.9864501953125,
    357.16632080078125,
    0.637
   ],
   [
    1159.8759765625,
    329.84710693359375,
    0.589
   ],
   [
    1138.1226806640625,
    350.78759765625,
    -1.0
   ],
   [
    1197.8092041015625,
    343.139404296875,
    0.602
   ],
   [
    1148.505126953125,
    387.383056640625,
    -1.0
   ],
   [
    1289.024169921875,
    444.5993957519531,
    0.836
   ],
   [
    1223.702880859375,
    513.0003051757812,
    0.862
   ],
   [
    1360.5531005859375,
    504.246337890625,
    0.547
   ],
   [
    1237.009765625,
    631.6559448242188,
    0.59
   ],
   [
    1319.5157470703125,
    350.8666076660156,
    0.5
   ],
   [
    1216.8759765625,
    489.5142517089844,
    0.528
   ],
   [
    1395.903564453125,
    663.151123046875,
    0.591
   ],
   [
    1357.783203125,
    685.4989013671875,
    0.633
   ],
   [
    1308.410888671875,
    587.3333129882812,
    -1.0
   ],
   [
    1287.7525634765625,
    614.7090454101562,
    -1.0
   ],
   [
    1315.41162109375,
    584.9810791015625,
    -1.0
   ],
   [
    1303.5771484375,
    622.1571044921875,
    -1.0
   ]
  ]
 ],
 "skeleton_percentage": [
  0
 ],
 "angle": [
  90
 ]
}