{
 "frame_index": 1207,
 "skeletons": [
  [
   [
    1181.0042724609375,
    358.90301513671875,
    0.799
   ],
   [
    1182.0848388671875,
    322.9483337402344,
    0.8
   ],
   [
    1154.65283203125,
    352.40875244140625,
    -1.0
   ],
   [
    1217.535400390625,
    330.68121337890625,
    0.766
   ],
   [
    1158.958984375,
    397.05230712890625,
    -1.0
   ],
   [
    1342.724609375,
    434.1759338378906,
    0.919
   ],
   [
    1243.2353515625,
    506.96807861328125,
    0.863
   ],
   [
    1336.430908203125,
    562.3527221679688,
    0.754
   ],
   [
    1249.6373291015625,
    619.6141357421875,
    0.587
   ],
   [
    1245.8636474609375,
    452.3494873046875,
    0.678
   ],
   [
    1217.708740234375,
    425.9765625,
    0.575
   ],
   [
    1475.64794921875,
    683.6139526367188,
    -1.0
   ],
   [
    1414.50537109375,
    709.2074584960938,
    -1.0
   ],
   [
    1324.1632080078125,
    487.8846130371094,
    -1.0
   ],
   [
    1270.9459228515625,
    536.7523193359375,
    -1.0
   ],
   [
    1264.774169921875,
    542.8201904296875,
    -1.0
   ],
   [
    1278.1624755859375,
    620.9500122070312,
    -1.0
   ]
  ]
 ],
 "skeleton_percentage": [
  0
 ],
 "angle": [
  81
 ]
}