{
 "frame_index": 1208,
 "skeletons": [
  [
   [
    1159.230224609375,
    376.6758728027344,
    0.893
   ],
   [
    1170.048583984375,
    334.4361572265625,
    0.906
   ],
   [
    1137.9517822265625,
    374.33941650390625,
    0.618
   ],
   [
    1247.1444091796875,
    331.81866455078125,
    0.825
   ],
   [
    1161.9715576171875,
    413.1309814453125,
    -1.0
   ],
   [
    1387.898681640625,
    432.34307861328125,
    0.904
   ],
   [
    1227.627197265625,
    524.944580078125,
    0.827
   ],
   [
    1392.5357666015625,
    524.6072387695312,
    0.598
   ],
   [
    1208.4327392578125,
    620.2938232421875,
    -1.0
   ],
   [
    1315.585205078125,
    432.06805419921875,
    0.51
   ],
   [
    1212.977294921875,
    460.82391357421875,
    -1.0
   ],
   [
    1450.15087890625,
    663.9347534179688,
    -1.0
   ],
   [
    1344.7183837890625,
    695.19873046875,
    -1.0
   ],
   [
    1358.557373046875,
    506.55450439453125,
    -1.0
   ],
   [
    1235.978515625,
    573.6649169921875,
    -1.0
   ],
   [
    1307.7705078125,
    549.37060546875,
    -1.0
   ],
   [
    1233.45751953125,
    659.3538208007812,
    -1.0
   ]
  ]
 ],
 "skeleton_percentage": [
  100
 ],
 "angle": [
  80
 ]
}