{
 "frame_index": 1209,
 "skeletons": [
  [
   [
    1162.0772705078125,
    374.4749450683594,
    0.899
   ],
   [
    1171.8375244140625,
    333.40435791015625,
    0.908
   ],
   [
    1139.61767578125,
    372.45611572265625,
    0.653
   ],
   [
    1244.188232421875,
    331.0558166503906,
    0.83
   ],
   [
    1160.237060546875,
    412.1240234375,
    -1.0
   ],
   [
    1385.072265625,
    427.2874755859375,
    0.907
   ],
   [
    1222.730224609375,
    521.9959106445312,
    0.854
   ],
   [
    1396.66455078125,
    524.2531127929688,
    0.599
   ],
   [
    1208.4171142578125,
    619.3870239257812,
    -1.0
   ],
   [
    1315.5992431640625,
    453.73583984375,
    0.509
   ],
   [
    1212.133056640625,
    462.8407287597656,
    -1.0
   ],
   [
    1448.5572509765625,
    645.7219848632812,
    -1.0
   ],
   [
    1342.001953125,
    678.5693969726562,
    -1.0
   ],
   [
    1368.0638427734375,
    509.99261474609375,
    -1.0
   ],
   [
    1241.218994140625,
    578.5767822265625,
    -1.0
   ],
   [
    1311.9959716796875,
    561.100341796875,
    -1.0
   ],
   [
    1234.6033935546875,
    667.5470581054688,
    -1.0
   ]
  ]
 ],
 "skeleton_percentage": [
  100
 ],
 "angle": [
  80
 ]
}