{
 "frame_index": 1210,
 "skeletons": [
  [
   [
    1176.01513671875,
    377.7303771972656,
    0.887
   ],
   [
    1177.864501953125,
    336.1636047363281,
    0.888
   ],
   [
    1148.2900390625,
    377.30572509765625,
    0.681
   ],
   [
    1228.6217041015625,
    329.455322265625,
    0.805
   ],
   [
    1159.33935546875,
    421.55364990234375,
    -1.0
   ],
   [
    1377.480712890625,
    396.3902587890625,
    0.91
   ],
   [
    1213.372314453125,
    529.6466064453125,
    0.884
   ],
   [
    1454.19189453125,
    440.31158447265625,
    0.605
   ],
   [
    1206.6064453125,
    638.107666015625,
    0.53
   ],
   [
    1431.5235595703125,
    378.2362976074219,
    -1.0
   ],
   [
    1183.2947998046875,
    490.428955078125,
    -1.0
   ],
   [
    1465.203369140625,
    643.844482421875,
    -1.0
   ],
   [
    1361.200927734375,
    695.0637817382812,
    -1.0
   ],
   [
    1408.9066162109375,
    445.44598388671875,
    -1.0
   ],
   [
    1264.19970703125,
    534.3953857421875,
    -1.0
   ],
   [
    1338.1087646484375,
    549.2367553710938,
    -1.0
   ],
   [
    1250.670166015625,
    663.296875,
    -1.0
   ]
  ]
 ],
 "skeleton_percentage": [
  100
 ],
 "angle": [
  80
 ]
}