{
 "frame_index": 1211,
 "skeletons": [
  [
   [
    1141.5,
    419.7613525390625,
    0.87
   ],
   [
    1141.251708984375,
    386.27264404296875,
    0.897
   ],
   [
    1125.4166259765625,
    401.54571533203125,
    0.556
   ],
   [
    1187.434814453125,
    354.7625427246094,
    0.906
   ],
   [
    1154.854248046875,
    391.0426940917969,
    -1.0
   ],
   [
    1314.67919921875,
    434.74066162109375,
    0.949
   ],
   [
    1236.1190185546875,
    472.9195861816406,
    0.886
   ],
   [
    1375.4075927734375,
    534.776123046875,
    0.615
   ],
   [
    1197.16357421875,
    603.212646484375,
    -1.0
   ],
   [
    1367.1051025390625,
    501.48583984375,
    -1.0
   ],
   [
    1166.26806640625,
    653.9832153320312,
    -1.0
   ],
   [
    1396.69189453125,
    640.4360961914062,
    -1.0
   ],
   [
    1353.53955078125,
    650.5926513671875,
    -1.0
   ],
   [
    1300.54638671875,
    606.399658203125,
    -1.0
   ],
   [
    1271.474365234375,
    621.2421264648438,
    -1.0
   ],
   [
    1241.632080078125,
    660.6124267578125,
    -1.0
   ],
   [
    1249.320068359375,
    707.3792724609375,
    -1.0
   ]
  ]
 ],
 "skeleton_percentage": [
  100
 ],
 "angle": [
  81
 ]
}