{
 "frame_index": 1212,
 "skeletons": [
  [
   [
    1168.453369140625,
    373.2323913574219,
    0.662
   ],
   [
    1164.9044189453125,
    352.6004333496094,
    0.543
   ],
   [
    1149.726318359375,
    361.842529296875,
    -1.0
   ],
   [
    1168.1409912109375,
    366.161865234375,
    0.593
   ],
   [
    1146.4239501953125,
    387.6006774902344,
    -1.0
   ],
   [
    1229.9139404296875,
    464.78790283203125,
    0.917
   ],
   [
    1241.5509033203125,
    467.7717590332031,
    0.881
   ],
   [
    1280.1104736328125,
    493.02288818359375,
    0.602
   ],
   [
    1274.94873046875,
    462.397216796875,
    0.551
   ],
   [
    1272.344970703125,
    382.840576171875,
    -1.0
   ],
   [
    1244.80029296875,
    347.33837890625,
    -1.0
   ],
   [
    1335.055419921875,
    608.5914306640625,
    0.606
   ],
   [
    1342.814697265625,
    609.559814453125,
    0.604
   ],
   [
    1283.87158203125,
    564.8001708984375,
    -1.0
   ],
   [
    1294.2735595703125,
    567.1633911132812,
    -1.0
   ],
   [
    1280.1376953125,
    557.0845947265625,
    -1.0
   ],
   [
    1282.603759765625,
    584.2303466796875,
    -1.0
   ]
  ]
 ],
 "skeleton_percentage": [
  0
 ],
 "angle": [
  83
 ]
}