{
 "frame_index": 1213,
 "skeletons": [
  [
   [
    1123.6416015625,
    409.70208740234375,
    -1.0
   ],
   [
    1118.638427734375,
    388.6102294921875,
    -1.0
   ],
   [
    1121.009033203125,
    386.83050537109375,
    -1.0
   ],
   [
    1120.796630859375,
    391.1488037109375,
    0.718
   ],
   [
    1153.527587890625,
    381.0860595703125,
    -1.0
   ],
   [
    1166.333984375,
    512.23193359375,
    0.938
   ],
   [
    1273.81982421875,
    444.3355407714844,
    0.889
   ],
   [
    1184.5091552734375,
    615.57666015625,
    0.592
   ],
   [
    1286.554443359375,
    438.28765869140625,
    -1.0
   ],
   [
    1165.9722900390625,
    516.8729858398438,
    -1.0
   ],
   [
    1190.487548828125,
    356.2250061035156,
    -1.0
   ],
   [
    1294.07080078125,
    651.7835693359375,
    0.594
   ],
   [
    1367.1461181640625,
    621.9818115234375,
    0.588
   ],
   [
    1215.243408203125,
    618.573486328125,
    -1.0
   ],
   [
    1302.9090576171875,
    574.8160400390625,
    -1.0
   ],
   [
    1215.6162109375,
    607.9649658203125,
    -1.0
   ],
   [
    1284.5579833984375,
    590.9637451171875,
    -1.0
   ]
  ]
 ],
 "skeleton_percentage": [
  0
 ],
 "angle": [
  81
 ]
}