{
 "frame_index": 1214,
 "skeletons": [
  [
   [
    1121.25537109375,
    413.09783935546875,
    -1.0
   ],
   [
    1116.7333984375,
    390.9241943359375,
    -1.0
   ],
   [
    1119.6416015625,
    389.20318603515625,
    -1.0
   ],
   [
    1123.8839111328125,
    391.2785339355469,
    0.751
   ],
   [
    1156.53759765625,
    381.1806335449219,
    -1.0
   ],
   [
    1169.280517578125,
    517.1435546875,
    0.931
   ],
   [
    1280.2022705078125,
    447.5851135253906,
    0.875
   ],
   [
    1182.6318359375,
    622.148193359375,
    0.58
   ],
   [
    1282.7193603515625,
    439.3182373046875,
    -1.0
   ],
   [
    1161.2030029296875,
    533.4400634765625,
    -1.0
   ],
   [
    1184.9073486328125,
    360.91241455078125,
    -1.0
   ],
   [
    1293.8179931640625,
    658.3251342773438,
    0.558
   ],
   [
    1368.61474609375,
    627.042236328125,
    0.548
   ],
   [
    1209.5911865234375,
    618.7359619140625,
    -1.0
   ],
   [
    1296.5164794921875,
    573.9397583007812,
    -1.0
   ],
   [
    1208.453369140625,
    607.590087890625,
    -1.0
   ],
   [
    1269.3067626953125,
    589.3851928710938,
    -1.0
   ]
  ]
 ],
 "skeleton_percentage": [
  0
 ],
 "angle": [
  81
 ]
}