{
 "frame_index": 1215,
 "skeletons": [
  [
   [
    1096.016357421875,
    405.9864807128906,
    0.962
   ],
   [
    1102.765380859375,
    372.96807861328125,
    0.967
   ],
   [
    1078.996337890625,
    400.6259765625,
    0.834
   ],
   [
    1161.1732177734375,
    353.4754943847656,
    0.892
   ],
   [
    1095.9471435546875,
    414.76483154296875,
    -1.0
   ],
   [
    1271.4549560546875,
    407.1304931640625,
    0.956
   ],
   [
    1142.91748046875,
    516.7745971679688,
    0.917
   ],
   [
    1343.5179443359375,
    482.8986511230469,
    0.775
   ],
   [
    1132.0526123046875,
    666.9783325195312,
    0.529
   ],
   [
    1286.177978515625,
    461.0250549316406,
    0.7
   ],
   [
    1109.3812255859375,
    593.1781005859375,
    -1.0
   ],
   [
    1342.352783203125,
    624.3404541015625,
    0.607
   ],
   [
    1265.2100830078125,
    663.2692260742188,
    0.523
   ],
   [
    1258.2857666015625,
    494.97760009765625,
    -1.0
   ],
   [
    1190.463623046875,
    553.2112426757812,
    -1.0
   ],
   [
    1257.27294921875,
    545.578369140625,
    -1.0
   ],
   [
    1239.1510009765625,
    602.226318359375,
    -1.0
   ]
  ]
 ],
 "skeleton_percentage": [
  100
 ],
 "angle": [
  83
 ]
}