{
 "frame_index": 1216,
 "skeletons": [
  [
   [
    1085.119384765625,
    409.71142578125,
    0.845
   ],
   [
    1090.055908203125,
    385.5849609375,
    0.891
   ],
   [
    1069.823486328125,
    407.112060546875,
    0.547
   ],
   [
    1126.341796875,
    373.72222900390625,
    0.828
   ],
   [
    1074.410400390625,
    421.23583984375,
    -1.0
   ],
   [
    1168.6768798828125,
    405.72296142578125,
    0.926
   ],
   [
    1137.03955078125,
    479.64910888671875,
    0.759
   ],
   [
    1188.676513671875,
    402.5039978027344,
    0.779
   ],
   [
    1156.7259521484375,
    513.0587768554688,
    -1.0
   ],
   [
    1100.35205078125,
    380.6307678222656,
    0.647
   ],
   [
    1144.833740234375,
    436.95733642578125,
    -1.0
   ],
   [
    1252.4317626953125,
    537.7452392578125,
    0.819
   ],
   [
    1227.785888671875,
    567.92138671875,
    0.668
   ],
   [
    1232.249267578125,
    481.89337158203125,
    0.791
   ],
   [
    1192.0009765625,
    524.15673828125,
    0.629
   ],
   [
    1335.42333984375,
    535.7069091796875,
    0.789
   ],
   [
    1274.2923583984375,
    579.8896484375,
    0.701
   ]
  ]
 ],
 "skeleton_percentage": [
  100
 ],
 "angle": [
  83
 ]
}