{
 "frame_index": 1217,
 "skeletons": [
  [
   [
    1065.810546875,
    421.40008544921875,
    0.956
   ],
   [
    1072.945068359375,
    389.85498046875,
    0.964
   ],
   [
    1047.171630859375,
    416.9183349609375,
    0.822
   ],
   [
    1124.399658203125,
    373.63232421875,
    0.872
   ],
   [
    1051.1629638671875,
    431.45452880859375,
    -1.0
   ],
   [
    1192.153076171875,
    434.078369140625,
    0.967
   ],
   [
    1098.40283203125,
    525.1910400390625,
    0.868
   ],
   [
    1318.906005859375,
    496.4075927734375,
    0.854
   ],
   [
    1134.7921142578125,
    646.489501953125,
    -1.0
   ],
   [
    1382.2816162109375,
    558.3352661132812,
    0.78
   ],
   [
    1197.3343505859375,
    652.5826416015625,
    -1.0
   ],
   [
    1267.0299072265625,
    614.4356689453125,
    0.82
   ],
   [
    1206.389892578125,
    655.4443359375,
    0.669
   ],
   [
    1258.02197265625,
    523.6339721679688,
    0.735
   ],
   [
    1181.6734619140625,
    584.28271484375,
    0.564
   ],
   [
    1384.2119140625,
    558.5262451171875,
    0.692
   ],
   [
    1295.78857421875,
    625.9174194335938,
    0.585
   ]
  ]
 ],
 "skeleton_percentage": [
  100
 ],
 "angle": [
  93
 ]
}