{
 "frame_index": 1218,
 "skeletons": [
  [
   [
    1065.208251953125,
    421.2447509765625,
    0.956
   ],
   [
    1072.412109375,
    390.02728271484375,
    0.963
   ],
   [
    1047.28955078125,
    416.8746643066406,
    0.826
   ],
   [
    1124.1292724609375,
    373.95849609375,
    0.87
   ],
   [
    1051.78515625,
    430.9326171875,
    -1.0
   ],
   [
    1190.1407470703125,
    433.7100830078125,
    0.968
   ],
   [
    1095.9757080078125,
    525.484619140625,
    0.875
   ],
   [
    1319.07568359375,
    495.59674072265625,
    0.858
   ],
   [
    1137.954345703125,
    649.8650512695312,
    -1.0
   ],
   [
    1391.24755859375,
    553.410400390625,
    0.789
   ],
   [
    1218.0174560546875,
    648.925537109375,
    -1.0
   ],
   [
    1264.119873046875,
    611.9370727539062,
    0.828
   ],
   [
    1203.5906982421875,
    653.934326171875,
    0.683
   ],
   [
    1255.8388671875,
    516.6746826171875,
    0.752
   ],
   [
    1185.1220703125,
    579.095947265625,
    0.588
   ],
   [
    1385.488525390625,
    552.3864135742188,
    0.713
   ],
   [
    1306.859619140625,
    620.6654663085938,
    0.61
   ]
  ]
 ],
 "skeleton_percentage": [
  100
 ],
 "angle": [
  93
 ]
}