{
 "frame_index": 1219,
 "skeletons": [
  [
   [
    1045.329833984375,
    429.0995178222656,
    0.961
   ],
   [
    1056.463623046875,
    399.054443359375,
    0.959
   ],
   [
    1029.812744140625,
    423.242919921875,
    0.836
   ],
   [
    1108.315673828125,
    392.46942138671875,
    0.835
   ],
   [
    1034.2747802734375,
    442.1564025878906,
    -1.0
   ],
   [
    1168.791259765625,
    456.27471923828125,
    0.962
   ],
   [
    1074.2325439453125,
    555.78759765625,
    0.926
   ],
   [
    1305.613525390625,
    517.6624145507812,
    0.865
   ],
   [
    1062.168701171875,
    668.832763671875,
    0.625
   ],
   [
    1383.2822265625,
    557.8407592773438,
    0.845
   ],
   [
    1077.7891845703125,
    545.3375244140625,
    0.662
   ],
   [
    1265.02197265625,
    644.5731201171875,
    0.8
   ],
   [
    1209.6788330078125,
    690.0328369140625,
    0.721
   ],
   [
    1230.7320556640625,
    532.2957763671875,
    0.66
   ],
   [
    1188.495361328125,
    601.3367919921875,
    0.553
   ],
   [
    1368.765625,
    557.6376953125,
    0.54
   ],
   [
    1317.555419921875,
    609.3931884765625,
    -1.0
   ]
  ]
 ],
 "skeleton_percentage": [
  100
 ],
 "angle": [
  92
 ]
}