{
 "frame_index": 1220,
 "skeletons": [
  [
   [
    1026.0440673828125,
    430.10888671875,
    0.976
   ],
   [
    1036.679931640625,
    402.3653869628906,
    0.971
   ],
   [
    1009.25927734375,
    418.9844055175781,
    0.863
   ],
   [
    1085.5205078125,
    399.1209411621094,
    0.889
   ],
   [
    1012.1578369140625,
    435.71185302734375,
    -1.0
   ],
   [
    1171.005615234375,
    487.9263610839844,
    0.986
   ],
   [
    1021.056640625,
    571.099609375,
    0.95
   ],
   [
    1272.1661376953125,
    553.8191528320312,
    0.944
   ],
   [
    1023.217041015625,
    717.5634765625,
    0.715
   ],
   [
    1355.888427734375,
    576.3488159179688,
    0.921
   ],
   [
    1107.0345458984375,
    684.5418701171875,
    0.725
   ],
   [
    1229.7142333984375,
    720.05810546875,
    0.846
   ],
   [
    1134.61376953125,
    759.682861328125,
    0.732
   ],
   [
    1218.2559814453125,
    764.7437744140625,
    -1.0
   ],
   [
    1136.9208984375,
    826.3099365234375,
    -1.0
   ],
   [
    1226.7310791015625,
    824.481201171875,
    -1.0
   ],
   [
    1177.359375,
    880.6715698242188,
    -1.0
   ]
  ]
 ],
 "skeleton_percentage": [
  100
 ],
 "angle": [
  97
 ]
}