{
 "frame_index": 1221,
 "skeletons": [
  [
   [
    1025.993896484375,
    430.03021240234375,
    0.975
   ],
   [
    1036.812255859375,
    402.5113220214844,
    0.971
   ],
   [
    1009.2079467773438,
    418.9158935546875,
    0.858
   ],
   [
    1085.5462646484375,
    399.1943359375,
    0.892
   ],
   [
    1012.1370849609375,
    435.4215087890625,
    -1.0
   ],
   [
    1170.911376953125,
    488.4111328125,
    0.986
   ],
   [
    1020.1082153320312,
    569.2479248046875,
    0.946
   ],
   [
    1270.3104248046875,
    557.0078735351562,
    0.947
   ],
   [
    1021.547119140625,
    715.5349731445312,
    0.697
   ],
   [
    1355.80224609375,
    576.2603149414062,
    0.924
   ],
   [
    1094.264892578125,
    684.9464721679688,
    0.71
   ],
   [
    1225.2451171875,
    718.8114013671875,
    0.854
   ],
   [
    1130.192138671875,
    757.2777099609375,
    0.733
   ],
   [
    1214.59423828125,
    768.58349609375,
    -1.0
   ],
   [
    1134.0592041015625,
    828.88330078125,
    -1.0
   ],
   [
    1220.9522705078125,
    829.0404052734375,
    -1.0
   ],
   [
    1175.945556640625,
    885.7843017578125,
    -1.0
   ]
  ]
 ],
 "skeleton_percentage": [
  100
 ],
 "angle": [
  97
 ]
}