{
 "frame_index": 1222,
 "skeletons": [
  [
   [
    1006.150146484375,
    433.8201904296875,
    0.972
   ],
   [
    1022.5789794921875,
    404.50341796875,
    0.969
   ],
   [
    988.2882080078125,
    418.2171936035156,
    0.89
   ],
   [
    1075.75244140625,
    405.1114196777344,
    0.915
   ],
   [
    992.2164916992188,
    436.2384338378906,
    -1.0
   ],
   [
    1186.7808837890625,
    531.2473754882812,
    0.96
   ],
   [
    991.9161987304688,
    586.1575317382812,
    0.965
   ],
   [
    1290.0,
    693.069091796875,
    0.75
   ],
   [
    965.1219482421875,
    772.7789306640625,
    0.727
   ],
   [
    1204.467041015625,
    830.3099365234375,
    0.605
   ],
   [
    918.2974853515625,
    877.6426391601562,
    0.536
   ],
   [
    1170.2159423828125,
    906.8626708984375,
    0.745
   ],
   [
    1043.51025390625,
    915.5570068359375,
    0.756
   ],
   [
    1094.515380859375,
    1039.1314697265625,
    -1.0
   ],
   [
    942.029296875,
    1049.595947265625,
    -1.0
   ],
   [
    1086.724365234375,
    1080.0,
    -1.0
   ],
   [
    953.3797607421875,
    1080.0,
    -1.0
   ]
  ]
 ],
 "skeleton_percentage": [
  100
 ],
 "angle": [
  138
 ]
}