{
 "frame_index": 1223,
 "skeletons": [
  [
   [
    1006.796142578125,
    432.64141845703125,
    0.973
   ],
   [
    1023.4822998046875,
    403.70172119140625,
    0.969
   ],
   [
    988.8018798828125,
    417.1988525390625,
    0.894
   ],
   [
    1076.0526123046875,
    405.2842712402344,
    0.915
   ],
   [
    992.39794921875,
    436.1741638183594,
    -1.0
   ],
   [
    1185.7335205078125,
    528.1209106445312,
    0.961
   ],
   [
    992.4171752929688,
    585.744140625,
    0.966
   ],
   [
    1293.013671875,
    674.5709228515625,
    0.75
   ],
   [
    964.9141845703125,
    772.3482666015625,
    0.734
   ],
   [
    1209.89306640625,
    776.3501586914062,
    0.612
   ],
   [
    917.2779541015625,
    876.5289916992188,
    0.542
   ],
   [
    1169.259033203125,
    903.1497802734375,
    0.754
   ],
   [
    1044.1767578125,
    912.5745849609375,
    0.767
   ],
   [
    1088.970947265625,
    1037.713623046875,
    -1.0
   ],
   [
    941.6080322265625,
    1046.378662109375,
    -1.0
   ],
   [
    1078.79931640625,
    1080.0,
    -1.0
   ],
   [
    951.59912109375,
    1080.0,
    -1.0
   ]
  ]
 ],
 "skeleton_percentage": [
  100
 ],
 "angle": [
  137
 ]
}