{
 "frame_index": 1224,
 "skeletons": [
  [
   [
    998.2886352539062,
    431.64404296875,
    0.98
   ],
   [
    1014.481689453125,
    401.799560546875,
    0.984
   ],
   [
    977.4759521484375,
    420.3880615234375,
    0.926
   ],
   [
    1066.063720703125,
    407.937255859375,
    0.938
   ],
   [
    978.8385009765625,
    447.85491943359375,
    -1.0
   ],
   [
    1173.0203857421875,
    518.029052734375,
    0.968
   ],
   [
    983.8156127929688,
    595.5294799804688,
    0.941
   ],
   [
    1289.0003662109375,
    635.7584228515625,
    0.809
   ],
   [
    958.6004638671875,
    759.22607421875,
    0.565
   ],
   [
    1266.4422607421875,
    675.5810546875,
    0.686
   ],
   [
    945.18603515625,
    740.3999633789062,
    -1.0
   ],
   [
    1199.7283935546875,
    830.3237915039062,
    0.543
   ],
   [
    1074.371826171875,
    859.2576904296875,
    -1.0
   ],
   [
    1206.50634765625,
    890.1229248046875,
    -1.0
   ],
   [
    1028.2454833984375,
    929.4212036132812,
    -1.0
   ],
   [
    1223.9844970703125,
    920.5311279296875,
    -1.0
   ],
   [
    1023.4136962890625,
    955.392822265625,
    -1.0
   ]
  ]
 ],
 "skeleton_percentage": [
  100
 ],
 "angle": [
  87
 ]
}