{
 "frame_index": 1225,
 "skeletons": [
  [
   [
    994.1841430664062,
    426.89154052734375,
    0.987
   ],
   [
    1013.611328125,
    400.1591491699219,
    0.975
   ],
   [
    968.7989501953125,
    413.3006286621094,
    0.96
   ],
   [
    1059.55517578125,
    411.6932373046875,
    0.895
   ],
   [
    957.3195190429688,
    444.1539001464844,
    0.674
   ],
   [
    1149.3514404296875,
    530.81494140625,
    0.978
   ],
   [
    956.688232421875,
    586.9400024414062,
    0.988
   ],
   [
    1249.112060546875,
    666.4856567382812,
    0.8
   ],
   [
    944.775634765625,
    775.0311279296875,
    0.901
   ],
   [
    1266.1578369140625,
    735.3400268554688,
    0.672
   ],
   [
    913.01904296875,
    871.3456420898438,
    0.764
   ],
   [
    1121.6402587890625,
    872.6551513671875,
    0.868
   ],
   [
    1000.345458984375,
    887.1768798828125,
    0.912
   ],
   [
    1048.1392822265625,
    1047.3033447265625,
    -1.0
   ],
   [
    930.5901489257812,
    1069.5655517578125,
    -1.0
   ],
   [
    1005.2166137695312,
    1080.0,
    -1.0
   ],
   [
    948.151123046875,
    1080.0,
    -1.0
   ]
  ],
  [
   [
    996.5496826171875,
    426.81170654296875,
    0.984
   ],
   [
    1010.2926635742188,
    399.26953125,
    0.988
   ],
   [
    970.6030883789062,
    412.646484375,
    0.952
   ],
   [
    1060.843017578125,
    408.30767822265625,
    0.866
   ],
   [
    958.2125244140625,
    442.8273010253906,
    -1.0
   ],
   [
    1160.74267578125,
    528.2638549804688,
    0.986
   ],
   [
    967.118896484375,
    577.18994140625,
    0.959
   ],
   [
    1280.263671875,
    653.287841796875,
    0.902
   ],
   [
    954.943115234375,
    728.075439453125,
    0.642
   ],
   [
    1260.1072998046875,
    692.5682373046875,
    0.744
   ],
   [
    959.5286865234375,
    753.6549072265625,
    -1.0
   ],
   [
    1190.007080078125,
    822.5528564453125,
    0.562
   ],
   [
    1057.14501953125,
    840.90380859375,
    -1.0
   ],
   [
    1192.7852783203125,
    800.8742065429688,
    -1.0
   ],
   [
    1024.862060546875,
    814.560791015625,
    -1.0
   ],
   [
    1208.72509765625,
    857.5369262695312,
    -1.0
   ],
   [
    1056.49951171875,
    883.4677734375,
    -1.0
   ]
  ]
 ],
 "skeleton_percentage": [
  100,
  100
 ],
 "angle": [
  144,
  87
 ]
}