{
 "frame_index": 1226,
 "skeletons": [
  [
   [
    994.189453125,
    426.5918884277344,
    0.986
   ],
   [
    1013.7343139648438,
    399.7746276855469,
    0.975
   ],
   [
    968.7991333007812,
    412.80902099609375,
    0.958
   ],
   [
    1059.603759765625,
    411.4571228027344,
    0.895
   ],
   [
    957.0018310546875,
    443.63250732421875,
    0.671
   ],
   [
    1149.733642578125,
    531.8952026367188,
    0.978
   ],
   [
    955.5463256835938,
    587.939453125,
    0.988
   ],
   [
    1249.325439453125,
    671.9356689453125,
    0.8
   ],
   [
    943.2251586914062,
    777.1858520507812,
    0.898
   ],
   [
    1261.852783203125,
    751.4712524414062,
    0.67
   ],
   [
    910.731689453125,
    876.11376953125,
    0.759
   ],
   [
    1122.269775390625,
    877.2390747070312,
    0.863
   ],
   [
    1000.125732421875,
    891.8446044921875,
    0.908
   ],
   [
    1048.679443359375,
    1052.049560546875,
    -1.0
   ],
   [
    931.791748046875,
    1074.6611328125,
    -1.0
   ],
   [
    1005.3945922851562,
    1080.0,
    -1.0
   ],
   [
    950.6707763671875,
    1080.0,
    -1.0
   ]
  ],
  [
   [
    996.49462890625,
    426.5527038574219,
    0.985
   ],
   [
    1010.48486328125,
    399.0046691894531,
    0.988
   ],
   [
    970.577880859375,
    412.28466796875,
    0.954
   ],
   [
    1061.2801513671875,
    408.697265625,
    0.866
   ],
   [
    958.3465576171875,
    442.9959716796875,
    -1.0
   ],
   [
    1161.4425048828125,
    530.0452880859375,
    0.986
   ],
   [
    966.4927978515625,
    578.6456298828125,
    0.959
   ],
   [
    1281.307861328125,
    656.3843994140625,
    0.899
   ],
   [
    954.94873046875,
    730.6532592773438,
    0.637
   ],
   [
    1258.523193359375,
    687.6871337890625,
    0.741
   ],
   [
    959.9159545898438,
    748.6371459960938,
    -1.0
   ],
   [
    1189.916748046875,
    825.7417602539062,
    0.55
   ],
   [
    1056.298095703125,
    843.9276123046875,
    -1.0
   ],
   [
    1191.72509765625,
    801.106689453125,
    -1.0
   ],
   [
    1023.8252563476562,
    814.5921630859375,
    -1.0
   ],
   [
    1207.6094970703125,
    858.9678955078125,
    -1.0
   ],
   [
    1056.4462890625,
    884.6365356445312,
    -1.0
   ]
  ]
 ],
 "skeleton_percentage": [
  100,
  100
 ],
 "angle": [
  144,
  87
 ]
}