{
 "frame_index": 1227,
 "skeletons": [
  [
   [
    997.5390625,
    424.6057434082031,
    0.982
   ],
   [
    1013.348388671875,
    399.87847900390625,
    0.982
   ],
   [
    973.55419921875,
    415.75396728515625,
    0.946
   ],
   [
    1056.153076171875,
    417.8123779296875,
    0.916
   ],
   [
    961.94775390625,
    452.9442443847656,
    0.561
   ],
   [
    1156.815673828125,
    524.6873168945312,
    0.963
   ],
   [
    952.4542236328125,
    589.72900390625,
    0.948
   ],
   [
    1260.000244140625,
    651.5798950195312,
    0.788
   ],
   [
    923.6387939453125,
    752.0531616210938,
    0.632
   ],
   [
    1250.9403076171875,
    702.7265014648438,
    0.648
   ],
   [
    946.42529296875,
    738.0316772460938,
    -1.0
   ],
   [
    1183.246337890625,
    824.490234375,
    -1.0
   ],
   [
    1047.834716796875,
    850.6851196289062,
    -1.0
   ],
   [
    1196.5050048828125,
    856.3522338867188,
    -1.0
   ],
   [
    999.3206787109375,
    892.086181640625,
    -1.0
   ],
   [
    1203.418212890625,
    903.7373046875,
    -1.0
   ],
   [
    982.49658203125,
    936.6593627929688,
    -1.0
   ]
  ]
 ],
 "skeleton_percentage": [
  100
 ],
 "angle": [
  87
 ]
}