{
 "frame_index": 1228,
 "skeletons": [
  [
   [
    998.4230346679688,
    423.6708068847656,
    0.983
   ],
   [
    1013.0682373046875,
    400.038818359375,
    0.981
   ],
   [
    974.3760986328125,
    414.48101806640625,
    0.955
   ],
   [
    1052.1998291015625,
    419.04473876953125,
    0.902
   ],
   [
    960.484130859375,
    451.72259521484375,
    0.623
   ],
   [
    1152.064453125,
    527.31103515625,
    0.955
   ],
   [
    948.4348754882812,
    587.184814453125,
    0.955
   ],
   [
    1252.3994140625,
    661.1361694335938,
    0.725
   ],
   [
    916.2147216796875,
    750.6132202148438,
    0.667
   ],
   [
    1244.311767578125,
    708.9454956054688,
    0.572
   ],
   [
    934.0955200195312,
    727.326904296875,
    0.517
   ],
   [
    1181.444580078125,
    808.36962890625,
    -1.0
   ],
   [
    1045.1466064453125,
    832.3027954101562,
    -1.0
   ],
   [
    1198.83544921875,
    803.8632202148438,
    -1.0
   ],
   [
    985.394287109375,
    836.0216674804688,
    -1.0
   ],
   [
    1207.6712646484375,
    840.22412109375,
    -1.0
   ],
   [
    965.290283203125,
    868.9901123046875,
    -1.0
   ]
  ]
 ],
 "skeleton_percentage": [
  100
 ],
 "angle": [
  86
 ]
}