{
 "frame_index": 1229,
 "skeletons": [
  [
   [
    999.1851806640625,
    424.3136901855469,
    0.984
   ],
   [
    1013.6785888671875,
    400.70965576171875,
    0.981
   ],
   [
    975.2369384765625,
    415.5579528808594,
    0.958
   ],
   [
    1052.751220703125,
    419.1610107421875,
    0.901
   ],
   [
    961.9627685546875,
    452.67926025390625,
    0.647
   ],
   [
    1152.0037841796875,
    525.9090576171875,
    0.955
   ],
   [
    947.8907470703125,
    588.3674926757812,
    0.961
   ],
   [
    1250.8077392578125,
    656.1123046875,
    0.721
   ],
   [
    913.8792724609375,
    752.0313720703125,
    0.697
   ],
   [
    1254.19287109375,
    701.52392578125,
    0.567
   ],
   [
    928.9178466796875,
    729.58447265625,
    0.539
   ],
   [
    1182.1912841796875,
    808.968017578125,
    -1.0
   ],
   [
    1045.6832275390625,
    834.7578735351562,
    -1.0
   ],
   [
    1203.6270751953125,
    817.0589599609375,
    -1.0
   ],
   [
    989.00830078125,
    852.376708984375,
    -1.0
   ],
   [
    1213.51171875,
    855.525146484375,
    -1.0
   ],
   [
    970.245361328125,
    888.5521240234375,
    -1.0
   ]
  ]
 ],
 "skeleton_percentage": [
  100
 ],
 "angle": [
  87
 ]
}