{
 "frame_index": 1230,
 "skeletons": [
  [
   [
    999.19921875,
    424.2887878417969,
    0.984
   ],
   [
    1013.7677001953125,
    400.77813720703125,
    0.981
   ],
   [
    975.251708984375,
    415.45391845703125,
    0.959
   ],
   [
    1052.8092041015625,
    419.3883056640625,
    0.9
   ],
   [
    961.8125610351562,
    452.53985595703125,
    0.648
   ],
   [
    1151.698974609375,
    526.091064453125,
    0.955
   ],
   [
    947.5984497070312,
    588.3902587890625,
    0.961
   ],
   [
    1250.638427734375,
    655.6231689453125,
    0.722
   ],
   [
    913.871826171875,
    751.869384765625,
    0.7
   ],
   [
    1254.601318359375,
    699.6654052734375,
    0.569
   ],
   [
    928.98388671875,
    729.0589599609375,
    0.543
   ],
   [
    1182.030517578125,
    809.1150512695312,
    -1.0
   ],
   [
    1045.457275390625,
    834.9098510742188,
    -1.0
   ],
   [
    1204.219482421875,
    817.037841796875,
    -1.0
   ],
   [
    989.3826904296875,
    852.2085571289062,
    -1.0
   ],
   [
    1214.372314453125,
    855.313232421875,
    -1.0
   ],
   [
    970.7584228515625,
    887.9869995117188,
    -1.0
   ]
  ]
 ],
 "skeleton_percentage": [
  100
 ],
 "angle": [
  87
 ]
}