{
 "frame_index": 1231,
 "skeletons": [
  [
   [
    1005.120849609375,
    426.08685302734375,
    0.982
   ],
   [
    1018.1552734375,
    402.6800537109375,
    0.979
   ],
   [
    979.019287109375,
    419.8785400390625,
    0.958
   ],
   [
    1056.272705078125,
    423.7229919433594,
    0.897
   ],
   [
    965.1510009765625,
    463.4872741699219,
    0.677
   ],
   [
    1156.74658203125,
    529.517822265625,
    0.953
   ],
   [
    954.6611938476562,
    593.9403076171875,
    0.964
   ],
   [
    1255.663818359375,
    654.6823120117188,
    0.707
   ],
   [
    916.2696533203125,
    748.92919921875,
    0.721
   ],
   [
    1252.3265380859375,
    697.5003662109375,
    0.556
   ],
   [
    933.839111328125,
    730.9197998046875,
    0.559
   ],
   [
    1180.2255859375,
    806.7432861328125,
    -1.0
   ],
   [
    1045.997314453125,
    832.8094482421875,
    -1.0
   ],
   [
    1200.1778564453125,
    820.2009887695312,
    -1.0
   ],
   [
    990.4105224609375,
    856.562255859375,
    -1.0
   ],
   [
    1206.095703125,
    859.7061767578125,
    -1.0
   ],
   [
    963.3126220703125,
    899.999755859375,
    -1.0
   ]
  ]
 ],
 "skeleton_percentage": [
  100
 ],
 "angle": [
  89
 ]
}