{
 "frame_index": 1232,
 "skeletons": [
  [
   [
    1013.083740234375,
    427.93438720703125,
    0.983
   ],
   [
    1028.0628662109375,
    404.186279296875,
    0.98
   ],
   [
    986.8642578125,
    419.09454345703125,
    0.959
   ],
   [
    1066.6142578125,
    426.10906982421875,
    0.908
   ],
   [
    973.8587646484375,
    461.0785217285156,
    0.687
   ],
   [
    1164.7685546875,
    540.6953125,
    0.964
   ],
   [
    957.1279296875,
    595.2953491210938,
    0.969
   ],
   [
    1258.3677978515625,
    677.3977661132812,
    0.735
   ],
   [
    925.2392578125,
    759.326416015625,
    0.729
   ],
   [
    1267.6588134765625,
    712.4224853515625,
    0.573
   ],
   [
    939.7427978515625,
    753.328369140625,
    0.554
   ],
   [
    1176.6865234375,
    839.1355590820312,
    -1.0
   ],
   [
    1038.6331787109375,
    861.58203125,
    0.509
   ],
   [
    1204.8248291015625,
    858.70751953125,
    -1.0
   ],
   [
    989.97119140625,
    890.77978515625,
    -1.0
   ],
   [
    1204.72509765625,
    901.5291137695312,
    -1.0
   ],
   [
    973.4022216796875,
    943.0717163085938,
    -1.0
   ]
  ]
 ],
 "skeleton_percentage": [
  100
 ],
 "angle": [
  90
 ]
}