{
 "frame_index": 1233,
 "skeletons": [
  [
   [
    1014.8790893554688,
    428.24224853515625,
    0.983
   ],
   [
    1030.2109375,
    405.1761474609375,
    0.979
   ],
   [
    989.398193359375,
    419.1173400878906,
    0.957
   ],
   [
    1067.8572998046875,
    426.2105712890625,
    0.908
   ],
   [
    975.5938110351562,
    458.678466796875,
    0.696
   ],
   [
    1162.694580078125,
    540.0426635742188,
    0.968
   ],
   [
    953.5427856445312,
    590.2688598632812,
    0.971
   ],
   [
    1247.3515625,
    683.2842407226562,
    0.765
   ],
   [
    922.841552734375,
    756.7216796875,
    0.747
   ],
   [
    1251.5965576171875,
    740.3800048828125,
    0.6
   ],
   [
    954.6778564453125,
    759.603759765625,
    0.572
   ],
   [
    1171.25439453125,
    836.6446533203125,
    0.554
   ],
   [
    1032.2091064453125,
    858.004638671875,
    0.559
   ],
   [
    1200.8807373046875,
    880.7561645507812,
    -1.0
   ],
   [
    991.0314331054688,
    912.8139038085938,
    -1.0
   ],
   [
    1195.33935546875,
    921.09619140625,
    -1.0
   ],
   [
    974.642578125,
    961.873291015625,
    -1.0
   ]
  ]
 ],
 "skeleton_percentage": [
  100
 ],
 "angle": [
  90
 ]
}