{
 "frame_index": 1234,
 "skeletons": [
  [
   [
    1017.1126098632812,
    424.8985595703125,
    0.984
   ],
   [
    1032.1788330078125,
    403.5628662109375,
    0.974
   ],
   [
    992.442138671875,
    414.76373291015625,
    0.965
   ],
   [
    1065.66943359375,
    425.6311340332031,
    0.856
   ],
   [
    972.2752075195312,
    453.753662109375,
    0.689
   ],
   [
    1159.082275390625,
    539.8734130859375,
    0.947
   ],
   [
    946.5086669921875,
    585.4906005859375,
    0.97
   ],
   [
    1255.4833984375,
    686.5606689453125,
    0.594
   ],
   [
    912.5347900390625,
    749.2728271484375,
    0.732
   ],
   [
    1238.5543212890625,
    758.2528076171875,
    -1.0
   ],
   [
    914.923095703125,
    786.914794921875,
    0.51
   ],
   [
    1163.1639404296875,
    823.732177734375,
    -1.0
   ],
   [
    1024.18603515625,
    838.694091796875,
    -1.0
   ],
   [
    1158.2440185546875,
    861.8004150390625,
    -1.0
   ],
   [
    966.2612915039062,
    879.4493408203125,
    -1.0
   ],
   [
    1144.06640625,
    909.7875366210938,
    -1.0
   ],
   [
    968.24365234375,
    926.4442749023438,
    -1.0
   ]
  ]
 ],
 "skeleton_percentage": [
  100
 ],
 "angle": [
  91
 ]
}