{
 "frame_index": 1235,
 "skeletons": [
  [
   [
    1017.825439453125,
    426.6828918457031,
    0.985
   ],
   [
    1032.079833984375,
    404.7083740234375,
    0.979
   ],
   [
    991.8444213867188,
    417.25335693359375,
    0.968
   ],
   [
    1066.28564453125,
    426.1529541015625,
    0.884
   ],
   [
    971.7449340820312,
    456.12030029296875,
    0.738
   ],
   [
    1161.920654296875,
    537.737060546875,
    0.957
   ],
   [
    948.3348388671875,
    585.7366333007812,
    0.973
   ],
   [
    1250.934814453125,
    679.8561401367188,
    0.698
   ],
   [
    916.199951171875,
    746.07275390625,
    0.774
   ],
   [
    1232.539306640625,
    726.4912719726562,
    0.557
   ],
   [
    951.3107299804688,
    736.9905395507812,
    0.617
   ],
   [
    1173.4647216796875,
    820.333740234375,
    -1.0
   ],
   [
    1032.402587890625,
    839.627197265625,
    -1.0
   ],
   [
    1191.95751953125,
    834.5380859375,
    -1.0
   ],
   [
    983.5929565429688,
    860.2300415039062,
    -1.0
   ],
   [
    1186.09912109375,
    893.7886962890625,
    -1.0
   ],
   [
    965.5521240234375,
    921.8843994140625,
    -1.0
   ]
  ]
 ],
 "skeleton_percentage": [
  100
 ],
 "angle": [
  91
 ]
}