{
 "frame_index": 1236,
 "skeletons": [
  [
   [
    1013.9967041015625,
    427.21966552734375,
    0.982
   ],
   [
    1029.9296875,
    403.9661865234375,
    0.973
   ],
   [
    988.635009765625,
    415.8487548828125,
    0.947
   ],
   [
    1065.496826171875,
    422.5484619140625,
    0.886
   ],
   [
    970.2654418945312,
    451.55401611328125,
    0.663
   ],
   [
    1152.52734375,
    538.337158203125,
    0.979
   ],
   [
    943.89453125,
    579.8088989257812,
    0.977
   ],
   [
    1246.05810546875,
    677.1925048828125,
    0.84
   ],
   [
    903.048583984375,
    734.5446166992188,
    0.799
   ],
   [
    1245.346923828125,
    770.3519287109375,
    0.702
   ],
   [
    917.966796875,
    762.157958984375,
    0.657
   ],
   [
    1145.4810791015625,
    833.8786010742188,
    0.714
   ],
   [
    1009.0670166015625,
    851.577392578125,
    0.713
   ],
   [
    1164.624267578125,
    905.1961669921875,
    -1.0
   ],
   [
    986.7947387695312,
    935.0469360351562,
    -1.0
   ],
   [
    1152.442626953125,
    952.9465942382812,
    -1.0
   ],
   [
    998.46923828125,
    990.4117431640625,
    -1.0
   ]
  ]
 ],
 "skeleton_percentage": [
  100
 ],
 "angle": [
  93
 ]
}