{
 "frame_index": 1237,
 "skeletons": [
  [
   [
    1010.4362182617188,
    425.68841552734375,
    0.987
   ],
   [
    1024.8878173828125,
    404.8638610839844,
    0.977
   ],
   [
    986.93896484375,
    413.2229919433594,
    0.971
   ],
   [
    1055.166259765625,
    423.3710632324219,
    0.852
   ],
   [
    964.8125610351562,
    443.1682434082031,
    0.756
   ],
   [
    1137.46044921875,
    535.2257080078125,
    0.966
   ],
   [
    930.8125,
    571.2435302734375,
    0.975
   ],
   [
    1231.1495361328125,
    675.161865234375,
    0.777
   ],
   [
    894.1585693359375,
    737.3695068359375,
    0.808
   ],
   [
    1249.5013427734375,
    688.6239624023438,
    0.658
   ],
   [
    931.0797119140625,
    731.6995239257812,
    0.678
   ],
   [
    1141.84765625,
    809.0308837890625,
    -1.0
   ],
   [
    1003.0316162109375,
    825.9697265625,
    0.509
   ],
   [
    1186.38916015625,
    818.3860473632812,
    -1.0
   ],
   [
    970.1035766601562,
    838.407470703125,
    -1.0
   ],
   [
    1194.2978515625,
    849.5385131835938,
    -1.0
   ],
   [
    952.2145385742188,
    873.263427734375,
    -1.0
   ]
  ]
 ],
 "skeleton_percentage": [
  100
 ],
 "angle": [
  87
 ]
}