{
 "frame_index": 1238,
 "skeletons": [
  [
   [
    1008.4183349609375,
    424.4013977050781,
    0.982
   ],
   [
    1024.359619140625,
    401.6044921875,
    0.946
   ],
   [
    983.3501586914062,
    408.0112609863281,
    0.956
   ],
   [
    1049.70458984375,
    417.38446044921875,
    0.722
   ],
   [
    949.2015380859375,
    433.77685546875,
    0.766
   ],
   [
    1120.920166015625,
    538.7901611328125,
    0.982
   ],
   [
    914.666748046875,
    567.7445068359375,
    0.986
   ],
   [
    1212.905517578125,
    685.7318115234375,
    0.858
   ],
   [
    886.2383422851562,
    735.1505126953125,
    0.901
   ],
   [
    1209.7147216796875,
    788.3302001953125,
    0.77
   ],
   [
    881.088623046875,
    814.637939453125,
    0.82
   ],
   [
    1093.9931640625,
    838.908447265625,
    0.902
   ],
   [
    961.9720458984375,
    848.3336181640625,
    0.922
   ],
   [
    1053.3388671875,
    980.422119140625,
    -1.0
   ],
   [
    914.4935302734375,
    997.1214599609375,
    0.511
   ],
   [
    1022.4662475585938,
    1062.26953125,
    -1.0
   ],
   [
    942.376708984375,
    1080.0,
    -1.0
   ]
  ],
  [
   [
    1008.056640625,
    423.9764404296875,
    0.989
   ],
   [
    1022.2674560546875,
    403.9389953613281,
    0.975
   ],
   [
    985.13818359375,
    412.90673828125,
    0.974
   ],
   [
    1048.74853515625,
    421.76934814453125,
    0.818
   ],
   [
    960.7124633789062,
    444.28753662109375,
    0.782
   ],
   [
    1125.656005859375,
    529.0235595703125,
    0.979
   ],
   [
    925.052490234375,
    569.3057861328125,
    0.985
   ],
   [
    1215.646728515625,
    672.0654907226562,
    0.842
   ],
   [
    886.3992919921875,
    728.61279296875,
    0.869
   ],
   [
    1230.097412109375,
    783.8526611328125,
    0.711
   ],
   [
    879.3924560546875,
    767.9527587890625,
    0.738
   ],
   [
    1108.1690673828125,
    805.844970703125,
    0.792
   ],
   [
    977.543212890625,
    820.1713256835938,
    0.808
   ],
   [
    1115.93701171875,
    935.371826171875,
    -1.0
   ],
   [
    937.9707641601562,
    957.6932373046875,
    -1.0
   ],
   [
    1102.6978759765625,
    1000.4007568359375,
    -1.0
   ],
   [
    926.0731201171875,
    1020.243896484375,
    -1.0
   ]
  ]
 ],
 "skeleton_percentage": [
  100,
  100
 ],
 "angle": [
  150,
  89
 ]
}