{
 "frame_index": 1239,
 "skeletons": [
  [
   [
    1006.3531494140625,
    424.8690490722656,
    0.987
   ],
   [
    1023.2861328125,
    403.4480895996094,
    0.961
   ],
   [
    983.51708984375,
    409.65142822265625,
    0.973
   ],
   [
    1051.56689453125,
    421.1045837402344,
    0.761
   ],
   [
    954.85693359375,
    437.0806884765625,
    0.821
   ],
   [
    1122.412353515625,
    540.288818359375,
    0.98
   ],
   [
    920.1267700195312,
    575.6917724609375,
    0.989
   ],
   [
    1214.1444091796875,
    682.5477294921875,
    0.808
   ],
   [
    895.892578125,
    745.3907470703125,
    0.905
   ],
   [
    1215.1859130859375,
    790.4931640625,
    0.693
   ],
   [
    893.9124755859375,
    820.8777465820312,
    0.796
   ],
   [
    1093.2337646484375,
    830.180908203125,
    0.882
   ],
   [
    962.9463500976562,
    839.2464599609375,
    0.916
   ],
   [
    1041.256591796875,
    979.0272216796875,
    -1.0
   ],
   [
    894.168701171875,
    994.0138549804688,
    -1.0
   ],
   [
    1004.4834594726562,
    1044.557861328125,
    -1.0
   ],
   [
    899.7357788085938,
    1053.68603515625,
    -1.0
   ]
  ],
  [
   [
    1007.681884765625,
    423.8028259277344,
    0.989
   ],
   [
    1021.8861083984375,
    403.7438049316406,
    0.975
   ],
   [
    984.8353271484375,
    412.72784423828125,
    0.974
   ],
   [
    1048.4390869140625,
    421.52130126953125,
    0.819
   ],
   [
    960.5048828125,
    444.09063720703125,
    0.778
   ],
   [
    1125.169921875,
    528.8209228515625,
    0.979
   ],
   [
    925.0779418945312,
    569.3065185546875,
    0.984
   ],
   [
    1216.129638671875,
    671.2833862304688,
    0.841
   ],
   [
    886.147216796875,
    728.1773681640625,
    0.864
   ],
   [
    1230.0931396484375,
    783.9781494140625,
    0.707
   ],
   [
    878.2783813476562,
    767.9161376953125,
    0.731
   ],
   [
    1107.321533203125,
    804.908203125,
    0.783
   ],
   [
    976.7950439453125,
    819.2015380859375,
    0.798
   ],
   [
    1115.4259033203125,
    933.042236328125,
    -1.0
   ],
   [
    936.180419921875,
    955.2266235351562,
    -1.0
   ],
   [
    1104.075439453125,
    995.9345703125,
    -1.0
   ],
   [
    924.309814453125,
    1015.3536987304688,
    -1.0
   ]
  ]
 ],
 "skeleton_percentage": [
  100,
  100
 ],
 "angle": [
  150,
  89
 ]
}