{
 "frame_index": 1240,
 "skeletons": [
  [
   [
    995.66455078125,
    426.1040954589844,
    0.987
   ],
   [
    1010.489501953125,
    406.22564697265625,
    0.971
   ],
   [
    974.6152954101562,
    412.95806884765625,
    0.972
   ],
   [
    1035.777587890625,
    423.14013671875,
    0.791
   ],
   [
    948.9428100585938,
    438.8779296875,
    0.792
   ],
   [
    1110.3336181640625,
    534.4431762695312,
    0.972
   ],
   [
    909.3652954101562,
    566.7327880859375,
    0.981
   ],
   [
    1208.322998046875,
    662.5628662109375,
    0.782
   ],
   [
    868.0987548828125,
    719.521240234375,
    0.83
   ],
   [
    1219.558349609375,
    727.0902099609375,
    0.644
   ],
   [
    862.8662109375,
    774.0195922851562,
    0.678
   ],
   [
    1097.0665283203125,
    810.755126953125,
    0.73
   ],
   [
    965.846923828125,
    823.72119140625,
    0.753
   ],
   [
    1112.5,
    944.2520141601562,
    -1.0
   ],
   [
    940.2225341796875,
    959.6781005859375,
    -1.0
   ],
   [
    1104.800048828125,
    998.3278198242188,
    -1.0
   ],
   [
    938.9390869140625,
    1013.1236572265625,
    -1.0
   ]
  ]
 ],
 "skeleton_percentage": [
  100
 ],
 "angle": [
  84
 ]
}