{
 "frame_index": 1241,
 "skeletons": [
  [
   [
    986.4820556640625,
    424.12835693359375,
    0.985
   ],
   [
    1001.56591796875,
    404.7027282714844,
    0.969
   ],
   [
    964.1441650390625,
    410.066162109375,
    0.974
   ],
   [
    1026.6463623046875,
    422.68658447265625,
    0.796
   ],
   [
    936.0360717773438,
    435.197998046875,
    0.828
   ],
   [
    1099.3831787109375,
    537.4339599609375,
    0.962
   ],
   [
    891.0428466796875,
    557.0797119140625,
    0.978
   ],
   [
    1183.932373046875,
    679.9317626953125,
    0.715
   ],
   [
    851.8042602539062,
    709.096435546875,
    0.813
   ],
   [
    1176.916015625,
    721.0464477539062,
    0.579
   ],
   [
    889.6649169921875,
    734.8152465820312,
    0.664
   ],
   [
    1080.7161865234375,
    810.663330078125,
    0.582
   ],
   [
    944.3121337890625,
    819.9793701171875,
    0.629
   ],
   [
    1111.652587890625,
    883.3456420898438,
    -1.0
   ],
   [
    930.388427734375,
    893.623046875,
    -1.0
   ],
   [
    1105.9779052734375,
    935.8665161132812,
    -1.0
   ],
   [
    928.766845703125,
    950.789794921875,
    -1.0
   ]
  ]
 ],
 "skeleton_percentage": [
  100
 ],
 "angle": [
  83
 ]
}