{
 "frame_index": 1242,
 "skeletons": [
  [
   [
    986.50537109375,
    424.0244140625,
    0.985
   ],
   [
    1001.6054077148438,
    404.625244140625,
    0.969
   ],
   [
    964.1358032226562,
    409.90814208984375,
    0.974
   ],
   [
    1026.684814453125,
    422.7254333496094,
    0.795
   ],
   [
    935.8642578125,
    435.0877685546875,
    0.829
   ],
   [
    1099.0753173828125,
    537.2921142578125,
    0.961
   ],
   [
    891.1935424804688,
    557.11083984375,
    0.978
   ],
   [
    1183.88427734375,
    679.9026489257812,
    0.709
   ],
   [
    853.04443359375,
    709.6224975585938,
    0.814
   ],
   [
    1175.8077392578125,
    721.886962890625,
    0.572
   ],
   [
    893.9555053710938,
    735.3896484375,
    0.664
   ],
   [
    1081.1361083984375,
    809.5018310546875,
    0.575
   ],
   [
    944.7076416015625,
    818.93017578125,
    0.625
   ],
   [
    1113.375,
    879.9541015625,
    -1.0
   ],
   [
    930.9508056640625,
    890.130615234375,
    -1.0
   ],
   [
    1108.4228515625,
    932.6553955078125,
    -1.0
   ],
   [
    928.460693359375,
    946.93896484375,
    -1.0
   ]
  ]
 ],
 "skeleton_percentage": [
  100
 ],
 "angle": [
  84
 ]
}