{
 "frame_index": 1243,
 "skeletons": [
  [
   [
    966.6456298828125,
    422.2539367675781,
    0.984
   ],
   [
    982.9334106445312,
    403.1650085449219,
    0.97
   ],
   [
    946.7030639648438,
    407.93499755859375,
    0.97
   ],
   [
    1010.9383544921875,
    421.8739013671875,
    0.836
   ],
   [
    923.76513671875,
    432.5591125488281,
    0.802
   ],
   [
    1087.11865234375,
    539.02392578125,
    0.964
   ],
   [
    873.41650390625,
    554.95654296875,
    0.977
   ],
   [
    1164.7161865234375,
    687.5338134765625,
    0.721
   ],
   [
    823.6285400390625,
    707.1608276367188,
    0.796
   ],
   [
    1134.60693359375,
    736.0175170898438,
    0.577
   ],
   [
    865.9898681640625,
    736.6217651367188,
    0.639
   ],
   [
    1059.23828125,
    808.818115234375,
    0.568
   ],
   [
    918.8922729492188,
    815.5574340820312,
    0.605
   ],
   [
    1093.7940673828125,
    888.9625244140625,
    -1.0
   ],
   [
    907.24560546875,
    895.3656005859375,
    -1.0
   ],
   [
    1087.4525146484375,
    944.4327392578125,
    -1.0
   ],
   [
    902.4429931640625,
    954.1994018554688,
    -1.0
   ]
  ]
 ],
 "skeleton_percentage": [
  100
 ],
 "angle": [
  69
 ]
}