{
 "frame_index": 1244,
 "skeletons": [
  [
   [
    965.6971435546875,
    422.62274169921875,
    0.984
   ],
   [
    981.9720458984375,
    403.34722900390625,
    0.971
   ],
   [
    945.8099365234375,
    408.42034912109375,
    0.969
   ],
   [
    1010.51513671875,
    421.8902893066406,
    0.841
   ],
   [
    923.5486450195312,
    433.23895263671875,
    0.794
   ],
   [
    1087.3939208984375,
    539.2489013671875,
    0.964
   ],
   [
    873.954345703125,
    555.516845703125,
    0.976
   ],
   [
    1164.983154296875,
    688.224365234375,
    0.725
   ],
   [
    823.7338256835938,
    707.4905395507812,
    0.793
   ],
   [
    1134.974609375,
    736.8623657226562,
    0.582
   ],
   [
    864.7619018554688,
    735.8233642578125,
    0.637
   ],
   [
    1059.3262939453125,
    807.3701171875,
    0.555
   ],
   [
    919.0491943359375,
    814.1334228515625,
    0.589
   ],
   [
    1093.7391357421875,
    881.8966064453125,
    -1.0
   ],
   [
    905.9053344726562,
    888.620361328125,
    -1.0
   ],
   [
    1089.0352783203125,
    935.9600830078125,
    -1.0
   ],
   [
    902.03076171875,
    946.5532836914062,
    -1.0
   ]
  ]
 ],
 "skeleton_percentage": [
  100
 ],
 "angle": [
  70
 ]
}