{
 "frame_index": 1245,
 "skeletons": [
  [
   [
    948.774658203125,
    417.21417236328125,
    0.988
   ],
   [
    968.7275390625,
    398.6040344238281,
    0.977
   ],
   [
    929.519775390625,
    401.40191650390625,
    0.975
   ],
   [
    1000.25732421875,
    420.43035888671875,
    0.833
   ],
   [
    906.8948974609375,
    427.0643310546875,
    0.766
   ],
   [
    1065.979736328125,
    538.5006103515625,
    0.966
   ],
   [
    853.1500854492188,
    554.541748046875,
    0.978
   ],
   [
    1133.6851806640625,
    685.1961669921875,
    0.735
   ],
   [
    786.4202880859375,
    714.0882568359375,
    0.806
   ],
   [
    1134.623291015625,
    778.9509887695312,
    0.566
   ],
   [
    801.8870849609375,
    819.0863037109375,
    0.619
   ],
   [
    1035.564453125,
    815.463623046875,
    0.697
   ],
   [
    894.8900146484375,
    822.4777221679688,
    0.729
   ],
   [
    1070.03564453125,
    973.5441284179688,
    -1.0
   ],
   [
    879.767578125,
    978.9490966796875,
    -1.0
   ],
   [
    1067.525634765625,
    1051.8994140625,
    -1.0
   ],
   [
    873.3638916015625,
    1059.267333984375,
    -1.0
   ]
  ],
  [
   [
    948.358642578125,
    417.2699890136719,
    0.987
   ],
   [
    968.759765625,
    398.18670654296875,
    0.97
   ],
   [
    928.7935180664062,
    400.2382507324219,
    0.969
   ],
   [
    1002.1929931640625,
    419.6531982421875,
    0.827
   ],
   [
    905.3171997070312,
    424.87939453125,
    0.755
   ],
   [
    1065.498779296875,
    543.7061767578125,
    0.976
   ],
   [
    852.896484375,
    560.7567138671875,
    0.988
   ],
   [
    1134.197021484375,
    695.51220703125,
    0.807
   ],
   [
    793.0863647460938,
    728.3416748046875,
    0.894
   ],
   [
    1142.159912109375,
    814.8494873046875,
    0.682
   ],
   [
    792.94970703125,
    853.1798095703125,
    0.767
   ],
   [
    1045.52294921875,
    826.6278076171875,
    0.873
   ],
   [
    904.6602172851562,
    833.501220703125,
    0.902
   ],
   [
    1071.7928466796875,
    993.2713623046875,
    -1.0
   ],
   [
    890.000732421875,
    999.779541015625,
    -1.0
   ],
   [
    1069.9945068359375,
    1065.2396240234375,
    -1.0
   ],
   [
    899.50341796875,
    1070.0693359375,
    -1.0
   ]
  ]
 ],
 "skeleton_percentage": [
  100,
  100
 ],
 "angle": [
  17,
  177
 ]
}