{
 "frame_index": 1246,
 "skeletons": [
  [
   [
    935.6912841796875,
    410.39483642578125,
    0.984
   ],
   [
    957.1253662109375,
    393.08892822265625,
    0.97
   ],
   [
    915.95703125,
    394.32708740234375,
    0.964
   ],
   [
    989.246826171875,
    420.37921142578125,
    0.814
   ],
   [
    890.7962036132812,
    423.639892578125,
    0.719
   ],
   [
    1052.41943359375,
    544.6982421875,
    0.961
   ],
   [
    838.2110595703125,
    548.7150268554688,
    0.976
   ],
   [
    1120.52978515625,
    686.33740234375,
    0.733
   ],
   [
    767.7919921875,
    692.1746826171875,
    0.797
   ],
   [
    1106.9598388671875,
    740.1795043945312,
    0.593
   ],
   [
    762.748291015625,
    772.8431396484375,
    0.635
   ],
   [
    1009.242919921875,
    825.6798706054688,
    0.734
   ],
   [
    868.8485107421875,
    826.18212890625,
    0.759
   ],
   [
    1031.4591064453125,
    962.7930908203125,
    -1.0
   ],
   [
    854.6215209960938,
    958.8576049804688,
    -1.0
   ],
   [
    1022.97509765625,
    1039.3798828125,
    -1.0
   ],
   [
    857.2076416015625,
    1040.883544921875,
    -1.0
   ]
  ],
  [
   [
    934.035400390625,
    411.4736022949219,
    0.984
   ],
   [
    956.1421508789062,
    393.1284484863281,
    0.966
   ],
   [
    914.3909912109375,
    393.89007568359375,
    0.956
   ],
   [
    991.1541137695312,
    418.33465576171875,
    0.808
   ],
   [
    889.46484375,
    420.01800537109375,
    0.679
   ],
   [
    1049.753662109375,
    545.4532470703125,
    0.976
   ],
   [
    838.2848510742188,
    550.222900390625,
    0.985
   ],
   [
    1110.32470703125,
    687.3619995117188,
    0.854
   ],
   [
    768.2498779296875,
    704.5474853515625,
    0.895
   ],
   [
    1098.8206787109375,
    762.5665283203125,
    0.781
   ],
   [
    752.0775146484375,
    827.50048828125,
    0.806
   ],
   [
    1018.5250854492188,
    830.597900390625,
    0.909
   ],
   [
    878.0321044921875,
    831.696044921875,
    0.92
   ],
   [
    1042.493896484375,
    1003.7806396484375,
    -1.0
   ],
   [
    868.5537109375,
    1000.6741333007812,
    -1.0
   ],
   [
    1026.6591796875,
    1080.0,
    -1.0
   ],
   [
    865.580322265625,
    1080.0,
    -1.0
   ]
  ]
 ],
 "skeleton_percentage": [
  100,
  100
 ],
 "angle": [
  327,
  186
 ]
}