{
 "frame_index": 1247,
 "skeletons": [
  [
   [
    935.275634765625,
    410.4771423339844,
    0.984
   ],
   [
    956.9038696289062,
    393.05462646484375,
    0.971
   ],
   [
    915.5474853515625,
    394.3481140136719,
    0.964
   ],
   [
    989.5079345703125,
    420.2176513671875,
    0.818
   ],
   [
    890.599365234375,
    423.5865478515625,
    0.715
   ],
   [
    1052.425048828125,
    544.2362060546875,
    0.963
   ],
   [
    838.336181640625,
    548.9676513671875,
    0.976
   ],
   [
    1120.6402587890625,
    685.5894775390625,
    0.742
   ],
   [
    768.66259765625,
    692.51416015625,
    0.799
   ],
   [
    1107.08642578125,
    742.7568359375,
    0.604
   ],
   [
    763.415283203125,
    772.4328002929688,
    0.64
   ],
   [
    1008.9554443359375,
    826.5213623046875,
    0.749
   ],
   [
    868.545166015625,
    827.3014526367188,
    0.771
   ],
   [
    1031.720703125,
    967.3331909179688,
    -1.0
   ],
   [
    854.6861572265625,
    964.077880859375,
    -1.0
   ],
   [
    1024.059814453125,
    1048.248779296875,
    -1.0
   ],
   [
    857.5377197265625,
    1049.767822265625,
    -1.0
   ]
  ],
  [
   [
    933.646728515625,
    411.380126953125,
    0.984
   ],
   [
    955.884521484375,
    393.00604248046875,
    0.967
   ],
   [
    914.0363159179688,
    393.778564453125,
    0.956
   ],
   [
    991.3404541015625,
    418.07403564453125,
    0.813
   ],
   [
    889.1904296875,
    419.79681396484375,
    0.669
   ],
   [
    1049.7447509765625,
    544.7749633789062,
    0.978
   ],
   [
    838.4833374023438,
    550.2711181640625,
    0.985
   ],
   [
    1110.1702880859375,
    687.3333129882812,
    0.864
   ],
   [
    768.9918212890625,
    705.0390625,
    0.897
   ],
   [
    1099.7427978515625,
    769.3236083984375,
    0.792
   ],
   [
    752.708251953125,
    827.0506591796875,
    0.809
   ],
   [
    1019.0740356445312,
    831.2052612304688,
    0.918
   ],
   [
    878.21484375,
    832.5992431640625,
    0.926
   ],
   [
    1044.162841796875,
    1006.1884765625,
    -1.0
   ],
   [
    867.248291015625,
    1003.976806640625,
    -1.0
   ],
   [
    1030.2059326171875,
    1080.0,
    -1.0
   ],
   [
    863.3953857421875,
    1080.0,
    -1.0
   ]
  ]
 ],
 "skeleton_percentage": [
  100,
  100
 ],
 "angle": [
  327,
  186
 ]
}