{
 "frame_index": 1248,
 "skeletons": [
  [
   [
    920.4783325195312,
    409.466796875,
    0.985
   ],
   [
    941.7420043945312,
    391.4830627441406,
    0.963
   ],
   [
    902.740966796875,
    390.5979309082031,
    0.958
   ],
   [
    975.30029296875,
    416.77392578125,
    0.8
   ],
   [
    879.3616943359375,
    415.1776428222656,
    0.712
   ],
   [
    1028.3734130859375,
    539.983642578125,
    0.979
   ],
   [
    823.9140014648438,
    548.3803100585938,
    0.99
   ],
   [
    1087.714599609375,
    696.074462890625,
    0.877
   ],
   [
    757.225830078125,
    701.0145263671875,
    0.944
   ],
   [
    1080.341552734375,
    756.7789306640625,
    0.836
   ],
   [
    789.560791015625,
    683.4929809570312,
    0.897
   ],
   [
    993.79443359375,
    826.516357421875,
    0.917
   ],
   [
    854.5068969726562,
    827.41650390625,
    0.939
   ],
   [
    971.62255859375,
    990.099609375,
    -1.0
   ],
   [
    794.013427734375,
    995.7491455078125,
    0.53
   ],
   [
    947.8090209960938,
    1080.0,
    -1.0
   ],
   [
    767.0723266601562,
    1077.556884765625,
    -1.0
   ]
  ]
 ],
 "skeleton_percentage": [
  100
 ],
 "angle": [
  193
 ]
}