{
 "frame_index": 1249,
 "skeletons": [
  [
   [
    911.3600463867188,
    405.2803955078125,
    0.984
   ],
   [
    930.2491455078125,
    387.3899230957031,
    0.954
   ],
   [
    894.580322265625,
    386.3059387207031,
    0.965
   ],
   [
    959.0135498046875,
    409.9847717285156,
    0.784
   ],
   [
    872.4066162109375,
    407.408203125,
    0.819
   ],
   [
    1018.0137939453125,
    540.3836059570312,
    0.979
   ],
   [
    809.1937255859375,
    544.7205810546875,
    0.991
   ],
   [
    1080.359619140625,
    698.1964721679688,
    0.837
   ],
   [
    739.6741943359375,
    694.0423583984375,
    0.935
   ],
   [
    1082.1771240234375,
    786.6286010742188,
    0.753
   ],
   [
    779.080810546875,
    713.0645751953125,
    0.866
   ],
   [
    993.7033081054688,
    837.92236328125,
    0.875
   ],
   [
    854.0377807617188,
    840.7472534179688,
    0.915
   ],
   [
    1001.84228515625,
    1010.5892333984375,
    -1.0
   ],
   [
    828.2059326171875,
    1017.5511474609375,
    -1.0
   ],
   [
    995.2633666992188,
    1080.0,
    -1.0
   ],
   [
    832.225341796875,
    1080.0,
    -1.0
   ]
  ],
  [
   [
    911.9912109375,
    406.64569091796875,
    0.99
   ],
   [
    929.8394775390625,
    389.05615234375,
    0.972
   ],
   [
    894.0726318359375,
    388.8798828125,
    0.977
   ],
   [
    955.4987182617188,
    410.9991760253906,
    0.78
   ],
   [
    867.490966796875,
    410.5325927734375,
    0.821
   ],
   [
    1020.7406616210938,
    538.0977783203125,
    0.979
   ],
   [
    802.4093627929688,
    539.81640625,
    0.986
   ],
   [
    1088.1112060546875,
    685.2728271484375,
    0.826
   ],
   [
    731.4471435546875,
    682.089599609375,
    0.87
   ],
   [
    1090.4820556640625,
    777.7813110351562,
    0.698
   ],
   [
    760.8699951171875,
    718.2247314453125,
    0.76
   ],
   [
    987.6060791015625,
    833.6094360351562,
    0.861
   ],
   [
    843.3980712890625,
    835.078125,
    0.876
   ],
   [
    1020.3240966796875,
    1027.6134033203125,
    -1.0
   ],
   [
    835.0284423828125,
    1030.73291015625,
    -1.0
   ],
   [
    1020.117431640625,
    1080.0,
    -1.0
   ],
   [
    835.5928344726562,
    1080.0,
    -1.0
   ]
  ]
 ],
 "skeleton_percentage": [
  100,
  100
 ],
 "angle": [
  203,
  282
 ]
}