{
 "frame_index": 1250,
 "skeletons": [
  [
   [
    907.4620361328125,
    401.28631591796875,
    0.988
   ],
   [
    925.2860107421875,
    384.88970947265625,
    0.964
   ],
   [
    888.6461791992188,
    383.5209045410156,
    0.973
   ],
   [
    948.989013671875,
    409.6614074707031,
    0.738
   ],
   [
    859.0339965820312,
    406.39434814453125,
    0.835
   ],
   [
    1006.49560546875,
    536.924560546875,
    0.981
   ],
   [
    792.29443359375,
    531.7747192382812,
    0.983
   ],
   [
    1075.3359375,
    686.2313842773438,
    0.827
   ],
   [
    727.1134643554688,
    679.29052734375,
    0.844
   ],
   [
    1078.9521484375,
    764.697998046875,
    0.682
   ],
   [
    764.5624389648438,
    706.5884399414062,
    0.722
   ],
   [
    966.510009765625,
    814.586181640625,
    0.77
   ],
   [
    823.23046875,
    814.4312744140625,
    0.785
   ],
   [
    1006.2491455078125,
    941.9280395507812,
    -1.0
   ],
   [
    811.2689208984375,
    945.0170288085938,
    -1.0
   ],
   [
    1000.258544921875,
    998.6387329101562,
    -1.0
   ],
   [
    813.2142333984375,
    1001.8577880859375,
    -1.0
   ]
  ],
  [
   [
    905.5513916015625,
    400.51214599609375,
    0.983
   ],
   [
    925.6843872070312,
    381.2779541015625,
    0.951
   ],
   [
    886.781982421875,
    379.7584533691406,
    0.961
   ],
   [
    954.0533447265625,
    403.49493408203125,
    0.733
   ],
   [
    858.2054443359375,
    400.0904541015625,
    0.782
   ],
   [
    999.421875,
    534.8267211914062,
    0.978
   ],
   [
    801.6741943359375,
    538.849853515625,
    0.99
   ],
   [
    1057.31298828125,
    696.51318359375,
    0.86
   ],
   [
    730.7420654296875,
    699.0162963867188,
    0.934
   ],
   [
    1039.737060546875,
    768.314453125,
    0.809
   ],
   [
    770.48046875,
    714.5576782226562,
    0.88
   ],
   [
    964.24609375,
    834.66259765625,
    0.898
   ],
   [
    832.142333984375,
    835.287353515625,
    0.924
   ],
   [
    943.5120849609375,
    1000.158935546875,
    -1.0
   ],
   [
    794.6090087890625,
    1003.36328125,
    0.518
   ],
   [
    918.2274169921875,
    1075.9296875,
    -1.0
   ],
   [
    774.6322021484375,
    1067.9404296875,
    -1.0
   ]
  ]
 ],
 "skeleton_percentage": [
  100,
  100
 ],
 "angle": [
  291,
  201
 ]
}