{
 "frame_index": 1251,
 "skeletons": [
  [
   [
    907.4544067382812,
    401.13275146484375,
    0.988
   ],
   [
    925.29052734375,
    384.77606201171875,
    0.965
   ],
   [
    888.5550537109375,
    383.38458251953125,
    0.973
   ],
   [
    949.068115234375,
    409.7615966796875,
    0.739
   ],
   [
    858.8966064453125,
    406.45086669921875,
    0.835
   ],
   [
    1006.7354736328125,
    537.090576171875,
    0.981
   ],
   [
    791.80419921875,
    531.773681640625,
    0.983
   ],
   [
    1075.6409912109375,
    686.5516357421875,
    0.828
   ],
   [
    726.7098999023438,
    678.9915771484375,
    0.847
   ],
   [
    1080.6778564453125,
    762.97314453125,
    0.687
   ],
   [
    769.33837890625,
    698.3944702148438,
    0.73
   ],
   [
    967.1702270507812,
    814.6825561523438,
    0.776
   ],
   [
    823.336181640625,
    814.635986328125,
    0.792
   ],
   [
    1007.9150390625,
    941.278564453125,
    -1.0
   ],
   [
    812.0262451171875,
    944.8494873046875,
    -1.0
   ],
   [
    1002.1549072265625,
    1000.12060546875,
    -1.0
   ],
   [
    813.47607421875,
    1003.5364990234375,
    -1.0
   ]
  ],
  [
   [
    905.4505004882812,
    400.38677978515625,
    0.984
   ],
   [
    925.7177124023438,
    381.0962219238281,
    0.951
   ],
   [
    886.5964965820312,
    379.59173583984375,
    0.961
   ],
   [
    954.3956909179688,
    403.5515441894531,
    0.731
   ],
   [
    858.0345458984375,
    400.143310546875,
    0.783
   ],
   [
    999.5667114257812,
    534.3890380859375,
    0.978
   ],
   [
    801.581298828125,
    539.1348266601562,
    0.99
   ],
   [
    1058.1572265625,
    696.8946533203125,
    0.857
   ],
   [
    731.8869018554688,
    698.1527099609375,
    0.937
   ],
   [
    1040.8468017578125,
    766.275146484375,
    0.808
   ],
   [
    777.69189453125,
    702.210205078125,
    0.885
   ],
   [
    966.3245849609375,
    834.5673828125,
    0.895
   ],
   [
    833.9236450195312,
    835.9103393554688,
    0.924
   ],
   [
    946.5452270507812,
    999.375244140625,
    -1.0
   ],
   [
    798.0885009765625,
    1003.82958984375,
    0.516
   ],
   [
    922.1369018554688,
    1076.4820556640625,
    -1.0
   ],
   [
    778.8076171875,
    1068.3729248046875,
    -1.0
   ]
  ]
 ],
 "skeleton_percentage": [
  100,
  100
 ],
 "angle": [
  292,
  201
 ]
}