{
 "frame_index": 1252,
 "skeletons": [
  [
   [
    898.352783203125,
    395.4330139160156,
    0.99
   ],
   [
    917.22998046875,
    380.8417053222656,
    0.968
   ],
   [
    881.2285766601562,
    377.1485595703125,
    0.98
   ],
   [
    941.4149780273438,
    409.8296813964844,
    0.707
   ],
   [
    850.51123046875,
    402.12017822265625,
    0.835
   ],
   [
    994.4185180664062,
    530.1659545898438,
    0.975
   ],
   [
    779.2745361328125,
    532.9224243164062,
    0.989
   ],
   [
    1055.1982421875,
    679.5350341796875,
    0.809
   ],
   [
    706.526611328125,
    684.930908203125,
    0.919
   ],
   [
    1063.188720703125,
    774.3436889648438,
    0.713
   ],
   [
    773.0164794921875,
    685.1683349609375,
    0.848
   ],
   [
    975.4099731445312,
    819.8197631835938,
    0.888
   ],
   [
    831.0577392578125,
    822.5249633789062,
    0.919
   ],
   [
    1001.0947265625,
    1019.6451416015625,
    -1.0
   ],
   [
    824.547119140625,
    1024.063720703125,
    -1.0
   ],
   [
    985.7283935546875,
    1080.0,
    -1.0
   ],
   [
    807.53564453125,
    1080.0,
    -1.0
   ]
  ],
  [
   [
    899.2987060546875,
    396.6468200683594,
    0.99
   ],
   [
    918.0616455078125,
    381.8575439453125,
    0.966
   ],
   [
    881.4790649414062,
    377.5126647949219,
    0.976
   ],
   [
    941.3990478515625,
    409.6097717285156,
    0.727
   ],
   [
    850.791015625,
    399.3641357421875,
    0.85
   ],
   [
    993.9255981445312,
    535.8475952148438,
    0.986
   ],
   [
    778.1936645507812,
    525.078857421875,
    0.989
   ],
   [
    1064.2384033203125,
    685.6396484375,
    0.877
   ],
   [
    706.8904418945312,
    675.5030517578125,
    0.906
   ],
   [
    1066.7496337890625,
    761.5556640625,
    0.784
   ],
   [
    774.1326904296875,
    684.8672485351562,
    0.835
   ],
   [
    963.9589233398438,
    827.8192749023438,
    0.901
   ],
   [
    820.468017578125,
    827.234619140625,
    0.914
   ],
   [
    1004.3953857421875,
    980.7630615234375,
    -1.0
   ],
   [
    819.5022583007812,
    981.4744262695312,
    -1.0
   ],
   [
    1004.2774658203125,
    1076.4013671875,
    -1.0
   ],
   [
    826.7259521484375,
    1069.6488037109375,
    -1.0
   ]
  ]
 ],
 "skeleton_percentage": [
  100,
  100
 ],
 "angle": [
  221,
  281
 ]
}