{
 "frame_index": 1253,
 "skeletons": [
  [
   [
    890.1926879882812,
    389.8407897949219,
    0.988
   ],
   [
    909.3258056640625,
    376.5465087890625,
    0.958
   ],
   [
    873.1089477539062,
    369.3533020019531,
    0.976
   ],
   [
    930.0904541015625,
    408.1504211425781,
    0.649
   ],
   [
    839.6790161132812,
    390.75408935546875,
    0.865
   ],
   [
    973.078369140625,
    536.3848876953125,
    0.982
   ],
   [
    760.5484619140625,
    521.0671997070312,
    0.985
   ],
   [
    1044.1817626953125,
    697.4754638671875,
    0.843
   ],
   [
    688.2601318359375,
    686.2244262695312,
    0.876
   ],
   [
    1047.43115234375,
    762.0771484375,
    0.73
   ],
   [
    764.8602294921875,
    672.5333862304688,
    0.798
   ],
   [
    949.7378540039062,
    812.5426025390625,
    0.749
   ],
   [
    805.5694580078125,
    812.864501953125,
    0.772
   ],
   [
    1031.73876953125,
    885.0056762695312,
    -1.0
   ],
   [
    826.3544921875,
    885.07470703125,
    -1.0
   ],
   [
    1027.474853515625,
    942.6187744140625,
    -1.0
   ],
   [
    818.3655395507812,
    927.68798828125,
    -1.0
   ]
  ]
 ],
 "skeleton_percentage": [
  100
 ],
 "angle": [
  284
 ]
}