{
 "frame_index": 1254,
 "skeletons": [
  [
   [
    886.4400634765625,
    387.921875,
    0.991
   ],
   [
    906.048828125,
    376.4881896972656,
    0.959
   ],
   [
    870.1928100585938,
    367.6336669921875,
    0.985
   ],
   [
    926.7633056640625,
    408.67083740234375,
    0.524
   ],
   [
    832.9622802734375,
    386.91583251953125,
    0.891
   ],
   [
    961.8822021484375,
    527.7855224609375,
    0.976
   ],
   [
    753.3629150390625,
    510.84515380859375,
    0.983
   ],
   [
    1022.1710815429688,
    681.2427978515625,
    0.81
   ],
   [
    673.539794921875,
    671.6058349609375,
    0.88
   ],
   [
    1038.797119140625,
    761.2047729492188,
    0.688
   ],
   [
    744.003173828125,
    703.5068359375,
    0.798
   ],
   [
    943.9725952148438,
    795.3026733398438,
    0.742
   ],
   [
    800.8536987304688,
    794.0657958984375,
    0.774
   ],
   [
    1014.3446044921875,
    927.1219482421875,
    -1.0
   ],
   [
    813.384765625,
    921.4037475585938,
    -1.0
   ],
   [
    1007.70263671875,
    985.9400024414062,
    -1.0
   ],
   [
    786.9774169921875,
    962.1696166992188,
    -1.0
   ]
  ]
 ],
 "skeleton_percentage": [
  100
 ],
 "angle": [
  283
 ]
}