{
 "frame_index": 1255,
 "skeletons": [
  [
   [
    877.686767578125,
    388.8624267578125,
    0.989
   ],
   [
    898.35791015625,
    375.85443115234375,
    0.959
   ],
   [
    862.3753051757812,
    366.03143310546875,
    0.978
   ],
   [
    920.0982055664062,
    405.23260498046875,
    0.625
   ],
   [
    828.918701171875,
    380.4864807128906,
    0.869
   ],
   [
    955.0504760742188,
    532.13671875,
    0.983
   ],
   [
    748.5552978515625,
    505.425537109375,
    0.985
   ],
   [
    1018.6524658203125,
    683.6576538085938,
    0.848
   ],
   [
    673.972900390625,
    657.5638427734375,
    0.874
   ],
   [
    1029.4722900390625,
    751.1373291015625,
    0.744
   ],
   [
    737.65673828125,
    681.3294677734375,
    0.801
   ],
   [
    934.7363891601562,
    805.4170532226562,
    0.835
   ],
   [
    795.8973999023438,
    802.0797729492188,
    0.848
   ],
   [
    1013.2994384765625,
    917.8917236328125,
    -1.0
   ],
   [
    825.3993530273438,
    911.19482421875,
    -1.0
   ],
   [
    1002.678955078125,
    995.5995483398438,
    -1.0
   ],
   [
    823.5333251953125,
    975.099365234375,
    -1.0
   ]
  ],
  [
   [
    878.4793701171875,
    388.1387939453125,
    0.99
   ],
   [
    898.4547729492188,
    374.98004150390625,
    0.956
   ],
   [
    863.7166748046875,
    366.2108459472656,
    0.982
   ],
   [
    920.7050170898438,
    403.49884033203125,
    0.564
   ],
   [
    829.4320678710938,
    380.9457092285156,
    0.887
   ],
   [
    954.5055541992188,
    525.904052734375,
    0.982
   ],
   [
    752.7174682617188,
    509.1258544921875,
    0.989
   ],
   [
    1010.6965942382812,
    674.965087890625,
    0.865
   ],
   [
    673.3244018554688,
    659.6673583984375,
    0.929
   ],
   [
    1026.3916015625,
    756.1995849609375,
    0.8
   ],
   [
    749.12548828125,
    689.44140625,
    0.887
   ],
   [
    951.705810546875,
    794.9815063476562,
    0.882
   ],
   [
    814.730712890625,
    795.212890625,
    0.906
   ],
   [
    1004.8538818359375,
    967.1515502929688,
    -1.0
   ],
   [
    829.8690185546875,
    963.7413940429688,
    -1.0
   ],
   [
    999.1279907226562,
    1043.3291015625,
    -1.0
   ],
   [
    818.5486450195312,
    1019.40966796875,
    -1.0
   ]
  ]
 ],
 "skeleton_percentage": [
  100,
  100
 ],
 "angle": [
  284,
  236
 ]
}