{
 "frame_index": 1256,
 "skeletons": [
  [
   [
    877.7686767578125,
    389.056884765625,
    0.989
   ],
   [
    898.3739013671875,
    375.94940185546875,
    0.96
   ],
   [
    862.3720092773438,
    366.29144287109375,
    0.978
   ],
   [
    920.0645751953125,
    405.1302795410156,
    0.626
   ],
   [
    828.9080810546875,
    380.74267578125,
    0.87
   ],
   [
    955.3594970703125,
    531.9014282226562,
    0.983
   ],
   [
    748.5433349609375,
    505.6399841308594,
    0.985
   ],
   [
    1018.499267578125,
    682.8525390625,
    0.85
   ],
   [
    673.298583984375,
    657.5430908203125,
    0.876
   ],
   [
    1030.957275390625,
    749.7144775390625,
    0.747
   ],
   [
    736.3685302734375,
    681.8492431640625,
    0.804
   ],
   [
    935.493896484375,
    806.0316162109375,
    0.843
   ],
   [
    796.651123046875,
    802.9921875,
    0.856
   ],
   [
    1013.3284912109375,
    923.069091796875,
    -1.0
   ],
   [
    826.4427490234375,
    916.8984375,
    -1.0
   ],
   [
    1002.3841552734375,
    1003.043701171875,
    -1.0
   ],
   [
    824.7523193359375,
    983.595703125,
    -1.0
   ]
  ],
  [
   [
    878.5918579101562,
    388.32000732421875,
    0.991
   ],
   [
    898.493408203125,
    375.1235046386719,
    0.956
   ],
   [
    863.7507934570312,
    366.51702880859375,
    0.983
   ],
   [
    920.6737060546875,
    403.4704284667969,
    0.565
   ],
   [
    829.3053588867188,
    381.26776123046875,
    0.889
   ],
   [
    955.0601806640625,
    525.816650390625,
    0.982
   ],
   [
    752.6397094726562,
    509.47601318359375,
    0.989
   ],
   [
    1010.8687744140625,
    674.4518432617188,
    0.863
   ],
   [
    673.8363647460938,
    659.638427734375,
    0.93
   ],
   [
    1028.03564453125,
    754.3359375,
    0.797
   ],
   [
    748.14013671875,
    689.5105590820312,
    0.886
   ],
   [
    953.78759765625,
    794.54296875,
    0.886
   ],
   [
    816.2393188476562,
    795.0855712890625,
    0.91
   ],
   [
    1007.6808471679688,
    968.4747314453125,
    -1.0
   ],
   [
    830.70751953125,
    965.5521240234375,
    -1.0
   ],
   [
    1003.9013671875,
    1045.1956787109375,
    -1.0
   ],
   [
    821.0883178710938,
    1022.2963256835938,
    -1.0
   ]
  ]
 ],
 "skeleton_percentage": [
  100,
  100
 ],
 "angle": [
  284,
  235
 ]
}