{
 "frame_index": 1257,
 "skeletons": [
  [
   [
    868.9348754882812,
    391.22802734375,
    0.986
   ],
   [
    890.081787109375,
    376.29144287109375,
    0.959
   ],
   [
    853.2573852539062,
    369.62091064453125,
    0.973
   ],
   [
    913.2420654296875,
    402.6080322265625,
    0.665
   ],
   [
    821.8441772460938,
    386.51025390625,
    0.82
   ],
   [
    951.32373046875,
    520.7158203125,
    0.967
   ],
   [
    750.4256591796875,
    511.40374755859375,
    0.982
   ],
   [
    1010.438720703125,
    666.805908203125,
    0.757
   ],
   [
    672.6192626953125,
    659.6800537109375,
    0.851
   ],
   [
    1010.2824096679688,
    727.0613403320312,
    0.633
   ],
   [
    723.1707153320312,
    679.1098022460938,
    0.75
   ],
   [
    938.845458984375,
    798.8160400390625,
    0.813
   ],
   [
    807.0823974609375,
    800.9017333984375,
    0.838
   ],
   [
    999.5352172851562,
    943.2903442382812,
    -1.0
   ],
   [
    853.5488891601562,
    939.08935546875,
    -1.0
   ],
   [
    990.5328369140625,
    1039.268798828125,
    -1.0
   ],
   [
    860.229248046875,
    1019.0436401367188,
    -1.0
   ]
  ],
  [
   [
    869.2289428710938,
    387.58160400390625,
    0.99
   ],
   [
    890.004150390625,
    374.21624755859375,
    0.958
   ],
   [
    855.0479736328125,
    365.910888671875,
    0.978
   ],
   [
    914.6949462890625,
    402.8800964355469,
    0.631
   ],
   [
    825.5133056640625,
    381.815185546875,
    0.862
   ],
   [
    950.046142578125,
    522.3001708984375,
    0.982
   ],
   [
    749.5845336914062,
    509.74310302734375,
    0.988
   ],
   [
    1002.6487426757812,
    671.9283447265625,
    0.876
   ],
   [
    666.770263671875,
    660.9310913085938,
    0.927
   ],
   [
    1023.3599853515625,
    752.946533203125,
    0.815
   ],
   [
    736.1163330078125,
    674.4230346679688,
    0.887
   ],
   [
    946.9544677734375,
    791.5595703125,
    0.871
   ],
   [
    812.37939453125,
    793.6822509765625,
    0.894
   ],
   [
    996.3043212890625,
    957.698486328125,
    -1.0
   ],
   [
    829.6580200195312,
    958.4207763671875,
    -1.0
   ],
   [
    984.1983642578125,
    1041.984375,
    -1.0
   ],
   [
    821.6570434570312,
    1020.4813842773438,
    -1.0
   ]
  ]
 ],
 "skeleton_percentage": [
  100,
  100
 ],
 "angle": [
  280,
  238
 ]
}