{
 "frame_index": 1258,
 "skeletons": [
  [
   [
    871.7918701171875,
    387.87591552734375,
    0.991
   ],
   [
    891.620361328125,
    376.3113098144531,
    0.955
   ],
   [
    857.4321899414062,
    366.55303955078125,
    0.983
   ],
   [
    912.0784912109375,
    405.65924072265625,
    -1.0
   ],
   [
    820.9850463867188,
    380.4610595703125,
    0.885
   ],
   [
    944.833984375,
    520.6134643554688,
    0.98
   ],
   [
    738.5860595703125,
    498.884765625,
    0.983
   ],
   [
    999.0552978515625,
    668.5281372070312,
    0.854
   ],
   [
    658.7151489257812,
    646.908203125,
    0.888
   ],
   [
    1020.1888427734375,
    740.4700927734375,
    0.759
   ],
   [
    724.677001953125,
    664.52392578125,
    0.83
   ],
   [
    936.5494995117188,
    773.5307006835938,
    0.792
   ],
   [
    796.0376586914062,
    772.5049438476562,
    0.805
   ],
   [
    1015.3218383789062,
    898.6781616210938,
    -1.0
   ],
   [
    825.6346435546875,
    893.9262084960938,
    -1.0
   ],
   [
    1004.093017578125,
    960.0595092773438,
    -1.0
   ],
   [
    810.3898315429688,
    935.9813232421875,
    -1.0
   ]
  ]
 ],
 "skeleton_percentage": [
  100
 ],
 "angle": [
  282
 ]
}