{
 "frame_index": 1259,
 "skeletons": [
  [
   [
    872.7522583007812,
    388.9164733886719,
    0.985
   ],
   [
    893.0496826171875,
    374.8233642578125,
    0.952
   ],
   [
    856.2328491210938,
    366.4683837890625,
    0.979
   ],
   [
    910.52001953125,
    400.23046875,
    0.592
   ],
   [
    816.8525390625,
    380.5301513671875,
    0.876
   ],
   [
    948.399169921875,
    522.52783203125,
    0.963
   ],
   [
    736.51806640625,
    501.3602600097656,
    0.981
   ],
   [
    1009.912841796875,
    679.099365234375,
    0.707
   ],
   [
    668.721435546875,
    645.290283203125,
    0.839
   ],
   [
    974.706298828125,
    697.8704223632812,
    0.596
   ],
   [
    719.0440673828125,
    633.4029541015625,
    0.744
   ],
   [
    915.8558349609375,
    783.3759765625,
    0.712
   ],
   [
    778.3456420898438,
    779.417724609375,
    0.756
   ],
   [
    983.98388671875,
    874.094970703125,
    -1.0
   ],
   [
    833.7867431640625,
    859.4609375,
    -1.0
   ],
   [
    972.2590942382812,
    945.4613037109375,
    -1.0
   ],
   [
    849.7930297851562,
    917.4534301757812,
    -1.0
   ]
  ]
 ],
 "skeleton_percentage": [
  100
 ],
 "angle": [
  282
 ]
}