{
 "frame_index": 1260,
 "skeletons": [
  [
   [
    873.0635375976562,
    391.59991455078125,
    0.989
   ],
   [
    892.5469970703125,
    376.8635559082031,
    0.957
   ],
   [
    856.373291015625,
    369.9302673339844,
    0.983
   ],
   [
    909.1785278320312,
    401.18463134765625,
    0.556
   ],
   [
    816.690673828125,
    384.44134521484375,
    0.885
   ],
   [
    942.053955078125,
    520.2035522460938,
    0.97
   ],
   [
    741.3233642578125,
    504.37445068359375,
    0.986
   ],
   [
    997.0567016601562,
    666.7232666015625,
    0.759
   ],
   [
    662.3403930664062,
    640.2979125976562,
    0.884
   ],
   [
    990.9493408203125,
    723.3631591796875,
    0.654
   ],
   [
    711.5946655273438,
    636.783935546875,
    0.808
   ],
   [
    921.626220703125,
    787.531494140625,
    0.82
   ],
   [
    789.9451904296875,
    786.5509643554688,
    0.857
   ],
   [
    977.4620361328125,
    941.840576171875,
    -1.0
   ],
   [
    838.8645629882812,
    936.0661010742188,
    -1.0
   ],
   [
    968.255859375,
    1028.70751953125,
    -1.0
   ],
   [
    846.4560546875,
    1009.6422729492188,
    -1.0
   ]
  ],
  [
   [
    871.880126953125,
    389.68316650390625,
    0.991
   ],
   [
    890.6173095703125,
    375.8092346191406,
    0.952
   ],
   [
    856.28857421875,
    368.51519775390625,
    0.983
   ],
   [
    908.409423828125,
    402.077392578125,
    0.515
   ],
   [
    818.3219604492188,
    383.1829833984375,
    0.889
   ],
   [
    938.016845703125,
    519.1234130859375,
    0.981
   ],
   [
    742.2279663085938,
    504.8493347167969,
    0.99
   ],
   [
    991.4536743164062,
    668.2000732421875,
    0.871
   ],
   [
    660.97412109375,
    640.9337768554688,
    0.939
   ],
   [
    1000.7319946289062,
    740.5962524414062,
    0.823
   ],
   [
    714.1992797851562,
    637.8634033203125,
    0.906
   ],
   [
    933.47021484375,
    775.5606689453125,
    0.881
   ],
   [
    804.034912109375,
    776.6434326171875,
    0.906
   ],
   [
    981.0382690429688,
    946.8955078125,
    -1.0
   ],
   [
    845.1766357421875,
    946.927734375,
    -1.0
   ],
   [
    968.300048828125,
    1027.544921875,
    -1.0
   ],
   [
    843.5308227539062,
    1008.86083984375,
    -1.0
   ]
  ]
 ],
 "skeleton_percentage": [
  100,
  100
 ],
 "angle": [
  282,
  243
 ]
}