{
 "frame_index": 1261,
 "skeletons": [
  [
   [
    871.6300048828125,
    385.9911804199219,
    0.992
   ],
   [
    889.17626953125,
    373.04998779296875,
    0.959
   ],
   [
    855.9434814453125,
    365.74017333984375,
    0.987
   ],
   [
    906.4674072265625,
    399.57977294921875,
    0.512
   ],
   [
    818.883056640625,
    380.33135986328125,
    0.91
   ],
   [
    941.9949951171875,
    518.202392578125,
    0.984
   ],
   [
    737.2618408203125,
    497.1671142578125,
    0.989
   ],
   [
    995.4266967773438,
    668.5859375,
    0.865
   ],
   [
    653.2258911132812,
    639.5426025390625,
    0.916
   ],
   [
    1001.78955078125,
    743.5252075195312,
    0.779
   ],
   [
    722.883544921875,
    629.3209228515625,
    0.87
   ],
   [
    924.0853271484375,
    780.9047241210938,
    0.862
   ],
   [
    786.6834716796875,
    779.98193359375,
    0.881
   ],
   [
    1013.18994140625,
    905.1519775390625,
    -1.0
   ],
   [
    833.3343505859375,
    903.624755859375,
    -1.0
   ],
   [
    1008.7424926757812,
    992.8229370117188,
    -1.0
   ],
   [
    821.5491943359375,
    977.7042236328125,
    -1.0
   ]
  ],
  [
   [
    870.8681030273438,
    387.13543701171875,
    0.99
   ],
   [
    889.603271484375,
    372.88275146484375,
    0.945
   ],
   [
    855.7789306640625,
    365.52978515625,
    0.982
   ],
   [
    908.1864013671875,
    398.0684509277344,
    0.525
   ],
   [
    820.3472900390625,
    378.2818908691406,
    0.91
   ],
   [
    939.7245483398438,
    519.0360107421875,
    0.983
   ],
   [
    738.5597534179688,
    504.0545654296875,
    0.992
   ],
   [
    990.16845703125,
    671.6099853515625,
    0.871
   ],
   [
    648.93505859375,
    646.944091796875,
    0.948
   ],
   [
    1002.3524780273438,
    747.5260620117188,
    0.817
   ],
   [
    731.9241333007812,
    636.0139770507812,
    0.918
   ],
   [
    938.85205078125,
    786.73974609375,
    0.886
   ],
   [
    805.8843994140625,
    790.4382934570312,
    0.918
   ],
   [
    996.4105224609375,
    946.9070434570312,
    -1.0
   ],
   [
    848.1976318359375,
    951.2671508789062,
    -1.0
   ],
   [
    991.0718994140625,
    1022.3668212890625,
    -1.0
   ],
   [
    856.208984375,
    1007.0700073242188,
    -1.0
   ]
  ]
 ],
 "skeleton_percentage": [
  100,
  100
 ],
 "angle": [
  282,
  239
 ]
}