{
 "frame_index": 1262,
 "skeletons": [
  [
   [
    870.9884033203125,
    390.7834167480469,
    0.989
   ],
   [
    889.9909057617188,
    376.07611083984375,
    0.955
   ],
   [
    853.1215209960938,
    369.5310974121094,
    0.983
   ],
   [
    906.8735961914062,
    402.228271484375,
    0.55
   ],
   [
    813.2048950195312,
    387.01641845703125,
    0.888
   ],
   [
    941.3228759765625,
    521.590087890625,
    0.964
   ],
   [
    741.1726684570312,
    505.19171142578125,
    0.987
   ],
   [
    995.292236328125,
    672.4312133789062,
    0.737
   ],
   [
    657.8292236328125,
    642.979248046875,
    0.908
   ],
   [
    994.776611328125,
    729.15283203125,
    0.639
   ],
   [
    724.2219848632812,
    633.0026245117188,
    0.839
   ],
   [
    923.989013671875,
    787.2901611328125,
    0.731
   ],
   [
    789.4414672851562,
    786.0796508789062,
    0.805
   ],
   [
    984.9827270507812,
    902.7489624023438,
    -1.0
   ],
   [
    824.826171875,
    897.1221313476562,
    -1.0
   ],
   [
    978.8175659179688,
    977.318359375,
    -1.0
   ],
   [
    815.359619140625,
    960.6962890625,
    -1.0
   ]
  ]
 ],
 "skeleton_percentage": [
  100
 ],
 "angle": [
  282
 ]
}