{
 "frame_index": 1263,
 "skeletons": [
  [
   [
    871.1114501953125,
    390.77728271484375,
    0.989
   ],
   [
    890.033203125,
    376.048095703125,
    0.955
   ],
   [
    853.227294921875,
    369.6471862792969,
    0.983
   ],
   [
    906.8739624023438,
    402.0445861816406,
    0.55
   ],
   [
    813.3506469726562,
    387.1531677246094,
    0.888
   ],
   [
    941.3047485351562,
    521.1668090820312,
    0.965
   ],
   [
    741.3720092773438,
    505.01556396484375,
    0.987
   ],
   [
    995.0319213867188,
    671.843017578125,
    0.74
   ],
   [
    657.6978759765625,
    643.103271484375,
    0.908
   ],
   [
    994.6007080078125,
    728.402099609375,
    0.643
   ],
   [
    725.428955078125,
    634.3214721679688,
    0.839
   ],
   [
    923.091796875,
    787.517333984375,
    0.736
   ],
   [
    788.7844848632812,
    786.3107299804688,
    0.808
   ],
   [
    981.9204711914062,
    906.845703125,
    -1.0
   ],
   [
    823.0802001953125,
    901.3297119140625,
    -1.0
   ],
   [
    974.6920166015625,
    981.52978515625,
    -1.0
   ],
   [
    812.4190063476562,
    965.4241333007812,
    -1.0
   ]
  ]
 ],
 "skeleton_percentage": [
  100
 ],
 "angle": [
  282
 ]
}