{
 "frame_index": 1264,
 "skeletons": [
  [
   [
    869.5116577148438,
    389.9124755859375,
    0.991
   ],
   [
    890.2974243164062,
    375.91326904296875,
    0.961
   ],
   [
    851.7376098632812,
    368.2720947265625,
    0.986
   ],
   [
    908.8793334960938,
    404.23626708984375,
    0.579
   ],
   [
    812.1648559570312,
    386.71881103515625,
    0.893
   ],
   [
    942.158447265625,
    521.598388671875,
    0.967
   ],
   [
    738.9695434570312,
    506.88055419921875,
    0.99
   ],
   [
    996.868896484375,
    670.4620971679688,
    0.74
   ],
   [
    657.2308959960938,
    647.0858154296875,
    0.922
   ],
   [
    992.27783203125,
    724.1185302734375,
    0.652
   ],
   [
    719.5564575195312,
    636.414306640625,
    0.859
   ],
   [
    925.7847900390625,
    796.576416015625,
    0.818
   ],
   [
    790.7880249023438,
    795.86083984375,
    0.88
   ],
   [
    981.9669799804688,
    939.3739013671875,
    -1.0
   ],
   [
    830.1249389648438,
    932.9044189453125,
    -1.0
   ],
   [
    974.5947265625,
    1041.457275390625,
    -1.0
   ],
   [
    826.5216064453125,
    1019.59814453125,
    -1.0
   ]
  ]
 ],
 "skeleton_percentage": [
  100
 ],
 "angle": [
  273
 ]
}