{
 "frame_index": 1265,
 "skeletons": [
  [
   [
    868.916015625,
    390.0010070800781,
    0.991
   ],
   [
    889.8267822265625,
    375.94683837890625,
    0.961
   ],
   [
    851.096923828125,
    368.398681640625,
    0.986
   ],
   [
    908.80078125,
    404.433349609375,
    0.583
   ],
   [
    811.8755493164062,
    387.12030029296875,
    0.892
   ],
   [
    942.2611083984375,
    522.0888671875,
    0.966
   ],
   [
    738.8184204101562,
    507.3322448730469,
    0.989
   ],
   [
    996.7820434570312,
    672.1411743164062,
    0.736
   ],
   [
    657.1399536132812,
    648.630615234375,
    0.921
   ],
   [
    991.9447631835938,
    724.908935546875,
    0.647
   ],
   [
    720.4531860351562,
    637.96630859375,
    0.857
   ],
   [
    925.3707275390625,
    796.4271240234375,
    0.803
   ],
   [
    789.9450073242188,
    795.7216796875,
    0.87
   ],
   [
    984.1488647460938,
    934.695068359375,
    -1.0
   ],
   [
    830.093505859375,
    928.1536865234375,
    -1.0
   ],
   [
    977.04150390625,
    1034.1400146484375,
    -1.0
   ],
   [
    825.4912719726562,
    1012.609130859375,
    -1.0
   ]
  ],
  [
   [
    868.765869140625,
    387.7763671875,
    0.991
   ],
   [
    889.1700439453125,
    374.8179016113281,
    0.954
   ],
   [
    853.2802734375,
    365.9369201660156,
    0.985
   ],
   [
    909.7432861328125,
    403.8514709472656,
    0.538
   ],
   [
    816.2653198242188,
    381.2471923828125,
    0.908
   ],
   [
    939.8556518554688,
    522.3828125,
    0.982
   ],
   [
    734.0216064453125,
    507.6195373535156,
    0.992
   ],
   [
    988.7037963867188,
    675.2091064453125,
    0.868
   ],
   [
    646.476806640625,
    658.2488403320312,
    0.951
   ],
   [
    998.9727172851562,
    748.9777221679688,
    0.813
   ],
   [
    732.3956909179688,
    645.7994384765625,
    0.92
   ],
   [
    933.405029296875,
    792.5101318359375,
    0.887
   ],
   [
    793.2178955078125,
    794.3314208984375,
    0.922
   ],
   [
    984.2404174804688,
    956.99755859375,
    -1.0
   ],
   [
    804.2356567382812,
    958.4586181640625,
    -1.0
   ],
   [
    977.6808471679688,
    1039.497314453125,
    -1.0
   ],
   [
    790.8773803710938,
    1017.2532958984375,
    -1.0
   ]
  ]
 ],
 "skeleton_percentage": [
  100,
  100
 ],
 "angle": [
  277,
  240
 ]
}