{
 "frame_index": 1266,
 "skeletons": [
  [
   [
    873.1587524414062,
    392.66400146484375,
    0.988
   ],
   [
    894.0111083984375,
    378.8595886230469,
    0.954
   ],
   [
    856.3173828125,
    369.1273498535156,
    0.983
   ],
   [
    910.4713134765625,
    404.8104248046875,
    0.553
   ],
   [
    814.4811401367188,
    381.8792724609375,
    0.895
   ],
   [
    944.9952392578125,
    527.3270263671875,
    0.961
   ],
   [
    734.2002563476562,
    501.9229431152344,
    0.984
   ],
   [
    1007.9951171875,
    685.5333251953125,
    0.69
   ],
   [
    662.1455078125,
    645.9881591796875,
    0.862
   ],
   [
    977.379638671875,
    704.2923583984375,
    0.59
   ],
   [
    705.2623291015625,
    631.8176879882812,
    0.777
   ],
   [
    913.083251953125,
    791.2283935546875,
    0.682
   ],
   [
    775.8770141601562,
    785.147216796875,
    0.749
   ],
   [
    979.2225952148438,
    868.7788696289062,
    -1.0
   ],
   [
    824.5739135742188,
    850.734375,
    -1.0
   ],
   [
    966.0953369140625,
    939.2269287109375,
    -1.0
   ],
   [
    834.1646118164062,
    906.2830810546875,
    -1.0
   ]
  ]
 ],
 "skeleton_percentage": [
  100
 ],
 "angle": [
  281
 ]
}