{
 "frame_index": 1267,
 "skeletons": [
  [
   [
    875.9307861328125,
    396.7508239746094,
    0.992
   ],
   [
    895.5924682617188,
    382.969970703125,
    0.957
   ],
   [
    859.697509765625,
    373.89117431640625,
    0.988
   ],
   [
    910.9513549804688,
    408.5468444824219,
    -1.0
   ],
   [
    816.7847900390625,
    386.0981140136719,
    0.919
   ],
   [
    940.597412109375,
    525.1451416015625,
    0.975
   ],
   [
    738.110595703125,
    503.93511962890625,
    0.993
   ],
   [
    994.367919921875,
    674.7006225585938,
    0.793
   ],
   [
    651.2980346679688,
    638.3836059570312,
    0.948
   ],
   [
    991.0546875,
    737.1967163085938,
    0.734
   ],
   [
    706.162109375,
    632.0015869140625,
    0.91
   ],
   [
    935.4422607421875,
    788.8409423828125,
    0.882
   ],
   [
    802.83203125,
    786.1715087890625,
    0.927
   ],
   [
    976.0764770507812,
    952.033447265625,
    -1.0
   ],
   [
    846.8463134765625,
    943.6206665039062,
    -1.0
   ],
   [
    952.309814453125,
    1050.9884033203125,
    -1.0
   ],
   [
    846.382568359375,
    1023.490234375,
    -1.0
   ]
  ],
  [
   [
    876.6983642578125,
    393.66412353515625,
    0.993
   ],
   [
    896.6109008789062,
    381.35028076171875,
    0.962
   ],
   [
    859.2094116210938,
    370.978271484375,
    0.992
   ],
   [
    910.504638671875,
    409.3243103027344,
    -1.0
   ],
   [
    814.4534912109375,
    383.59844970703125,
    0.938
   ],
   [
    944.195556640625,
    530.2252197265625,
    0.976
   ],
   [
    733.5740966796875,
    493.6937255859375,
    0.989
   ],
   [
    999.8139038085938,
    694.1099853515625,
    0.774
   ],
   [
    662.7855224609375,
    637.3514404296875,
    0.908
   ],
   [
    984.9263305664062,
    728.8768310546875,
    0.677
   ],
   [
    708.21728515625,
    645.302001953125,
    0.844
   ],
   [
    908.6485595703125,
    790.9465942382812,
    0.825
   ],
   [
    771.6199951171875,
    780.937744140625,
    0.868
   ],
   [
    988.4888916015625,
    908.2091674804688,
    -1.0
   ],
   [
    829.302978515625,
    887.8486328125,
    -1.0
   ],
   [
    976.2482299804688,
    1013.8983764648438,
    -1.0
   ],
   [
    824.0185546875,
    986.6442260742188,
    -1.0
   ]
  ]
 ],
 "skeleton_percentage": [
  100,
  100
 ],
 "angle": [
  240,
  278
 ]
}