{
 "frame_index": 1268,
 "skeletons": [
  [
   [
    876.4361572265625,
    397.0348205566406,
    0.993
   ],
   [
    895.9947509765625,
    383.1112976074219,
    0.956
   ],
   [
    860.3009033203125,
    373.92596435546875,
    0.988
   ],
   [
    911.1135864257812,
    408.4430236816406,
    -1.0
   ],
   [
    817.2049560546875,
    385.6780700683594,
    0.919
   ],
   [
    940.7158813476562,
    526.0650634765625,
    0.976
   ],
   [
    737.764892578125,
    503.74847412109375,
    0.993
   ],
   [
    994.6513671875,
    677.2747192382812,
    0.797
   ],
   [
    650.94775390625,
    639.191162109375,
    0.948
   ],
   [
    989.6273803710938,
    738.9494018554688,
    0.739
   ],
   [
    707.5291137695312,
    633.7423095703125,
    0.91
   ],
   [
    933.7459716796875,
    791.7965698242188,
    0.88
   ],
   [
    800.74462890625,
    788.5440673828125,
    0.925
   ],
   [
    973.90869140625,
    954.0052490234375,
    -1.0
   ],
   [
    844.527587890625,
    944.713623046875,
    -1.0
   ],
   [
    949.2918090820312,
    1052.16064453125,
    -1.0
   ],
   [
    843.3096313476562,
    1024.111572265625,
    -1.0
   ]
  ],
  [
   [
    877.1511840820312,
    393.987548828125,
    0.993
   ],
   [
    896.95263671875,
    381.5386047363281,
    0.962
   ],
   [
    859.807373046875,
    371.1548767089844,
    0.992
   ],
   [
    910.6044921875,
    409.1619873046875,
    -1.0
   ],
   [
    814.8155517578125,
    383.2984619140625,
    0.939
   ],
   [
    944.291015625,
    530.8265991210938,
    0.977
   ],
   [
    732.9849853515625,
    493.65472412109375,
    0.989
   ],
   [
    999.8924560546875,
    695.823974609375,
    0.776
   ],
   [
    662.197509765625,
    637.97265625,
    0.908
   ],
   [
    982.8017578125,
    728.4725341796875,
    0.679
   ],
   [
    708.5169677734375,
    645.5389404296875,
    0.844
   ],
   [
    907.4559326171875,
    791.9412231445312,
    0.822
   ],
   [
    769.8226318359375,
    781.5545654296875,
    0.865
   ],
   [
    986.5650634765625,
    907.1883544921875,
    -1.0
   ],
   [
    826.24609375,
    886.244873046875,
    -1.0
   ],
   [
    974.4102172851562,
    1010.8895874023438,
    -1.0
   ],
   [
    821.1527099609375,
    983.26171875,
    -1.0
   ]
  ]
 ],
 "skeleton_percentage": [
  100,
  100
 ],
 "angle": [
  241,
  277
 ]
}