{
 "frame_index": 1269,
 "skeletons": [
  [
   [
    875.1047973632812,
    397.04644775390625,
    0.99
   ],
   [
    895.1026611328125,
    382.499267578125,
    0.958
   ],
   [
    857.1474609375,
    374.8642272949219,
    0.986
   ],
   [
    911.2716064453125,
    407.6229248046875,
    0.525
   ],
   [
    814.4207763671875,
    389.43408203125,
    0.899
   ],
   [
    940.584228515625,
    524.9302368164062,
    0.965
   ],
   [
    741.3629150390625,
    504.7501220703125,
    0.987
   ],
   [
    994.4251098632812,
    671.790771484375,
    0.731
   ],
   [
    653.9703369140625,
    637.24072265625,
    0.899
   ],
   [
    987.479736328125,
    724.440673828125,
    0.641
   ],
   [
    716.8155517578125,
    629.3463745117188,
    0.833
   ],
   [
    922.4002685546875,
    794.3519287109375,
    0.781
   ],
   [
    791.1011352539062,
    791.61181640625,
    0.84
   ],
   [
    972.8265380859375,
    935.9097900390625,
    -1.0
   ],
   [
    834.58837890625,
    926.8474731445312,
    -1.0
   ],
   [
    964.2655029296875,
    1024.12451171875,
    -1.0
   ],
   [
    832.38232421875,
    1002.55859375,
    -1.0
   ]
  ],
  [
   [
    875.837158203125,
    395.6422119140625,
    0.992
   ],
   [
    895.3641357421875,
    382.5389099121094,
    0.95
   ],
   [
    859.9080810546875,
    373.09307861328125,
    0.987
   ],
   [
    912.5751342773438,
    409.3287048339844,
    -1.0
   ],
   [
    818.339599609375,
    384.396728515625,
    0.921
   ],
   [
    936.40966796875,
    526.3631591796875,
    0.982
   ],
   [
    738.8807373046875,
    503.2760009765625,
    0.991
   ],
   [
    983.679443359375,
    675.4744873046875,
    0.868
   ],
   [
    644.0816650390625,
    642.9788818359375,
    0.947
   ],
   [
    996.4183959960938,
    743.87646484375,
    0.819
   ],
   [
    730.492431640625,
    636.5367431640625,
    0.921
   ],
   [
    932.59423828125,
    792.2433471679688,
    0.878
   ],
   [
    799.190185546875,
    791.4486694335938,
    0.911
   ],
   [
    979.714599609375,
    954.49951171875,
    -1.0
   ],
   [
    819.4784545898438,
    951.8516235351562,
    -1.0
   ],
   [
    969.110107421875,
    1034.062744140625,
    -1.0
   ],
   [
    800.2672119140625,
    1011.447998046875,
    -1.0
   ]
  ]
 ],
 "skeleton_percentage": [
  100,
  100
 ],
 "angle": [
  280,
  239
 ]
}