{
 "frame_index": 1270,
 "skeletons": [
  [
   [
    875.2238159179688,
    398.3086853027344,
    0.992
   ],
   [
    894.7200927734375,
    384.4957580566406,
    0.959
   ],
   [
    859.2620849609375,
    376.1328125,
    0.986
   ],
   [
    912.112060546875,
    409.2767028808594,
    0.541
   ],
   [
    819.43017578125,
    388.9599609375,
    0.902
   ],
   [
    942.3411865234375,
    526.1228637695312,
    0.976
   ],
   [
    741.366943359375,
    507.0987854003906,
    0.992
   ],
   [
    991.4595336914062,
    674.4834594726562,
    0.8
   ],
   [
    648.744873046875,
    647.2352294921875,
    0.942
   ],
   [
    990.2425537109375,
    738.4852294921875,
    0.736
   ],
   [
    715.8419189453125,
    661.0181884765625,
    0.897
   ],
   [
    936.0825805664062,
    786.2711791992188,
    0.892
   ],
   [
    805.6411743164062,
    784.4891967773438,
    0.93
   ],
   [
    967.855224609375,
    950.79736328125,
    -1.0
   ],
   [
    846.0108032226562,
    942.8615112304688,
    -1.0
   ],
   [
    945.825927734375,
    1047.485107421875,
    -1.0
   ],
   [
    850.114013671875,
    1023.636962890625,
    -1.0
   ]
  ],
  [
   [
    874.9554443359375,
    395.5323486328125,
    0.992
   ],
   [
    895.4425048828125,
    383.14190673828125,
    0.965
   ],
   [
    858.0220947265625,
    373.42913818359375,
    0.99
   ],
   [
    911.6577758789062,
    410.2254638671875,
    0.545
   ],
   [
    816.5176391601562,
    386.11065673828125,
    0.923
   ],
   [
    944.1981201171875,
    529.9244384765625,
    0.977
   ],
   [
    734.7760009765625,
    495.1086730957031,
    0.988
   ],
   [
    995.0504150390625,
    689.25927734375,
    0.792
   ],
   [
    659.0267333984375,
    637.8734741210938,
    0.895
   ],
   [
    984.3257446289062,
    723.6062622070312,
    0.691
   ],
   [
    705.7510375976562,
    665.8683471679688,
    0.821
   ],
   [
    905.5922241210938,
    785.5962524414062,
    0.846
   ],
   [
    770.17529296875,
    776.7861328125,
    0.874
   ],
   [
    982.751708984375,
    915.1651611328125,
    -1.0
   ],
   [
    828.7017822265625,
    895.9219970703125,
    -1.0
   ],
   [
    973.6950073242188,
    1017.25830078125,
    -1.0
   ],
   [
    829.8768310546875,
    994.2138061523438,
    -1.0
   ]
  ]
 ],
 "skeleton_percentage": [
  100,
  100
 ],
 "angle": [
  241,
  277
 ]
}