{
 "frame_index": 1271,
 "skeletons": [
  [
   [
    878.2423095703125,
    401.5504150390625,
    0.99
   ],
   [
    898.2039184570312,
    387.3415832519531,
    0.954
   ],
   [
    862.1837768554688,
    377.99835205078125,
    0.984
   ],
   [
    913.285888671875,
    411.2620849609375,
    0.51
   ],
   [
    820.0794677734375,
    388.9454345703125,
    0.892
   ],
   [
    939.9462890625,
    530.8164672851562,
    0.97
   ],
   [
    740.9262084960938,
    506.296142578125,
    0.985
   ],
   [
    992.2245483398438,
    677.5718994140625,
    0.768
   ],
   [
    651.3886108398438,
    645.1063232421875,
    0.885
   ],
   [
    979.3135986328125,
    724.5340576171875,
    0.681
   ],
   [
    706.9497680664062,
    672.455810546875,
    0.815
   ],
   [
    914.5629272460938,
    806.674560546875,
    0.801
   ],
   [
    784.9546508789062,
    801.33544921875,
    0.838
   ],
   [
    948.4883422851562,
    951.6095581054688,
    -1.0
   ],
   [
    820.7398681640625,
    936.2836303710938,
    -1.0
   ],
   [
    934.0830078125,
    1033.3526611328125,
    -1.0
   ],
   [
    826.017333984375,
    1005.5125122070312,
    -1.0
   ]
  ],
  [
   [
    877.58984375,
    399.4234313964844,
    0.991
   ],
   [
    897.8206787109375,
    386.80279541015625,
    0.948
   ],
   [
    863.2642822265625,
    375.2190856933594,
    0.985
   ],
   [
    915.44091796875,
    414.01641845703125,
    -1.0
   ],
   [
    824.0355224609375,
    384.11639404296875,
    0.911
   ],
   [
    934.80908203125,
    533.7664184570312,
    0.981
   ],
   [
    739.6314086914062,
    501.73809814453125,
    0.988
   ],
   [
    982.094482421875,
    684.2586669921875,
    0.86
   ],
   [
    642.662109375,
    647.3661499023438,
    0.93
   ],
   [
    998.498291015625,
    750.944091796875,
    0.805
   ],
   [
    731.1920166015625,
    671.9200439453125,
    0.898
   ],
   [
    918.6436157226562,
    805.1158447265625,
    0.839
   ],
   [
    787.3826904296875,
    799.6600341796875,
    0.871
   ],
   [
    960.5711669921875,
    954.1624145507812,
    -1.0
   ],
   [
    802.8211669921875,
    943.0486450195312,
    -1.0
   ],
   [
    946.0509033203125,
    1035.44677734375,
    -1.0
   ],
   [
    784.9663696289062,
    1006.1640014648438,
    -1.0
   ]
  ]
 ],
 "skeleton_percentage": [
  100,
  100
 ],
 "angle": [
  277,
  240
 ]
}