{
 "frame_index": 1272,
 "skeletons": [
  [
   [
    878.6786499023438,
    401.06005859375,
    0.99
   ],
   [
    898.7431640625,
    387.0119934082031,
    0.954
   ],
   [
    862.7459716796875,
    377.7192077636719,
    0.984
   ],
   [
    913.3687744140625,
    410.930908203125,
    0.501
   ],
   [
    820.3244018554688,
    388.3780517578125,
    0.895
   ],
   [
    939.1393432617188,
    527.2919921875,
    0.969
   ],
   [
    741.9384765625,
    504.3157653808594,
    0.985
   ],
   [
    992.2841796875,
    670.7342529296875,
    0.76
   ],
   [
    653.9801025390625,
    635.2904052734375,
    0.882
   ],
   [
    980.519775390625,
    718.9494018554688,
    0.67
   ],
   [
    703.53076171875,
    636.4989013671875,
    0.818
   ],
   [
    923.6536865234375,
    793.9708251953125,
    0.817
   ],
   [
    796.2259521484375,
    790.7810668945312,
    0.853
   ],
   [
    972.1824951171875,
    938.9700927734375,
    -1.0
   ],
   [
    852.2166137695312,
    927.22021484375,
    -1.0
   ],
   [
    962.03759765625,
    1029.9681396484375,
    -1.0
   ],
   [
    866.55126953125,
    1002.0556640625,
    -1.0
   ]
  ]
 ],
 "skeleton_percentage": [
  100
 ],
 "angle": [
  270
 ]
}