{
 "frame_index": 1273,
 "skeletons": [
  [
   [
    883.0234375,
    402.6015930175781,
    0.992
   ],
   [
    902.3410034179688,
    389.7897033691406,
    0.942
   ],
   [
    868.7294311523438,
    379.52972412109375,
    0.989
   ],
   [
    917.0382080078125,
    414.0743408203125,
    -1.0
   ],
   [
    826.9774169921875,
    385.34356689453125,
    0.939
   ],
   [
    933.2567138671875,
    524.6014404296875,
    0.984
   ],
   [
    745.2899169921875,
    498.3501892089844,
    0.991
   ],
   [
    978.510498046875,
    669.6678466796875,
    0.869
   ],
   [
    646.2064208984375,
    638.8314208984375,
    0.947
   ],
   [
    995.8516845703125,
    738.0206909179688,
    0.823
   ],
   [
    720.0333862304688,
    661.3275146484375,
    0.924
   ],
   [
    944.173583984375,
    780.1285400390625,
    0.904
   ],
   [
    823.1806640625,
    781.4240112304688,
    0.929
   ],
   [
    1013.422119140625,
    939.0199584960938,
    -1.0
   ],
   [
    900.55224609375,
    935.2452392578125,
    -1.0
   ],
   [
    994.939697265625,
    1034.9541015625,
    -1.0
   ],
   [
    899.9507446289062,
    1011.1144409179688,
    -1.0
   ]
  ]
 ],
 "skeleton_percentage": [
  100
 ],
 "angle": [
  239
 ]
}