{
 "frame_index": 1274,
 "skeletons": [
  [
   [
    888.4871826171875,
    407.7396240234375,
    0.991
   ],
   [
    905.99609375,
    396.1661376953125,
    0.933
   ],
   [
    875.88671875,
    384.8800048828125,
    0.986
   ],
   [
    917.543701171875,
    420.83416748046875,
    -1.0
   ],
   [
    834.3941650390625,
    390.3569641113281,
    0.934
   ],
   [
    934.835205078125,
    529.4639892578125,
    0.984
   ],
   [
    746.2918701171875,
    497.35369873046875,
    0.99
   ],
   [
    980.1245727539062,
    668.9854125976562,
    0.883
   ],
   [
    642.7969970703125,
    632.134033203125,
    0.942
   ],
   [
    998.156005859375,
    739.3287353515625,
    0.828
   ],
   [
    719.6353759765625,
    665.3683471679688,
    0.913
   ],
   [
    927.6448974609375,
    784.9183349609375,
    0.895
   ],
   [
    800.906982421875,
    780.3824462890625,
    0.915
   ],
   [
    971.4005126953125,
    946.3969116210938,
    -1.0
   ],
   [
    818.1617431640625,
    936.6425170898438,
    -1.0
   ],
   [
    955.4801025390625,
    1037.891357421875,
    -1.0
   ],
   [
    794.9112548828125,
    1009.5650024414062,
    -1.0
   ]
  ]
 ],
 "skeleton_percentage": [
  100
 ],
 "angle": [
  244
 ]
}