{
 "frame_index": 1275,
 "skeletons": [
  [
   [
    896.060546875,
    413.54864501953125,
    0.99
   ],
   [
    913.4710693359375,
    402.8841247558594,
    0.939
   ],
   [
    881.0511474609375,
    389.98931884765625,
    0.989
   ],
   [
    920.9328002929688,
    427.90704345703125,
    -1.0
   ],
   [
    833.1231689453125,
    394.5812072753906,
    0.94
   ],
   [
    938.2850341796875,
    543.6344604492188,
    0.975
   ],
   [
    743.1162109375,
    492.10980224609375,
    0.981
   ],
   [
    990.6651611328125,
    698.02490234375,
    0.797
   ],
   [
    661.40869140625,
    626.953125,
    0.868
   ],
   [
    990.5416259765625,
    732.9039916992188,
    0.683
   ],
   [
    706.9071044921875,
    650.8368530273438,
    0.799
   ],
   [
    898.5125732421875,
    785.079345703125,
    0.71
   ],
   [
    766.9329833984375,
    771.109375,
    0.735
   ],
   [
    999.2061767578125,
    848.1119384765625,
    -1.0
   ],
   [
    813.35546875,
    824.023681640625,
    -1.0
   ],
   [
    999.2259521484375,
    913.4410400390625,
    -1.0
   ],
   [
    795.8648681640625,
    885.0933837890625,
    -1.0
   ]
  ]
 ],
 "skeleton_percentage": [
  100
 ],
 "angle": [
  276
 ]
}