{
 "frame_index": 1276,
 "skeletons": [
  [
   [
    899.008056640625,
    418.09716796875,
    0.992
   ],
   [
    914.6904296875,
    405.9300842285156,
    0.92
   ],
   [
    884.461181640625,
    394.03436279296875,
    0.991
   ],
   [
    920.032958984375,
    428.51702880859375,
    -1.0
   ],
   [
    833.3236083984375,
    395.72698974609375,
    0.955
   ],
   [
    933.2613525390625,
    536.6488647460938,
    0.977
   ],
   [
    739.8905029296875,
    500.8120422363281,
    0.983
   ],
   [
    983.130615234375,
    683.7509765625,
    0.796
   ],
   [
    636.504150390625,
    645.1737670898438,
    0.885
   ],
   [
    1004.9346313476562,
    736.1731567382812,
    0.682
   ],
   [
    703.28076171875,
    669.7293090820312,
    0.832
   ],
   [
    931.623046875,
    779.9686889648438,
    0.686
   ],
   [
    801.4367065429688,
    777.6959838867188,
    0.718
   ],
   [
    1039.270263671875,
    823.9784545898438,
    -1.0
   ],
   [
    870.7528076171875,
    815.118408203125,
    -1.0
   ],
   [
    1021.3020629882812,
    883.6724853515625,
    -1.0
   ],
   [
    845.0147705078125,
    858.8410034179688,
    -1.0
   ]
  ]
 ],
 "skeleton_percentage": [
  100
 ],
 "angle": [
  277
 ]
}