{
 "frame_index": 1277,
 "skeletons": [
  [
   [
    898.50732421875,
    419.1134033203125,
    0.992
   ],
   [
    914.250732421875,
    406.6707458496094,
    0.921
   ],
   [
    883.93701171875,
    395.0096740722656,
    0.991
   ],
   [
    919.939697265625,
    428.75738525390625,
    -1.0
   ],
   [
    833.1769409179688,
    396.37664794921875,
    0.954
   ],
   [
    933.3564453125,
    537.0383911132812,
    0.977
   ],
   [
    740.101806640625,
    501.2493896484375,
    0.983
   ],
   [
    983.37353515625,
    684.2100219726562,
    0.799
   ],
   [
    635.422119140625,
    645.4610595703125,
    0.885
   ],
   [
    1005.616455078125,
    736.1508178710938,
    0.687
   ],
   [
    704.796875,
    668.5753173828125,
    0.834
   ],
   [
    931.631103515625,
    782.086669921875,
    0.694
   ],
   [
    801.7998046875,
    779.8086547851562,
    0.724
   ],
   [
    1036.689208984375,
    832.1720581054688,
    -1.0
   ],
   [
    870.6454467773438,
    823.4329833984375,
    -1.0
   ],
   [
    1018.2973022460938,
    892.6408081054688,
    -1.0
   ],
   [
    844.3543701171875,
    868.3363037109375,
    -1.0
   ]
  ]
 ],
 "skeleton_percentage": [
  100
 ],
 "angle": [
  277
 ]
}