{
 "frame_index": 1278,
 "skeletons": [
  [
   [
    904.0523071289062,
    432.4538269042969,
    0.986
   ],
   [
    919.427001953125,
    416.3143310546875,
    0.913
   ],
   [
    889.03271484375,
    407.22015380859375,
    0.984
   ],
   [
    919.9293823242188,
    428.95733642578125,
    -1.0
   ],
   [
    836.2913818359375,
    404.5864562988281,
    0.928
   ],
   [
    932.2054443359375,
    535.33349609375,
    0.961
   ],
   [
    750.241943359375,
    506.5172119140625,
    0.974
   ],
   [
    983.7994995117188,
    679.3900146484375,
    0.708
   ],
   [
    651.871337890625,
    632.828125,
    0.812
   ],
   [
    993.7351684570312,
    721.1817626953125,
    0.572
   ],
   [
    684.6543579101562,
    613.1041259765625,
    0.735
   ],
   [
    920.4720458984375,
    785.5318603515625,
    0.652
   ],
   [
    801.374755859375,
    783.3043212890625,
    0.675
   ],
   [
    994.9483642578125,
    853.13037109375,
    -1.0
   ],
   [
    869.61474609375,
    845.6885986328125,
    -1.0
   ],
   [
    986.3203125,
    914.18603515625,
    -1.0
   ],
   [
    874.0090942382812,
    893.7474975585938,
    -1.0
   ]
  ]
 ],
 "skeleton_percentage": [
  100
 ],
 "angle": [
  277
 ]
}