{
 "frame_index": 1279,
 "skeletons": [
  [
   [
    909.41552734375,
    419.6994323730469,
    0.989
   ],
   [
    926.1947021484375,
    408.15606689453125,
    0.928
   ],
   [
    892.4796752929688,
    396.084228515625,
    0.989
   ],
   [
    929.4083251953125,
    431.961669921875,
    -1.0
   ],
   [
    839.3351440429688,
    401.0513916015625,
    0.945
   ],
   [
    938.0685424804688,
    545.9555053710938,
    0.963
   ],
   [
    752.98486328125,
    496.4541320800781,
    0.976
   ],
   [
    985.8656005859375,
    703.1114501953125,
    0.723
   ],
   [
    661.179443359375,
    625.8131713867188,
    0.845
   ],
   [
    992.117431640625,
    724.60595703125,
    0.608
   ],
   [
    685.2720336914062,
    598.99462890625,
    0.784
   ],
   [
    898.8411865234375,
    793.862060546875,
    0.674
   ],
   [
    775.1053466796875,
    780.9574584960938,
    0.717
   ],
   [
    999.956787109375,
    861.2752075195312,
    -1.0
   ],
   [
    828.0206298828125,
    841.27099609375,
    -1.0
   ],
   [
    1003.660400390625,
    943.9903564453125,
    -1.0
   ],
   [
    804.239501953125,
    919.421875,
    -1.0
   ]
  ]
 ],
 "skeleton_percentage": [
  100
 ],
 "angle": [
  277
 ]
}