{
 "frame_index": 1280,
 "skeletons": [
  [
   [
    908.2247314453125,
    424.23504638671875,
    0.984
   ],
   [
    923.941162109375,
    408.8238830566406,
    0.914
   ],
   [
    892.2269287109375,
    400.6033935546875,
    0.981
   ],
   [
    925.7037353515625,
    425.3540954589844,
    -1.0
   ],
   [
    842.0520629882812,
    404.143798828125,
    0.919
   ],
   [
    939.6044921875,
    535.69921875,
    0.955
   ],
   [
    758.4451904296875,
    507.2362976074219,
    0.975
   ],
   [
    984.140625,
    681.0281982421875,
    0.678
   ],
   [
    649.692138671875,
    629.168212890625,
    0.815
   ],
   [
    999.1041870117188,
    726.2941284179688,
    0.534
   ],
   [
    669.9183349609375,
    604.6834716796875,
    0.726
   ],
   [
    921.3059692382812,
    797.678955078125,
    0.7
   ],
   [
    803.3525390625,
    794.46875,
    0.737
   ],
   [
    984.6240234375,
    902.5782470703125,
    -1.0
   ],
   [
    861.4266357421875,
    895.914306640625,
    -1.0
   ],
   [
    975.1614990234375,
    973.6400756835938,
    -1.0
   ],
   [
    858.9970703125,
    957.957763671875,
    -1.0
   ]
  ]
 ],
 "skeleton_percentage": [
  100
 ],
 "angle": [
  275
 ]
}