{
 "frame_index": 1281,
 "skeletons": [
  [
   [
    908.7892456054688,
    423.5320129394531,
    0.984
   ],
   [
    924.4414672851562,
    408.36590576171875,
    0.914
   ],
   [
    892.6900634765625,
    399.9837341308594,
    0.982
   ],
   [
    925.8907470703125,
    425.5682373046875,
    -1.0
   ],
   [
    842.2030029296875,
    404.0869445800781,
    0.921
   ],
   [
    939.5004272460938,
    535.8540649414062,
    0.955
   ],
   [
    758.480224609375,
    507.28155517578125,
    0.975
   ],
   [
    985.07666015625,
    680.2660522460938,
    0.673
   ],
   [
    650.3843383789062,
    629.8221435546875,
    0.819
   ],
   [
    1000.706787109375,
    724.9029541015625,
    0.53
   ],
   [
    673.4940185546875,
    609.7163696289062,
    0.728
   ],
   [
    922.2752685546875,
    797.2117309570312,
    0.706
   ],
   [
    804.5985717773438,
    794.2197265625,
    0.746
   ],
   [
    986.8524169921875,
    902.7449340820312,
    -1.0
   ],
   [
    865.1380615234375,
    895.807861328125,
    -1.0
   ],
   [
    979.0155029296875,
    976.9605102539062,
    -1.0
   ],
   [
    864.8637084960938,
    961.1390991210938,
    -1.0
   ]
  ]
 ],
 "skeleton_percentage": [
  100
 ],
 "angle": [
  276
 ]
}