{
 "frame_index": 1282,
 "skeletons": [
  [
   [
    912.0514526367188,
    423.0570068359375,
    0.981
   ],
   [
    926.1441650390625,
    407.53887939453125,
    0.891
   ],
   [
    896.5296020507812,
    400.3891296386719,
    0.977
   ],
   [
    925.8338012695312,
    422.5276794433594,
    -1.0
   ],
   [
    846.78076171875,
    403.87725830078125,
    0.918
   ],
   [
    941.4552001953125,
    535.2826538085938,
    0.961
   ],
   [
    760.8101806640625,
    505.7828063964844,
    0.977
   ],
   [
    982.5933837890625,
    684.200927734375,
    0.723
   ],
   [
    655.3313598632812,
    633.078125,
    0.842
   ],
   [
    996.920166015625,
    733.0534057617188,
    0.576
   ],
   [
    672.5667724609375,
    638.8760375976562,
    0.745
   ],
   [
    909.5531616210938,
    807.6397705078125,
    0.776
   ],
   [
    790.099853515625,
    802.4354248046875,
    0.805
   ],
   [
    964.018310546875,
    933.381591796875,
    -1.0
   ],
   [
    829.2138061523438,
    924.9898681640625,
    -1.0
   ],
   [
    954.1650390625,
    993.4341430664062,
    -1.0
   ],
   [
    820.12939453125,
    982.883056640625,
    -1.0
   ]
  ],
  [
   [
    911.9405517578125,
    418.7646789550781,
    0.988
   ],
   [
    925.693115234375,
    404.81390380859375,
    0.89
   ],
   [
    896.7255859375,
    395.9739990234375,
    0.986
   ],
   [
    927.8089599609375,
    425.5986328125,
    -1.0
   ],
   [
    848.9051513671875,
    400.20281982421875,
    0.954
   ],
   [
    940.306884765625,
    541.9498291015625,
    0.976
   ],
   [
    762.3543701171875,
    503.8360595703125,
    0.986
   ],
   [
    981.1085205078125,
    695.7550048828125,
    0.798
   ],
   [
    643.5416259765625,
    632.004150390625,
    0.912
   ],
   [
    1005.454833984375,
    760.3861083984375,
    0.688
   ],
   [
    698.330322265625,
    647.7438354492188,
    0.86
   ],
   [
    925.784423828125,
    819.26953125,
    0.809
   ],
   [
    806.2820434570312,
    813.3942260742188,
    0.849
   ],
   [
    985.9158935546875,
    962.6585083007812,
    -1.0
   ],
   [
    839.5043334960938,
    954.794921875,
    -1.0
   ],
   [
    971.7528076171875,
    1036.53466796875,
    -1.0
   ],
   [
    802.4654541015625,
    1022.145263671875,
    -1.0
   ]
  ]
 ],
 "skeleton_percentage": [
  100,
  100
 ],
 "angle": [
  276,
  237
 ]
}