{
 "frame_index": 1283,
 "skeletons": [
  [
   [
    912.6223754882812,
    424.92510986328125,
    0.98
   ],
   [
    926.858642578125,
    409.7040710449219,
    0.894
   ],
   [
    897.0078735351562,
    402.31890869140625,
    0.974
   ],
   [
    927.2913208007812,
    425.20928955078125,
    -1.0
   ],
   [
    848.43212890625,
    406.4569091796875,
    0.905
   ],
   [
    940.6695556640625,
    536.0855102539062,
    0.966
   ],
   [
    765.043701171875,
    504.71612548828125,
    0.977
   ],
   [
    980.6987915039062,
    685.3287963867188,
    0.768
   ],
   [
    655.4942626953125,
    628.5511474609375,
    0.845
   ],
   [
    989.318115234375,
    726.7109375,
    0.637
   ],
   [
    681.8338623046875,
    617.094970703125,
    0.765
   ],
   [
    902.7786254882812,
    800.3421020507812,
    0.777
   ],
   [
    786.7181396484375,
    794.25,
    0.791
   ],
   [
    960.0902709960938,
    896.851318359375,
    -1.0
   ],
   [
    831.185546875,
    887.5986328125,
    -1.0
   ],
   [
    943.7514038085938,
    954.4019775390625,
    -1.0
   ],
   [
    812.3668212890625,
    942.558349609375,
    -1.0
   ]
  ]
 ],
 "skeleton_percentage": [
  100
 ],
 "angle": [
  273
 ]
}