{
 "frame_index": 1284,
 "skeletons": [
  [
   [
    912.88525390625,
    421.9884338378906,
    0.98
   ],
   [
    927.3642578125,
    407.5793151855469,
    0.893
   ],
   [
    898.0557861328125,
    399.3077087402344,
    0.973
   ],
   [
    927.485595703125,
    424.5705871582031,
    -1.0
   ],
   [
    849.7021484375,
    403.7068176269531,
    0.901
   ],
   [
    941.0723876953125,
    536.7723388671875,
    0.964
   ],
   [
    764.5775146484375,
    502.93743896484375,
    0.975
   ],
   [
    981.5753173828125,
    685.6672973632812,
    0.763
   ],
   [
    658.8135986328125,
    620.1300659179688,
    0.842
   ],
   [
    992.004638671875,
    728.985107421875,
    0.631
   ],
   [
    665.046142578125,
    595.1024780273438,
    0.765
   ],
   [
    902.0121459960938,
    800.6405639648438,
    0.758
   ],
   [
    785.1629638671875,
    793.05322265625,
    0.775
   ],
   [
    963.04541015625,
    886.600341796875,
    -1.0
   ],
   [
    828.2722778320312,
    876.295654296875,
    -1.0
   ],
   [
    945.2905883789062,
    940.0164184570312,
    -1.0
   ],
   [
    813.6192626953125,
    924.4097900390625,
    -1.0
   ]
  ]
 ],
 "skeleton_percentage": [
  100
 ],
 "angle": [
  274
 ]
}