{
 "frame_index": 1285,
 "skeletons": [
  [
   [
    917.7822875976562,
    422.66802978515625,
    0.982
   ],
   [
    933.1807250976562,
    408.2490234375,
    0.899
   ],
   [
    902.3076171875,
    399.383056640625,
    0.98
   ],
   [
    932.7637939453125,
    425.375732421875,
    -1.0
   ],
   [
    850.8480224609375,
    402.73876953125,
    0.919
   ],
   [
    942.9464721679688,
    536.8595581054688,
    0.953
   ],
   [
    765.3905029296875,
    504.10693359375,
    0.976
   ],
   [
    983.06103515625,
    685.1761474609375,
    0.673
   ],
   [
    659.669677734375,
    623.421630859375,
    0.833
   ],
   [
    998.1890258789062,
    728.9686279296875,
    0.529
   ],
   [
    667.6337890625,
    597.8724365234375,
    0.742
   ],
   [
    918.0814819335938,
    802.0628662109375,
    0.718
   ],
   [
    801.9563598632812,
    796.502197265625,
    0.765
   ],
   [
    980.2210693359375,
    910.0643310546875,
    -1.0
   ],
   [
    855.7298583984375,
    900.85205078125,
    -1.0
   ],
   [
    969.3502197265625,
    968.9467163085938,
    -1.0
   ],
   [
    854.3323974609375,
    951.889892578125,
    -1.0
   ]
  ]
 ],
 "skeleton_percentage": [
  100
 ],
 "angle": [
  275
 ]
}