{
 "frame_index": 1286,
 "skeletons": [
  [
   [
    917.7035522460938,
    421.916748046875,
    0.982
   ],
   [
    933.09912109375,
    407.5887451171875,
    0.899
   ],
   [
    902.173828125,
    398.77984619140625,
    0.979
   ],
   [
    932.6514892578125,
    425.01861572265625,
    -1.0
   ],
   [
    850.7243041992188,
    402.5797119140625,
    0.918
   ],
   [
    942.4708251953125,
    536.1539306640625,
    0.952
   ],
   [
    765.776611328125,
    503.7174072265625,
    0.976
   ],
   [
    982.196533203125,
    683.3880615234375,
    0.672
   ],
   [
    660.8973999023438,
    620.006103515625,
    0.836
   ],
   [
    998.4136962890625,
    728.72412109375,
    0.533
   ],
   [
    668.5303344726562,
    586.7933349609375,
    0.749
   ],
   [
    918.37939453125,
    799.9901733398438,
    0.725
   ],
   [
    802.8927001953125,
    794.74169921875,
    0.773
   ],
   [
    982.3760375976562,
    908.2940673828125,
    -1.0
   ],
   [
    859.35546875,
    900.114501953125,
    -1.0
   ],
   [
    971.676513671875,
    969.9358520507812,
    -1.0
   ],
   [
    858.77392578125,
    953.2571411132812,
    -1.0
   ]
  ]
 ],
 "skeleton_percentage": [
  100
 ],
 "angle": [
  275
 ]
}