{
 "frame_index": 1287,
 "skeletons": [
  [
   [
    925.951416015625,
    419.794921875,
    0.982
   ],
   [
    941.6600341796875,
    405.6839599609375,
    0.896
   ],
   [
    909.09130859375,
    396.6988220214844,
    0.98
   ],
   [
    940.376953125,
    424.9871520996094,
    -1.0
   ],
   [
    854.4201049804688,
    402.93853759765625,
    0.923
   ],
   [
    949.4467163085938,
    538.7594604492188,
    0.947
   ],
   [
    767.24658203125,
    506.1620178222656,
    0.975
   ],
   [
    984.5418701171875,
    688.3082275390625,
    0.645
   ],
   [
    657.7494506835938,
    628.4130859375,
    0.836
   ],
   [
    1005.5864868164062,
    728.151611328125,
    -1.0
   ],
   [
    666.2396240234375,
    601.897216796875,
    0.737
   ],
   [
    916.021728515625,
    808.3405151367188,
    0.715
   ],
   [
    794.9822387695312,
    801.8413696289062,
    0.772
   ],
   [
    968.5592651367188,
    928.5162963867188,
    -1.0
   ],
   [
    828.4777221679688,
    919.6016235351562,
    -1.0
   ],
   [
    953.0618896484375,
    985.8314208984375,
    -1.0
   ],
   [
    811.9617919921875,
    971.4791259765625,
    -1.0
   ]
  ]
 ],
 "skeleton_percentage": [
  100
 ],
 "angle": [
  276
 ]
}