{
 "frame_index": 1288,
 "skeletons": [
  [
   [
    930.5765991210938,
    422.75299072265625,
    0.981
   ],
   [
    944.7099609375,
    408.05517578125,
    0.881
   ],
   [
    914.9067993164062,
    399.4706726074219,
    0.98
   ],
   [
    940.8341064453125,
    424.2276306152344,
    -1.0
   ],
   [
    860.9544677734375,
    402.5386047363281,
    0.931
   ],
   [
    949.93701171875,
    539.1844482421875,
    0.949
   ],
   [
    770.4677124023438,
    506.0122375488281,
    0.977
   ],
   [
    985.9839477539062,
    686.9716796875,
    0.651
   ],
   [
    659.4730224609375,
    631.630859375,
    0.846
   ],
   [
    1002.4927368164062,
    718.90234375,
    0.514
   ],
   [
    669.5364379882812,
    632.2628784179688,
    0.749
   ],
   [
    918.9202880859375,
    812.5257568359375,
    0.723
   ],
   [
    801.154541015625,
    806.6409301757812,
    0.782
   ],
   [
    970.6693725585938,
    938.9002075195312,
    -1.0
   ],
   [
    844.87158203125,
    928.2843017578125,
    -1.0
   ],
   [
    958.7543334960938,
    990.849609375,
    -1.0
   ],
   [
    841.1513671875,
    978.1611328125,
    -1.0
   ]
  ]
 ],
 "skeleton_percentage": [
  100
 ],
 "angle": [
  275
 ]
}