{
 "frame_index": 1289,
 "skeletons": [
  [
   [
    930.7646484375,
    422.6509094238281,
    0.981
   ],
   [
    944.684814453125,
    407.924560546875,
    0.88
   ],
   [
    915.0328369140625,
    399.43109130859375,
    0.98
   ],
   [
    940.4783935546875,
    423.97686767578125,
    -1.0
   ],
   [
    860.86865234375,
    402.5536193847656,
    0.931
   ],
   [
    949.5419311523438,
    539.07275390625,
    0.95
   ],
   [
    770.5673217773438,
    505.82269287109375,
    0.977
   ],
   [
    985.1365356445312,
    687.0267333984375,
    0.657
   ],
   [
    659.0648193359375,
    631.6436767578125,
    0.846
   ],
   [
    1001.0809326171875,
    719.578857421875,
    0.52
   ],
   [
    669.5816040039062,
    634.547119140625,
    0.75
   ],
   [
    917.9752807617188,
    812.1813354492188,
    0.721
   ],
   [
    800.4329833984375,
    806.2058715820312,
    0.779
   ],
   [
    968.9650268554688,
    936.8145751953125,
    -1.0
   ],
   [
    843.1001586914062,
    926.131591796875,
    -1.0
   ],
   [
    956.8966064453125,
    987.6514892578125,
    -1.0
   ],
   [
    838.4031982421875,
    975.4381713867188,
    -1.0
   ]
  ]
 ],
 "skeleton_percentage": [
  100
 ],
 "angle": [
  275
 ]
}