{
 "frame_index": 1290,
 "skeletons": [
  [
   [
    933.5560302734375,
    419.58343505859375,
    0.984
   ],
   [
    948.3558349609375,
    404.6324157714844,
    0.902
   ],
   [
    916.621826171875,
    396.47052001953125,
    0.984
   ],
   [
    944.127197265625,
    421.71417236328125,
    -1.0
   ],
   [
    861.8351440429688,
    401.64453125,
    0.933
   ],
   [
    946.0235595703125,
    536.9229736328125,
    0.947
   ],
   [
    776.1718139648438,
    504.84979248046875,
    0.979
   ],
   [
    978.2964477539062,
    686.10595703125,
    0.631
   ],
   [
    664.448486328125,
    623.3276977539062,
    0.85
   ],
   [
    1005.4918212890625,
    717.9616088867188,
    0.508
   ],
   [
    651.4827880859375,
    592.30810546875,
    0.767
   ],
   [
    913.3253173828125,
    794.1351318359375,
    0.698
   ],
   [
    803.94873046875,
    790.1025390625,
    0.769
   ],
   [
    988.6153564453125,
    877.366943359375,
    -1.0
   ],
   [
    875.118896484375,
    871.5328369140625,
    -1.0
   ],
   [
    976.8191528320312,
    943.7861328125,
    -1.0
   ],
   [
    877.404052734375,
    935.5120239257812,
    -1.0
   ]
  ]
 ],
 "skeleton_percentage": [
  100
 ],
 "angle": [
  273
 ]
}