{
 "frame_index": 1291,
 "skeletons": [
  [
   [
    939.9142456054688,
    423.74359130859375,
    0.985
   ],
   [
    953.9794921875,
    408.77264404296875,
    0.888
   ],
   [
    924.4456787109375,
    399.9222412109375,
    0.983
   ],
   [
    949.8017578125,
    424.57080078125,
    -1.0
   ],
   [
    869.6234130859375,
    401.36627197265625,
    0.934
   ],
   [
    949.2500610351562,
    534.3889770507812,
    0.959
   ],
   [
    780.7538452148438,
    504.10565185546875,
    0.982
   ],
   [
    980.8388671875,
    679.7098388671875,
    0.705
   ],
   [
    661.3871459960938,
    632.2879028320312,
    0.881
   ],
   [
    1006.253662109375,
    727.16064453125,
    0.592
   ],
   [
    665.9291381835938,
    637.7557373046875,
    0.814
   ],
   [
    934.1239013671875,
    790.3423461914062,
    0.796
   ],
   [
    825.01513671875,
    788.9423828125,
    0.843
   ],
   [
    1006.58447265625,
    890.8515014648438,
    -1.0
   ],
   [
    904.1834106445312,
    886.5701293945312,
    -1.0
   ],
   [
    980.942138671875,
    966.3521728515625,
    -1.0
   ],
   [
    894.100341796875,
    954.7783813476562,
    -1.0
   ]
  ]
 ],
 "skeleton_percentage": [
  100
 ],
 "angle": [
  252
 ]
}