{
 "frame_index": 1292,
 "skeletons": [
  [
   [
    948.5291748046875,
    426.6839904785156,
    0.976
   ],
   [
    960.101806640625,
    411.22760009765625,
    0.84
   ],
   [
    932.3274536132812,
    404.08233642578125,
    0.975
   ],
   [
    949.7073974609375,
    423.8509826660156,
    -1.0
   ],
   [
    874.9144287109375,
    406.2799987792969,
    0.931
   ],
   [
    954.3077392578125,
    537.0676879882812,
    0.947
   ],
   [
    785.677490234375,
    505.3746337890625,
    0.979
   ],
   [
    985.8797607421875,
    682.5828857421875,
    0.67
   ],
   [
    664.7775268554688,
    627.6390380859375,
    0.871
   ],
   [
    1007.9796752929688,
    714.7747802734375,
    0.555
   ],
   [
    654.5247192382812,
    635.84228515625,
    0.792
   ],
   [
    917.20849609375,
    804.4765625,
    0.766
   ],
   [
    808.0714111328125,
    799.2786254882812,
    0.826
   ],
   [
    963.8076782226562,
    922.7890625,
    -1.0
   ],
   [
    852.3715209960938,
    914.625732421875,
    -1.0
   ],
   [
    948.7088012695312,
    978.5645141601562,
    -1.0
   ],
   [
    846.7505493164062,
    974.212158203125,
    -1.0
   ]
  ],
  [
   [
    948.85498046875,
    422.46820068359375,
    0.983
   ],
   [
    958.093017578125,
    408.67144775390625,
    0.778
   ],
   [
    934.7579345703125,
    399.9730224609375,
    0.984
   ],
   [
    947.7308349609375,
    426.75653076171875,
    -1.0
   ],
   [
    879.9158935546875,
    401.5828857421875,
    0.966
   ],
   [
    953.092529296875,
    540.75634765625,
    0.972
   ],
   [
    788.845458984375,
    501.899658203125,
    0.987
   ],
   [
    989.3648681640625,
    691.8247680664062,
    0.793
   ],
   [
    667.3953857421875,
    624.8834228515625,
    0.936
   ],
   [
    1020.937744140625,
    749.349609375,
    0.701
   ],
   [
    680.473388671875,
    646.84375,
    0.896
   ],
   [
    941.087890625,
    813.8118896484375,
    0.823
   ],
   [
    831.7733154296875,
    806.9991455078125,
    0.875
   ],
   [
    986.0672607421875,
    953.2159423828125,
    -1.0
   ],
   [
    859.165771484375,
    945.09326171875,
    -1.0
   ],
   [
    975.1891479492188,
    1018.54443359375,
    -1.0
   ],
   [
    831.1937255859375,
    1007.385009765625,
    -1.0
   ]
  ]
 ],
 "skeleton_percentage": [
  100,
  100
 ],
 "angle": [
  276,
  238
 ]
}