{
 "frame_index": 1293,
 "skeletons": [
  [
   [
    947.766357421875,
    426.7745361328125,
    0.977
   ],
   [
    959.7244262695312,
    411.12646484375,
    0.848
   ],
   [
    931.2097778320312,
    404.048583984375,
    0.976
   ],
   [
    950.1983642578125,
    423.82080078125,
    -1.0
   ],
   [
    873.8900146484375,
    406.45013427734375,
    0.931
   ],
   [
    954.79248046875,
    537.526123046875,
    0.947
   ],
   [
    785.4025268554688,
    506.01336669921875,
    0.979
   ],
   [
    986.668212890625,
    684.361083984375,
    0.666
   ],
   [
    663.3185424804688,
    630.54541015625,
    0.87
   ],
   [
    1009.256591796875,
    716.3800048828125,
    0.549
   ],
   [
    653.1710205078125,
    641.3590087890625,
    0.788
   ],
   [
    916.8670654296875,
    805.9411010742188,
    0.752
   ],
   [
    807.1619873046875,
    800.648193359375,
    0.815
   ],
   [
    963.0283203125,
    919.8922119140625,
    -1.0
   ],
   [
    849.4583129882812,
    911.3834838867188,
    -1.0
   ],
   [
    947.7769775390625,
    973.1019287109375,
    -1.0
   ],
   [
    841.9400634765625,
    968.8145141601562,
    -1.0
   ]
  ],
  [
   [
    947.9932250976562,
    422.2907409667969,
    0.984
   ],
   [
    957.6798095703125,
    408.4520263671875,
    0.795
   ],
   [
    933.5440063476562,
    399.6636657714844,
    0.985
   ],
   [
    948.3378295898438,
    426.84130859375,
    -1.0
   ],
   [
    878.752197265625,
    401.5928649902344,
    0.966
   ],
   [
    953.74755859375,
    541.7177734375,
    0.972
   ],
   [
    788.320556640625,
    502.2186584472656,
    0.987
   ],
   [
    989.7806396484375,
    694.1309814453125,
    0.785
   ],
   [
    665.8229370117188,
    627.444580078125,
    0.932
   ],
   [
    1021.1719970703125,
    750.7446899414062,
    0.689
   ],
   [
    679.6417236328125,
    653.0665283203125,
    0.889
   ],
   [
    940.3092041015625,
    815.1207275390625,
    0.81
   ],
   [
    830.026123046875,
    807.7884521484375,
    0.865
   ],
   [
    984.7911376953125,
    951.304443359375,
    -1.0
   ],
   [
    854.8673095703125,
    942.1190185546875,
    -1.0
   ],
   [
    974.1396484375,
    1015.1107177734375,
    -1.0
   ],
   [
    825.2132568359375,
    1003.5719604492188,
    -1.0
   ]
  ]
 ],
 "skeleton_percentage": [
  100,
  100
 ],
 "angle": [
  276,
  239
 ]
}