{
 "frame_index": 1294,
 "skeletons": [
  [
   [
    960.716552734375,
    423.6611022949219,
    0.964
   ],
   [
    970.2689208984375,
    408.7586975097656,
    0.766
   ],
   [
    943.381591796875,
    401.61279296875,
    0.966
   ],
   [
    955.4774169921875,
    423.890380859375,
    -1.0
   ],
   [
    884.3300170898438,
    407.7244873046875,
    0.93
   ],
   [
    960.4791259765625,
    543.1495361328125,
    0.943
   ],
   [
    796.13232421875,
    506.034423828125,
    0.98
   ],
   [
    987.119140625,
    693.59375,
    0.655
   ],
   [
    663.6945190429688,
    635.43017578125,
    0.889
   ],
   [
    1008.0274658203125,
    719.436767578125,
    0.541
   ],
   [
    661.1349487304688,
    685.597412109375,
    0.802
   ],
   [
    912.3759765625,
    809.0277099609375,
    0.743
   ],
   [
    807.0218505859375,
    800.655029296875,
    0.821
   ],
   [
    943.6259765625,
    899.0845947265625,
    -1.0
   ],
   [
    841.8154296875,
    885.0914306640625,
    -1.0
   ],
   [
    913.2908935546875,
    939.186767578125,
    -1.0
   ],
   [
    820.6920776367188,
    938.9388427734375,
    -1.0
   ]
  ]
 ],
 "skeleton_percentage": [
  100
 ],
 "angle": [
  273
 ]
}