{
 "frame_index": 1295,
 "skeletons": [
  [
   [
    979.1804809570312,
    427.6068420410156,
    0.964
   ],
   [
    989.0777587890625,
    412.1181335449219,
    0.756
   ],
   [
    962.8153076171875,
    404.8550720214844,
    0.969
   ],
   [
    970.8863525390625,
    422.91668701171875,
    -1.0
   ],
   [
    901.1798095703125,
    405.809814453125,
    0.93
   ],
   [
    967.8125610351562,
    533.6182250976562,
    0.914
   ],
   [
    810.525146484375,
    499.36016845703125,
    0.977
   ],
   [
    990.7966918945312,
    683.6119384765625,
    0.573
   ],
   [
    681.0638427734375,
    621.6239013671875,
    0.891
   ],
   [
    1031.576171875,
    715.956298828125,
    -1.0
   ],
   [
    641.6680908203125,
    630.6868896484375,
    0.815
   ],
   [
    930.67236328125,
    792.7552490234375,
    0.639
   ],
   [
    829.27685546875,
    787.63525390625,
    0.766
   ],
   [
    987.7391357421875,
    851.1005859375,
    -1.0
   ],
   [
    880.872314453125,
    843.8995971679688,
    -1.0
   ],
   [
    960.2276000976562,
    892.00048828125,
    -1.0
   ],
   [
    868.859619140625,
    892.53466796875,
    -1.0
   ]
  ]
 ],
 "skeleton_percentage": [
  100
 ],
 "angle": [
  274
 ]
}