{
 "frame_index": 1296,
 "skeletons": [
  [
   [
    986.9989013671875,
    426.6420593261719,
    0.976
   ],
   [
    993.8303833007812,
    412.8412170410156,
    0.664
   ],
   [
    973.8865966796875,
    406.2680969238281,
    0.984
   ],
   [
    974.3856811523438,
    427.36883544921875,
    -1.0
   ],
   [
    914.16650390625,
    408.896484375,
    0.971
   ],
   [
    974.5061645507812,
    535.3291015625,
    0.95
   ],
   [
    815.41552734375,
    493.9864501953125,
    0.986
   ],
   [
    994.9052734375,
    695.0718994140625,
    0.692
   ],
   [
    685.972900390625,
    617.4053344726562,
    0.938
   ],
   [
    1027.4083251953125,
    756.287841796875,
    0.564
   ],
   [
    646.522216796875,
    645.0906982421875,
    0.879
   ],
   [
    914.80810546875,
    785.5894775390625,
    0.781
   ],
   [
    807.8516235351562,
    773.8944091796875,
    0.865
   ],
   [
    982.2901611328125,
    873.963134765625,
    -1.0
   ],
   [
    838.266357421875,
    862.8074340820312,
    -1.0
   ],
   [
    960.0830078125,
    929.4384765625,
    -1.0
   ],
   [
    790.8035888671875,
    928.9376220703125,
    -1.0
   ]
  ]
 ],
 "skeleton_percentage": [
  100
 ],
 "angle": [
  273
 ]
}