{
 "frame_index": 1297,
 "skeletons": [
  [
   [
    997.1651000976562,
    429.8645324707031,
    0.967
   ],
   [
    1003.0753784179688,
    416.4486083984375,
    0.616
   ],
   [
    983.6766357421875,
    408.4615173339844,
    0.975
   ],
   [
    983.0439453125,
    432.8489685058594,
    -1.0
   ],
   [
    924.384765625,
    410.76397705078125,
    0.966
   ],
   [
    982.9509887695312,
    544.9991455078125,
    0.955
   ],
   [
    830.5703125,
    501.58294677734375,
    0.984
   ],
   [
    1009.45703125,
    708.3707885742188,
    0.663
   ],
   [
    711.0279541015625,
    625.9358520507812,
    0.922
   ],
   [
    1020.3499755859375,
    772.9059448242188,
    0.518
   ],
   [
    686.7657470703125,
    654.75634765625,
    0.849
   ],
   [
    947.7152709960938,
    798.017578125,
    0.768
   ],
   [
    842.3578491210938,
    786.1228637695312,
    0.857
   ],
   [
    999.78125,
    875.70751953125,
    -1.0
   ],
   [
    833.2933959960938,
    863.5107421875,
    -1.0
   ],
   [
    992.5497436523438,
    950.6884765625,
    -1.0
   ],
   [
    789.8644409179688,
    940.930419921875,
    -1.0
   ]
  ]
 ],
 "skeleton_percentage": [
  100
 ],
 "angle": [
  264
 ]
}