{
 "frame_index": 1298,
 "skeletons": [
  [
   [
    997.52099609375,
    429.9703674316406,
    0.966
   ],
   [
    1003.215087890625,
    416.6268310546875,
    0.608
   ],
   [
    984.0223388671875,
    408.60516357421875,
    0.974
   ],
   [
    982.8995361328125,
    433.1501770019531,
    -1.0
   ],
   [
    924.8125,
    411.1212158203125,
    0.965
   ],
   [
    983.2247314453125,
    545.0619506835938,
    0.954
   ],
   [
    830.82568359375,
    502.0071716308594,
    0.984
   ],
   [
    1010.26220703125,
    707.8665771484375,
    0.663
   ],
   [
    711.0994262695312,
    626.6513671875,
    0.92
   ],
   [
    1021.4417724609375,
    768.113037109375,
    0.519
   ],
   [
    686.78564453125,
    653.4210205078125,
    0.847
   ],
   [
    948.4136962890625,
    795.1895141601562,
    0.754
   ],
   [
    843.1654052734375,
    783.5574951171875,
    0.846
   ],
   [
    1001.23681640625,
    862.40087890625,
    -1.0
   ],
   [
    834.5784301757812,
    850.30322265625,
    -1.0
   ],
   [
    993.5725708007812,
    934.3548583984375,
    -1.0
   ],
   [
    791.7176513671875,
    924.7110595703125,
    -1.0
   ]
  ]
 ],
 "skeleton_percentage": [
  100
 ],
 "angle": [
  267
 ]
}