{
 "frame_index": 1299,
 "skeletons": [
  [
   [
    1005.464111328125,
    435.4593505859375,
    0.951
   ],
   [
    1010.3812866210938,
    421.0423278808594,
    0.591
   ],
   [
    994.885498046875,
    412.89208984375,
    0.963
   ],
   [
    985.2230224609375,
    432.1959228515625,
    -1.0
   ],
   [
    941.1121826171875,
    411.3432312011719,
    0.956
   ],
   [
    978.7047729492188,
    540.6385498046875,
    0.944
   ],
   [
    847.0563354492188,
    505.8545837402344,
    0.974
   ],
   [
    1006.2645263671875,
    699.2680053710938,
    0.567
   ],
   [
    717.6351318359375,
    644.54345703125,
    0.828
   ],
   [
    1026.517333984375,
    714.7540283203125,
    -1.0
   ],
   [
    693.9422607421875,
    652.9359130859375,
    0.683
   ],
   [
    928.684326171875,
    785.9566040039062,
    0.561
   ],
   [
    848.7763671875,
    776.040283203125,
    0.648
   ],
   [
    931.8707885742188,
    763.0606689453125,
    -1.0
   ],
   [
    868.85302734375,
    749.485107421875,
    -1.0
   ],
   [
    879.9387817382812,
    771.6384887695312,
    -1.0
   ],
   [
    843.9405517578125,
    759.09521484375,
    -1.0
   ]
  ]
 ],
 "skeleton_percentage": [
  100
 ],
 "angle": [
  277
 ]
}