{
 "frame_index": 1300,
 "skeletons": [
  [
   [
    1018.775146484375,
    423.1395263671875,
    0.982
   ],
   [
    1028.7608642578125,
    409.1864013671875,
    0.811
   ],
   [
    1001.755859375,
    398.87200927734375,
    0.986
   ],
   [
    1019.268310546875,
    429.44775390625,
    -1.0
   ],
   [
    943.6697998046875,
    403.5103759765625,
    0.956
   ],
   [
    1014.7568359375,
    554.9239501953125,
    0.946
   ],
   [
    851.618408203125,
    500.732666015625,
    0.977
   ],
   [
    1041.4776611328125,
    723.7830810546875,
    0.614
   ],
   [
    729.046875,
    642.87060546875,
    0.874
   ],
   [
    1071.6429443359375,
    749.0319213867188,
    -1.0
   ],
   [
    714.9901123046875,
    726.3118896484375,
    0.783
   ],
   [
    959.68505859375,
    806.1414184570312,
    0.503
   ],
   [
    846.8970947265625,
    791.1143188476562,
    0.614
   ],
   [
    1045.19482421875,
    768.629638671875,
    -1.0
   ],
   [
    859.1317749023438,
    745.4335327148438,
    -1.0
   ],
   [
    1039.1278076171875,
    824.4095458984375,
    -1.0
   ],
   [
    815.458984375,
    815.3619384765625,
    -1.0
   ]
  ]
 ],
 "skeleton_percentage": [
  100
 ],
 "angle": [
  292
 ]
}