{
 "frame_index": 1301,
 "skeletons": [
  [
   [
    1016.5255737304688,
    425.1419677734375,
    0.988
   ],
   [
    1034.6812744140625,
    407.5082702636719,
    0.923
   ],
   [
    997.3053588867188,
    399.97216796875,
    0.987
   ],
   [
    1041.992919921875,
    423.3915710449219,
    -1.0
   ],
   [
    947.2721557617188,
    404.0169677734375,
    0.93
   ],
   [
    1042.8988037109375,
    546.6867065429688,
    0.942
   ],
   [
    868.7565307617188,
    505.83380126953125,
    0.983
   ],
   [
    1068.5340576171875,
    709.3172607421875,
    0.607
   ],
   [
    730.1358032226562,
    656.136962890625,
    0.893
   ],
   [
    1098.198974609375,
    725.66943359375,
    -1.0
   ],
   [
    720.5242919921875,
    739.03466796875,
    0.794
   ],
   [
    988.1401977539062,
    823.6331176757812,
    0.529
   ],
   [
    869.447265625,
    812.038330078125,
    0.663
   ],
   [
    1044.72119140625,
    872.557373046875,
    -1.0
   ],
   [
    885.6871337890625,
    851.52490234375,
    -1.0
   ],
   [
    1020.3590698242188,
    891.49951171875,
    -1.0
   ],
   [
    832.536376953125,
    885.9517822265625,
    -1.0
   ]
  ]
 ],
 "skeleton_percentage": [
  100
 ],
 "angle": [
  299
 ]
}