{
 "frame_index": 1302,
 "skeletons": [
  [
   [
    1017.2989501953125,
    424.7156066894531,
    0.988
   ],
   [
    1035.2080078125,
    407.24560546875,
    0.92
   ],
   [
    998.0520629882812,
    399.6819763183594,
    0.987
   ],
   [
    1041.9117431640625,
    423.517822265625,
    -1.0
   ],
   [
    947.4129638671875,
    404.14727783203125,
    0.931
   ],
   [
    1043.1595458984375,
    547.1911010742188,
    0.942
   ],
   [
    868.103271484375,
    506.25689697265625,
    0.982
   ],
   [
    1069.224365234375,
    710.3643798828125,
    0.607
   ],
   [
    730.066162109375,
    657.332275390625,
    0.892
   ],
   [
    1097.574951171875,
    725.6651611328125,
    -1.0
   ],
   [
    721.4397583007812,
    740.991943359375,
    0.792
   ],
   [
    988.367431640625,
    823.5302734375,
    0.524
   ],
   [
    868.9552001953125,
    811.8967895507812,
    0.657
   ],
   [
    1044.651611328125,
    873.100830078125,
    -1.0
   ],
   [
    884.6534423828125,
    851.8617553710938,
    -1.0
   ],
   [
    1020.9910888671875,
    890.0564575195312,
    -1.0
   ],
   [
    832.2445678710938,
    884.4139404296875,
    -1.0
   ]
  ]
 ],
 "skeleton_percentage": [
  100
 ],
 "angle": [
  299
 ]
}