{
 "frame_index": 1303,
 "skeletons": [
  [
   [
    1027.7755126953125,
    419.10540771484375,
    0.992
   ],
   [
    1050.94970703125,
    401.7986755371094,
    0.948
   ],
   [
    1007.4522705078125,
    392.84033203125,
    0.992
   ],
   [
    1067.240234375,
    425.2994384765625,
    -1.0
   ],
   [
    960.603515625,
    402.8559265136719,
    0.937
   ],
   [
    1078.3436279296875,
    553.59423828125,
    0.934
   ],
   [
    883.5423583984375,
    507.6910400390625,
    0.986
   ],
   [
    1110.3466796875,
    726.0408935546875,
    0.526
   ],
   [
    756.07080078125,
    652.7100219726562,
    0.909
   ],
   [
    1137.898681640625,
    718.2540283203125,
    -1.0
   ],
   [
    750.8516235351562,
    672.42822265625,
    0.817
   ],
   [
    1015.603515625,
    836.6795654296875,
    0.606
   ],
   [
    881.6702880859375,
    821.3377685546875,
    0.769
   ],
   [
    1096.992919921875,
    918.5355834960938,
    -1.0
   ],
   [
    894.794677734375,
    892.716796875,
    -1.0
   ],
   [
    1097.8587646484375,
    1002.7310791015625,
    -1.0
   ],
   [
    843.65234375,
    989.4488525390625,
    -1.0
   ]
  ],
  [
   [
    1027.326416015625,
    418.86456298828125,
    0.991
   ],
   [
    1050.244873046875,
    401.35064697265625,
    0.941
   ],
   [
    1007.27734375,
    391.77264404296875,
    0.991
   ],
   [
    1066.135498046875,
    425.0218505859375,
    -1.0
   ],
   [
    960.791748046875,
    400.7320556640625,
    0.936
   ],
   [
    1075.77099609375,
    549.712890625,
    0.919
   ],
   [
    882.474853515625,
    508.6262512207031,
    0.985
   ],
   [
    1098.270751953125,
    718.30615234375,
    -1.0
   ],
   [
    755.645263671875,
    658.505126953125,
    0.902
   ],
   [
    1142.1162109375,
    715.969482421875,
    -1.0
   ],
   [
    761.591796875,
    675.7040405273438,
    0.794
   ],
   [
    1031.191162109375,
    844.382568359375,
    0.598
   ],
   [
    897.189453125,
    832.046875,
    0.778
   ],
   [
    1095.652099609375,
    938.6651000976562,
    -1.0
   ],
   [
    895.3756103515625,
    919.2081298828125,
    -1.0
   ],
   [
    1081.4517822265625,
    1041.765869140625,
    -1.0
   ],
   [
    835.3064575195312,
    1030.5123291015625,
    -1.0
   ]
  ]
 ],
 "skeleton_percentage": [
  100,
  100
 ],
 "angle": [
  306,
  216
 ]
}