{
 "frame_index": 1304,
 "skeletons": [
  [
   [
    1044.7125244140625,
    422.86468505859375,
    0.985
   ],
   [
    1064.1873779296875,
    404.68280029296875,
    0.929
   ],
   [
    1024.5516357421875,
    398.00830078125,
    0.982
   ],
   [
    1075.096435546875,
    419.99700927734375,
    -1.0
   ],
   [
    974.1187133789062,
    403.6401672363281,
    0.891
   ],
   [
    1094.4346923828125,
    538.8027954101562,
    0.93
   ],
   [
    901.8305053710938,
    506.8128662109375,
    0.984
   ],
   [
    1140.566650390625,
    686.0057373046875,
    0.638
   ],
   [
    788.3240966796875,
    642.129150390625,
    0.916
   ],
   [
    1154.919921875,
    698.1801147460938,
    0.582
   ],
   [
    750.432861328125,
    698.229248046875,
    0.848
   ],
   [
    1045.42333984375,
    815.365478515625,
    0.631
   ],
   [
    913.9393310546875,
    805.1036376953125,
    0.769
   ],
   [
    1085.526123046875,
    879.1607666015625,
    -1.0
   ],
   [
    902.624267578125,
    859.6345825195312,
    -1.0
   ],
   [
    1075.130615234375,
    929.2884521484375,
    -1.0
   ],
   [
    875.85498046875,
    919.2056884765625,
    -1.0
   ]
  ]
 ],
 "skeleton_percentage": [
  100
 ],
 "angle": [
  334
 ]
}