{
 "frame_index": 1305,
 "skeletons": [
  [
   [
    1044.736572265625,
    418.79913330078125,
    0.99
   ],
   [
    1059.939208984375,
    403.69061279296875,
    0.914
   ],
   [
    1026.7608642578125,
    396.93841552734375,
    0.991
   ],
   [
    1068.054443359375,
    425.2900085449219,
    -1.0
   ],
   [
    978.2708129882812,
    406.7406921386719,
    0.941
   ],
   [
    1092.222900390625,
    550.5609741210938,
    0.946
   ],
   [
    901.52978515625,
    503.6258544921875,
    0.984
   ],
   [
    1145.718994140625,
    711.35791015625,
    0.618
   ],
   [
    793.6635131835938,
    633.1554565429688,
    0.912
   ],
   [
    1177.0279541015625,
    717.6325073242188,
    0.506
   ],
   [
    744.3045043945312,
    704.4336547851562,
    0.823
   ],
   [
    1036.087158203125,
    810.3126220703125,
    0.659
   ],
   [
    903.5426025390625,
    793.0069580078125,
    0.784
   ],
   [
    1114.693115234375,
    894.7086181640625,
    -1.0
   ],
   [
    894.9298095703125,
    865.965576171875,
    -1.0
   ],
   [
    1131.0970458984375,
    964.5302124023438,
    -1.0
   ],
   [
    855.2186279296875,
    953.824462890625,
    -1.0
   ]
  ]
 ],
 "skeleton_percentage": [
  100
 ],
 "angle": [
  333
 ]
}