{
 "frame_index": 1306,
 "skeletons": [
  [
   [
    1051.307861328125,
    415.0521240234375,
    0.99
   ],
   [
    1070.5572509765625,
    399.96673583984375,
    0.95
   ],
   [
    1033.2265625,
    396.0464172363281,
    0.987
   ],
   [
    1086.4603271484375,
    422.52117919921875,
    -1.0
   ],
   [
    994.7360229492188,
    412.17694091796875,
    0.911
   ],
   [
    1121.529296875,
    541.8214721679688,
    0.962
   ],
   [
    924.87744140625,
    506.9621887207031,
    0.99
   ],
   [
    1164.611328125,
    704.5953369140625,
    0.708
   ],
   [
    829.220703125,
    637.851806640625,
    0.932
   ],
   [
    1173.2098388671875,
    732.1988525390625,
    0.603
   ],
   [
    785.412841796875,
    717.17333984375,
    0.844
   ],
   [
    1057.34130859375,
    788.6575927734375,
    0.785
   ],
   [
    926.8780517578125,
    773.5294189453125,
    0.872
   ],
   [
    1093.363037109375,
    910.6171875,
    -1.0
   ],
   [
    913.18505859375,
    886.34814453125,
    -1.0
   ],
   [
    1084.396484375,
    973.287109375,
    -1.0
   ],
   [
    899.2296752929688,
    967.548828125,
    -1.0
   ]
  ]
 ],
 "skeleton_percentage": [
  100
 ],
 "angle": [
  43
 ]
}