{
 "frame_index": 1307,
 "skeletons": [
  [
   [
    1051.5474853515625,
    415.38079833984375,
    0.99
   ],
   [
    1070.732666015625,
    400.3971862792969,
    0.949
   ],
   [
    1033.6822509765625,
    396.2793273925781,
    0.987
   ],
   [
    1086.2708740234375,
    422.9956970214844,
    -1.0
   ],
   [
    995.2254638671875,
    412.11297607421875,
    0.913
   ],
   [
    1121.6004638671875,
    542.1187133789062,
    0.963
   ],
   [
    924.8260498046875,
    506.85369873046875,
    0.991
   ],
   [
    1164.5323486328125,
    704.9520263671875,
    0.708
   ],
   [
    830.4805297851562,
    638.1648559570312,
    0.934
   ],
   [
    1171.35302734375,
    730.8934936523438,
    0.604
   ],
   [
    786.6674194335938,
    718.6802978515625,
    0.848
   ],
   [
    1057.6304931640625,
    791.041259765625,
    0.8
   ],
   [
    927.3455200195312,
    775.7136840820312,
    0.883
   ],
   [
    1092.0302734375,
    920.0596923828125,
    -1.0
   ],
   [
    914.1275634765625,
    895.2778930664062,
    -1.0
   ],
   [
    1081.969482421875,
    988.0775146484375,
    -1.0
   ],
   [
    901.2921752929688,
    981.5780029296875,
    -1.0
   ]
  ]
 ],
 "skeleton_percentage": [
  100
 ],
 "angle": [
  46
 ]
}