{
 "frame_index": 1308,
 "skeletons": [
  [
   [
    1062.033935546875,
    412.420166015625,
    0.99
   ],
   [
    1080.1785888671875,
    396.529541015625,
    0.942
   ],
   [
    1044.781005859375,
    393.2589111328125,
    0.983
   ],
   [
    1098.96826171875,
    415.7867431640625,
    0.602
   ],
   [
    1011.9684448242188,
    406.2725830078125,
    0.916
   ],
   [
    1141.6500244140625,
    543.031982421875,
    0.985
   ],
   [
    946.7884521484375,
    512.13232421875,
    0.995
   ],
   [
    1188.15087890625,
    704.9067993164062,
    0.843
   ],
   [
    848.2415771484375,
    648.28955078125,
    0.962
   ],
   [
    1211.4581298828125,
    777.369384765625,
    0.787
   ],
   [
    827.4832763671875,
    769.6904296875,
    0.919
   ],
   [
    1083.82666015625,
    793.4232177734375,
    0.931
   ],
   [
    963.9559326171875,
    778.6089477539062,
    0.961
   ],
   [
    1036.6988525390625,
    973.14892578125,
    0.559
   ],
   [
    927.2565307617188,
    953.85986328125,
    0.683
   ],
   [
    995.8815307617188,
    1056.1058349609375,
    -1.0
   ],
   [
    930.0027465820312,
    1053.34375,
    -1.0
   ]
  ],
  [
   [
    1063.3314208984375,
    412.4837646484375,
    0.989
   ],
   [
    1081.75634765625,
    396.46466064453125,
    0.952
   ],
   [
    1045.618896484375,
    394.58038330078125,
    0.985
   ],
   [
    1098.7939453125,
    416.935791015625,
    0.583
   ],
   [
    1011.9373779296875,
    411.59930419921875,
    0.908
   ],
   [
    1144.431640625,
    533.5679321289062,
    0.967
   ],
   [
    945.0730590820312,
    511.2790832519531,
    0.992
   ],
   [
    1194.9185791015625,
    685.30029296875,
    0.729
   ],
   [
    853.7415771484375,
    639.0482177734375,
    0.941
   ],
   [
    1196.69873046875,
    744.8333129882812,
    0.627
   ],
   [
    802.560791015625,
    729.4154663085938,
    0.857
   ],
   [
    1080.534423828125,
    787.0204467773438,
    0.849
   ],
   [
    951.8533935546875,
    775.9271850585938,
    0.917
   ],
   [
    1095.7237548828125,
    950.6722412109375,
    -1.0
   ],
   [
    935.890869140625,
    934.2628784179688,
    -1.0
   ],
   [
    1070.0606689453125,
    1037.828857421875,
    -1.0
   ],
   [
    927.8848876953125,
    1035.964111328125,
    -1.0
   ]
  ]
 ],
 "skeleton_percentage": [
  100,
  100
 ],
 "angle": [
  164,
  69
 ]
}