{
 "frame_index": 1309,
 "skeletons": [
  [
   [
    1076.8753662109375,
    407.04400634765625,
    0.991
   ],
   [
    1094.0662841796875,
    390.8319396972656,
    0.944
   ],
   [
    1057.6748046875,
    389.08648681640625,
    0.983
   ],
   [
    1112.47705078125,
    410.70159912109375,
    0.595
   ],
   [
    1021.5840454101562,
    406.0084533691406,
    0.913
   ],
   [
    1155.40625,
    539.7174682617188,
    0.989
   ],
   [
    960.509765625,
    516.6575317382812,
    0.996
   ],
   [
    1197.798583984375,
    701.6996459960938,
    0.899
   ],
   [
    871.4192504882812,
    655.125244140625,
    0.975
   ],
   [
    1212.6654052734375,
    786.6873779296875,
    0.864
   ],
   [
    856.2935791015625,
    765.033935546875,
    0.948
   ],
   [
    1089.417724609375,
    798.6586303710938,
    0.958
   ],
   [
    967.9346923828125,
    785.5497436523438,
    0.976
   ],
   [
    1032.2056884765625,
    983.94189453125,
    0.634
   ],
   [
    921.257080078125,
    970.1973876953125,
    0.741
   ],
   [
    980.6954956054688,
    1054.5582275390625,
    -1.0
   ],
   [
    910.190185546875,
    1056.691162109375,
    -1.0
   ]
  ]
 ],
 "skeleton_percentage": [
  100
 ],
 "angle": [
  155
 ]
}