{
 "frame_index": 1310,
 "skeletons": [
  [
   [
    1076.415283203125,
    406.92718505859375,
    0.991
   ],
   [
    1093.779052734375,
    390.7078857421875,
    0.945
   ],
   [
    1057.280029296875,
    388.9704895019531,
    0.983
   ],
   [
    1112.649169921875,
    410.72100830078125,
    0.606
   ],
   [
    1021.6309814453125,
    406.0588073730469,
    0.912
   ],
   [
    1156.4176025390625,
    540.0166015625,
    0.989
   ],
   [
    960.3111572265625,
    517.1434326171875,
    0.996
   ],
   [
    1198.2210693359375,
    702.220947265625,
    0.899
   ],
   [
    871.1394653320312,
    655.4005737304688,
    0.975
   ],
   [
    1213.2572021484375,
    787.8436889648438,
    0.862
   ],
   [
    856.0517578125,
    764.40380859375,
    0.948
   ],
   [
    1090.386962890625,
    799.540771484375,
    0.958
   ],
   [
    967.9049072265625,
    786.4381713867188,
    0.977
   ],
   [
    1033.0057373046875,
    984.8836669921875,
    0.634
   ],
   [
    919.358642578125,
    971.3338623046875,
    0.742
   ],
   [
    980.87646484375,
    1055.5616455078125,
    -1.0
   ],
   [
    907.59521484375,
    1057.7333984375,
    -1.0
   ]
  ]
 ],
 "skeleton_percentage": [
  100
 ],
 "angle": [
  156
 ]
}