{
 "frame_index": 1311,
 "skeletons": [
  [
   [
    1089.902587890625,
    402.086669921875,
    0.984
   ],
   [
    1106.2919921875,
    385.92901611328125,
    0.933
   ],
   [
    1069.1680908203125,
    384.63641357421875,
    0.971
   ],
   [
    1123.301025390625,
    411.28448486328125,
    0.613
   ],
   [
    1034.021484375,
    408.63848876953125,
    0.887
   ],
   [
    1177.256103515625,
    540.85791015625,
    0.979
   ],
   [
    967.9246215820312,
    524.9102172851562,
    0.99
   ],
   [
    1235.777587890625,
    708.4993286132812,
    0.796
   ],
   [
    884.28564453125,
    677.774169921875,
    0.914
   ],
   [
    1219.289794921875,
    794.0408935546875,
    0.631
   ],
   [
    868.6089477539062,
    763.89990234375,
    0.791
   ],
   [
    1125.412841796875,
    826.1918334960938,
    0.757
   ],
   [
    988.0277709960938,
    819.7443237304688,
    0.829
   ],
   [
    1147.1845703125,
    928.7890625,
    -1.0
   ],
   [
    966.1839599609375,
    922.509033203125,
    -1.0
   ],
   [
    1121.5723876953125,
    970.0040283203125,
    -1.0
   ],
   [
    960.4068603515625,
    975.5282592773438,
    -1.0
   ]
  ]
 ],
 "skeleton_percentage": [
  100
 ],
 "angle": [
  78
 ]
}