{
 "frame_index": 1312,
 "skeletons": [
  [
   [
    1093.889404296875,
    403.43511962890625,
    0.986
   ],
   [
    1114.477783203125,
    387.3818664550781,
    0.956
   ],
   [
    1074.3787841796875,
    383.5207214355469,
    0.974
   ],
   [
    1134.3740234375,
    412.90838623046875,
    0.654
   ],
   [
    1038.3314208984375,
    404.7110595703125,
    0.843
   ],
   [
    1182.663330078125,
    537.2264404296875,
    0.962
   ],
   [
    979.4269409179688,
    524.9927368164062,
    0.987
   ],
   [
    1236.60791015625,
    699.4908447265625,
    0.725
   ],
   [
    905.0560302734375,
    679.3104248046875,
    0.893
   ],
   [
    1219.899169921875,
    766.9239501953125,
    0.605
   ],
   [
    856.41015625,
    743.1610107421875,
    0.777
   ],
   [
    1124.8043212890625,
    818.14794921875,
    0.748
   ],
   [
    993.3026733398438,
    808.686767578125,
    0.824
   ],
   [
    1099.2728271484375,
    939.145751953125,
    -1.0
   ],
   [
    944.5885620117188,
    925.1455078125,
    -1.0
   ],
   [
    1052.85546875,
    1011.8082275390625,
    -1.0
   ],
   [
    931.0390625,
    997.5836791992188,
    -1.0
   ]
  ],
  [
   [
    1095.0888671875,
    402.3284912109375,
    0.986
   ],
   [
    1114.406005859375,
    386.38897705078125,
    0.931
   ],
   [
    1075.775146484375,
    382.7148742675781,
    0.969
   ],
   [
    1135.4744873046875,
    411.2110290527344,
    0.61
   ],
   [
    1039.109375,
    403.39227294921875,
    0.848
   ],
   [
    1185.469970703125,
    540.869873046875,
    0.985
   ],
   [
    975.9332885742188,
    523.6914672851562,
    0.993
   ],
   [
    1235.6126708984375,
    706.9555053710938,
    0.888
   ],
   [
    894.7999877929688,
    676.6279296875,
    0.961
   ],
   [
    1210.330810546875,
    798.212890625,
    0.839
   ],
   [
    867.5106201171875,
    780.063720703125,
    0.924
   ],
   [
    1111.150146484375,
    815.5582275390625,
    0.943
   ],
   [
    978.0704956054688,
    803.434814453125,
    0.965
   ],
   [
    1060.529052734375,
    977.487060546875,
    0.579
   ],
   [
    926.423583984375,
    963.62646484375,
    0.675
   ],
   [
    1004.5335693359375,
    1075.623291015625,
    -1.0
   ],
   [
    923.2000732421875,
    1066.7991943359375,
    -1.0
   ]
  ]
 ],
 "skeleton_percentage": [
  100,
  100
 ],
 "angle": [
  81,
  147
 ]
}