{
 "frame_index": 1313,
 "skeletons": [
  [
   [
    1096.3406982421875,
    400.08453369140625,
    0.987
   ],
   [
    1114.46435546875,
    383.8726501464844,
    0.957
   ],
   [
    1076.519287109375,
    382.6109619140625,
    0.976
   ],
   [
    1135.7744140625,
    409.6409912109375,
    0.708
   ],
   [
    1045.77001953125,
    407.46856689453125,
    0.867
   ],
   [
    1194.7740478515625,
    534.1531982421875,
    0.978
   ],
   [
    982.44091796875,
    530.7167358398438,
    0.988
   ],
   [
    1265.57763671875,
    688.4559326171875,
    0.771
   ],
   [
    917.8994750976562,
    686.8739013671875,
    0.878
   ],
   [
    1266.4835205078125,
    758.1522216796875,
    0.589
   ],
   [
    897.3898315429688,
    758.3047485351562,
    0.716
   ],
   [
    1141.43310546875,
    809.8800659179688,
    0.736
   ],
   [
    1003.2864990234375,
    806.9569091796875,
    0.797
   ],
   [
    1152.53076171875,
    909.831298828125,
    -1.0
   ],
   [
    971.3658447265625,
    907.1405029296875,
    -1.0
   ],
   [
    1122.8006591796875,
    963.9432373046875,
    -1.0
   ],
   [
    972.242919921875,
    965.9912109375,
    -1.0
   ]
  ]
 ],
 "skeleton_percentage": [
  100
 ],
 "angle": [
  82
 ]
}