{
 "frame_index": 1314,
 "skeletons": [
  [
   [
    1096.5665283203125,
    400.015869140625,
    0.99
   ],
   [
    1115.838623046875,
    384.13531494140625,
    0.967
   ],
   [
    1077.09619140625,
    382.53302001953125,
    0.984
   ],
   [
    1137.137939453125,
    411.14385986328125,
    0.671
   ],
   [
    1042.6390380859375,
    408.49578857421875,
    0.864
   ],
   [
    1195.8983154296875,
    534.572509765625,
    0.965
   ],
   [
    976.671142578125,
    534.6493530273438,
    0.984
   ],
   [
    1266.84423828125,
    690.30322265625,
    0.702
   ],
   [
    913.2467651367188,
    692.5072021484375,
    0.855
   ],
   [
    1261.933349609375,
    745.9546508789062,
    0.557
   ],
   [
    887.6453247070312,
    762.0565795898438,
    0.7
   ],
   [
    1140.6480712890625,
    801.0692138671875,
    0.66
   ],
   [
    996.9611206054688,
    797.9364013671875,
    0.731
   ],
   [
    1151.20849609375,
    935.1289672851562,
    -1.0
   ],
   [
    963.375732421875,
    927.6644897460938,
    -1.0
   ],
   [
    1127.420166015625,
    1001.6572265625,
    -1.0
   ],
   [
    955.3335571289062,
    994.6044921875,
    -1.0
   ]
  ]
 ],
 "skeleton_percentage": [
  100
 ],
 "angle": [
  82
 ]
}