{
 "frame_index": 1315,
 "skeletons": [
  [
   [
    1094.9019775390625,
    400.7276916503906,
    0.988
   ],
   [
    1113.294189453125,
    384.56329345703125,
    0.971
   ],
   [
    1074.768310546875,
    383.7720947265625,
    0.981
   ],
   [
    1136.6600341796875,
    410.852783203125,
    0.756
   ],
   [
    1042.6673583984375,
    410.3681640625,
    0.852
   ],
   [
    1202.474609375,
    531.448486328125,
    0.959
   ],
   [
    979.1495361328125,
    541.8154907226562,
    0.981
   ],
   [
    1284.012451171875,
    678.0624389648438,
    0.672
   ],
   [
    919.6572875976562,
    700.3607177734375,
    0.824
   ],
   [
    1257.607666015625,
    715.241943359375,
    0.537
   ],
   [
    926.4725341796875,
    734.7885131835938,
    0.67
   ],
   [
    1165.4093017578125,
    798.4788208007812,
    0.515
   ],
   [
    1018.65087890625,
    802.2416381835938,
    0.59
   ],
   [
    1201.7276611328125,
    845.046142578125,
    -1.0
   ],
   [
    1000.149169921875,
    843.6109619140625,
    -1.0
   ],
   [
    1191.202392578125,
    903.078369140625,
    -1.0
   ],
   [
    996.8865966796875,
    895.1597900390625,
    -1.0
   ]
  ]
 ],
 "skeleton_percentage": [
  100
 ],
 "angle": [
  81
 ]
}