{
 "frame_index": 1316,
 "skeletons": [
  [
   [
    1095.092529296875,
    398.09698486328125,
    0.989
   ],
   [
    1111.6451416015625,
    383.77825927734375,
    0.965
   ],
   [
    1074.6954345703125,
    383.4529724121094,
    0.976
   ],
   [
    1135.4407958984375,
    413.7301940917969,
    0.717
   ],
   [
    1042.8697509765625,
    415.6453857421875,
    0.81
   ],
   [
    1204.115478515625,
    532.552001953125,
    0.976
   ],
   [
    979.459228515625,
    550.1830444335938,
    0.982
   ],
   [
    1297.983154296875,
    662.2109375,
    0.82
   ],
   [
    926.5355224609375,
    711.6266479492188,
    0.861
   ],
   [
    1330.338134765625,
    696.6353149414062,
    0.696
   ],
   [
    923.2838745117188,
    772.6336669921875,
    0.728
   ],
   [
    1169.8848876953125,
    795.7137451171875,
    0.624
   ],
   [
    1018.690185546875,
    802.440673828125,
    0.651
   ],
   [
    1200.323974609375,
    865.845458984375,
    -1.0
   ],
   [
    982.4705200195312,
    871.6549072265625,
    -1.0
   ],
   [
    1183.2445068359375,
    885.09814453125,
    -1.0
   ],
   [
    970.83837890625,
    887.3468017578125,
    -1.0
   ]
  ]
 ],
 "skeleton_percentage": [
  100
 ],
 "angle": [
  82
 ]
}