{
 "frame_index": 1317,
 "skeletons": [
  [
   [
    1095.105712890625,
    398.21685791015625,
    0.989
   ],
   [
    1111.563232421875,
    383.8389587402344,
    0.965
   ],
   [
    1074.7769775390625,
    383.62066650390625,
    0.976
   ],
   [
    1135.2010498046875,
    413.4917907714844,
    0.716
   ],
   [
    1043.054931640625,
    415.6434631347656,
    0.81
   ],
   [
    1203.677490234375,
    532.3533935546875,
    0.976
   ],
   [
    980.178955078125,
    549.7474975585938,
    0.982
   ],
   [
    1297.6168212890625,
    662.0809936523438,
    0.823
   ],
   [
    927.0966796875,
    710.1688232421875,
    0.862
   ],
   [
    1328.8863525390625,
    698.3204956054688,
    0.7
   ],
   [
    919.4647216796875,
    774.0693359375,
    0.73
   ],
   [
    1168.405517578125,
    795.421875,
    0.631
   ],
   [
    1018.1592407226562,
    801.814453125,
    0.657
   ],
   [
    1197.8719482421875,
    866.8482666015625,
    -1.0
   ],
   [
    981.91357421875,
    872.186279296875,
    -1.0
   ],
   [
    1180.819091796875,
    885.869384765625,
    -1.0
   ],
   [
    970.783447265625,
    887.990478515625,
    -1.0
   ]
  ]
 ],
 "skeleton_percentage": [
  100
 ],
 "angle": [
  82
 ]
}