{
 "frame_index": 1318,
 "skeletons": [
  [
   [
    1092.8089599609375,
    402.7779541015625,
    0.988
   ],
   [
    1109.219482421875,
    387.60064697265625,
    0.974
   ],
   [
    1071.25390625,
    389.1087341308594,
    0.979
   ],
   [
    1133.9705810546875,
    414.23724365234375,
    0.8
   ],
   [
    1042.8671875,
    420.0958251953125,
    0.832
   ],
   [
    1204.0687255859375,
    524.5850219726562,
    0.969
   ],
   [
    985.7130126953125,
    549.0546875,
    0.98
   ],
   [
    1300.8983154296875,
    651.0503540039062,
    0.766
   ],
   [
    939.3458251953125,
    708.9603271484375,
    0.827
   ],
   [
    1306.62353515625,
    692.462646484375,
    0.633
   ],
   [
    957.6649169921875,
    761.1769409179688,
    0.674
   ],
   [
    1170.6943359375,
    779.0460205078125,
    0.544
   ],
   [
    1025.7989501953125,
    789.7194213867188,
    0.58
   ],
   [
    1221.595947265625,
    808.356201171875,
    -1.0
   ],
   [
    1004.8218994140625,
    816.9605712890625,
    -1.0
   ],
   [
    1214.5406494140625,
    850.62060546875,
    -1.0
   ],
   [
    989.336669921875,
    854.4310302734375,
    -1.0
   ]
  ]
 ],
 "skeleton_percentage": [
  100
 ],
 "angle": [
  84
 ]
}