{
 "frame_index": 1319,
 "skeletons": [
  [
   [
    1083.056396484375,
    404.7340087890625,
    0.988
   ],
   [
    1099.404296875,
    387.9269714355469,
    0.968
   ],
   [
    1060.5443115234375,
    392.46875,
    0.973
   ],
   [
    1127.400634765625,
    413.87615966796875,
    0.771
   ],
   [
    1033.486083984375,
    426.7202453613281,
    0.783
   ],
   [
    1198.8031005859375,
    528.4061889648438,
    0.973
   ],
   [
    985.6939697265625,
    557.9888916015625,
    0.981
   ],
   [
    1290.38427734375,
    653.4105834960938,
    0.801
   ],
   [
    945.6588134765625,
    722.6592407226562,
    0.86
   ],
   [
    1332.4111328125,
    679.7572631835938,
    0.672
   ],
   [
    941.6812133789062,
    816.4381713867188,
    0.706
   ],
   [
    1179.003173828125,
    797.0685424804688,
    0.621
   ],
   [
    1038.08544921875,
    809.5009765625,
    0.663
   ],
   [
    1200.17578125,
    885.0437622070312,
    -1.0
   ],
   [
    1007.162109375,
    896.9735107421875,
    -1.0
   ],
   [
    1181.320556640625,
    891.3116455078125,
    -1.0
   ],
   [
    1005.287353515625,
    909.277587890625,
    -1.0
   ]
  ]
 ],
 "skeleton_percentage": [
  100
 ],
 "angle": [
  84
 ]
}