{
 "frame_index": 1320,
 "skeletons": [
  [
   [
    1076.50927734375,
    412.86761474609375,
    0.987
   ],
   [
    1090.521484375,
    393.22833251953125,
    0.972
   ],
   [
    1053.7020263671875,
    399.1608581542969,
    0.977
   ],
   [
    1114.6807861328125,
    411.8701171875,
    0.793
   ],
   [
    1025.005126953125,
    426.488037109375,
    0.832
   ],
   [
    1192.0982666015625,
    526.05859375,
    0.963
   ],
   [
    979.20654296875,
    557.4226684570312,
    0.98
   ],
   [
    1291.5089111328125,
    655.7803955078125,
    0.712
   ],
   [
    944.101806640625,
    715.1409912109375,
    0.82
   ],
   [
    1293.80615234375,
    672.8250732421875,
    0.592
   ],
   [
    974.9713134765625,
    740.99609375,
    0.675
   ],
   [
    1180.8255615234375,
    797.4354858398438,
    0.518
   ],
   [
    1041.956787109375,
    811.9697265625,
    0.573
   ],
   [
    1211.052734375,
    826.9945678710938,
    -1.0
   ],
   [
    1023.0031127929688,
    841.5704345703125,
    -1.0
   ],
   [
    1204.0052490234375,
    871.5234375,
    -1.0
   ],
   [
    1025.2325439453125,
    887.0335693359375,
    -1.0
   ]
  ]
 ],
 "skeleton_percentage": [
  100
 ],
 "angle": [
  84
 ]
}