{
 "frame_index": 1321,
 "skeletons": [
  [
   [
    1055.1334228515625,
    417.3741760253906,
    0.982
   ],
   [
    1071.408203125,
    396.8312072753906,
    0.973
   ],
   [
    1035.06591796875,
    404.5908203125,
    0.957
   ],
   [
    1105.4935302734375,
    414.9789733886719,
    0.875
   ],
   [
    1018.0922241210938,
    432.340576171875,
    0.708
   ],
   [
    1187.2408447265625,
    527.5536499023438,
    0.968
   ],
   [
    977.0101318359375,
    563.4036865234375,
    0.972
   ],
   [
    1279.04541015625,
    652.2662963867188,
    0.781
   ],
   [
    937.6370849609375,
    718.979248046875,
    0.765
   ],
   [
    1277.6083984375,
    655.9217529296875,
    0.666
   ],
   [
    976.415771484375,
    734.5418701171875,
    0.621
   ],
   [
    1172.908203125,
    801.864013671875,
    0.569
   ],
   [
    1034.552490234375,
    817.7508544921875,
    0.559
   ],
   [
    1202.549560546875,
    841.388671875,
    -1.0
   ],
   [
    1013.3659057617188,
    859.3060302734375,
    -1.0
   ],
   [
    1205.409423828125,
    882.4749755859375,
    -1.0
   ],
   [
    1015.9865112304688,
    903.2117919921875,
    -1.0
   ]
  ]
 ],
 "skeleton_percentage": [
  100
 ],
 "angle": [
  84
 ]
}