{
 "frame_index": 1322,
 "skeletons": [
  [
   [
    1042.434814453125,
    417.6054382324219,
    0.981
   ],
   [
    1057.4031982421875,
    396.7686767578125,
    0.973
   ],
   [
    1022.7103271484375,
    405.5673522949219,
    0.957
   ],
   [
    1089.991943359375,
    413.9572448730469,
    0.884
   ],
   [
    1007.4827880859375,
    433.7590026855469,
    0.728
   ],
   [
    1178.013671875,
    528.8013916015625,
    0.963
   ],
   [
    970.9278564453125,
    565.4442749023438,
    0.973
   ],
   [
    1265.7984619140625,
    664.3782958984375,
    0.73
   ],
   [
    933.1990356445312,
    718.36181640625,
    0.753
   ],
   [
    1234.6627197265625,
    714.1180419921875,
    0.582
   ],
   [
    970.6595458984375,
    734.997802734375,
    0.586
   ],
   [
    1169.4482421875,
    805.677734375,
    0.516
   ],
   [
    1034.105224609375,
    820.292724609375,
    0.531
   ],
   [
    1192.1900634765625,
    859.407958984375,
    -1.0
   ],
   [
    1012.2135009765625,
    876.96484375,
    -1.0
   ],
   [
    1190.0101318359375,
    902.5401611328125,
    -1.0
   ],
   [
    1013.877197265625,
    919.21337890625,
    -1.0
   ]
  ]
 ],
 "skeleton_percentage": [
  100
 ],
 "angle": [
  85
 ]
}