{
 "frame_index": 1323,
 "skeletons": [
  [
   [
    1042.525390625,
    417.6389465332031,
    0.981
   ],
   [
    1057.43603515625,
    396.7781066894531,
    0.973
   ],
   [
    1022.87939453125,
    405.4627990722656,
    0.957
   ],
   [
    1089.8997802734375,
    413.7377014160156,
    0.884
   ],
   [
    1007.4537963867188,
    433.32940673828125,
    0.727
   ],
   [
    1177.93603515625,
    528.4365234375,
    0.964
   ],
   [
    970.5013427734375,
    565.7066040039062,
    0.973
   ],
   [
    1266.186767578125,
    663.3528442382812,
    0.732
   ],
   [
    933.1729736328125,
    718.9447631835938,
    0.753
   ],
   [
    1233.328369140625,
    713.0103759765625,
    0.586
   ],
   [
    970.9352416992188,
    734.822998046875,
    0.587
   ],
   [
    1169.882568359375,
    805.0101928710938,
    0.518
   ],
   [
    1034.251953125,
    819.9251708984375,
    0.531
   ],
   [
    1193.10009765625,
    856.7008666992188,
    -1.0
   ],
   [
    1012.890380859375,
    874.4688720703125,
    -1.0
   ],
   [
    1190.790283203125,
    899.9478149414062,
    -1.0
   ],
   [
    1015.01123046875,
    915.9239501953125,
    -1.0
   ]
  ]
 ],
 "skeleton_percentage": [
  100
 ],
 "angle": [
  85
 ]
}