{
 "frame_index": 1324,
 "skeletons": [
  [
   [
    1036.8458251953125,
    421.6293640136719,
    0.984
   ],
   [
    1051.2410888671875,
    401.1104736328125,
    0.974
   ],
   [
    1015.1438598632812,
    409.3829040527344,
    0.967
   ],
   [
    1080.2696533203125,
    418.91802978515625,
    0.853
   ],
   [
    993.8966674804688,
    438.1366882324219,
    0.766
   ],
   [
    1166.5579833984375,
    531.7684326171875,
    0.96
   ],
   [
    956.4475708007812,
    571.4349365234375,
    0.972
   ],
   [
    1255.511962890625,
    669.9002685546875,
    0.715
   ],
   [
    926.4632568359375,
    731.5457763671875,
    0.756
   ],
   [
    1228.5169677734375,
    714.879150390625,
    0.571
   ],
   [
    964.1149291992188,
    735.2677001953125,
    0.6
   ],
   [
    1169.027099609375,
    812.207763671875,
    -1.0
   ],
   [
    1031.7041015625,
    829.3487548828125,
    -1.0
   ],
   [
    1197.6722412109375,
    874.8751220703125,
    -1.0
   ],
   [
    1016.5230712890625,
    895.0184326171875,
    -1.0
   ],
   [
    1189.411865234375,
    914.91748046875,
    -1.0
   ],
   [
    1014.2359619140625,
    931.114013671875,
    -1.0
   ]
  ]
 ],
 "skeleton_percentage": [
  100
 ],
 "angle": [
  86
 ]
}