{
 "frame_index": 1325,
 "skeletons": [
  [
   [
    1026.9482421875,
    427.0994567871094,
    0.985
   ],
   [
    1040.22119140625,
    406.11663818359375,
    0.974
   ],
   [
    1003.4915771484375,
    415.339111328125,
    0.968
   ],
   [
    1068.191650390625,
    423.30615234375,
    0.836
   ],
   [
    979.7598266601562,
    445.089111328125,
    0.765
   ],
   [
    1155.15283203125,
    531.0536499023438,
    0.961
   ],
   [
    948.65771484375,
    576.8699951171875,
    0.97
   ],
   [
    1246.1011962890625,
    667.1211547851562,
    0.742
   ],
   [
    923.09130859375,
    740.7784423828125,
    0.765
   ],
   [
    1230.459716796875,
    707.0930786132812,
    0.603
   ],
   [
    954.4957275390625,
    731.5029296875,
    0.623
   ],
   [
    1173.591552734375,
    804.4557495117188,
    -1.0
   ],
   [
    1036.877685546875,
    825.2374877929688,
    -1.0
   ],
   [
    1210.0458984375,
    841.2850341796875,
    -1.0
   ],
   [
    1015.6792602539062,
    866.6284790039062,
    -1.0
   ],
   [
    1203.8204345703125,
    872.437744140625,
    -1.0
   ],
   [
    1004.5050048828125,
    892.8967895507812,
    -1.0
   ]
  ]
 ],
 "skeleton_percentage": [
  100
 ],
 "angle": [
  87
 ]
}