{
 "frame_index": 1326,
 "skeletons": [
  [
   [
    1027.049560546875,
    427.14971923828125,
    0.985
   ],
   [
    1040.39404296875,
    406.3177185058594,
    0.974
   ],
   [
    1003.68994140625,
    415.3985595703125,
    0.968
   ],
   [
    1068.3472900390625,
    423.5430908203125,
    0.835
   ],
   [
    979.94482421875,
    444.9786071777344,
    0.766
   ],
   [
    1154.7462158203125,
    530.8201904296875,
    0.962
   ],
   [
    948.8369140625,
    576.2088623046875,
    0.971
   ],
   [
    1245.8375244140625,
    665.9982299804688,
    0.744
   ],
   [
    923.2494506835938,
    739.1570434570312,
    0.768
   ],
   [
    1230.8646240234375,
    708.513427734375,
    0.606
   ],
   [
    955.0093994140625,
    732.3056030273438,
    0.626
   ],
   [
    1172.8231201171875,
    803.3695678710938,
    -1.0
   ],
   [
    1036.5103759765625,
    823.9623413085938,
    -1.0
   ],
   [
    1209.0263671875,
    843.6187133789062,
    -1.0
   ],
   [
    1015.74169921875,
    868.7074584960938,
    -1.0
   ],
   [
    1203.0538330078125,
    874.7686157226562,
    -1.0
   ],
   [
    1004.6669921875,
    894.82421875,
    -1.0
   ]
  ]
 ],
 "skeleton_percentage": [
  100
 ],
 "angle": [
  88
 ]
}