{
 "frame_index": 1327,
 "skeletons": [
  [
   [
    1005.8121337890625,
    429.5858459472656,
    0.982
   ],
   [
    1020.838623046875,
    409.1256103515625,
    0.977
   ],
   [
    982.4638671875,
    420.50543212890625,
    0.955
   ],
   [
    1056.3065185546875,
    430.88433837890625,
    0.885
   ],
   [
    964.7564697265625,
    457.61480712890625,
    0.666
   ],
   [
    1146.094970703125,
    534.749755859375,
    0.963
   ],
   [
    938.7511596679688,
    588.5501708984375,
    0.964
   ],
   [
    1237.940673828125,
    674.0803833007812,
    0.759
   ],
   [
    911.0618896484375,
    759.2671508789062,
    0.718
   ],
   [
    1236.558837890625,
    715.9033813476562,
    0.608
   ],
   [
    944.87353515625,
    733.0720825195312,
    0.563
   ],
   [
    1160.739013671875,
    792.7252807617188,
    -1.0
   ],
   [
    1021.9367065429688,
    815.5340576171875,
    -1.0
   ],
   [
    1194.78857421875,
    755.6050415039062,
    -1.0
   ],
   [
    977.2948608398438,
    786.3277587890625,
    -1.0
   ],
   [
    1201.385986328125,
    787.37060546875,
    -1.0
   ],
   [
    964.0980224609375,
    813.067138671875,
    -1.0
   ]
  ]
 ],
 "skeleton_percentage": [
  100
 ],
 "angle": [
  88
 ]
}