{
 "frame_index": 1328,
 "skeletons": [
  [
   [
    1005.12451171875,
    429.81976318359375,
    0.981
   ],
   [
    1020.1729736328125,
    409.27972412109375,
    0.977
   ],
   [
    982.0218505859375,
    420.72210693359375,
    0.954
   ],
   [
    1055.9197998046875,
    430.77166748046875,
    0.886
   ],
   [
    964.7999267578125,
    457.5328674316406,
    0.661
   ],
   [
    1145.6982421875,
    534.6421508789062,
    0.963
   ],
   [
    938.5629272460938,
    588.4147338867188,
    0.964
   ],
   [
    1238.0894775390625,
    673.6642456054688,
    0.761
   ],
   [
    910.7916259765625,
    759.025634765625,
    0.714
   ],
   [
    1236.6112060546875,
    715.6012573242188,
    0.609
   ],
   [
    945.7032470703125,
    733.7968139648438,
    0.559
   ],
   [
    1159.137451171875,
    791.2247314453125,
    -1.0
   ],
   [
    1020.4268188476562,
    813.9788818359375,
    -1.0
   ],
   [
    1193.647216796875,
    750.6392822265625,
    -1.0
   ],
   [
    976.0369262695312,
    781.31298828125,
    -1.0
   ],
   [
    1200.984375,
    781.556396484375,
    -1.0
   ],
   [
    963.40966796875,
    807.3048095703125,
    -1.0
   ]
  ]
 ],
 "skeleton_percentage": [
  100
 ],
 "angle": [
  88
 ]
}