{
 "frame_index": 1329,
 "skeletons": [
  [
   [
    1003.4188842773438,
    432.43280029296875,
    0.983
   ],
   [
    1016.1712646484375,
    412.1763610839844,
    0.976
   ],
   [
    977.8529052734375,
    425.018798828125,
    0.962
   ],
   [
    1047.907958984375,
    434.439208984375,
    0.872
   ],
   [
    957.7454833984375,
    465.47760009765625,
    0.717
   ],
   [
    1141.770263671875,
    534.28466796875,
    0.959
   ],
   [
    936.66455078125,
    591.490966796875,
    0.966
   ],
   [
    1240.154296875,
    669.037841796875,
    0.735
   ],
   [
    912.1058349609375,
    757.4588012695312,
    0.74
   ],
   [
    1243.15185546875,
    712.39404296875,
    0.575
   ],
   [
    942.9281616210938,
    729.4769897460938,
    0.578
   ],
   [
    1164.319580078125,
    792.6258544921875,
    -1.0
   ],
   [
    1026.57763671875,
    816.9154052734375,
    -1.0
   ],
   [
    1199.305908203125,
    789.661376953125,
    -1.0
   ],
   [
    978.0748291015625,
    822.4149169921875,
    -1.0
   ],
   [
    1201.589599609375,
    822.6181640625,
    -1.0
   ],
   [
    951.9263305664062,
    852.6883544921875,
    -1.0
   ]
  ]
 ],
 "skeleton_percentage": [
  100
 ],
 "angle": [
  90
 ]
}