{
 "frame_index": 1330,
 "skeletons": [
  [
   [
    994.2216796875,
    438.8346862792969,
    0.983
   ],
   [
    1006.7462158203125,
    415.13751220703125,
    0.979
   ],
   [
    968.456787109375,
    431.84674072265625,
    0.957
   ],
   [
    1042.8988037109375,
    432.0848693847656,
    0.897
   ],
   [
    952.5380859375,
    470.9632568359375,
    0.668
   ],
   [
    1142.553955078125,
    533.300048828125,
    0.962
   ],
   [
    937.9495239257812,
    598.2064208984375,
    0.963
   ],
   [
    1244.1951904296875,
    668.4332275390625,
    0.758
   ],
   [
    905.83251953125,
    762.9651489257812,
    0.716
   ],
   [
    1236.27783203125,
    719.977783203125,
    0.603
   ],
   [
    926.9661254882812,
    736.2786865234375,
    0.561
   ],
   [
    1165.10986328125,
    799.4510498046875,
    -1.0
   ],
   [
    1028.0755615234375,
    825.8743286132812,
    -1.0
   ],
   [
    1192.978515625,
    788.7860107421875,
    -1.0
   ],
   [
    971.6871337890625,
    825.75,
    -1.0
   ],
   [
    1199.30029296875,
    818.7630615234375,
    -1.0
   ],
   [
    945.0408325195312,
    855.9834594726562,
    -1.0
   ]
  ]
 ],
 "skeleton_percentage": [
  100
 ],
 "angle": [
  91
 ]
}