{
 "frame_index": 1331,
 "skeletons": [
  [
   [
    994.3212890625,
    438.8099365234375,
    0.982
   ],
   [
    1006.7574462890625,
    415.2879638671875,
    0.979
   ],
   [
    968.5723876953125,
    431.941650390625,
    0.956
   ],
   [
    1042.78662109375,
    432.45538330078125,
    0.895
   ],
   [
    952.415283203125,
    471.27374267578125,
    0.667
   ],
   [
    1142.193359375,
    532.9931640625,
    0.96
   ],
   [
    937.4766845703125,
    598.190673828125,
    0.962
   ],
   [
    1243.80126953125,
    667.750244140625,
    0.749
   ],
   [
    905.9525146484375,
    763.1815795898438,
    0.708
   ],
   [
    1237.3572998046875,
    718.2222290039062,
    0.591
   ],
   [
    927.7373657226562,
    735.8382568359375,
    0.55
   ],
   [
    1165.512939453125,
    793.6536865234375,
    -1.0
   ],
   [
    1028.34716796875,
    820.3232421875,
    -1.0
   ],
   [
    1194.2225341796875,
    769.950927734375,
    -1.0
   ],
   [
    971.0079345703125,
    807.1962890625,
    -1.0
   ],
   [
    1201.206787109375,
    798.1507568359375,
    -1.0
   ],
   [
    945.9351806640625,
    835.4188232421875,
    -1.0
   ]
  ]
 ],
 "skeleton_percentage": [
  100
 ],
 "angle": [
  91
 ]
}