{
 "frame_index": 1332,
 "skeletons": [
  [
   [
    993.890869140625,
    438.58270263671875,
    0.98
   ],
   [
    1004.6306762695312,
    415.35540771484375,
    0.977
   ],
   [
    968.3106079101562,
    432.9469299316406,
    0.952
   ],
   [
    1039.3590087890625,
    432.3143005371094,
    0.889
   ],
   [
    952.5367431640625,
    473.6155700683594,
    0.663
   ],
   [
    1140.6373291015625,
    528.4651489257812,
    0.956
   ],
   [
    938.5609130859375,
    599.4039916992188,
    0.958
   ],
   [
    1246.384033203125,
    654.0957641601562,
    0.715
   ],
   [
    910.7999267578125,
    760.4020385742188,
    0.667
   ],
   [
    1249.1416015625,
    703.15771484375,
    0.549
   ],
   [
    936.55712890625,
    728.1439819335938,
    0.505
   ],
   [
    1170.82373046875,
    762.8814697265625,
    -1.0
   ],
   [
    1036.6785888671875,
    792.555419921875,
    -1.0
   ],
   [
    1196.5518798828125,
    683.456298828125,
    -1.0
   ],
   [
    976.5859375,
    725.3732299804688,
    -1.0
   ],
   [
    1204.520263671875,
    711.7769775390625,
    -1.0
   ],
   [
    962.4302978515625,
    752.6537475585938,
    -1.0
   ]
  ]
 ],
 "skeleton_percentage": [
  100
 ],
 "angle": [
  90
 ]
}