{
 "frame_index": 1333,
 "skeletons": [
  [
   [
    997.2105102539062,
    436.44952392578125,
    0.979
   ],
   [
    1007.4569091796875,
    413.714111328125,
    0.976
   ],
   [
    971.0184326171875,
    431.84405517578125,
    0.95
   ],
   [
    1041.685302734375,
    432.01043701171875,
    0.889
   ],
   [
    954.98779296875,
    474.85675048828125,
    0.663
   ],
   [
    1141.936279296875,
    526.0552978515625,
    0.955
   ],
   [
    945.71923828125,
    598.6085815429688,
    0.956
   ],
   [
    1254.749755859375,
    646.2716064453125,
    0.71
   ],
   [
    917.5074462890625,
    755.18994140625,
    0.658
   ],
   [
    1257.252197265625,
    697.4479370117188,
    0.544
   ],
   [
    942.2217407226562,
    727.172119140625,
    -1.0
   ],
   [
    1175.640869140625,
    754.4617919921875,
    -1.0
   ],
   [
    1046.53076171875,
    784.7105712890625,
    -1.0
   ],
   [
    1198.225830078125,
    674.8291015625,
    -1.0
   ],
   [
    989.7562866210938,
    716.3864135742188,
    -1.0
   ],
   [
    1212.7276611328125,
    702.8836669921875,
    -1.0
   ],
   [
    979.844970703125,
    743.1077270507812,
    -1.0
   ]
  ]
 ],
 "skeleton_percentage": [
  100
 ],
 "angle": [
  90
 ]
}