{
 "frame_index": 1334,
 "skeletons": [
  [
   [
    1003.7611083984375,
    429.2723693847656,
    0.98
   ],
   [
    1014.4969482421875,
    407.05780029296875,
    0.977
   ],
   [
    976.2637939453125,
    424.5751647949219,
    0.952
   ],
   [
    1048.37646484375,
    428.970458984375,
    0.885
   ],
   [
    958.4100952148438,
    470.9837951660156,
    0.654
   ],
   [
    1151.5321044921875,
    525.5092163085938,
    0.95
   ],
   [
    951.4912719726562,
    602.943603515625,
    0.95
   ],
   [
    1268.8648681640625,
    638.4298095703125,
    0.694
   ],
   [
    929.9036865234375,
    759.7970581054688,
    0.623
   ],
   [
    1270.2637939453125,
    677.6189575195312,
    0.533
   ],
   [
    941.6987915039062,
    724.8843383789062,
    -1.0
   ],
   [
    1195.218017578125,
    783.4251708984375,
    -1.0
   ],
   [
    1065.0333251953125,
    816.0872802734375,
    -1.0
   ],
   [
    1215.005859375,
    739.84130859375,
    -1.0
   ],
   [
    1017.02734375,
    783.0964965820312,
    -1.0
   ],
   [
    1224.3642578125,
    777.9992065429688,
    -1.0
   ],
   [
    1010.9522705078125,
    816.18603515625,
    -1.0
   ]
  ]
 ],
 "skeleton_percentage": [
  100
 ],
 "angle": [
  89
 ]
}