{
 "frame_index": 1335,
 "skeletons": [
  [
   [
    1003.3394775390625,
    428.8358154296875,
    0.98
   ],
   [
    1014.3030395507812,
    406.89697265625,
    0.977
   ],
   [
    976.0405883789062,
    424.0128479003906,
    0.952
   ],
   [
    1048.2705078125,
    429.1348571777344,
    0.886
   ],
   [
    958.1221923828125,
    470.2718811035156,
    0.652
   ],
   [
    1150.33251953125,
    525.727294921875,
    0.951
   ],
   [
    950.66064453125,
    602.9058837890625,
    0.95
   ],
   [
    1267.6083984375,
    637.4564819335938,
    0.692
   ],
   [
    930.02099609375,
    759.6470947265625,
    0.618
   ],
   [
    1269.194580078125,
    672.9772338867188,
    0.531
   ],
   [
    942.098388671875,
    723.103271484375,
    -1.0
   ],
   [
    1193.426513671875,
    782.4644165039062,
    -1.0
   ],
   [
    1063.74560546875,
    815.0499267578125,
    -1.0
   ],
   [
    1212.8160400390625,
    733.3753051757812,
    -1.0
   ],
   [
    1017.0870361328125,
    776.2274780273438,
    -1.0
   ],
   [
    1222.9810791015625,
    771.7644653320312,
    -1.0
   ],
   [
    1014.037353515625,
    808.8206787109375,
    -1.0
   ]
  ]
 ],
 "skeleton_percentage": [
  100
 ],
 "angle": [
  89
 ]
}