{
 "frame_index": 1336,
 "skeletons": [
  [
   [
    1006.2642822265625,
    428.9533996582031,
    0.98
   ],
   [
    1019.6258544921875,
    404.37249755859375,
    0.981
   ],
   [
    980.5281372070312,
    423.03662109375,
    0.945
   ],
   [
    1060.372802734375,
    423.0528564453125,
    0.907
   ],
   [
    967.967041015625,
    464.94049072265625,
    0.587
   ],
   [
    1164.882080078125,
    523.0482788085938,
    0.955
   ],
   [
    965.4318237304688,
    600.5555419921875,
    0.942
   ],
   [
    1280.060791015625,
    635.167724609375,
    0.738
   ],
   [
    944.131103515625,
    757.573486328125,
    0.592
   ],
   [
    1286.198974609375,
    685.8109130859375,
    0.577
   ],
   [
    958.4990234375,
    735.5147094726562,
    -1.0
   ],
   [
    1205.662353515625,
    810.0604248046875,
    -1.0
   ],
   [
    1074.626953125,
    842.1813354492188,
    -1.0
   ],
   [
    1218.305419921875,
    827.4730224609375,
    -1.0
   ],
   [
    1023.4412841796875,
    871.972412109375,
    -1.0
   ],
   [
    1229.0732421875,
    870.5091552734375,
    -1.0
   ],
   [
    1010.5772094726562,
    911.74951171875,
    -1.0
   ]
  ]
 ],
 "skeleton_percentage": [
  100
 ],
 "angle": [
  87
 ]
}