{
 "frame_index": 1337,
 "skeletons": [
  [
   [
    1019.4395751953125,
    423.986083984375,
    0.986
   ],
   [
    1035.2137451171875,
    395.18096923828125,
    0.969
   ],
   [
    993.5478515625,
    411.2281494140625,
    0.961
   ],
   [
    1074.05078125,
    406.72064208984375,
    0.871
   ],
   [
    980.5201416015625,
    447.9390869140625,
    0.711
   ],
   [
    1161.9193115234375,
    527.9284057617188,
    0.972
   ],
   [
    976.2551879882812,
    607.4774169921875,
    0.989
   ],
   [
    1275.8701171875,
    651.7242431640625,
    0.775
   ],
   [
    961.374755859375,
    802.0462646484375,
    0.917
   ],
   [
    1274.905029296875,
    668.9076538085938,
    0.658
   ],
   [
    894.7601318359375,
    805.6234130859375,
    0.794
   ],
   [
    1135.727783203125,
    905.25341796875,
    0.769
   ],
   [
    1015.8869018554688,
    925.1207275390625,
    0.856
   ],
   [
    1048.0845947265625,
    1021.1214599609375,
    -1.0
   ],
   [
    905.1513671875,
    1050.2237548828125,
    -1.0
   ],
   [
    1020.2545166015625,
    1059.964111328125,
    -1.0
   ],
   [
    905.4654541015625,
    1080.0,
    -1.0
   ]
  ],
  [
   [
    1024.3897705078125,
    428.245849609375,
    0.984
   ],
   [
    1035.8074951171875,
    396.8900146484375,
    0.982
   ],
   [
    991.8242797851562,
    415.2325439453125,
    0.963
   ],
   [
    1078.1038818359375,
    404.52838134765625,
    0.795
   ],
   [
    968.29296875,
    452.33221435546875,
    0.514
   ],
   [
    1174.12158203125,
    531.4364013671875,
    0.975
   ],
   [
    985.8158569335938,
    594.9794311523438,
    0.961
   ],
   [
    1273.872314453125,
    648.95849609375,
    0.794
   ],
   [
    977.367431640625,
    733.4403076171875,
    0.696
   ],
   [
    1236.7427978515625,
    679.4578247070312,
    0.621
   ],
   [
    973.8363647460938,
    732.8221435546875,
    0.522
   ],
   [
    1202.5174560546875,
    816.6546630859375,
    -1.0
   ],
   [
    1074.3779296875,
    841.02880859375,
    -1.0
   ],
   [
    1200.4329833984375,
    778.4573364257812,
    -1.0
   ],
   [
    1051.084228515625,
    796.411376953125,
    -1.0
   ],
   [
    1201.1165771484375,
    812.7423706054688,
    -1.0
   ],
   [
    1080.844970703125,
    846.4569091796875,
    -1.0
   ]
  ]
 ],
 "skeleton_percentage": [
  100,
  100
 ],
 "angle": [
  143,
  83
 ]
}