{
 "frame_index": 1338,
 "skeletons": [
  [
   [
    1020.0648193359375,
    423.0240783691406,
    0.986
   ],
   [
    1035.6900634765625,
    394.32110595703125,
    0.969
   ],
   [
    994.02294921875,
    410.4677734375,
    0.961
   ],
   [
    1073.9324951171875,
    406.2352294921875,
    0.87
   ],
   [
    980.7652587890625,
    447.93695068359375,
    0.72
   ],
   [
    1161.496337890625,
    526.8707275390625,
    0.973
   ],
   [
    975.6428833007812,
    607.561279296875,
    0.99
   ],
   [
    1275.48681640625,
    649.3980102539062,
    0.778
   ],
   [
    960.1058349609375,
    802.4862060546875,
    0.922
   ],
   [
    1272.5767822265625,
    667.296630859375,
    0.662
   ],
   [
    894.2125854492188,
    805.4851684570312,
    0.802
   ],
   [
    1131.4669189453125,
    906.4339599609375,
    0.78
   ],
   [
    1011.6572265625,
    926.3963012695312,
    0.866
   ],
   [
    1041.52783203125,
    1025.87548828125,
    -1.0
   ],
   [
    899.7010498046875,
    1055.379638671875,
    -1.0
   ],
   [
    1009.9879760742188,
    1067.240234375,
    -1.0
   ],
   [
    896.597412109375,
    1080.0,
    -1.0
   ]
  ],
  [
   [
    1025.1524658203125,
    427.6505126953125,
    0.983
   ],
   [
    1036.451416015625,
    396.2265930175781,
    0.982
   ],
   [
    992.3153076171875,
    414.67578125,
    0.962
   ],
   [
    1078.1348876953125,
    403.5544738769531,
    0.796
   ],
   [
    968.1201782226562,
    451.6136169433594,
    0.51
   ],
   [
    1173.3994140625,
    530.1425170898438,
    0.975
   ],
   [
    986.41552734375,
    594.0181884765625,
    0.959
   ],
   [
    1273.511474609375,
    647.3428955078125,
    0.798
   ],
   [
    978.1444702148438,
    732.4019165039062,
    0.682
   ],
   [
    1238.412841796875,
    680.4400634765625,
    0.625
   ],
   [
    974.4512329101562,
    733.6370849609375,
    0.51
   ],
   [
    1201.512451171875,
    817.41943359375,
    -1.0
   ],
   [
    1074.218017578125,
    841.8729248046875,
    -1.0
   ],
   [
    1197.7978515625,
    784.4371337890625,
    -1.0
   ],
   [
    1050.790771484375,
    802.606689453125,
    -1.0
   ],
   [
    1198.486572265625,
    819.468017578125,
    -1.0
   ],
   [
    1080.1953125,
    853.51708984375,
    -1.0
   ]
  ]
 ],
 "skeleton_percentage": [
  100,
  100
 ],
 "angle": [
  143,
  83
 ]
}