{
 "frame_index": 1339,
 "skeletons": [
  [
   [
    1036.7174072265625,
    418.1029052734375,
    0.977
   ],
   [
    1047.499267578125,
    392.16357421875,
    0.975
   ],
   [
    1010.4047241210938,
    407.9661865234375,
    0.94
   ],
   [
    1081.970947265625,
    403.349365234375,
    0.874
   ],
   [
    993.218017578125,
    441.4514465332031,
    0.589
   ],
   [
    1175.8121337890625,
    503.1177062988281,
    0.962
   ],
   [
    993.9131469726562,
    580.2576904296875,
    0.947
   ],
   [
    1288.861328125,
    602.4673461914062,
    0.746
   ],
   [
    978.9991455078125,
    736.764892578125,
    0.593
   ],
   [
    1309.74267578125,
    648.6839599609375,
    0.593
   ],
   [
    969.1622314453125,
    761.10107421875,
    -1.0
   ],
   [
    1224.53662109375,
    728.9016723632812,
    -1.0
   ],
   [
    1107.0224609375,
    762.7315063476562,
    -1.0
   ],
   [
    1248.3162841796875,
    616.416748046875,
    -1.0
   ],
   [
    1067.0401611328125,
    659.12109375,
    -1.0
   ],
   [
    1248.0078125,
    632.5599365234375,
    -1.0
   ],
   [
    1072.8218994140625,
    672.3034057617188,
    -1.0
   ]
  ]
 ],
 "skeleton_percentage": [
  100
 ],
 "angle": [
  84
 ]
}