{
 "frame_index": 1343,
 "skeletons": [
  [
   [
    1140.990478515625,
    359.0437316894531,
    0.949
   ],
   [
    1155.110107421875,
    329.9007568359375,
    0.956
   ],
   [
    1117.9305419921875,
    350.3594055175781,
    0.851
   ],
   [
    1204.9287109375,
    336.31744384765625,
    0.852
   ],
   [
    1106.80810546875,
    381.0332336425781,
    -1.0
   ],
   [
    1294.000244140625,
    428.75433349609375,
    0.939
   ],
   [
    1131.92138671875,
    512.6341552734375,
    0.868
   ],
   [
    1423.4158935546875,
    477.79315185546875,
    0.615
   ],
   [
    1192.4453125,
    600.9541015625,
    -1.0
   ],
   [
    1401.2589111328125,
    487.71685791015625,
    -1.0
   ],
   [
    1242.4068603515625,
    503.01409912109375,
    -1.0
   ],
   [
    1348.05908203125,
    653.3237915039062,
    0.602
   ],
   [
    1242.64794921875,
    685.9061279296875,
    -1.0
   ],
   [
    1347.6011962890625,
    474.92718505859375,
    -1.0
   ],
   [
    1220.516357421875,
    520.4613647460938,
    -1.0
   ],
   [
    1382.6571044921875,
    496.7066345214844,
    0.532
   ],
   [
    1299.21435546875,
    527.4322509765625,
    -1.0
   ]
  ]
 ],
 "skeleton_percentage": [
  100
 ],
 "angle": [
  80
 ]
}