{
 "frame_index": 1344,
 "skeletons": [
  [
   [
    1140.58642578125,
    357.70819091796875,
    0.948
   ],
   [
    1154.927490234375,
    330.010009765625,
    0.956
   ],
   [
    1118.2728271484375,
    349.38623046875,
    0.867
   ],
   [
    1203.791259765625,
    338.2447509765625,
    0.849
   ],
   [
    1106.87890625,
    381.8294677734375,
    -1.0
   ],
   [
    1293.563720703125,
    426.20123291015625,
    0.922
   ],
   [
    1126.5357666015625,
    517.5700073242188,
    0.871
   ],
   [
    1403.033203125,
    461.7567443847656,
    0.506
   ],
   [
    1163.12255859375,
    611.7825927734375,
    -1.0
   ],
   [
    1343.9736328125,
    459.21429443359375,
    -1.0
   ],
   [
    1180.70556640625,
    539.95263671875,
    -1.0
   ],
   [
    1348.974853515625,
    637.2792358398438,
    0.563
   ],
   [
    1241.4971923828125,
    671.6948852539062,
    -1.0
   ],
   [
    1342.79345703125,
    456.14239501953125,
    0.507
   ],
   [
    1211.92041015625,
    500.2436828613281,
    -1.0
   ],
   [
    1368.6192626953125,
    486.9978332519531,
    0.621
   ],
   [
    1288.879150390625,
    513.12060546875,
    0.592
   ]
  ]
 ],
 "skeleton_percentage": [
  100
 ],
 "angle": [
  80
 ]
}