{
 "frame_index": 1345,
 "skeletons": [
  [
   [
    1164.4578857421875,
    341.6767578125,
    0.966
   ],
   [
    1178.325439453125,
    308.5188293457031,
    0.971
   ],
   [
    1141.182373046875,
    331.2330322265625,
    0.865
   ],
   [
    1229.886962890625,
    313.82647705078125,
    0.876
   ],
   [
    1129.4072265625,
    364.68896484375,
    -1.0
   ],
   [
    1342.4609375,
    415.2131652832031,
    0.941
   ],
   [
    1131.947509765625,
    529.4725952148438,
    0.868
   ],
   [
    1459.9820556640625,
    472.5615234375,
    0.748
   ],
   [
    1124.1151123046875,
    678.4411010742188,
    -1.0
   ],
   [
    1373.2322998046875,
    441.01080322265625,
    0.656
   ],
   [
    1156.7666015625,
    628.2440185546875,
    -1.0
   ],
   [
    1412.7880859375,
    737.3794555664062,
    -1.0
   ],
   [
    1267.2734375,
    781.401123046875,
    -1.0
   ],
   [
    1386.4715576171875,
    637.5482177734375,
    -1.0
   ],
   [
    1169.60400390625,
    689.5075073242188,
    -1.0
   ],
   [
    1435.016845703125,
    669.9601440429688,
    -1.0
   ],
   [
    1208.3515625,
    701.8690795898438,
    -1.0
   ]
  ]
 ],
 "skeleton_percentage": [
  100
 ],
 "angle": [
  79
 ]
}