{
 "frame_index": 1346,
 "skeletons": [
  [
   [
    1186.2996826171875,
    327.7366943359375,
    0.975
   ],
   [
    1197.7313232421875,
    294.90338134765625,
    0.979
   ],
   [
    1157.50390625,
    319.76220703125,
    0.932
   ],
   [
    1245.3089599609375,
    304.6619873046875,
    0.914
   ],
   [
    1148.923828125,
    361.2957458496094,
    0.523
   ],
   [
    1371.328125,
    408.03753662109375,
    0.937
   ],
   [
    1156.820556640625,
    502.8798828125,
    0.924
   ],
   [
    1474.1923828125,
    493.76385498046875,
    0.597
   ],
   [
    1151.683837890625,
    631.4302978515625,
    -1.0
   ],
   [
    1416.220458984375,
    454.4737548828125,
    -1.0
   ],
   [
    1221.071533203125,
    473.54876708984375,
    -1.0
   ],
   [
    1434.5775146484375,
    705.6363525390625,
    -1.0
   ],
   [
    1284.9935302734375,
    745.827880859375,
    -1.0
   ],
   [
    1482.778564453125,
    684.7726440429688,
    -1.0
   ],
   [
    1239.269287109375,
    743.5146484375,
    -1.0
   ],
   [
    1486.923828125,
    770.37158203125,
    -1.0
   ],
   [
    1213.7916259765625,
    828.7059326171875,
    -1.0
   ]
  ]
 ],
 "skeleton_percentage": [
  100
 ],
 "angle": [
  77
 ]
}