{
 "frame_index": 1347,
 "skeletons": [
  [
   [
    1186.801025390625,
    327.635009765625,
    0.975
   ],
   [
    1198.2095947265625,
    294.5093994140625,
    0.979
   ],
   [
    1157.625732421875,
    319.74664306640625,
    0.933
   ],
   [
    1245.9970703125,
    304.9417419433594,
    0.914
   ],
   [
    1149.1395263671875,
    362.3265380859375,
    0.53
   ],
   [
    1373.705810546875,
    411.7504577636719,
    0.933
   ],
   [
    1157.10888671875,
    506.2131042480469,
    0.922
   ],
   [
    1478.4288330078125,
    498.9071960449219,
    0.572
   ],
   [
    1151.515625,
    634.6544189453125,
    -1.0
   ],
   [
    1426.2281494140625,
    458.25604248046875,
    -1.0
   ],
   [
    1219.7987060546875,
    475.7791442871094,
    -1.0
   ],
   [
    1437.1007080078125,
    711.6307373046875,
    -1.0
   ],
   [
    1287.1988525390625,
    751.870361328125,
    -1.0
   ],
   [
    1484.5029296875,
    699.0125732421875,
    -1.0
   ],
   [
    1245.111083984375,
    758.21044921875,
    -1.0
   ],
   [
    1488.5416259765625,
    784.5501708984375,
    -1.0
   ],
   [
    1223.156982421875,
    845.1282348632812,
    -1.0
   ]
  ]
 ],
 "skeleton_percentage": [
  100
 ],
 "angle": [
  77
 ]
}