{
 "frame_index": 1348,
 "skeletons": [
  [
   [
    1195.9150390625,
    312.63739013671875,
    0.972
   ],
   [
    1207.4139404296875,
    280.2496337890625,
    0.974
   ],
   [
    1167.5023193359375,
    307.77105712890625,
    0.905
   ],
   [
    1257.617919921875,
    291.42681884765625,
    0.9
   ],
   [
    1158.3240966796875,
    352.9186706542969,
    -1.0
   ],
   [
    1365.531494140625,
    395.13775634765625,
    0.946
   ],
   [
    1175.80859375,
    477.8536376953125,
    0.92
   ],
   [
    1418.05859375,
    487.2140808105469,
    0.716
   ],
   [
    1176.483154296875,
    590.6358032226562,
    0.539
   ],
   [
    1303.153076171875,
    388.9710388183594,
    0.666
   ],
   [
    1235.421630859375,
    447.2718505859375,
    0.53
   ],
   [
    1412.99169921875,
    675.7051391601562,
    -1.0
   ],
   [
    1283.9052734375,
    708.2490234375,
    -1.0
   ],
   [
    1405.7728271484375,
    573.6766357421875,
    -1.0
   ],
   [
    1223.4288330078125,
    621.02392578125,
    -1.0
   ],
   [
    1419.316650390625,
    665.875732421875,
    -1.0
   ],
   [
    1236.9171142578125,
    728.596435546875,
    -1.0
   ]
  ]
 ],
 "skeleton_percentage": [
  100
 ],
 "angle": [
  77
 ]
}