{
 "frame_index": 1349,
 "skeletons": [
  [
   [
    1195.60595703125,
    313.4218444824219,
    0.972
   ],
   [
    1207.2115478515625,
    280.37908935546875,
    0.974
   ],
   [
    1167.148193359375,
    308.5496520996094,
    0.905
   ],
   [
    1258.3046875,
    291.1714172363281,
    0.904
   ],
   [
    1158.97509765625,
    353.8656005859375,
    -1.0
   ],
   [
    1369.2127685546875,
    398.58868408203125,
    0.946
   ],
   [
    1174.8427734375,
    481.0058898925781,
    0.92
   ],
   [
    1420.85888671875,
    495.5787353515625,
    0.713
   ],
   [
    1174.340087890625,
    597.2161865234375,
    0.529
   ],
   [
    1302.3702392578125,
    387.6746520996094,
    0.661
   ],
   [
    1229.89794921875,
    450.55633544921875,
    0.518
   ],
   [
    1412.754150390625,
    687.8267822265625,
    -1.0
   ],
   [
    1280.3974609375,
    720.1325073242188,
    -1.0
   ],
   [
    1410.5361328125,
    597.1484375,
    -1.0
   ],
   [
    1222.537109375,
    644.30078125,
    -1.0
   ],
   [
    1422.45556640625,
    686.5548095703125,
    -1.0
   ],
   [
    1233.5848388671875,
    751.6142578125,
    -1.0
   ]
  ]
 ],
 "skeleton_percentage": [
  100
 ],
 "angle": [
  77
 ]
}