{
 "frame_index": 1350,
 "skeletons": [
  [
   [
    1210.2314453125,
    301.3814392089844,
    0.968
   ],
   [
    1219.1190185546875,
    271.06591796875,
    0.97
   ],
   [
    1180.7064208984375,
    299.226806640625,
    0.901
   ],
   [
    1263.597412109375,
    284.0362243652344,
    0.869
   ],
   [
    1168.5521240234375,
    348.30340576171875,
    -1.0
   ],
   [
    1357.9486083984375,
    373.9036560058594,
    0.946
   ],
   [
    1192.9718017578125,
    480.5638427734375,
    0.89
   ],
   [
    1475.735107421875,
    414.33416748046875,
    0.733
   ],
   [
    1205.6077880859375,
    572.4608764648438,
    -1.0
   ],
   [
    1452.7037353515625,
    438.9355773925781,
    0.646
   ],
   [
    1251.8369140625,
    456.5754089355469,
    -1.0
   ],
   [
    1398.8388671875,
    640.02001953125,
    -1.0
   ],
   [
    1292.9637451171875,
    683.7025146484375,
    -1.0
   ],
   [
    1399.77294921875,
    491.36700439453125,
    -1.0
   ],
   [
    1265.0517578125,
    559.667236328125,
    -1.0
   ],
   [
    1414.731201171875,
    579.567138671875,
    -1.0
   ],
   [
    1286.630615234375,
    643.5543823242188,
    -1.0
   ]
  ]
 ],
 "skeleton_percentage": [
  100
 ],
 "angle": [
  76
 ]
}