{
 "frame_index": 1355,
 "skeletons": [
  [
   [
    1225.3582763671875,
    290.4842834472656,
    0.973
   ],
   [
    1233.30078125,
    258.9106750488281,
    0.968
   ],
   [
    1193.2000732421875,
    287.8113098144531,
    0.926
   ],
   [
    1273.4130859375,
    271.10235595703125,
    0.881
   ],
   [
    1180.0098876953125,
    338.73773193359375,
    0.574
   ],
   [
    1387.3448486328125,
    369.4979553222656,
    0.941
   ],
   [
    1203.6153564453125,
    466.91949462890625,
    0.953
   ],
   [
    1465.1693115234375,
    464.9107360839844,
    0.636
   ],
   [
    1249.587158203125,
    585.1307983398438,
    0.656
   ],
   [
    1349.383056640625,
    386.3410949707031,
    0.549
   ],
   [
    1280.287841796875,
    407.8975830078125,
    0.572
   ],
   [
    1437.66845703125,
    672.79931640625,
    -1.0
   ],
   [
    1312.7176513671875,
    709.9078369140625,
    -1.0
   ],
   [
    1446.6422119140625,
    559.6320190429688,
    -1.0
   ],
   [
    1259.11279296875,
    613.61279296875,
    -1.0
   ],
   [
    1431.7540283203125,
    634.1288452148438,
    -1.0
   ],
   [
    1262.2584228515625,
    693.3152465820312,
    -1.0
   ]
  ],
  [
   [
    1222.1744384765625,
    295.2303466796875,
    0.984
   ],
   [
    1234.177978515625,
    257.70770263671875,
    0.975
   ],
   [
    1188.8046875,
    288.31280517578125,
    0.938
   ],
   [
    1280.3641357421875,
    265.9661560058594,
    0.892
   ],
   [
    1179.3883056640625,
    338.96429443359375,
    0.564
   ],
   [
    1385.883056640625,
    371.0001220703125,
    0.963
   ],
   [
    1222.404296875,
    495.8903503417969,
    0.984
   ],
   [
    1443.67138671875,
    463.4729919433594,
    0.768
   ],
   [
    1256.200927734375,
    634.2462158203125,
    0.895
   ],
   [
    1374.670654296875,
    421.3424377441406,
    0.671
   ],
   [
    1282.4476318359375,
    402.73297119140625,
    0.809
   ],
   [
    1466.546142578125,
    777.595947265625,
    0.776
   ],
   [
    1361.86328125,
    822.4796142578125,
    0.86
   ],
   [
    1329.788818359375,
    881.6707763671875,
    -1.0
   ],
   [
    1250.3177490234375,
    955.4981689453125,
    -1.0
   ],
   [
    1309.35986328125,
    969.0206909179688,
    -1.0
   ],
   [
    1303.119384765625,
    1035.914306640625,
    -1.0
   ]
  ]
 ],
 "skeleton_percentage": [
  100,
  100
 ],
 "angle": [
  76,
  103
 ]
}