{
 "frame_index": 1356,
 "skeletons": [
  [
   [
    1226.05029296875,
    290.30059814453125,
    0.972
   ],
   [
    1234.0723876953125,
    258.379150390625,
    0.967
   ],
   [
    1194.573486328125,
    287.2753601074219,
    0.92
   ],
   [
    1274.3466796875,
    269.9510498046875,
    0.88
   ],
   [
    1181.79931640625,
    337.32794189453125,
    0.546
   ],
   [
    1386.0361328125,
    369.193603515625,
    0.941
   ],
   [
    1205.130126953125,
    466.45159912109375,
    0.952
   ],
   [
    1444.6358642578125,
    471.60821533203125,
    0.651
   ],
   [
    1249.279052734375,
    590.2778930664062,
    0.654
   ],
   [
    1315.370849609375,
    371.5558776855469,
    0.572
   ],
   [
    1273.623046875,
    400.07220458984375,
    0.582
   ],
   [
    1444.4632568359375,
    671.3939208984375,
    -1.0
   ],
   [
    1319.95263671875,
    709.002197265625,
    -1.0
   ],
   [
    1451.5159912109375,
    546.6271362304688,
    -1.0
   ],
   [
    1259.4539794921875,
    601.0923461914062,
    -1.0
   ],
   [
    1443.1689453125,
    618.1513671875,
    -1.0
   ],
   [
    1268.8922119140625,
    679.011962890625,
    -1.0
   ]
  ]
 ],
 "skeleton_percentage": [
  100
 ],
 "angle": [
  75
 ]
}