{
 "frame_index": 1357,
 "skeletons": [
  [
   [
    1224.929931640625,
    299.99908447265625,
    0.973
   ],
   [
    1233.494873046875,
    268.6656188964844,
    0.967
   ],
   [
    1191.983154296875,
    294.39593505859375,
    0.925
   ],
   [
    1271.6546630859375,
    281.635498046875,
    0.857
   ],
   [
    1175.8173828125,
    342.1636047363281,
    0.551
   ],
   [
    1371.340087890625,
    386.10791015625,
    0.928
   ],
   [
    1211.4315185546875,
    466.1527404785156,
    0.951
   ],
   [
    1399.5487060546875,
    509.5373840332031,
    0.618
   ],
   [
    1256.7510986328125,
    598.8946533203125,
    0.683
   ],
   [
    1277.312255859375,
    388.6131591796875,
    0.568
   ],
   [
    1275.4471435546875,
    409.4286804199219,
    0.633
   ],
   [
    1444.6375732421875,
    674.3381958007812,
    -1.0
   ],
   [
    1332.993408203125,
    705.9185791015625,
    -1.0
   ],
   [
    1441.556884765625,
    559.3671875,
    -1.0
   ],
   [
    1262.578369140625,
    605.1670532226562,
    -1.0
   ],
   [
    1431.07568359375,
    641.8692016601562,
    -1.0
   ],
   [
    1260.9638671875,
    701.19970703125,
    -1.0
   ]
  ]
 ],
 "skeleton_percentage": [
  100
 ],
 "angle": [
  75
 ]
}