{
 "frame_index": 1358,
 "skeletons": [
  [
   [
    1198.14404296875,
    337.1822509765625,
    0.971
   ],
   [
    1211.8035888671875,
    303.7240905761719,
    0.971
   ],
   [
    1170.49169921875,
    327.0009765625,
    0.844
   ],
   [
    1260.3883056640625,
    307.42645263671875,
    0.897
   ],
   [
    1166.5260009765625,
    360.607177734375,
    -1.0
   ],
   [
    1355.988525390625,
    401.24249267578125,
    0.971
   ],
   [
    1221.986083984375,
    482.2769775390625,
    0.938
   ],
   [
    1345.565673828125,
    526.0857543945312,
    0.861
   ],
   [
    1261.9354248046875,
    626.986328125,
    0.657
   ],
   [
    1265.2161865234375,
    452.056640625,
    0.773
   ],
   [
    1278.3033447265625,
    441.42327880859375,
    0.614
   ],
   [
    1460.1009521484375,
    698.2384643554688,
    0.639
   ],
   [
    1368.157470703125,
    727.8268432617188,
    0.573
   ],
   [
    1351.25927734375,
    682.3785400390625,
    -1.0
   ],
   [
    1256.447998046875,
    732.490478515625,
    -1.0
   ],
   [
    1317.16455078125,
    730.181396484375,
    -1.0
   ],
   [
    1284.028564453125,
    787.1771850585938,
    -1.0
   ]
  ]
 ],
 "skeleton_percentage": [
  100
 ],
 "angle": [
  80
 ]
}