{
 "frame_index": 1359,
 "skeletons": [
  [
   [
    1207.54443359375,
    347.7867431640625,
    0.964
   ],
   [
    1217.17822265625,
    315.2060546875,
    0.961
   ],
   [
    1176.46142578125,
    337.1390075683594,
    0.861
   ],
   [
    1256.3465576171875,
    321.56781005859375,
    0.858
   ],
   [
    1164.627197265625,
    372.6382141113281,
    -1.0
   ],
   [
    1349.4566650390625,
    412.35235595703125,
    0.957
   ],
   [
    1216.5078125,
    471.9599304199219,
    0.936
   ],
   [
    1323.47509765625,
    559.7074584960938,
    0.803
   ],
   [
    1240.39697265625,
    625.194580078125,
    0.695
   ],
   [
    1231.1451416015625,
    413.8312683105469,
    0.772
   ],
   [
    1258.7236328125,
    437.39404296875,
    0.707
   ],
   [
    1438.73095703125,
    650.3223266601562,
    -1.0
   ],
   [
    1347.4404296875,
    673.4152221679688,
    -1.0
   ],
   [
    1378.545166015625,
    479.17279052734375,
    -1.0
   ],
   [
    1240.954833984375,
    520.336181640625,
    -1.0
   ],
   [
    1306.80712890625,
    590.0443725585938,
    -1.0
   ],
   [
    1194.9151611328125,
    658.5133056640625,
    -1.0
   ]
  ]
 ],
 "skeleton_percentage": [
  100
 ],
 "angle": [
  79
 ]
}