{
 "frame_index": 1360,
 "skeletons": [
  [
   [
    1214.895751953125,
    356.5410461425781,
    0.968
   ],
   [
    1218.39599609375,
    320.4036865234375,
    0.953
   ],
   [
    1177.19189453125,
    356.0479736328125,
    0.892
   ],
   [
    1257.9736328125,
    328.0101013183594,
    0.802
   ],
   [
    1164.6861572265625,
    412.3979187011719,
    -1.0
   ],
   [
    1370.6610107421875,
    423.9947204589844,
    0.915
   ],
   [
    1232.243408203125,
    511.393798828125,
    0.955
   ],
   [
    1353.4970703125,
    555.4034423828125,
    0.609
   ],
   [
    1292.171630859375,
    630.683349609375,
    0.794
   ],
   [
    1286.216796875,
    430.0708923339844,
    0.542
   ],
   [
    1305.06689453125,
    439.9632568359375,
    0.711
   ],
   [
    1478.8404541015625,
    702.86181640625,
    -1.0
   ],
   [
    1386.4290771484375,
    733.5715942382812,
    -1.0
   ],
   [
    1343.3621826171875,
    591.3329467773438,
    -1.0
   ],
   [
    1218.6861572265625,
    648.0693969726562,
    -1.0
   ],
   [
    1288.162841796875,
    632.4085693359375,
    -1.0
   ],
   [
    1235.680419921875,
    732.5081176757812,
    -1.0
   ]
  ]
 ],
 "skeleton_percentage": [
  100
 ],
 "angle": [
  81
 ]
}