{
 "frame_index": 1361,
 "skeletons": [
  [
   [
    1213.6561279296875,
    357.41595458984375,
    0.969
   ],
   [
    1216.8917236328125,
    321.27178955078125,
    0.956
   ],
   [
    1176.4580078125,
    356.88592529296875,
    0.893
   ],
   [
    1256.072021484375,
    327.43255615234375,
    0.811
   ],
   [
    1163.6422119140625,
    412.0401611328125,
    -1.0
   ],
   [
    1373.953369140625,
    417.79705810546875,
    0.918
   ],
   [
    1229.751953125,
    513.4677734375,
    0.955
   ],
   [
    1370.964599609375,
    543.3531494140625,
    0.613
   ],
   [
    1294.0673828125,
    636.14892578125,
    0.783
   ],
   [
    1292.0833740234375,
    428.48382568359375,
    0.542
   ],
   [
    1308.079833984375,
    442.8930358886719,
    0.697
   ],
   [
    1488.3966064453125,
    697.9117431640625,
    -1.0
   ],
   [
    1393.27587890625,
    731.5138549804688,
    -1.0
   ],
   [
    1350.34033203125,
    570.142333984375,
    -1.0
   ],
   [
    1226.403564453125,
    628.7962646484375,
    -1.0
   ],
   [
    1292.85205078125,
    615.5944213867188,
    -1.0
   ],
   [
    1248.9205322265625,
    708.963134765625,
    -1.0
   ]
  ]
 ],
 "skeleton_percentage": [
  100
 ],
 "angle": [
  81
 ]
}