{
 "frame_index": 1362,
 "skeletons": [
  [
   [
    1212.6903076171875,
    359.8365478515625,
    0.955
   ],
   [
    1215.6915283203125,
    325.66168212890625,
    0.95
   ],
   [
    1176.41455078125,
    358.8906555175781,
    0.86
   ],
   [
    1253.6641845703125,
    335.5382995605469,
    0.858
   ],
   [
    1166.15576171875,
    414.77001953125,
    -1.0
   ],
   [
    1369.343994140625,
    418.63934326171875,
    0.95
   ],
   [
    1243.85107421875,
    534.14111328125,
    0.929
   ],
   [
    1477.0394287109375,
    480.3726806640625,
    0.791
   ],
   [
    1308.117431640625,
    632.55126953125,
    0.678
   ],
   [
    1396.9661865234375,
    427.82568359375,
    0.776
   ],
   [
    1321.1129150390625,
    443.7879638671875,
    0.707
   ],
   [
    1469.82763671875,
    688.5802612304688,
    -1.0
   ],
   [
    1385.4454345703125,
    734.2635498046875,
    -1.0
   ],
   [
    1470.8880615234375,
    562.2958984375,
    -1.0
   ],
   [
    1359.6153564453125,
    631.6707763671875,
    -1.0
   ],
   [
    1451.4912109375,
    633.2400512695312,
    -1.0
   ],
   [
    1341.9970703125,
    711.4461059570312,
    -1.0
   ]
  ]
 ],
 "skeleton_percentage": [
  100
 ],
 "angle": [
  81
 ]
}