{
 "frame_index": 1363,
 "skeletons": [
  [
   [
    1222.49462890625,
    355.58551025390625,
    0.961
   ],
   [
    1224.570068359375,
    324.85992431640625,
    0.961
   ],
   [
    1186.83935546875,
    360.3675842285156,
    0.906
   ],
   [
    1265.826416015625,
    338.739501953125,
    0.867
   ],
   [
    1177.889404296875,
    422.62237548828125,
    0.565
   ],
   [
    1375.3984375,
    406.28863525390625,
    0.93
   ],
   [
    1245.3477783203125,
    536.79296875,
    0.921
   ],
   [
    1494.6514892578125,
    416.912841796875,
    0.669
   ],
   [
    1324.47412109375,
    602.4404296875,
    0.59
   ],
   [
    1436.049560546875,
    404.1202697753906,
    0.605
   ],
   [
    1373.665283203125,
    461.1512451171875,
    0.559
   ],
   [
    1475.3536376953125,
    630.0675659179688,
    -1.0
   ],
   [
    1386.8865966796875,
    684.7276611328125,
    -1.0
   ],
   [
    1515.1978759765625,
    479.21343994140625,
    -1.0
   ],
   [
    1377.92724609375,
    558.1241455078125,
    -1.0
   ],
   [
    1524.1826171875,
    535.2314453125,
    -1.0
   ],
   [
    1381.623291015625,
    616.8262939453125,
    -1.0
   ]
  ]
 ],
 "skeleton_percentage": [
  100
 ],
 "angle": [
  80
 ]
}