{
 "frame_index": 1365,
 "skeletons": [
  [
   [
    1229.5687255859375,
    356.04229736328125,
    0.949
   ],
   [
    1232.352783203125,
    311.30535888671875,
    0.919
   ],
   [
    1191.5576171875,
    355.371826171875,
    0.771
   ],
   [
    1279.158935546875,
    315.8338317871094,
    0.861
   ],
   [
    1197.333984375,
    417.4757080078125,
    -1.0
   ],
   [
    1408.796142578125,
    419.3998718261719,
    0.958
   ],
   [
    1299.929443359375,
    534.4393920898438,
    0.98
   ],
   [
    1417.5491943359375,
    496.6954650878906,
    0.84
   ],
   [
    1315.1181640625,
    620.4505615234375,
    0.935
   ],
   [
    1337.0938720703125,
    416.8668212890625,
    0.764
   ],
   [
    1316.765380859375,
    430.1480712890625,
    0.88
   ],
   [
    1527.0838623046875,
    845.22265625,
    0.719
   ],
   [
    1449.140380859375,
    883.2572021484375,
    0.825
   ],
   [
    1360.9393310546875,
    913.2083129882812,
    -1.0
   ],
   [
    1261.49658203125,
    984.875244140625,
    -1.0
   ],
   [
    1325.3614501953125,
    988.29931640625,
    -1.0
   ],
   [
    1231.655029296875,
    1080.0,
    -1.0
   ]
  ]
 ],
 "skeleton_percentage": [
  100
 ],
 "angle": [
  107
 ]
}