{
 "frame_index": 1368,
 "skeletons": [
  [
   [
    1252.343505859375,
    359.7312927246094,
    0.94
   ],
   [
    1256.394287109375,
    321.61529541015625,
    0.953
   ],
   [
    1223.8516845703125,
    354.74383544921875,
    0.806
   ],
   [
    1305.06640625,
    309.9765625,
    0.856
   ],
   [
    1223.541015625,
    383.4521484375,
    -1.0
   ],
   [
    1421.9739990234375,
    381.43389892578125,
    0.897
   ],
   [
    1301.705078125,
    491.7247009277344,
    0.823
   ],
   [
    1481.5283203125,
    395.914306640625,
    0.646
   ],
   [
    1361.15966796875,
    540.0179443359375,
    -1.0
   ],
   [
    1331.2298583984375,
    360.85986328125,
    0.633
   ],
   [
    1349.3026123046875,
    404.54925537109375,
    -1.0
   ],
   [
    1510.537841796875,
    623.3585205078125,
    -1.0
   ],
   [
    1428.68603515625,
    661.9635009765625,
    -1.0
   ],
   [
    1458.208740234375,
    422.9549560546875,
    -1.0
   ],
   [
    1344.27978515625,
    483.097412109375,
    -1.0
   ],
   [
    1392.783935546875,
    475.1866149902344,
    -1.0
   ],
   [
    1315.4017333984375,
    538.8590698242188,
    -1.0
   ]
  ]
 ],
 "skeleton_percentage": [
  100
 ],
 "angle": [
  78
 ]
}