{
 "frame_index": 1374,
 "skeletons": [
  [
   [
    1307.0928955078125,
    321.9026184082031,
    0.939
   ],
   [
    1311.13818359375,
    287.16107177734375,
    0.952
   ],
   [
    1284.235595703125,
    321.52252197265625,
    0.774
   ],
   [
    1359.9991455078125,
    273.8872985839844,
    0.899
   ],
   [
    1292.024169921875,
    347.05938720703125,
    -1.0
   ],
   [
    1466.86328125,
    329.0085144042969,
    0.947
   ],
   [
    1368.88427734375,
    440.39715576171875,
    0.88
   ],
   [
    1561.2945556640625,
    361.6529846191406,
    0.772
   ],
   [
    1446.710205078125,
    514.3034057617188,
    -1.0
   ],
   [
    1457.836669921875,
    375.0253601074219,
    0.667
   ],
   [
    1463.4967041015625,
    419.9035949707031,
    -1.0
   ],
   [
    1556.6414794921875,
    548.8148193359375,
    -1.0
   ],
   [
    1486.518798828125,
    588.6494140625,
    -1.0
   ],
   [
    1508.947021484375,
    440.36785888671875,
    -1.0
   ],
   [
    1393.17529296875,
    500.4671630859375,
    -1.0
   ],
   [
    1530.814208984375,
    481.97735595703125,
    -1.0
   ],
   [
    1406.26171875,
    541.2332763671875,
    -1.0
   ]
  ]
 ],
 "skeleton_percentage": [
  100
 ],
 "angle": [
  74
 ]
}