{
 "frame_index": 1375,
 "skeletons": [
  [
   [
    1310.1455078125,
    350.6104736328125,
    0.955
   ],
   [
    1306.1734619140625,
    308.10888671875,
    0.967
   ],
   [
    1288.421142578125,
    346.0057373046875,
    0.725
   ],
   [
    1358.099609375,
    274.84576416015625,
    0.918
   ],
   [
    1320.047119140625,
    360.09619140625,
    -1.0
   ],
   [
    1507.9171142578125,
    293.734375,
    0.961
   ],
   [
    1427.247314453125,
    441.53289794921875,
    0.894
   ],
   [
    1577.715087890625,
    354.9835510253906,
    0.891
   ],
   [
    1464.25146484375,
    554.11474609375,
    0.611
   ],
   [
    1472.29150390625,
    435.3567810058594,
    0.829
   ],
   [
    1440.6846923828125,
    426.5087890625,
    0.654
   ],
   [
    1730.74169921875,
    558.358642578125,
    0.664
   ],
   [
    1673.7799072265625,
    626.7348022460938,
    0.553
   ],
   [
    1783.6658935546875,
    455.72332763671875,
    -1.0
   ],
   [
    1695.80810546875,
    554.6861572265625,
    -1.0
   ],
   [
    1812.0736083984375,
    702.8231201171875,
    -1.0
   ],
   [
    1742.73291015625,
    787.27978515625,
    -1.0
   ]
  ]
 ],
 "skeleton_percentage": [
  100
 ],
 "angle": [
  98
 ]
}