{
 "frame_index": 1376,
 "skeletons": [
  [
   [
    1329.5037841796875,
    327.61181640625,
    0.952
   ],
   [
    1329.726318359375,
    290.4914245605469,
    0.958
   ],
   [
    1306.6248779296875,
    327.84014892578125,
    0.815
   ],
   [
    1378.02880859375,
    264.90350341796875,
    0.88
   ],
   [
    1320.9931640625,
    348.2458190917969,
    -1.0
   ],
   [
    1501.515380859375,
    300.979248046875,
    0.931
   ],
   [
    1390.4013671875,
    430.89398193359375,
    0.898
   ],
   [
    1563.548583984375,
    378.5321960449219,
    0.726
   ],
   [
    1455.80322265625,
    547.0328979492188,
    0.522
   ],
   [
    1423.2498779296875,
    403.4374694824219,
    0.631
   ],
   [
    1421.0870361328125,
    419.3341369628906,
    -1.0
   ],
   [
    1614.437255859375,
    527.61279296875,
    -1.0
   ],
   [
    1537.8720703125,
    576.4103393554688,
    -1.0
   ],
   [
    1590.362060546875,
    384.4692077636719,
    -1.0
   ],
   [
    1457.52197265625,
    459.38031005859375,
    -1.0
   ],
   [
    1597.13037109375,
    453.47259521484375,
    -1.0
   ],
   [
    1494.820556640625,
    523.72119140625,
    -1.0
   ]
  ]
 ],
 "skeleton_percentage": [
  100
 ],
 "angle": [
  73
 ]
}