{
 "frame_index": 1377,
 "skeletons": [
  [
   [
    1330.37841796875,
    328.9224548339844,
    0.95
   ],
   [
    1330.0552978515625,
    291.3846435546875,
    0.956
   ],
   [
    1307.1844482421875,
    329.0151672363281,
    0.812
   ],
   [
    1377.8883056640625,
    264.41986083984375,
    0.88
   ],
   [
    1321.9244384765625,
    348.823974609375,
    -1.0
   ],
   [
    1502.6142578125,
    300.9613342285156,
    0.929
   ],
   [
    1390.4661865234375,
    432.8930969238281,
    0.899
   ],
   [
    1565.6092529296875,
    378.4422607421875,
    0.709
   ],
   [
    1455.46044921875,
    550.3162841796875,
    0.516
   ],
   [
    1424.0855712890625,
    402.92120361328125,
    0.606
   ],
   [
    1421.4573974609375,
    419.6640930175781,
    -1.0
   ],
   [
    1614.0501708984375,
    535.1312255859375,
    -1.0
   ],
   [
    1537.0711669921875,
    584.7088623046875,
    -1.0
   ],
   [
    1589.4876708984375,
    396.31585693359375,
    -1.0
   ],
   [
    1457.841552734375,
    472.53167724609375,
    -1.0
   ],
   [
    1595.6884765625,
    465.3785705566406,
    -1.0
   ],
   [
    1496.5367431640625,
    536.8716430664062,
    -1.0
   ]
  ]
 ],
 "skeleton_percentage": [
  100
 ],
 "angle": [
  73
 ]
}