{
 "frame_index": 1378,
 "skeletons": [
  [
   [
    1345.6676025390625,
    345.45050048828125,
    0.938
   ],
   [
    1338.7801513671875,
    309.95013427734375,
    0.945
   ],
   [
    1321.45458984375,
    342.35748291015625,
    0.753
   ],
   [
    1373.530517578125,
    267.8536682128906,
    0.877
   ],
   [
    1330.727783203125,
    345.7244873046875,
    -1.0
   ],
   [
    1496.474609375,
    289.526123046875,
    0.946
   ],
   [
    1397.0023193359375,
    414.0369873046875,
    0.908
   ],
   [
    1560.61865234375,
    366.13348388671875,
    0.803
   ],
   [
    1462.031982421875,
    533.6448364257812,
    0.564
   ],
   [
    1430.1878662109375,
    401.9233703613281,
    0.692
   ],
   [
    1417.1041259765625,
    424.71856689453125,
    0.512
   ],
   [
    1619.01123046875,
    514.35888671875,
    -1.0
   ],
   [
    1549.4102783203125,
    562.8427734375,
    -1.0
   ],
   [
    1593.147216796875,
    423.0024719238281,
    -1.0
   ],
   [
    1464.497314453125,
    495.37213134765625,
    -1.0
   ],
   [
    1611.660888671875,
    477.1344909667969,
    -1.0
   ],
   [
    1513.346435546875,
    542.9849853515625,
    -1.0
   ]
  ]
 ],
 "skeleton_percentage": [
  100
 ],
 "angle": [
  73
 ]
}