{
 "frame_index": 1385,
 "skeletons": [
  [
   [
    1311.234130859375,
    451.2413635253906,
    0.769
   ],
   [
    1308.4921875,
    433.7423400878906,
    0.87
   ],
   [
    1304.757568359375,
    435.2584533691406,
    -1.0
   ],
   [
    1333.407470703125,
    403.27093505859375,
    0.904
   ],
   [
    1332.468505859375,
    405.1064453125,
    -1.0
   ],
   [
    1410.546875,
    433.08447265625,
    0.966
   ],
   [
    1432.211669921875,
    414.9196472167969,
    0.625
   ],
   [
    1443.0360107421875,
    558.8228759765625,
    0.875
   ],
   [
    1475.7052001953125,
    512.1626586914062,
    -1.0
   ],
   [
    1405.14892578125,
    593.9998779296875,
    0.662
   ],
   [
    1421.420654296875,
    557.9266967773438,
    -1.0
   ],
   [
    1555.39404296875,
    526.3153076171875,
    0.638
   ],
   [
    1572.25439453125,
    519.8330078125,
    -1.0
   ],
   [
    1517.3253173828125,
    638.7273559570312,
    -1.0
   ],
   [
    1545.2889404296875,
    624.557861328125,
    -1.0
   ],
   [
    1561.1824951171875,
    685.592041015625,
    -1.0
   ],
   [
    1580.866943359375,
    683.76123046875,
    -1.0
   ]
  ]
 ],
 "skeleton_percentage": [
  0
 ],
 "angle": [
  80
 ]
}