{
 "frame_index": 1386,
 "skeletons": [
  [
   [
    1306.1536865234375,
    453.6321716308594,
    0.806
   ],
   [
    1304.979248046875,
    432.77587890625,
    0.881
   ],
   [
    1295.70751953125,
    436.03564453125,
    -1.0
   ],
   [
    1333.637451171875,
    400.8824462890625,
    0.926
   ],
   [
    1344.21826171875,
    407.71295166015625,
    -1.0
   ],
   [
    1407.7418212890625,
    429.4129638671875,
    0.912
   ],
   [
    1424.653076171875,
    426.97113037109375,
    0.809
   ],
   [
    1436.027587890625,
    551.51171875,
    0.578
   ],
   [
    1457.08642578125,
    537.6578369140625,
    -1.0
   ],
   [
    1384.4736328125,
    579.8836059570312,
    -1.0
   ],
   [
    1400.928466796875,
    548.5819091796875,
    -1.0
   ],
   [
    1561.69921875,
    561.2828369140625,
    -1.0
   ],
   [
    1572.614990234375,
    558.608154296875,
    -1.0
   ],
   [
    1480.80615234375,
    604.802978515625,
    -1.0
   ],
   [
    1486.938720703125,
    598.4256591796875,
    -1.0
   ],
   [
    1504.592529296875,
    645.8472290039062,
    -1.0
   ],
   [
    1506.103759765625,
    626.6500854492188,
    -1.0
   ]
  ]
 ],
 "skeleton_percentage": [
  0
 ],
 "angle": [
  80
 ]
}