{
 "frame_index": 1387,
 "skeletons": [
  [
   [
    1297.159912109375,
    470.75848388671875,
    0.825
   ],
   [
    1297.025634765625,
    452.77587890625,
    0.882
   ],
   [
    1292.0106201171875,
    454.2486572265625,
    -1.0
   ],
   [
    1327.713623046875,
    426.0673828125,
    0.92
   ],
   [
    1341.5245361328125,
    429.1405334472656,
    -1.0
   ],
   [
    1394.5350341796875,
    462.03509521484375,
    0.915
   ],
   [
    1405.5123291015625,
    455.27081298828125,
    0.812
   ],
   [
    1415.973388671875,
    559.5543212890625,
    0.61
   ],
   [
    1417.817626953125,
    548.1151123046875,
    -1.0
   ],
   [
    1379.740478515625,
    570.9515380859375,
    -1.0
   ],
   [
    1369.5509033203125,
    555.8682861328125,
    -1.0
   ],
   [
    1503.253173828125,
    597.1609497070312,
    -1.0
   ],
   [
    1511.953857421875,
    592.06982421875,
    -1.0
   ],
   [
    1442.6494140625,
    644.9108276367188,
    -1.0
   ],
   [
    1453.924072265625,
    637.9485473632812,
    -1.0
   ],
   [
    1461.6964111328125,
    685.554443359375,
    -1.0
   ],
   [
    1466.470703125,
    667.286376953125,
    -1.0
   ]
  ]
 ],
 "skeleton_percentage": [
  0
 ],
 "angle": [
  81
 ]
}