{
 "frame_index": 1388,
 "skeletons": [
  [
   [
    1276.4312744140625,
    489.0926513671875,
    0.839
   ],
   [
    1276.94970703125,
    469.7879333496094,
    0.905
   ],
   [
    1270.00390625,
    471.2824401855469,
    -1.0
   ],
   [
    1306.7918701171875,
    443.45220947265625,
    0.949
   ],
   [
    1313.010009765625,
    445.28125,
    -1.0
   ],
   [
    1366.017822265625,
    480.9037170410156,
    0.949
   ],
   [
    1392.5362548828125,
    472.46826171875,
    0.844
   ],
   [
    1383.449462890625,
    590.3204956054688,
    0.727
   ],
   [
    1416.5950927734375,
    571.3980102539062,
    -1.0
   ],
   [
    1357.016845703125,
    609.9640502929688,
    0.527
   ],
   [
    1373.822021484375,
    582.9305419921875,
    -1.0
   ],
   [
    1486.4224853515625,
    615.0111083984375,
    -1.0
   ],
   [
    1503.796875,
    608.35302734375,
    -1.0
   ],
   [
    1418.634033203125,
    579.9480590820312,
    -1.0
   ],
   [
    1427.16748046875,
    571.8067626953125,
    -1.0
   ],
   [
    1447.4609375,
    628.9387817382812,
    -1.0
   ],
   [
    1441.26708984375,
    610.3306274414062,
    -1.0
   ]
  ]
 ],
 "skeleton_percentage": [
  0
 ],
 "angle": [
  85
 ]
}