{
 "frame_index": 1389,
 "skeletons": [
  [
   [
    1275.1201171875,
    488.376953125,
    0.841
   ],
   [
    1275.893310546875,
    469.1454162597656,
    0.906
   ],
   [
    1268.62451171875,
    470.9815673828125,
    -1.0
   ],
   [
    1306.576904296875,
    443.5401306152344,
    0.947
   ],
   [
    1310.7799072265625,
    446.2672119140625,
    -1.0
   ],
   [
    1365.3387451171875,
    480.7972412109375,
    0.946
   ],
   [
    1391.04833984375,
    473.9607238769531,
    0.836
   ],
   [
    1384.901123046875,
    588.0413818359375,
    0.709
   ],
   [
    1417.427490234375,
    571.4893798828125,
    -1.0
   ],
   [
    1359.8516845703125,
    610.288818359375,
    0.508
   ],
   [
    1376.0001220703125,
    585.3349609375,
    -1.0
   ],
   [
    1484.1346435546875,
    613.7179565429688,
    -1.0
   ],
   [
    1500.6199951171875,
    607.7486572265625,
    -1.0
   ],
   [
    1420.8896484375,
    572.7534790039062,
    -1.0
   ],
   [
    1428.2388916015625,
    565.256591796875,
    -1.0
   ],
   [
    1449.9544677734375,
    626.4920654296875,
    -1.0
   ],
   [
    1443.2823486328125,
    609.1228637695312,
    -1.0
   ]
  ]
 ],
 "skeleton_percentage": [
  0
 ],
 "angle": [
  84
 ]
}