{
 "frame_index": 1390,
 "skeletons": [
  [
   [
    1258.4130859375,
    502.1814880371094,
    0.801
   ],
   [
    1259.3782958984375,
    484.6126708984375,
    0.869
   ],
   [
    1254.8236083984375,
    486.0269775390625,
    -1.0
   ],
   [
    1291.8677978515625,
    462.8345947265625,
    0.924
   ],
   [
    1304.84423828125,
    465.77154541015625,
    -1.0
   ],
   [
    1345.607177734375,
    502.9788818359375,
    0.907
   ],
   [
    1382.402587890625,
    496.12799072265625,
    0.78
   ],
   [
    1368.064208984375,
    584.2025756835938,
    0.59
   ],
   [
    1407.94580078125,
    577.96337890625,
    -1.0
   ],
   [
    1360.849609375,
    601.5748901367188,
    -1.0
   ],
   [
    1368.158935546875,
    594.5116577148438,
    -1.0
   ],
   [
    1445.05712890625,
    639.179931640625,
    -1.0
   ],
   [
    1468.23583984375,
    633.0335693359375,
    -1.0
   ],
   [
    1384.97216796875,
    629.3567504882812,
    -1.0
   ],
   [
    1403.988525390625,
    622.45263671875,
    -1.0
   ],
   [
    1413.198974609375,
    659.2005615234375,
    -1.0
   ],
   [
    1415.180419921875,
    643.808349609375,
    -1.0
   ]
  ]
 ],
 "skeleton_percentage": [
  0
 ],
 "angle": [
  86
 ]
}