{
 "frame_index": 1391,
 "skeletons": [
  [
   [
    1258.4356689453125,
    503.308349609375,
    0.802
   ],
   [
    1259.44775390625,
    485.27557373046875,
    0.87
   ],
   [
    1254.881103515625,
    486.70562744140625,
    -1.0
   ],
   [
    1292.879150390625,
    462.79168701171875,
    0.924
   ],
   [
    1306.27099609375,
    465.7229919433594,
    -1.0
   ],
   [
    1346.774658203125,
    503.8953857421875,
    0.901
   ],
   [
    1386.375,
    496.3758544921875,
    0.774
   ],
   [
    1368.6824951171875,
    587.4444580078125,
    0.566
   ],
   [
    1413.3563232421875,
    579.6339111328125,
    -1.0
   ],
   [
    1361.937255859375,
    603.098388671875,
    -1.0
   ],
   [
    1373.0404052734375,
    593.247314453125,
    -1.0
   ],
   [
    1447.52783203125,
    641.7701416015625,
    -1.0
   ],
   [
    1472.4935302734375,
    635.1895751953125,
    -1.0
   ],
   [
    1386.228515625,
    625.5630493164062,
    -1.0
   ],
   [
    1406.013427734375,
    618.3214111328125,
    -1.0
   ],
   [
    1414.963134765625,
    655.4705810546875,
    -1.0
   ],
   [
    1416.620849609375,
    639.4544677734375,
    -1.0
   ]
  ]
 ],
 "skeleton_percentage": [
  0
 ],
 "angle": [
  86
 ]
}