{
 "frame_index": 1392,
 "skeletons": [
  [
   [
    1251.5302734375,
    520.3834838867188,
    0.793
   ],
   [
    1251.5557861328125,
    504.2862548828125,
    0.879
   ],
   [
    1245.681396484375,
    506.8129577636719,
    -1.0
   ],
   [
    1278.720458984375,
    478.7709045410156,
    0.901
   ],
   [
    1272.5115966796875,
    482.1977233886719,
    -1.0
   ],
   [
    1326.14892578125,
    515.4815673828125,
    0.96
   ],
   [
    1362.331787109375,
    501.4178466796875,
    0.675
   ],
   [
    1349.49951171875,
    617.1629028320312,
    0.865
   ],
   [
    1412.390869140625,
    574.0408935546875,
    -1.0
   ],
   [
    1340.72412109375,
    649.9512939453125,
    0.668
   ],
   [
    1381.74072265625,
    585.8309326171875,
    -1.0
   ],
   [
    1433.0587158203125,
    620.639404296875,
    0.597
   ],
   [
    1456.007080078125,
    616.718017578125,
    -1.0
   ],
   [
    1421.6468505859375,
    663.4432983398438,
    -1.0
   ],
   [
    1446.683837890625,
    656.349365234375,
    -1.0
   ],
   [
    1472.715087890625,
    645.4749755859375,
    -1.0
   ],
   [
    1475.179931640625,
    648.5117797851562,
    -1.0
   ]
  ]
 ],
 "skeleton_percentage": [
  0
 ],
 "angle": [
  87
 ]
}