{
 "frame_index": 1393,
 "skeletons": [
  [
   [
    1241.0894775390625,
    531.109619140625,
    0.713
   ],
   [
    1239.2589111328125,
    513.1337890625,
    0.776
   ],
   [
    1231.949951171875,
    513.6192016601562,
    -1.0
   ],
   [
    1254.5052490234375,
    488.9383544921875,
    0.904
   ],
   [
    1271.8062744140625,
    488.73675537109375,
    -1.0
   ],
   [
    1315.1824951171875,
    521.9784545898438,
    0.917
   ],
   [
    1352.6580810546875,
    512.6221313476562,
    0.842
   ],
   [
    1357.202392578125,
    633.9150390625,
    0.586
   ],
   [
    1406.04541015625,
    615.7401123046875,
    -1.0
   ],
   [
    1328.55810546875,
    653.3944091796875,
    -1.0
   ],
   [
    1369.94921875,
    620.6015625,
    -1.0
   ],
   [
    1459.5162353515625,
    654.4510498046875,
    -1.0
   ],
   [
    1483.30810546875,
    648.9612426757812,
    -1.0
   ],
   [
    1378.290771484375,
    661.1199951171875,
    -1.0
   ],
   [
    1392.8739013671875,
    652.824951171875,
    -1.0
   ],
   [
    1412.1854248046875,
    685.2032470703125,
    -1.0
   ],
   [
    1415.6610107421875,
    664.64697265625,
    -1.0
   ]
  ]
 ],
 "skeleton_percentage": [
  0
 ],
 "angle": [
  90
 ]
}