{
 "frame_index": 1394,
 "skeletons": [
  [
   [
    1240.23974609375,
    530.6951293945312,
    0.723
   ],
   [
    1238.5643310546875,
    513.0514526367188,
    0.787
   ],
   [
    1231.5108642578125,
    513.4734497070312,
    -1.0
   ],
   [
    1254.30712890625,
    489.1905517578125,
    0.907
   ],
   [
    1271.624267578125,
    488.84466552734375,
    -1.0
   ],
   [
    1314.6669921875,
    521.3699951171875,
    0.923
   ],
   [
    1351.0140380859375,
    512.0420532226562,
    0.847
   ],
   [
    1355.7408447265625,
    632.6705932617188,
    0.618
   ],
   [
    1402.939208984375,
    614.752685546875,
    -1.0
   ],
   [
    1327.3741455078125,
    652.345703125,
    -1.0
   ],
   [
    1367.25830078125,
    620.4120483398438,
    -1.0
   ],
   [
    1457.677978515625,
    652.023681640625,
    -1.0
   ],
   [
    1480.641845703125,
    646.6005859375,
    -1.0
   ],
   [
    1378.0736083984375,
    660.8790283203125,
    -1.0
   ],
   [
    1391.068115234375,
    652.65576171875,
    -1.0
   ],
   [
    1412.5638427734375,
    684.9005126953125,
    -1.0
   ],
   [
    1414.00244140625,
    664.4215698242188,
    -1.0
   ]
  ]
 ],
 "skeleton_percentage": [
  0
 ],
 "angle": [
  90
 ]
}