{
 "frame_index": 1395,
 "skeletons": [
  [
   [
    1209.842529296875,
    543.52880859375,
    0.811
   ],
   [
    1210.36279296875,
    528.1055297851562,
    0.89
   ],
   [
    1202.3983154296875,
    529.9609375,
    -1.0
   ],
   [
    1233.83984375,
    504.6453857421875,
    0.95
   ],
   [
    1243.3260498046875,
    509.05792236328125,
    -1.0
   ],
   [
    1290.423828125,
    530.311767578125,
    0.937
   ],
   [
    1303.816650390625,
    529.0487670898438,
    0.854
   ],
   [
    1293.4146728515625,
    618.2482299804688,
    0.564
   ],
   [
    1313.552001953125,
    615.017333984375,
    -1.0
   ],
   [
    1263.4990234375,
    654.0621337890625,
    -1.0
   ],
   [
    1264.8516845703125,
    652.7112426757812,
    -1.0
   ],
   [
    1416.3349609375,
    635.1520385742188,
    -1.0
   ],
   [
    1424.6246337890625,
    634.2398681640625,
    -1.0
   ],
   [
    1373.45361328125,
    705.5638427734375,
    -1.0
   ],
   [
    1379.9901123046875,
    701.0548706054688,
    -1.0
   ],
   [
    1393.942138671875,
    736.9352416992188,
    -1.0
   ],
   [
    1392.919677734375,
    722.576416015625,
    -1.0
   ]
  ]
 ],
 "skeleton_percentage": [
  0
 ],
 "angle": [
  92
 ]
}