{
 "frame_index": 1396,
 "skeletons": [
  [
   [
    1199.029541015625,
    560.2744140625,
    0.637
   ],
   [
    1197.3885498046875,
    546.6052856445312,
    0.734
   ],
   [
    1194.78759765625,
    543.3431396484375,
    -1.0
   ],
   [
    1211.5140380859375,
    525.6065673828125,
    0.938
   ],
   [
    1242.689453125,
    515.1969604492188,
    -1.0
   ],
   [
    1269.897705078125,
    551.5565795898438,
    0.95
   ],
   [
    1308.8310546875,
    528.379150390625,
    0.878
   ],
   [
    1290.7591552734375,
    654.307861328125,
    0.752
   ],
   [
    1341.0802001953125,
    618.0599975585938,
    -1.0
   ],
   [
    1267.2637939453125,
    680.7521362304688,
    -1.0
   ],
   [
    1315.10009765625,
    637.340576171875,
    -1.0
   ],
   [
    1423.247802734375,
    655.1619262695312,
    -1.0
   ],
   [
    1448.636474609375,
    645.0426025390625,
    -1.0
   ],
   [
    1338.06494140625,
    678.9434814453125,
    -1.0
   ],
   [
    1357.697021484375,
    666.2628173828125,
    -1.0
   ],
   [
    1376.9659423828125,
    716.8847045898438,
    -1.0
   ],
   [
    1387.4580078125,
    688.3441162109375,
    -1.0
   ]
  ]
 ],
 "skeleton_percentage": [
  0
 ],
 "angle": [
  94
 ]
}