{
 "frame_index": 1397,
 "skeletons": [
  [
   [
    1178.069091796875,
    570.1064453125,
    0.855
   ],
   [
    1178.39599609375,
    552.8731079101562,
    0.915
   ],
   [
    1170.8350830078125,
    553.919189453125,
    -1.0
   ],
   [
    1209.4072265625,
    525.9293212890625,
    0.95
   ],
   [
    1217.181396484375,
    527.230712890625,
    -1.0
   ],
   [
    1274.4351806640625,
    551.7905883789062,
    0.947
   ],
   [
    1287.435791015625,
    543.75830078125,
    0.85
   ],
   [
    1289.5909423828125,
    655.5307006835938,
    0.75
   ],
   [
    1309.526123046875,
    638.0060424804688,
    -1.0
   ],
   [
    1254.52978515625,
    681.635986328125,
    0.558
   ],
   [
    1267.202880859375,
    653.215087890625,
    -1.0
   ],
   [
    1414.853759765625,
    662.04296875,
    -1.0
   ],
   [
    1421.9503173828125,
    657.34375,
    -1.0
   ],
   [
    1335.2115478515625,
    696.4344482421875,
    -1.0
   ],
   [
    1338.0576171875,
    689.0231323242188,
    -1.0
   ],
   [
    1363.0155029296875,
    732.7880859375,
    -1.0
   ],
   [
    1354.642578125,
    712.6005859375,
    -1.0
   ]
  ]
 ],
 "skeleton_percentage": [
  0
 ],
 "angle": [
  95
 ]
}