{
 "frame_index": 1398,
 "skeletons": [
  [
   [
    1178.205078125,
    569.97216796875,
    0.853
   ],
   [
    1178.5069580078125,
    552.3460693359375,
    0.913
   ],
   [
    1170.638916015625,
    553.55517578125,
    -1.0
   ],
   [
    1209.7078857421875,
    525.187255859375,
    0.947
   ],
   [
    1216.9833984375,
    526.88134765625,
    -1.0
   ],
   [
    1275.069091796875,
    552.1348876953125,
    0.94
   ],
   [
    1288.7181396484375,
    544.4515380859375,
    0.839
   ],
   [
    1290.801513671875,
    656.3623046875,
    0.718
   ],
   [
    1311.6705322265625,
    639.0928955078125,
    -1.0
   ],
   [
    1255.1337890625,
    680.734375,
    0.524
   ],
   [
    1268.1817626953125,
    652.3536376953125,
    -1.0
   ],
   [
    1417.106689453125,
    664.025634765625,
    -1.0
   ],
   [
    1424.567138671875,
    659.411865234375,
    -1.0
   ],
   [
    1336.198486328125,
    694.896728515625,
    -1.0
   ],
   [
    1339.2801513671875,
    687.53369140625,
    -1.0
   ],
   [
    1364.2288818359375,
    729.3322143554688,
    -1.0
   ],
   [
    1355.8243408203125,
    709.2982177734375,
    -1.0
   ]
  ]
 ],
 "skeleton_percentage": [
  0
 ],
 "angle": [
  95
 ]
}