{
 "frame_index": 1399,
 "skeletons": [
  [
   [
    1152.7586669921875,
    570.5092163085938,
    0.821
   ],
   [
    1153.2242431640625,
    557.458740234375,
    0.854
   ],
   [
    1146.0416259765625,
    558.5299072265625,
    -1.0
   ],
   [
    1173.9332275390625,
    538.3314208984375,
    0.926
   ],
   [
    1184.8887939453125,
    540.3364868164062,
    -1.0
   ],
   [
    1226.603515625,
    558.203125,
    0.964
   ],
   [
    1239.060546875,
    557.7937622070312,
    0.944
   ],
   [
    1242.58544921875,
    633.2271728515625,
    0.691
   ],
   [
    1265.2288818359375,
    638.3770141601562,
    -1.0
   ],
   [
    1233.85693359375,
    678.6793212890625,
    -1.0
   ],
   [
    1243.4864501953125,
    689.7318115234375,
    -1.0
   ],
   [
    1361.8834228515625,
    632.827880859375,
    0.716
   ],
   [
    1368.9862060546875,
    634.3285522460938,
    0.697
   ],
   [
    1332.4564208984375,
    701.4205322265625,
    -1.0
   ],
   [
    1335.69384765625,
    698.7534790039062,
    -1.0
   ],
   [
    1356.94189453125,
    717.3250732421875,
    -1.0
   ],
   [
    1357.526123046875,
    705.51806640625,
    -1.0
   ]
  ]
 ],
 "skeleton_percentage": [
  0
 ],
 "angle": [
  97
 ]
}