{
 "frame_index": 1400,
 "skeletons": [
  [
   [
    1141.185546875,
    582.2470703125,
    0.669
   ],
   [
    1141.003662109375,
    571.6944580078125,
    0.751
   ],
   [
    1139.96533203125,
    568.3035888671875,
    -1.0
   ],
   [
    1158.69921875,
    554.0953369140625,
    0.955
   ],
   [
    1189.8023681640625,
    543.9871215820312,
    -1.0
   ],
   [
    1207.1143798828125,
    576.0993041992188,
    0.968
   ],
   [
    1250.3935546875,
    555.9513549804688,
    0.935
   ],
   [
    1230.546875,
    665.5812377929688,
    0.683
   ],
   [
    1300.5465087890625,
    636.7946166992188,
    -1.0
   ],
   [
    1218.8505859375,
    714.8602905273438,
    -1.0
   ],
   [
    1289.2552490234375,
    682.96630859375,
    -1.0
   ],
   [
    1336.367919921875,
    654.2425537109375,
    0.633
   ],
   [
    1365.283203125,
    646.7860107421875,
    0.579
   ],
   [
    1306.31884765625,
    714.8262939453125,
    -1.0
   ],
   [
    1328.01025390625,
    704.8151245117188,
    -1.0
   ],
   [
    1334.144775390625,
    733.233154296875,
    -1.0
   ],
   [
    1347.3214111328125,
    708.989013671875,
    -1.0
   ]
  ]
 ],
 "skeleton_percentage": [
  0
 ],
 "angle": [
  100
 ]
}