{
 "frame_index": 1401,
 "skeletons": [
  [
   [
    1141.6683349609375,
    582.44384765625,
    0.824
   ],
   [
    1142.989013671875,
    570.390625,
    0.903
   ],
   [
    1138.9814453125,
    569.3333740234375,
    -1.0
   ],
   [
    1170.8095703125,
    551.4609985351562,
    0.908
   ],
   [
    1165.582763671875,
    547.3771362304688,
    -1.0
   ],
   [
    1213.6346435546875,
    581.2117919921875,
    0.98
   ],
   [
    1249.864501953125,
    559.58544921875,
    0.626
   ],
   [
    1232.366943359375,
    678.4143676757812,
    0.954
   ],
   [
    1289.82373046875,
    629.8255004882812,
    -1.0
   ],
   [
    1211.2120361328125,
    729.8479614257812,
    0.869
   ],
   [
    1242.306884765625,
    679.6686401367188,
    -1.0
   ],
   [
    1312.277099609375,
    668.1287231445312,
    0.833
   ],
   [
    1336.072265625,
    658.3572387695312,
    -1.0
   ],
   [
    1268.3846435546875,
    760.404296875,
    0.525
   ],
   [
    1300.3253173828125,
    743.6519775390625,
    -1.0
   ],
   [
    1300.7608642578125,
    782.7017211914062,
    -1.0
   ],
   [
    1314.9990234375,
    768.35595703125,
    -1.0
   ]
  ]
 ],
 "skeleton_percentage": [
  0
 ],
 "angle": [
  100
 ]
}