{
 "frame_index": 1402,
 "skeletons": [
  [
   [
    1120.048583984375,
    594.0713500976562,
    0.67
   ],
   [
    1118.538818359375,
    582.7431640625,
    0.753
   ],
   [
    1117.641845703125,
    578.9957275390625,
    -1.0
   ],
   [
    1126.87353515625,
    567.4238891601562,
    0.945
   ],
   [
    1162.5791015625,
    556.3899536132812,
    -1.0
   ],
   [
    1168.873291015625,
    601.1830444335938,
    0.96
   ],
   [
    1218.1715087890625,
    579.94140625,
    0.889
   ],
   [
    1182.05810546875,
    692.4483642578125,
    0.694
   ],
   [
    1246.1131591796875,
    665.9891357421875,
    -1.0
   ],
   [
    1174.4217529296875,
    725.8804931640625,
    -1.0
   ],
   [
    1220.004150390625,
    701.01416015625,
    -1.0
   ],
   [
    1286.568115234375,
    705.56103515625,
    -1.0
   ],
   [
    1320.92578125,
    697.477294921875,
    -1.0
   ],
   [
    1254.7418212890625,
    776.6151123046875,
    -1.0
   ],
   [
    1282.9764404296875,
    767.0792236328125,
    -1.0
   ],
   [
    1280.7528076171875,
    821.5059814453125,
    -1.0
   ],
   [
    1293.728271484375,
    798.1663818359375,
    -1.0
   ]
  ]
 ],
 "skeleton_percentage": [
  0
 ],
 "angle": [
  104
 ]
}