{
 "frame_index": 1403,
 "skeletons": [
  [
   [
    1065.1571044921875,
    593.552734375,
    0.762
   ],
   [
    1066.3953857421875,
    581.6712646484375,
    0.849
   ],
   [
    1065.3203125,
    580.072509765625,
    -1.0
   ],
   [
    1090.9849853515625,
    569.4224853515625,
    0.911
   ],
   [
    1099.8558349609375,
    563.759521484375,
    -1.0
   ],
   [
    1129.660888671875,
    608.824462890625,
    0.979
   ],
   [
    1169.19287109375,
    588.86279296875,
    0.764
   ],
   [
    1136.81884765625,
    698.7034912109375,
    0.932
   ],
   [
    1201.857421875,
    659.026123046875,
    -1.0
   ],
   [
    1125.2144775390625,
    734.1302490234375,
    0.812
   ],
   [
    1162.06103515625,
    695.1209716796875,
    -1.0
   ],
   [
    1214.2294921875,
    694.5650634765625,
    0.865
   ],
   [
    1240.875732421875,
    687.1871337890625,
    0.626
   ],
   [
    1198.8924560546875,
    794.5330810546875,
    0.602
   ],
   [
    1225.8270263671875,
    782.655517578125,
    -1.0
   ],
   [
    1216.084716796875,
    851.42822265625,
    -1.0
   ],
   [
    1231.005126953125,
    841.5455932617188,
    -1.0
   ]
  ]
 ],
 "skeleton_percentage": [
  0
 ],
 "angle": [
  118
 ]
}