{
 "frame_index": 1404,
 "skeletons": [
  [
   [
    1043.3173828125,
    604.6944580078125,
    0.792
   ],
   [
    1043.934326171875,
    588.2472534179688,
    0.861
   ],
   [
    1038.42138671875,
    588.3171997070312,
    -1.0
   ],
   [
    1066.3275146484375,
    567.5773315429688,
    0.94
   ],
   [
    1083.5892333984375,
    566.27294921875,
    -1.0
   ],
   [
    1123.1036376953125,
    608.4061279296875,
    0.932
   ],
   [
    1152.0050048828125,
    598.2327270507812,
    0.836
   ],
   [
    1150.1043701171875,
    730.38232421875,
    0.569
   ],
   [
    1183.2353515625,
    711.2200317382812,
    -1.0
   ],
   [
    1114.35546875,
    775.87451171875,
    -1.0
   ],
   [
    1129.5107421875,
    755.0186767578125,
    -1.0
   ],
   [
    1237.248291015625,
    755.8046264648438,
    -1.0
   ],
   [
    1258.3563232421875,
    749.6844482421875,
    -1.0
   ],
   [
    1189.314453125,
    799.81494140625,
    -1.0
   ],
   [
    1206.0225830078125,
    791.3770751953125,
    -1.0
   ],
   [
    1220.695068359375,
    842.0202026367188,
    -1.0
   ],
   [
    1226.33642578125,
    821.690185546875,
    -1.0
   ]
  ]
 ],
 "skeleton_percentage": [
  0
 ],
 "angle": [
  112
 ]
}