{
 "frame_index": 1405,
 "skeletons": [
  [
   [
    1024.01611328125,
    608.0128173828125,
    0.791
   ],
   [
    1024.718505859375,
    590.2252807617188,
    0.859
   ],
   [
    1018.034912109375,
    590.74560546875,
    -1.0
   ],
   [
    1047.9730224609375,
    569.3320922851562,
    0.918
   ],
   [
    1058.440185546875,
    568.8558349609375,
    -1.0
   ],
   [
    1106.968017578125,
    611.8275146484375,
    0.901
   ],
   [
    1131.4588623046875,
    601.9166259765625,
    0.775
   ],
   [
    1143.241455078125,
    736.5703125,
    0.542
   ],
   [
    1169.067138671875,
    714.186279296875,
    -1.0
   ],
   [
    1102.8402099609375,
    767.9859008789062,
    -1.0
   ],
   [
    1119.5777587890625,
    738.6652221679688,
    -1.0
   ],
   [
    1219.1092529296875,
    769.93359375,
    -1.0
   ],
   [
    1235.8543701171875,
    762.7428588867188,
    -1.0
   ],
   [
    1153.9959716796875,
    790.0675048828125,
    -1.0
   ],
   [
    1163.7479248046875,
    780.9891357421875,
    -1.0
   ],
   [
    1189.8787841796875,
    834.610107421875,
    -1.0
   ],
   [
    1184.8031005859375,
    814.14013671875,
    -1.0
   ]
  ]
 ],
 "skeleton_percentage": [
  0
 ],
 "angle": [
  116
 ]
}