{
 "frame_index": 1406,
 "skeletons": [
  [
   [
    1007.9566040039062,
    607.2424926757812,
    0.769
   ],
   [
    1008.945556640625,
    590.7186279296875,
    0.851
   ],
   [
    1004.625,
    590.7250366210938,
    -1.0
   ],
   [
    1035.0738525390625,
    569.3677368164062,
    0.942
   ],
   [
    1051.0172119140625,
    567.3428955078125,
    -1.0
   ],
   [
    1087.8370361328125,
    608.4627685546875,
    0.927
   ],
   [
    1119.5985107421875,
    595.6261596679688,
    0.819
   ],
   [
    1106.7242431640625,
    725.86279296875,
    0.585
   ],
   [
    1138.17333984375,
    701.1640625,
    -1.0
   ],
   [
    1082.6068115234375,
    766.5374755859375,
    -1.0
   ],
   [
    1091.4560546875,
    738.0543212890625,
    -1.0
   ],
   [
    1190.8232421875,
    760.36962890625,
    -1.0
   ],
   [
    1214.6234130859375,
    752.1702880859375,
    -1.0
   ],
   [
    1128.4361572265625,
    791.1453857421875,
    -1.0
   ],
   [
    1157.2138671875,
    781.641357421875,
    -1.0
   ],
   [
    1153.576416015625,
    837.1840209960938,
    -1.0
   ],
   [
    1175.4879150390625,
    816.4801025390625,
    -1.0
   ]
  ]
 ],
 "skeleton_percentage": [
  0
 ],
 "angle": [
  119
 ]
}