{
 "frame_index": 1407,
 "skeletons": [
  [
   [
    1007.259033203125,
    607.3818359375,
    0.779
   ],
   [
    1008.4268188476562,
    590.5476684570312,
    0.859
   ],
   [
    1003.80908203125,
    590.728759765625,
    -1.0
   ],
   [
    1035.5155029296875,
    568.9007568359375,
    0.944
   ],
   [
    1050.4654541015625,
    567.3511352539062,
    -1.0
   ],
   [
    1088.7972412109375,
    608.6448364257812,
    0.926
   ],
   [
    1120.0361328125,
    596.2008666992188,
    0.817
   ],
   [
    1107.39453125,
    727.1693115234375,
    0.576
   ],
   [
    1138.4908447265625,
    702.5791015625,
    -1.0
   ],
   [
    1081.40380859375,
    769.0955200195312,
    -1.0
   ],
   [
    1090.2640380859375,
    740.7123413085938,
    -1.0
   ],
   [
    1190.9130859375,
    763.313232421875,
    -1.0
   ],
   [
    1214.1971435546875,
    755.07373046875,
    -1.0
   ],
   [
    1127.911865234375,
    793.2847900390625,
    -1.0
   ],
   [
    1156.186279296875,
    783.7786865234375,
    -1.0
   ],
   [
    1153.0107421875,
    841.4139404296875,
    -1.0
   ],
   [
    1174.068359375,
    820.8045043945312,
    -1.0
   ]
  ]
 ],
 "skeleton_percentage": [
  0
 ],
 "angle": [
  120
 ]
}