{
 "frame_index": 1408,
 "skeletons": [
  [
   [
    987.93115234375,
    605.736572265625,
    0.89
   ],
   [
    991.6640625,
    588.8560791015625,
    0.932
   ],
   [
    983.2647705078125,
    590.5220947265625,
    -1.0
   ],
   [
    1028.8184814453125,
    568.1506958007812,
    0.947
   ],
   [
    1021.3533935546875,
    570.4397583007812,
    -1.0
   ],
   [
    1085.112548828125,
    605.0943603515625,
    0.951
   ],
   [
    1088.986083984375,
    597.4553833007812,
    0.859
   ],
   [
    1097.06005859375,
    718.5653686523438,
    0.78
   ],
   [
    1103.628662109375,
    694.4730834960938,
    -1.0
   ],
   [
    1058.354248046875,
    743.986328125,
    0.603
   ],
   [
    1057.0321044921875,
    710.125,
    -1.0
   ],
   [
    1187.0338134765625,
    747.1807250976562,
    -1.0
   ],
   [
    1189.2652587890625,
    739.9359130859375,
    -1.0
   ],
   [
    1099.3988037109375,
    736.3900146484375,
    -1.0
   ],
   [
    1107.7847900390625,
    727.413818359375,
    -1.0
   ],
   [
    1136.7958984375,
    797.6993408203125,
    -1.0
   ],
   [
    1137.9560546875,
    779.1886596679688,
    -1.0
   ]
  ]
 ],
 "skeleton_percentage": [
  0
 ],
 "angle": [
  122
 ]
}