{
 "frame_index": 1409,
 "skeletons": [
  [
   [
    971.2940673828125,
    604.421142578125,
    0.875
   ],
   [
    975.603271484375,
    584.0166015625,
    0.92
   ],
   [
    963.007568359375,
    588.438232421875,
    -1.0
   ],
   [
    1014.5205078125,
    561.9573974609375,
    0.928
   ],
   [
    994.6953125,
    571.2879638671875,
    -1.0
   ],
   [
    1073.4808349609375,
    606.6387329101562,
    0.908
   ],
   [
    1074.51806640625,
    607.3937377929688,
    0.785
   ],
   [
    1089.98388671875,
    721.4035034179688,
    0.586
   ],
   [
    1089.34326171875,
    704.5177001953125,
    -1.0
   ],
   [
    1035.6104736328125,
    753.4605712890625,
    -1.0
   ],
   [
    1020.7373046875,
    723.6068115234375,
    -1.0
   ],
   [
    1176.0396728515625,
    757.517822265625,
    -1.0
   ],
   [
    1176.1412353515625,
    752.791015625,
    -1.0
   ],
   [
    1092.6954345703125,
    661.801513671875,
    -1.0
   ],
   [
    1094.818115234375,
    654.9527587890625,
    -1.0
   ],
   [
    1130.7264404296875,
    751.0189819335938,
    -1.0
   ],
   [
    1129.2755126953125,
    737.5361938476562,
    -1.0
   ]
  ]
 ],
 "skeleton_percentage": [
  0
 ],
 "angle": [
  126
 ]
}