{
 "frame_index": 1410,
 "skeletons": [
  [
   [
    973.7916870117188,
    605.3270263671875,
    0.899
   ],
   [
    977.099609375,
    585.5521240234375,
    0.941
   ],
   [
    964.9075927734375,
    589.4400634765625,
    -1.0
   ],
   [
    1014.1019897460938,
    563.5206298828125,
    0.937
   ],
   [
    994.929931640625,
    571.4786376953125,
    -1.0
   ],
   [
    1072.922607421875,
    605.7724609375,
    0.924
   ],
   [
    1072.17919921875,
    605.8522338867188,
    0.794
   ],
   [
    1094.2333984375,
    726.4806518554688,
    0.604
   ],
   [
    1089.1435546875,
    709.8850708007812,
    -1.0
   ],
   [
    1045.8917236328125,
    745.0733642578125,
    -1.0
   ],
   [
    1024.782470703125,
    713.737060546875,
    -1.0
   ],
   [
    1175.25146484375,
    751.828125,
    -1.0
   ],
   [
    1175.9189453125,
    747.589599609375,
    -1.0
   ],
   [
    1099.452392578125,
    655.3468017578125,
    -1.0
   ],
   [
    1103.526611328125,
    649.0994262695312,
    -1.0
   ],
   [
    1128.447509765625,
    756.1093139648438,
    -1.0
   ],
   [
    1130.0224609375,
    742.075927734375,
    -1.0
   ]
  ]
 ],
 "skeleton_percentage": [
  0
 ],
 "angle": [
  126
 ]
}