{
 "frame_index": 1411,
 "skeletons": [
  [
   [
    957.633544921875,
    605.5067749023438,
    0.872
   ],
   [
    961.3287963867188,
    585.8706665039062,
    0.919
   ],
   [
    949.5214233398438,
    590.1312255859375,
    -1.0
   ],
   [
    998.25537109375,
    565.2138061523438,
    0.923
   ],
   [
    983.36083984375,
    574.0787353515625,
    -1.0
   ],
   [
    1056.4124755859375,
    609.0145874023438,
    0.895
   ],
   [
    1059.9327392578125,
    608.724853515625,
    0.759
   ],
   [
    1065.732666015625,
    715.535400390625,
    -1.0
   ],
   [
    1065.802001953125,
    699.4246826171875,
    -1.0
   ],
   [
    1013.0194702148438,
    737.111083984375,
    -1.0
   ],
   [
    998.4495849609375,
    709.6148681640625,
    -1.0
   ],
   [
    1154.48486328125,
    751.7034301757812,
    -1.0
   ],
   [
    1157.05712890625,
    747.1693115234375,
    -1.0
   ],
   [
    1087.81591796875,
    635.5278930664062,
    -1.0
   ],
   [
    1091.17333984375,
    628.9190673828125,
    -1.0
   ],
   [
    1116.71484375,
    744.8831787109375,
    -1.0
   ],
   [
    1119.64013671875,
    731.5142822265625,
    -1.0
   ]
  ]
 ],
 "skeleton_percentage": [
  0
 ],
 "angle": [
  130
 ]
}