{
 "frame_index": 1412,
 "skeletons": [
  [
   [
    958.080322265625,
    605.5062255859375,
    0.874
   ],
   [
    961.833740234375,
    585.886474609375,
    0.921
   ],
   [
    949.870361328125,
    590.2258911132812,
    -1.0
   ],
   [
    998.8819580078125,
    565.2982788085938,
    0.922
   ],
   [
    982.9112548828125,
    574.3649291992188,
    -1.0
   ],
   [
    1056.80126953125,
    609.0629272460938,
    0.891
   ],
   [
    1058.8519287109375,
    609.1651000976562,
    0.754
   ],
   [
    1065.7484130859375,
    714.5546875,
    -1.0
   ],
   [
    1064.265869140625,
    698.875732421875,
    -1.0
   ],
   [
    1013.3941040039062,
    735.3409423828125,
    -1.0
   ],
   [
    997.6704711914062,
    707.9932861328125,
    -1.0
   ],
   [
    1153.9854736328125,
    750.2854614257812,
    -1.0
   ],
   [
    1155.71728515625,
    745.9264526367188,
    -1.0
   ],
   [
    1087.0518798828125,
    631.0394897460938,
    -1.0
   ],
   [
    1090.05029296875,
    624.5641479492188,
    -1.0
   ],
   [
    1115.282470703125,
    742.0109252929688,
    -1.0
   ],
   [
    1118.47265625,
    728.960693359375,
    -1.0
   ]
  ]
 ],
 "skeleton_percentage": [
  0
 ],
 "angle": [
  129
 ]
}