{
 "frame_index": 1413,
 "skeletons": [
  [
   [
    943.4449462890625,
    606.2636108398438,
    0.862
   ],
   [
    947.1751098632812,
    587.40673828125,
    0.918
   ],
   [
    935.966552734375,
    592.000732421875,
    -1.0
   ],
   [
    984.5594482421875,
    567.076904296875,
    0.933
   ],
   [
    971.8212890625,
    577.0604248046875,
    -1.0
   ],
   [
    1043.5068359375,
    609.7142944335938,
    0.91
   ],
   [
    1043.905029296875,
    611.0302734375,
    0.771
   ],
   [
    1048.495361328125,
    712.0179443359375,
    0.541
   ],
   [
    1044.53271484375,
    701.2647705078125,
    -1.0
   ],
   [
    998.8603515625,
    731.809326171875,
    -1.0
   ],
   [
    980.2348022460938,
    713.2229614257812,
    -1.0
   ],
   [
    1134.6260986328125,
    752.116943359375,
    -1.0
   ],
   [
    1135.3070068359375,
    748.5692138671875,
    -1.0
   ],
   [
    1077.6025390625,
    648.0361328125,
    -1.0
   ],
   [
    1079.9771728515625,
    642.3271484375,
    -1.0
   ],
   [
    1099.624267578125,
    756.17919921875,
    -1.0
   ],
   [
    1104.689453125,
    744.1876220703125,
    -1.0
   ]
  ]
 ],
 "skeleton_percentage": [
  0
 ],
 "angle": [
  135
 ]
}