{
 "frame_index": 1414,
 "skeletons": [
  [
   [
    925.729736328125,
    612.4668579101562,
    0.821
   ],
   [
    929.6239013671875,
    594.179931640625,
    0.919
   ],
   [
    923.2725219726562,
    602.153564453125,
    -1.0
   ],
   [
    969.6229248046875,
    577.1316528320312,
    0.927
   ],
   [
    958.1409912109375,
    592.9253540039062,
    -1.0
   ],
   [
    1038.608642578125,
    617.3688354492188,
    0.953
   ],
   [
    1020.1367797851562,
    641.5610961914062,
    0.59
   ],
   [
    1043.3603515625,
    726.92138671875,
    0.821
   ],
   [
    1015.4930419921875,
    752.7130126953125,
    -1.0
   ],
   [
    961.6334228515625,
    781.1618041992188,
    0.602
   ],
   [
    927.4591064453125,
    771.16357421875,
    -1.0
   ],
   [
    1099.3043212890625,
    751.8907470703125,
    -1.0
   ],
   [
    1090.483642578125,
    756.1781616210938,
    -1.0
   ],
   [
    1044.1732177734375,
    662.41552734375,
    -1.0
   ],
   [
    1033.780029296875,
    672.600830078125,
    -1.0
   ],
   [
    1046.192626953125,
    706.5511474609375,
    -1.0
   ],
   [
    1044.922607421875,
    715.4205932617188,
    -1.0
   ]
  ]
 ],
 "skeleton_percentage": [
  0
 ],
 "angle": [
  142
 ]
}