{
 "frame_index": 1415,
 "skeletons": [
  [
   [
    925.721435546875,
    612.4364013671875,
    0.824
   ],
   [
    929.532470703125,
    594.2972412109375,
    0.92
   ],
   [
    923.2703247070312,
    602.0548706054688,
    -1.0
   ],
   [
    969.0042724609375,
    577.4884033203125,
    0.927
   ],
   [
    957.7465209960938,
    592.8555908203125,
    -1.0
   ],
   [
    1037.8756103515625,
    616.8624877929688,
    0.955
   ],
   [
    1019.3395385742188,
    640.7905883789062,
    0.6
   ],
   [
    1043.9365234375,
    725.0206909179688,
    0.83
   ],
   [
    1016.197509765625,
    751.2803955078125,
    -1.0
   ],
   [
    965.4169921875,
    779.433837890625,
    0.622
   ],
   [
    932.0890502929688,
    771.3328857421875,
    -1.0
   ],
   [
    1100.1944580078125,
    746.8172607421875,
    -1.0
   ],
   [
    1091.516845703125,
    751.4423217773438,
    -1.0
   ],
   [
    1047.248779296875,
    657.40576171875,
    -1.0
   ],
   [
    1037.5311279296875,
    667.79443359375,
    -1.0
   ],
   [
    1049.012451171875,
    708.0643920898438,
    -1.0
   ],
   [
    1049.746826171875,
    716.9325561523438,
    -1.0
   ]
  ]
 ],
 "skeleton_percentage": [
  0
 ],
 "angle": [
  143
 ]
}