{
 "frame_index": 1416,
 "skeletons": [
  [
   [
    907.2841186523438,
    623.7364501953125,
    0.822
   ],
   [
    909.74267578125,
    606.3529663085938,
    0.897
   ],
   [
    904.0285034179688,
    607.1124267578125,
    -1.0
   ],
   [
    940.5217895507812,
    587.3800048828125,
    0.941
   ],
   [
    949.2525634765625,
    587.858154296875,
    -1.0
   ],
   [
    995.383056640625,
    637.1312866210938,
    0.852
   ],
   [
    1012.2266235351562,
    625.405029296875,
    0.716
   ],
   [
    990.4049072265625,
    753.6416015625,
    -1.0
   ],
   [
    1004.12841796875,
    726.5552978515625,
    -1.0
   ],
   [
    935.8538818359375,
    784.0765380859375,
    -1.0
   ],
   [
    937.0531005859375,
    761.7702026367188,
    -1.0
   ],
   [
    1081.96533203125,
    787.5968017578125,
    -1.0
   ],
   [
    1095.23388671875,
    777.7781982421875,
    -1.0
   ],
   [
    1008.2479248046875,
    755.4913330078125,
    -1.0
   ],
   [
    1017.0001831054688,
    744.08056640625,
    -1.0
   ],
   [
    1027.0472412109375,
    819.3550415039062,
    -1.0
   ],
   [
    1026.833740234375,
    799.009765625,
    -1.0
   ]
  ]
 ],
 "skeleton_percentage": [
  0
 ],
 "angle": [
  156
 ]
}