{
 "frame_index": 1417,
 "skeletons": [
  [
   [
    888.51318359375,
    637.41259765625,
    0.783
   ],
   [
    891.0106201171875,
    617.00927734375,
    0.883
   ],
   [
    884.1727294921875,
    621.6495361328125,
    -1.0
   ],
   [
    925.8065185546875,
    592.9480590820312,
    0.918
   ],
   [
    925.8334350585938,
    604.7745361328125,
    -1.0
   ],
   [
    999.2360229492188,
    641.426513671875,
    0.824
   ],
   [
    977.769287109375,
    642.2693481445312,
    0.655
   ],
   [
    1018.6142578125,
    752.6114501953125,
    -1.0
   ],
   [
    977.7006225585938,
    735.16552734375,
    -1.0
   ],
   [
    923.9351806640625,
    758.53271484375,
    -1.0
   ],
   [
    916.1530151367188,
    737.3424072265625,
    -1.0
   ],
   [
    1043.6595458984375,
    791.8280639648438,
    -1.0
   ],
   [
    1032.169677734375,
    784.4353637695312,
    -1.0
   ],
   [
    977.0136108398438,
    758.9534912109375,
    -1.0
   ],
   [
    960.5728759765625,
    749.8478393554688,
    -1.0
   ],
   [
    974.701171875,
    772.6417236328125,
    -1.0
   ],
   [
    968.6309814453125,
    757.870361328125,
    -1.0
   ]
  ]
 ],
 "skeleton_percentage": [
  0
 ],
 "angle": [
  170
 ]
}