{
 "frame_index": 1418,
 "skeletons": [
  [
   [
    859.1529541015625,
    654.5667114257812,
    0.727
   ],
   [
    861.5040283203125,
    633.0989990234375,
    0.843
   ],
   [
    858.0106201171875,
    636.391845703125,
    -1.0
   ],
   [
    898.9110107421875,
    608.7059326171875,
    0.896
   ],
   [
    911.7826538085938,
    617.4369506835938,
    -1.0
   ],
   [
    980.6885986328125,
    665.1533203125,
    0.736
   ],
   [
    959.888916015625,
    660.7041015625,
    0.578
   ],
   [
    1007.53271484375,
    779.067626953125,
    -1.0
   ],
   [
    949.2617797851562,
    760.1141967773438,
    -1.0
   ],
   [
    913.9405517578125,
    740.06298828125,
    -1.0
   ],
   [
    884.977783203125,
    725.699462890625,
    -1.0
   ],
   [
    1019.4944458007812,
    821.4189453125,
    -1.0
   ],
   [
    1011.2041015625,
    811.3505859375,
    -1.0
   ],
   [
    958.9912109375,
    733.42919921875,
    -1.0
   ],
   [
    940.311279296875,
    722.2638549804688,
    -1.0
   ],
   [
    956.58984375,
    771.5396118164062,
    -1.0
   ],
   [
    950.6383056640625,
    753.3526611328125,
    -1.0
   ]
  ]
 ],
 "skeleton_percentage": [
  0
 ],
 "angle": [
  181
 ]
}