{
 "frame_index": 1419,
 "skeletons": [
  [
   [
    858.3681640625,
    654.5308227539062,
    0.729
   ],
   [
    860.7013549804688,
    633.0921630859375,
    0.844
   ],
   [
    857.3743896484375,
    636.3260498046875,
    -1.0
   ],
   [
    898.080078125,
    608.928955078125,
    0.898
   ],
   [
    911.914306640625,
    617.4923706054688,
    -1.0
   ],
   [
    980.0352783203125,
    665.6864013671875,
    0.737
   ],
   [
    960.2972412109375,
    660.8851318359375,
    0.579
   ],
   [
    1006.70849609375,
    779.1296997070312,
    -1.0
   ],
   [
    949.5682983398438,
    759.5886840820312,
    -1.0
   ],
   [
    912.1389770507812,
    739.675048828125,
    -1.0
   ],
   [
    884.1893920898438,
    725.09814453125,
    -1.0
   ],
   [
    1019.7337646484375,
    821.1022338867188,
    -1.0
   ],
   [
    1012.0874633789062,
    810.8585205078125,
    -1.0
   ],
   [
    958.8217163085938,
    732.9197387695312,
    -1.0
   ],
   [
    940.2802734375,
    721.5533447265625,
    -1.0
   ],
   [
    956.9974365234375,
    771.8607788085938,
    -1.0
   ],
   [
    950.9598999023438,
    753.3890991210938,
    -1.0
   ]
  ]
 ],
 "skeleton_percentage": [
  0
 ],
 "angle": [
  182
 ]
}