{
 "frame_index": 1420,
 "skeletons": [
  [
   [
    841.4518432617188,
    659.2661743164062,
    0.866
   ],
   [
    845.6407470703125,
    636.66943359375,
    0.926
   ],
   [
    834.8326416015625,
    641.5604248046875,
    -1.0
   ],
   [
    887.828857421875,
    608.0108642578125,
    0.91
   ],
   [
    862.662353515625,
    618.7860107421875,
    -1.0
   ],
   [
    958.1654663085938,
    658.8717651367188,
    0.69
   ],
   [
    919.2350463867188,
    660.2752685546875,
    0.561
   ],
   [
    957.76171875,
    774.2642211914062,
    -1.0
   ],
   [
    907.7620849609375,
    754.048583984375,
    -1.0
   ],
   [
    866.5709228515625,
    744.4422607421875,
    -1.0
   ],
   [
    856.6373291015625,
    718.6229248046875,
    -1.0
   ],
   [
    1025.266845703125,
    801.532470703125,
    -1.0
   ],
   [
    1005.1212158203125,
    795.555419921875,
    -1.0
   ],
   [
    946.5120849609375,
    683.234130859375,
    -1.0
   ],
   [
    930.0899658203125,
    674.3853759765625,
    -1.0
   ],
   [
    957.7168579101562,
    751.2396240234375,
    -1.0
   ],
   [
    957.8665771484375,
    737.473388671875,
    -1.0
   ]
  ]
 ],
 "skeleton_percentage": [
  0
 ],
 "angle": [
  192
 ]
}