{
 "frame_index": 1421,
 "skeletons": [
  [
   [
    808.7861328125,
    665.6118774414062,
    0.847
   ],
   [
    811.141845703125,
    646.1677856445312,
    0.906
   ],
   [
    805.9544677734375,
    648.1488647460938,
    -1.0
   ],
   [
    851.0114135742188,
    625.3455200195312,
    0.902
   ],
   [
    850.373046875,
    629.3858032226562,
    -1.0
   ],
   [
    927.7754516601562,
    679.2734985351562,
    0.639
   ],
   [
    909.951171875,
    672.00341796875,
    0.504
   ],
   [
    964.101318359375,
    786.6795654296875,
    -1.0
   ],
   [
    917.195556640625,
    755.0355834960938,
    -1.0
   ],
   [
    871.4899291992188,
    783.04638671875,
    -1.0
   ],
   [
    842.41552734375,
    743.25244140625,
    -1.0
   ],
   [
    1004.484130859375,
    802.4793701171875,
    -1.0
   ],
   [
    998.300537109375,
    794.6719970703125,
    -1.0
   ],
   [
    968.613037109375,
    701.9375,
    -1.0
   ],
   [
    960.22021484375,
    691.8549194335938,
    -1.0
   ],
   [
    976.8385009765625,
    768.1961059570312,
    -1.0
   ],
   [
    978.80029296875,
    748.5843505859375,
    -1.0
   ]
  ]
 ],
 "skeleton_percentage": [
  0
 ],
 "angle": [
  206
 ]
}