{
 "frame_index": 1422,
 "skeletons": [
  [
   [
    808.6122436523438,
    667.6249389648438,
    0.857
   ],
   [
    811.127685546875,
    648.1800537109375,
    0.915
   ],
   [
    805.5254516601562,
    650.5652465820312,
    -1.0
   ],
   [
    852.1912841796875,
    626.3526611328125,
    0.903
   ],
   [
    847.52587890625,
    631.53515625,
    -1.0
   ],
   [
    932.4638671875,
    678.883544921875,
    0.664
   ],
   [
    901.051513671875,
    673.4371948242188,
    0.519
   ],
   [
    971.0526123046875,
    785.3250732421875,
    -1.0
   ],
   [
    905.061767578125,
    755.1005859375,
    -1.0
   ],
   [
    873.4059448242188,
    782.24853515625,
    -1.0
   ],
   [
    835.8206176757812,
    741.205078125,
    -1.0
   ],
   [
    1004.816162109375,
    800.478515625,
    -1.0
   ],
   [
    990.2822265625,
    793.5450439453125,
    -1.0
   ],
   [
    970.1583251953125,
    704.199951171875,
    -1.0
   ],
   [
    955.4681396484375,
    694.8441162109375,
    -1.0
   ],
   [
    975.1761474609375,
    766.0654296875,
    -1.0
   ],
   [
    975.941650390625,
    747.5601196289062,
    -1.0
   ]
  ]
 ],
 "skeleton_percentage": [
  0
 ],
 "angle": [
  206
 ]
}