{
 "frame_index": 1423,
 "skeletons": [
  [
   [
    797.31640625,
    667.7645263671875,
    0.726
   ],
   [
    797.3347778320312,
    652.0814819335938,
    0.808
   ],
   [
    797.47412109375,
    651.2069702148438,
    -1.0
   ],
   [
    822.9721069335938,
    634.92138671875,
    0.882
   ],
   [
    846.8259887695312,
    631.1411743164062,
    -1.0
   ],
   [
    884.9243774414062,
    683.8088989257812,
    0.664
   ],
   [
    908.8734741210938,
    668.5767822265625,
    0.54
   ],
   [
    920.40869140625,
    774.7264404296875,
    -1.0
   ],
   [
    927.5648193359375,
    743.654052734375,
    -1.0
   ],
   [
    853.942626953125,
    766.0880126953125,
    -1.0
   ],
   [
    849.8079833984375,
    743.078857421875,
    -1.0
   ],
   [
    969.3385009765625,
    785.8123168945312,
    -1.0
   ],
   [
    989.9005126953125,
    775.1782836914062,
    -1.0
   ],
   [
    932.283935546875,
    695.6264038085938,
    -1.0
   ],
   [
    938.6563720703125,
    683.5098876953125,
    -1.0
   ],
   [
    950.1304321289062,
    743.99560546875,
    -1.0
   ],
   [
    948.290771484375,
    721.35107421875,
    -1.0
   ]
  ]
 ],
 "skeleton_percentage": [
  0
 ],
 "angle": [
  213
 ]
}