{
 "frame_index": 1424,
 "skeletons": [
  [
   [
    766.05078125,
    670.8214721679688,
    0.588
   ],
   [
    769.5020751953125,
    658.7603149414062,
    0.725
   ],
   [
    770.3631591796875,
    654.9530639648438,
    -1.0
   ],
   [
    802.2762451171875,
    646.9845581054688,
    0.955
   ],
   [
    827.1989135742188,
    635.8886108398438,
    -1.0
   ],
   [
    839.5443115234375,
    686.009521484375,
    0.846
   ],
   [
    897.68408203125,
    661.9715576171875,
    0.75
   ],
   [
    841.2050170898438,
    737.8656005859375,
    -1.0
   ],
   [
    932.62548828125,
    699.6488037109375,
    -1.0
   ],
   [
    821.0721435546875,
    711.2044067382812,
    -1.0
   ],
   [
    911.0068359375,
    679.1812744140625,
    -1.0
   ],
   [
    934.8572998046875,
    767.2928466796875,
    -1.0
   ],
   [
    971.315185546875,
    754.2984619140625,
    -1.0
   ],
   [
    886.2034912109375,
    683.8793334960938,
    -1.0
   ],
   [
    913.9747314453125,
    670.344970703125,
    -1.0
   ],
   [
    915.5711059570312,
    711.2955322265625,
    -1.0
   ],
   [
    921.3203125,
    687.69384765625,
    -1.0
   ]
  ]
 ],
 "skeleton_percentage": [
  0
 ],
 "angle": [
  224
 ]
}