{
 "frame_index": 1425,
 "skeletons": [
  [
   [
    760.4378051757812,
    675.869384765625,
    0.852
   ],
   [
    761.1253051757812,
    661.7692260742188,
    0.908
   ],
   [
    757.421142578125,
    662.0244750976562,
    -1.0
   ],
   [
    789.0613403320312,
    643.3826904296875,
    0.932
   ],
   [
    790.468017578125,
    642.1636962890625,
    -1.0
   ],
   [
    843.3294677734375,
    671.0716552734375,
    0.912
   ],
   [
    843.5641479492188,
    662.5648803710938,
    0.804
   ],
   [
    843.0100708007812,
    718.4689331054688,
    0.643
   ],
   [
    839.1800537109375,
    699.6771850585938,
    -1.0
   ],
   [
    793.0142211914062,
    684.26220703125,
    0.539
   ],
   [
    800.6650390625,
    667.37451171875,
    -1.0
   ],
   [
    952.7568969726562,
    745.3910522460938,
    -1.0
   ],
   [
    954.082275390625,
    739.6708374023438,
    -1.0
   ],
   [
    873.2889404296875,
    694.7988891601562,
    -1.0
   ],
   [
    876.71826171875,
    686.397216796875,
    -1.0
   ],
   [
    905.6848754882812,
    708.2313232421875,
    -1.0
   ],
   [
    906.4786376953125,
    692.0621948242188,
    -1.0
   ]
  ]
 ],
 "skeleton_percentage": [
  0
 ],
 "angle": [
  224
 ]
}