{
 "frame_index": 1426,
 "skeletons": [
  [
   [
    751.8858032226562,
    677.2334594726562,
    0.869
   ],
   [
    753.96484375,
    663.041259765625,
    0.923
   ],
   [
    746.7379760742188,
    665.8495483398438,
    -1.0
   ],
   [
    786.3125610351562,
    645.15673828125,
    0.927
   ],
   [
    772.10205078125,
    650.787353515625,
    -1.0
   ],
   [
    837.0990600585938,
    664.2557983398438,
    0.911
   ],
   [
    824.8789672851562,
    665.5691528320312,
    0.789
   ],
   [
    832.9892578125,
    693.0745239257812,
    0.641
   ],
   [
    813.9589233398438,
    687.927734375,
    -1.0
   ],
   [
    784.759765625,
    677.328857421875,
    0.555
   ],
   [
    779.036865234375,
    672.5333251953125,
    -1.0
   ],
   [
    928.082275390625,
    735.3526611328125,
    -1.0
   ],
   [
    919.4234619140625,
    733.2652587890625,
    -1.0
   ],
   [
    863.1451416015625,
    673.898681640625,
    -1.0
   ],
   [
    861.550537109375,
    669.31201171875,
    -1.0
   ],
   [
    883.7777709960938,
    707.1619262695312,
    -1.0
   ],
   [
    887.9791259765625,
    698.4241943359375,
    -1.0
   ]
  ]
 ],
 "skeleton_percentage": [
  0
 ],
 "angle": [
  224
 ]
}